0,http://farm3.static.flickr.com/2055/2225533504_cd69a0bef7.jpg
1,http://farm2.static.flickr.com/1165/873523138_f8e7d49fe3.jpg
2,http://farm2.static.flickr.com/1229/825712328_6c816291ce.jpg
3,http://farm3.static.flickr.com/2263/1851150959_e32c79c88a.jpg
4,http://farm1.static.flickr.com/41/83714500_53d8adbb8d.jpg
5,http://farm1.static.flickr.com/167/382441013_b3172b0bd7.jpg
6,http://farm2.static.flickr.com/1377/531982804_9798839eef.jpg
7,http://farm2.static.flickr.com/1236/1306165656_348d053aa4.jpg
8,http://static.flickr.com/220/482056321_9fb678775f.jpg
9,http://farm2.static.flickr.com/1385/873189042_21c9818479.jpg
10,http://farm2.static.flickr.com/1104/1133697429_1545da51ed.jpg
11,http://farm1.static.flickr.com/231/495153285_4186cb9d59.jpg
12,http://www.gotpetsonline.com/pictures-gallery/dog-pictures-breeders-puppies-rescue/american-pit-bull-terrier-pictures-breeders-puppies-rescue/pictures/american-pit-bull-terrier-0129.jpg
13,http://farm1.static.flickr.com/101/314489546_8f384056bc.jpg
14,http://farm2.static.flickr.com/1305/859503711_fb75e5a9c6.jpg
15,http://photocache.petfinder.com/fotos/CA520/CA520.6908836-3-x.jpg
16,http://www.igorilla.com/gorilla/animal/2003/graphics/pit-bull.jpg
17,http://farm3.static.flickr.com/2149/1942760536_5407892b1f.jpg
18,http://farm3.static.flickr.com/2385/2139607636_a0a5556740.jpg
19,http://farm2.static.flickr.com/1409/537525184_c2a1aa3b64.jpg
20,http://farm1.static.flickr.com/212/480521770_877b8053ac.jpg
21,http://www.gotpetsonline.com/pictures-gallery/dog-pictures-breeders-puppies-rescue/american-pit-bull-terrier-pictures-breeders-puppies-rescue/pictures-photos/american-pit-bull-terrier-0223.jpg
22,http://farm1.static.flickr.com/142/335424323_5dd7971666.jpg
23,http://www.gotpetsonline.com/pictures-gallery/dog-pictures-breeders-puppies-rescue/american-pit-bull-terrier-pictures-breeders-puppies-rescue/pictures/american-pit-bull-terrier-0190.jpg
24,http://static.flickr.com/213/451608421_45ecce3e33.jpg
25,http://farm1.static.flickr.com/164/420602015_5f23a55110.jpg
26,http://www.deafdogsatlas.com/imgUSArw/picVAAngel.jpg
27,http://pets-place.net/Breeds/AmericanPitbullTerrierPhoto1.jpg
28,http://farm3.static.flickr.com/2128/2240694060_51dd55c497.jpg
29,http://www.wzrv.de/rassen/zuechter/images/136_2.jpg
30,http://farm2.static.flickr.com/1277/1355696471_432cc98f1b.jpg
31,http://www.qando.net/images/200701301.jpg
32,http://farm1.static.flickr.com/228/461243041_79aabe8201.jpg
33,http://farm3.static.flickr.com/2294/1851142503_b02fd9cf2f.jpg
34,http://www.educadorcanino.com/imagenes/articulos/pit.jpg
35,http://www.stafbul.com/foto/staffordshire-bull-terrier-0683b.jpg
36,http://farm2.static.flickr.com/1026/899845075_0c0e924ffa.jpg
37,http://farm1.static.flickr.com/26/64663853_887cfcf146.jpg
38,http://farm3.static.flickr.com/2206/2244759942_a552de4ec2.jpg
39,http://www.pupforum.com/pics_/t797_11162004212421.jpg
40,http://www.gotpetsonline.com/pictures-gallery/dog-pictures-breeders-puppies-rescue/american-pit-bull-terrier-pictures-breeders-puppies-rescue/pictures/american-pit-bull-terrier-0371.jpg
41,http://farm1.static.flickr.com/178/429877326_1a698c0d9e.jpg
42,http://farm1.static.flickr.com/114/277299227_4913e15ed9.jpg
43,http://www.territoriopresovcharka.com/presa_canario_articulo2.jpg
44,http://farm2.static.flickr.com/1079/540957621_3d2f0c25dd.jpg
45,http://farm3.static.flickr.com/2098/2042069201_6ab3fbc586.jpg
46,http://www.repubblica.it/2007/01/sezioni/cronaca/cani-ordinanza-turco/cani-ordinanza-turco/este_15171341_15000.jpg
47,http://farm2.static.flickr.com/1330/1357786426_99b8fe1edb.jpg
48,http://farm1.static.flickr.com/92/212448435_551f57199d.jpg
49,http://www.gotpetsonline.com/pictures-gallery/dog-pictures-breeders-puppies-rescue/american-pit-bull-terrier-pictures-breeders-puppies-rescue/pictures/american-pit-bull-terrier-0355.jpg
50,http://farm1.static.flickr.com/245/522030112_50b434b72b.jpg
51,http://www.gotpetsonline.com/pictures-gallery/dog-pictures-breeders-puppies-rescue/american-pit-bull-terrier-pictures-breeders-puppies-rescue/pictures/american-pit-bull-terrier-0240.jpg
52,http://farm3.static.flickr.com/2288/1509369877_bd13300b45.jpg
53,http://farm2.static.flickr.com/1133/528571403_ed02343aaf.jpg
54,http://www.gotpetsonline.com/pictures-gallery/dog-pictures-breeders-puppies-rescue/american-pit-bull-terrier-pictures-breeders-puppies-rescue/pictures/american-pit-bull-terrier-0060.jpg
55,http://www.gotpetsonline.com/pictures-gallery/dog-pictures-breeders-puppies-rescue/american-pit-bull-terrier-pictures-breeders-puppies-rescue/pictures/american-pit-bull-terrier-0015.jpg
56,http://www.gotpetsonline.com/pictures-gallery/dog-pictures-breeders-puppies-rescue/american-pit-bull-terrier-pictures-breeders-puppies-rescue/pictures/american-pit-bull-terrier-0194.jpg
57,http://www.gotpetsonline.com/pictures-gallery/dog-pictures-breeders-puppies-rescue/american-pit-bull-terrier-pictures-breeders-puppies-rescue/pictures/american-pit-bull-terrier-0403.jpg
58,http://www.lawdogsusa.org/images/runningfront300.jpg
59,http://farm1.static.flickr.com/91/246674805_8707b93873.jpg
60,http://farm1.static.flickr.com/133/365325339_95bdb2365d.jpg
61,http://www.dogbreedinfo.org/images12/ASredIMG_0306.JPG
62,http://farm3.static.flickr.com/2153/2113675820_807d70c72d.jpg
63,http://farm3.static.flickr.com/2026/2140075128_3ef54f7c26.jpg
64,http://www.gotpetsonline.com/pictures-gallery/dog-pictures-breeders-puppies-rescue/american-pit-bull-terrier-pictures-breeders-puppies-rescue/pictures/american-pit-bull-terrier-0126.jpg
65,http://photocache.petfinder.com/fotos/NJ171/NJ171.7934199-3-x.jpg
66,http://farm2.static.flickr.com/1399/534617018_960978f4ca.jpg
67,http://farm2.static.flickr.com/1373/1306135606_e5820263aa.jpg
68,http://www.measlesanimalhaven.org/bellamodel26.jpg
69,http://farm3.static.flickr.com/2275/1851986322_c7ae73082c.jpg
70,http://farm1.static.flickr.com/226/474924158_878881f309.jpg
71,http://farm2.static.flickr.com/1113/530232077_942c55272c.jpg
72,http://farm1.static.flickr.com/55/138732000_1aae723a22.jpg
73,http://www.amstaff-shogun.com/chiens/photosmini/im_1110061765.jpg
74,http://farm3.static.flickr.com/2028/2042849318_3550fde92d.jpg
75,http://www.gotpetsonline.com/pictures-gallery/dog-pictures-breeders-puppies-rescue/american-pit-bull-terrier-pictures-breeders-puppies-rescue/pictures/american-pit-bull-terrier-0051.jpg
76,http://farm3.static.flickr.com/2202/1891705801_f7615cfd73.jpg
77,http://www.pitprintsrescue.com/images/adoptabulls/small/chocolate.jpg
78,http://www.gotpetsonline.com/pictures-gallery/dog-pictures-breeders-puppies-rescue/american-pit-bull-terrier-pictures-breeders-puppies-rescue/pictures/american-pit-bull-terrier-0313.jpg
79,http://farm3.static.flickr.com/2048/1731083085_fccd367975.jpg
80,http://www.gotpetsonline.com/pictures-gallery/dog-pictures-breeders-puppies-rescue/american-pit-bull-terrier-pictures-breeders-puppies-rescue/pictures/american-pit-bull-terrier-0111.jpg
81,http://farm3.static.flickr.com/2219/2085495081_163aa01cf8.jpg
82,http://www.gotpetsonline.com/pictures-gallery/dog-pictures-breeders-puppies-rescue/american-pit-bull-terrier-pictures-breeders-puppies-rescue/pictures/american-pit-bull-terrier-0042.jpg
83,http://farm1.static.flickr.com/167/441159196_97b51b4a8d.jpg
84,http://farm1.static.flickr.com/123/420601545_3ca6953fc2.jpg
85,http://farm1.static.flickr.com/62/221055246_74cd2075c7.jpg
86,http://farm1.static.flickr.com/135/327757117_ec80693883.jpg
87,http://farm2.static.flickr.com/1017/530134442_e43ef62dae.jpg
88,http://www.likalot.com/images/lex/lex16.jpg
89,http://www.puppypoopy.com/puppypoopy2000/pitbull/pbx8.jpg
90,http://farm1.static.flickr.com/134/388577595_5578dace0a.jpg
91,http://img.meetup.com/photos/event/8/c/f/6/event_36086.jpeg
92,http://farm1.static.flickr.com/168/483005558_1dd2a38d4f.jpg
93,http://farm1.static.flickr.com/144/322229337_caf67154bc.jpg
94,http://farm1.static.flickr.com/144/361479616_7ca3eed0dc.jpg
95,http://www.anypet.com/images/pitbull_worldclassk9.jpg
96,http://farm1.static.flickr.com/210/535571850_0c42552078.jpg
97,http://www.ralfs-hundelexikon.de/foto/pit_bull/pit2.jpg
98,http://farm2.static.flickr.com/1113/899713027_33cec192e8.jpg
99,http://farm3.static.flickr.com/2385/1731115787_781edf2a33.jpg
100,http://oldwhiteamericanbulldogs.nl/images/johnson-scott/pitbull.gif
101,http://www.agraria.org/cani/americanpitbullterrier1.jpg
102,http://static.flickr.com/100/271847317_75446d8a76.jpg
103,http://farm2.static.flickr.com/1320/1457858393_b160006977.jpg
104,http://www.sobremascotas.com/Sobremascotas/Imagenes/razas/PitBullTerrier.jpg
105,http://farm2.static.flickr.com/1412/862431636_d54c6628cc.jpg
106,http://www.boazvet.com/Images/Dogs/Not%20Recognized/american_pitt_bull_terrier.jpg
107,http://acf2004.tripod.com/sitebuildercontent/sitebuilderpictures/zeus.jpg
108,http://farm2.static.flickr.com/1144/532125288_6c69805527.jpg
109,http://farm1.static.flickr.com/230/462797931_65700c8f18.jpg
110,http://farm2.static.flickr.com/1135/873585238_a16f7da2ab.jpg
111,http://farm1.static.flickr.com/144/327758154_c8e7f11187.jpg
112,http://farm2.static.flickr.com/1381/770755092_608d64820c.jpg
113,http://www.relatingtodogs.com/about-dogs/images/250px-Ap.jpg
114,http://farm3.static.flickr.com/2026/2110691708_fc5903460d.jpg
115,http://www.kspitbullrescue.com/pics/stella2/hd4.jpg
116,http://www.v-land.com/pets/images/pit.jpg
117,http://farm3.static.flickr.com/2354/2112214988_cbe53612c6.jpg
118,http://farm1.static.flickr.com/161/428720206_86fcac2d21.jpg
119,http://farm3.static.flickr.com/2012/2100187658_56b5e096bc.jpg
120,http://farm3.static.flickr.com/2072/1815517153_77d2ed3205.jpg
121,http://farm2.static.flickr.com/1435/634313231_8b63b7e278.jpg
122,http://www.arba.org/images/APBTBody.gif
123,http://dl.dogomania.com/breeds/am_pittbull.jpg
124,http://farm1.static.flickr.com/60/192990957_6730947ea8.jpg
125,http://farm1.static.flickr.com/210/483694928_41e8d9cfe5.jpg
126,http://farm2.static.flickr.com/1267/1032470178_9117c35374.jpg
127,http://www.volny.cz/staffkom/xAster%201.jpg
128,http://farm1.static.flickr.com/197/471682021_08b20f7aa7.jpg
129,http://farm2.static.flickr.com/1428/882904872_8961453709.jpg
130,http://farm1.static.flickr.com/205/441565428_cbe1843d3d.jpg
131,http://www.gotpetsonline.com/pictures-gallery/dog-pictures-breeders-puppies-rescue/american-pit-bull-terrier-pictures-breeders-puppies-rescue/pictures/american-pit-bull-terrier-0084.jpg
132,http://farm1.static.flickr.com/15/20994599_16fa97be90.jpg
133,http://farm2.static.flickr.com/1319/873241690_a3498fe7aa.jpg
134,http://farm2.static.flickr.com/1313/1403577883_8a8a9b94d4.jpg
135,http://farm1.static.flickr.com/29/42462831_f7bdb40138.jpg
136,http://farm1.static.flickr.com/112/307252767_42a6fc7b32.jpg
137,http://www.gotpetsonline.com/pictures-gallery/dog-pictures-breeders-puppies-rescue/american-pit-bull-terrier-pictures-breeders-puppies-rescue/pictures-photos/american-pit-bull-terrier-0203.jpg
138,http://farm2.static.flickr.com/1427/872465427_43e73c403d.jpg
139,http://farm2.static.flickr.com/1432/783078821_a4310a9ca2.jpg
140,http://www.windoweb.it/guida/mondo/foto_di_cani/american_pit_bull.jpg
141,http://farm3.static.flickr.com/2098/2211622896_5524864157.jpg
142,http://www.oldfamilyreds.com/images/rocky_small.jpg
143,http://farm2.static.flickr.com/1169/1306181362_3d4ea2304f.jpg
144,http://static.flickr.com/2297/1816051425_d7aa793d9f.jpg
145,http://www.pensacolabusinesses.com/images/logos/american-pit-bull-terrier-0.jpg
146,http://www.808bluepitbull.com/images/Amaya.JPG
147,http://farm1.static.flickr.com/144/327757775_d0d0b868ce.jpg
148,http://farm2.static.flickr.com/1429/859504439_f9a627ef4e.jpg
149,http://farm1.static.flickr.com/132/336888780_ef1b6af52e.jpg
150,http://farm2.static.flickr.com/1401/783078755_a093a30138.jpg
151,http://www.hundeverzeichnis.de/images/rasse302_2.jpg
152,http://www.clubmascotas.cl/db_images/razas/4A30F2E068EB03FBB17F756A4F301C02.jpg
153,http://www.gotpetsonline.com/pictures-gallery/dog-pictures-breeders-puppies-rescue/american-pit-bull-terrier-pictures-breeders-puppies-rescue/pictures/american-pit-bull-terrier-0031.jpg
154,http://www.acr.saccounty.net/success-stories/dogs/images/ginger.jpg
155,http://www.gotpetsonline.com/pictures-gallery/dog-pictures-breeders-puppies-rescue/american-pit-bull-terrier-pictures-breeders-puppies-rescue/pictures/american-pit-bull-terrier-0593.jpg
156,http://farm2.static.flickr.com/1016/1357123346_caa1bb477a.jpg
157,http://www.stafbul.com/foto/staffordshire-bull-terrier-0969b.jpg
158,http://z.about.com/d/dogs/1/7/I/n/1/baby_apbt_1672.jpg
159,http://www.gotpetsonline.com/pictures-gallery/dog-pictures-breeders-puppies-rescue/american-pit-bull-terrier-pictures-breeders-puppies-rescue/pictures/american-pit-bull-terrier-0171.jpg
160,http://farm3.static.flickr.com/2344/1892542508_1d4454d58d.jpg
161,http://farm3.static.flickr.com/2256/2207907196_938c35c3b5.jpg
162,http://farm1.static.flickr.com/202/512106331_3c6566847f.jpg
163,http://farm1.static.flickr.com/34/73602608_9ddcf8c68f.jpg
164,http://www.bestdogsearch.com/photos/american-pit-bull-terrier-imperial1.jpg
165,http://farm1.static.flickr.com/197/482035915_7b6a8f8ad7.jpg
166,http://farm2.static.flickr.com/1249/529383318_2ee7bd58c3.jpg
167,http://www.dogbreedinformation.com/images11/AmericanPitMountbrierfarmsleon_4h3.jpg
168,http://farm1.static.flickr.com/132/423940372_fab1791785.jpg
169,http://www.brunotausz.com/images/Pitbull.jpg
170,http://farm2.static.flickr.com/1120/872316221_5330379ecd.jpg
171,http://farm1.static.flickr.com/177/413338907_f7b815cc7b.jpg
172,http://www.dogpicture.mypetdogs.com/images/american_pit_bull_terrier/Styles_Melissa_Tripp_USA4.JPG
173,http://www.gotpetsonline.com/pictures-gallery/dog-pictures-breeders-puppies-rescue/american-pit-bull-terrier-pictures-breeders-puppies-rescue/pictures-photos/american-pit-bull-terrier-0256.jpg
174,http://bp1.blogger.com/_VZAMQyFtMDg/RpH7IqO484I/AAAAAAAACI4/lsfVP82vj7A/s320/tempesta.jpg
175,http://farm2.static.flickr.com/1163/1458785950_7b26ec7108.jpg
176,http://z.about.com/d/dogs/1/0/g/k/1/yaki_pit_Imagen168.jpg
177,http://www.allwedokennels.com/images/IMG_0001.JPG
178,http://www.gotpetsonline.com/pictures-gallery/dog-pictures-breeders-puppies-rescue/american-pit-bull-terrier-pictures-breeders-puppies-rescue/pictures/american-pit-bull-terrier-0312.jpg
179,http://www.bulldogbreeds.com/breeders/pics/american_pit_bull_terrier_86111.jpg
180,http://www.sathy.fi/images/terasofi3.jpg
181,http://farm2.static.flickr.com/1292/532001954_c1043deb92.jpg
182,http://www.edgeofrenokennels.com/images/gramparesized.jpg.JPG
183,http://farm3.static.flickr.com/2098/2146609346_1f4ecdc9ce.jpg
184,http://www.gotpetsonline.com/pictures-gallery/dog-pictures-breeders-puppies-rescue/american-pit-bull-terrier-pictures-breeders-puppies-rescue/pictures/american-pit-bull-terrier-0082.jpg
185,http://farm1.static.flickr.com/132/378335278_5185654d5a.jpg
186,http://farm1.static.flickr.com/183/473720405_ac584f7307.jpg
187,http://www.lawrencecokyanimalshelter.com/shelterimages/000_1166.jpg
188,http://www.workingpitbull.com/scaredsm.jpg
189,http://farm1.static.flickr.com/130/322339881_1d5b729242.jpg
190,http://farm1.static.flickr.com/191/510416202_3966b0dba5.jpg
191,http://farm1.static.flickr.com/232/505387074_e6e251cd52.jpg
192,http://www.laidmanproductions.com/JPG/dog_drawings/pitbulls/2_am_staffords/2_am_staffords_200.jpg
193,http://farm3.static.flickr.com/2412/2112216836_29a21e6d92.jpg
194,http://farm1.static.flickr.com/54/132300831_ebf2655add.jpg
195,http://farm2.static.flickr.com/1335/1081489783_fa8d35276b.jpg
196,http://farm3.static.flickr.com/2247/2207764152_fcfb98ce81.jpg
197,http://farm1.static.flickr.com/193/462456021_de2b824e7b.jpg
198,http://farm1.static.flickr.com/204/503894791_d505b3cd60.jpg
199,http://farm2.static.flickr.com/1304/899863877_9a4656c490.jpg
200,http://farm2.static.flickr.com/1414/532213069_183d37dcb7.jpg
201,http://www.gotpetsonline.com/pictures-gallery/dog-pictures-breeders-puppies-rescue/american-pit-bull-terrier-pictures-breeders-puppies-rescue/pictures-photos/american-pit-bull-terrier-0281.jpg
202,http://kinnemankennels.com/images/rouleteparents.jpg
203,http://www.pets4you.com/images/pitbullalvarado.jpg
204,http://www.lupus.hjem.wanadoo.dk/racer4/American%20Pit%20Bull%20Terrier.jpg
205,http://www.pitbull-breed.com/Photo/Pitbull.jpg
206,http://farm1.static.flickr.com/53/111388705_6e6411823d.jpg
207,http://www.gotpetsonline.com/pictures-gallery/dog-pictures-breeders-puppies-rescue/american-pit-bull-terrier-pictures-breeders-puppies-rescue/pictures/american-pit-bull-terrier-0032.jpg
208,http://farm1.static.flickr.com/163/435379927_492c309a0e.jpg
209,http://puppydogweb.com/gallery/americanpitbullterrier/americanpitbullterrier_jacobson.JPG
210,http://farm3.static.flickr.com/2161/2110677738_80f34a2537.jpg
211,http://farm3.static.flickr.com/2186/1850883804_d13593f1d4.jpg
212,http://farm1.static.flickr.com/233/448369070_6c30c354df.jpg
213,http://farm2.static.flickr.com/1141/532101711_e6d8bad532.jpg
214,http://farm3.static.flickr.com/2416/2180795543_a6009b6587.jpg
215,http://www.schnipp.com/pit.ht2.gif
216,http://www.perrosperros.com.ar/fotosperros/pitbull.jpg
217,http://farm1.static.flickr.com/159/330966373_67f7f26556.jpg
218,http://www.petfinder.com/fotos/GA210/GA210.2778938-1-x.jpg
219,http://farm1.static.flickr.com/192/441162318_4fe8f53e15.jpg
220,http://www.gotpetsonline.com/pictures-gallery/dog-pictures-breeders-puppies-rescue/american-pit-bull-terrier-pictures-breeders-puppies-rescue/pictures/american-pit-bull-terrier-0272.jpg
221,http://farm1.static.flickr.com/193/510416222_745da912ec.jpg
222,http://www.gotdogsonline.com/american-pit-bull-terrier-pictures-breeders-puppies-rescue/pictures/american-pit-bull-terrier-0026.jpg
223,http://www.uberkennels.com/sky%201.jpg
224,http://farm3.static.flickr.com/2373/1766344958_56e81840cf.jpg
225,http://farm2.static.flickr.com/1248/996654677_40ec378c99.jpg
226,http://www.dogbreedinformation.com/images10/PitBullMitchsRocket.jpg
227,http://i.hotkeys.com/template_images/1839065506/pitbulls.jpg
228,http://farm2.static.flickr.com/1050/928126842_4a38b8e3fe.jpg
229,http://farm1.static.flickr.com/176/384563807_c6a4745456.jpg
230,http://farm2.static.flickr.com/1072/945038269_4c4a991729.jpg
231,http://farm1.static.flickr.com/41/93651783_36fa10a7de.jpg
232,http://www.ayuntamientodeadeje.es/adeje/ADEJE/published/DEFAULT/salud/imagenes/Pit%20Bull%20Terrier.jpg
233,http://static.flickr.com/2045/1891705123_24a8b959fa.jpg
234,http://www.bull911.com/img/white-pitbull.jpg
235,http://farm3.static.flickr.com/2151/2145059604_4a995ccf8f.jpg
236,http://www.dave-and-maggies-dog-family.com/images/American%20Pit%20Bull%20Terrier%201.jpg
237,http://www.gotpetsonline.com/pictures-gallery/dog-pictures-breeders-puppies-rescue/american-staffordshire-terrier-pictures-breeders-puppies-rescue/pictures-photos/american-staffordshire-terrier-0017.jpg
238,http://www.gotpetsonline.com/pictures-gallery/dog-pictures-breeders-puppies-rescue/american-staffordshire-terrier-pictures-breeders-puppies-rescue/pictures-photos/american-staffordshire-terrier-0128.jpg
239,http://farm1.static.flickr.com/37/86457165_7793442564.jpg
240,http://farm2.static.flickr.com/1146/718790941_8cbc751392.jpg
241,http://z.about.com/d/dogs/1/0/B/n/1/baxter_apbt_46.jpg
242,http://farm3.static.flickr.com/2417/2150583512_92e445d46a.jpg
243,http://bp0.blogger.com/_VZAMQyFtMDg/RdwrrCKO6vI/AAAAAAAAAEg/Odh6yuzNydc/s320/afra.jpg
244,http://www.fellowhit.com.br/imgs/AgathaFabricadosPeixesMENOR.jpg
245,http://farm1.static.flickr.com/89/270256043_837aafb3be.jpg
246,http://farm1.static.flickr.com/154/413305686_bcd99a77cd.jpg
247,http://farm1.static.flickr.com/119/292545205_d401e91d16.jpg
248,http://www.pricelesskennels.com/images/Capone/CAPONE02.jpg
249,http://farm3.static.flickr.com/2360/2100508781_fffb1bedd5.jpg
250,http://www.albion.edu/pleiad/2007_spring/issue10/images/dog2.jpg
251,http://farm1.static.flickr.com/208/496762703_1c130aa420.jpg
252,http://www.gotpetsonline.com/pictures-gallery/dog-pictures-breeders-puppies-rescue/american-pit-bull-terrier-pictures-breeders-puppies-rescue/pictures-photos/american-pit-bull-terrier-0363.jpg
253,http://www.eastangliansbtclub.co.uk/patsy1.jpg
254,http://pictures.directnews.co.uk/liveimages/American+pit+bull+terrier_511_18111354_0_0_14225_300.jpg
255,http://www.littleshelter.com/dogs/dog_pictures/bella_2.jpg
256,http://www.caninecrib.com/dog/pictures/images/pitbull1_l.jpg
257,http://www.gotpetsonline.com/pictures-gallery/dog-pictures-breeders-puppies-rescue/american-pit-bull-terrier-pictures-breeders-puppies-rescue/pictures-photos/american-pit-bull-terrier-0379.jpg
258,http://www.gotpetsonline.com/pictures-gallery/dog-pictures-breeders-puppies-rescue/american-pit-bull-terrier-pictures-breeders-puppies-rescue/pictures/american-pit-bull-terrier-0277.jpg
259,http://www.caliedgekennels.com/images/studs/junior/junior2.jpg
260,http://farm2.static.flickr.com/1260/559088797_cc26e6bbab.jpg
261,http://farm2.static.flickr.com/1179/1254536715_6f57924439.jpg
262,http://puppydogweb.com/gallery/americanpitbullterrier/americanpitbullterrier_currier.jpg
263,http://www.doggydoodles.org/sitebuilder/images/pit_bull-323x183.jpg
264,http://www.rescueeverydog.org/images/Photo_bull1.jpg
265,http://farm2.static.flickr.com/1131/859629831_a613034241.jpg
266,http://www.bestdogsearch.com/photos/american-pitbull-gemini3.jpg
267,http://www.tomrose.com/images/monroe2.JPG
268,http://farm2.static.flickr.com/1425/783228891_05d026d3d1.jpg
269,http://www.gotpetsonline.com/pictures-gallery/dog-pictures-breeders-puppies-rescue/american-pit-bull-terrier-pictures-breeders-puppies-rescue/pictures-photos/american-pit-bull-terrier-0211.jpg
270,http://www.pitbullzone.com/formhome/jerry2.jpg
271,http://farm1.static.flickr.com/134/320746094_ea06bac2f3.jpg
272,http://farm1.static.flickr.com/100/281952423_a7e973aa4e.jpg
273,http://farm2.static.flickr.com/1366/873250656_39979f6f83.jpg
274,http://farm3.static.flickr.com/2031/2112226464_6c5997cd98.jpg
275,http://static.flickr.com/227/484329787_d070d13d5d.jpg
276,http://sobaka.lv/img/S0609/Small/206-0923-1043-S-Amst.jpg
277,http://farm2.static.flickr.com/1066/540412329_9b6e4fe5e9.jpg
278,http://farm1.static.flickr.com/174/439904973_513dca653e.jpg
279,http://rarebreed.com/breeds/pitbull/pitbull.jpg
280,http://static.flickr.com/2056/1850117806_9dc53fa778.jpg
281,http://www.likalot.com/images/Clyde_album/clyde_3yrs_main.jpg
282,http://www.foyel.com/razas/imagenes/348.jpg
283,http://farm1.static.flickr.com/221/462462144_f6fe43872b.jpg
284,http://graphics8.nytimes.com/images/2007/07/23/nyregion/23aspca.xlarge1.jpg
285,http://www.westportnow.com/ee/images/uploads/Honey.jpg
286,http://farm1.static.flickr.com/95/240845934_448bcf3fc6.jpg
287,http://www.redcoatkennels.com/images/doo_july282005__9.5mns.jpg
288,http://farm1.static.flickr.com/96/254518802_cdc386646c.jpg
289,http://www.gotpetsonline.com/pictures-gallery/dog-pictures-breeders-puppies-rescue/american-pit-bull-terrier-pictures-breeders-puppies-rescue/pictures/american-pit-bull-terrier-0238.jpg
290,http://farm1.static.flickr.com/144/327757638_7f21769128.jpg
291,http://farm1.static.flickr.com/39/111022751_b15af5578b.jpg
292,http://www.dog-pictures.co.uk/images/ozzie%20car%20redone.jpg
293,http://farm2.static.flickr.com/1042/1237329739_801c9bd558.jpg
294,http://farm2.static.flickr.com/1047/532131448_993be20b5b.jpg
295,http://farm3.static.flickr.com/2154/2112215868_b333993b3f.jpg
296,http://farm1.static.flickr.com/98/367713651_2203dc00d4.jpg
297,http://www.bull911.com/img/american-pitbull-terrier.jpg
298,http://eastbayspca.org/images/site/GidgetBella.jpg
299,http://www.dogpicture.mypetdogs.com/images/american_pit_bull_terrier/Sarge_Penny_USA.JPG
300,http://farm2.static.flickr.com/1402/626648592_7b8964ee36.jpg
301,http://www.workingpitbull.com/images/amstaf3.jpg
302,http://farm1.static.flickr.com/173/432820295_8524761b55.jpg
303,http://farm2.static.flickr.com/1255/1337085212_c238a2489b.jpg
304,http://static.flickr.com/1284/541772347_3dab6464dc.jpg
305,http://farm1.static.flickr.com/215/513607750_98e77a0cb3.jpg
306,http://www.coet.es/COET_IMAGENES/Foto_PerrosPeligrosos/Image_Coet_American%20Pit%20Bull%20Terrier%201.JPG
307,http://farm1.static.flickr.com/140/330967113_f3b68b8b3c.jpg
308,http://bp0.blogger.com/_VZAMQyFtMDg/Roi-CqO48MI/AAAAAAAACC0/ahwB5LabVRI/s320/tigre.jpg
309,http://www.safeharborhumane.org/images/breeds/bullterrier.jpg
310,http://farm1.static.flickr.com/70/214569562_d5e08a53fe.jpg
311,http://static.flickr.com/2299/2109900965_cf9ba3c34f.jpg
312,http://farm3.static.flickr.com/2326/2102221258_130252187d.jpg
313,http://farm2.static.flickr.com/1244/1478784850_1f7abdf606.jpg
314,http://farm1.static.flickr.com/178/439463204_c01c157129.jpg
315,http://farm1.static.flickr.com/237/528284891_4c8705cd06.jpg
316,http://farm1.static.flickr.com/67/173857960_ab81b6133b.jpg
317,http://www.nextdaypets.com/directory/breeds/images/1100196.jpg
318,http://farm3.static.flickr.com/2350/2103943295_0aa7799b5c.jpg
319,http://farm3.static.flickr.com/2416/2042053755_2801e44038.jpg
320,http://farm1.static.flickr.com/176/478040817_5302b4e4b0.jpg
321,http://www.gotpetsonline.com/pictures-gallery/dog-pictures-breeders-puppies-rescue/american-pit-bull-terrier-pictures-breeders-puppies-rescue/pictures-photos/american-pit-bull-terrier-0008.jpg
322,http://static.flickr.com/1138/534884477_0380ceff4a.jpg
323,http://www.wassermangraphics.com/pitbullrescue/images/c-dixie2.jpg
324,http://www.bulldogbreeds.com/photos/staffbull296x265.jpg
325,http://puppydogweb.com/gallery/americanpitbullterrier/americanpitbullterrier_annunziata.jpg
326,http://img.meetup.com/photos/event/d/9/d/c/event_55772.jpeg
327,http://farm3.static.flickr.com/2298/2071550860_be2d191e17.jpg
328,http://www.gotpetsonline.com/pictures-gallery/dog-pictures-breeders-puppies-rescue/american-pit-bull-terrier-pictures-breeders-puppies-rescue/pictures-photos/american-pit-bull-terrier-0167.jpg
329,http://www.dogpicture.mypetdogs.com/images/american_staffordshire_terrier/Angelo_Esther_theNetherlands.JPG
330,http://farm2.static.flickr.com/1348/860363286_dd6b5cf466.jpg
331,http://static.flickr.com/2034/2052342146_8383741ba8.jpg
332,http://www.gotpetsonline.com/pictures-gallery/dog-pictures-breeders-puppies-rescue/american-pit-bull-terrier-pictures-breeders-puppies-rescue/pictures/american-pit-bull-terrier-0252.jpg
333,http://www.breederinfocenter.com/images2/20070527155630_160943_2.jpg
334,http://farm1.static.flickr.com/32/88363560_b35c46beca.jpg
335,http://farm1.static.flickr.com/247/455788558_aeede9c0f5.jpg
336,http://farm1.static.flickr.com/39/94569514_fcb830c57a.jpg
337,http://farm3.static.flickr.com/2339/1549655216_3ffef9bdab.jpg
338,http://farm1.static.flickr.com/33/53254102_bc9281691e.jpg
339,http://farm3.static.flickr.com/2212/2053797367_270ae485e0.jpg
340,http://farm3.static.flickr.com/2099/2235597438_863303a4cd.jpg
341,http://farm3.static.flickr.com/2045/1891705123_24a8b959fa.jpg
342,http://farm1.static.flickr.com/168/380525785_65b6f63c79.jpg
343,http://www.workingpitbull.com/images/april245wide.jpg
344,http://www.gotpetsonline.com/pictures-gallery/dog-pictures-breeders-puppies-rescue/american-pit-bull-terrier-pictures-breeders-puppies-rescue/pictures/american-pit-bull-terrier-0023.jpg
345,http://farm2.static.flickr.com/1016/557575095_a70b39a440.jpg
346,http://farm3.static.flickr.com/2399/2237939888_1469a1e2a8.jpg
347,http://www.stansbluepits.com/Lex3.jpg
348,http://farm2.static.flickr.com/1375/872330291_798615bf9b.jpg
349,http://www.pitbulle.com.pl/lato404.jpg
350,http://www.tierheim-iserlohn.de/hunde/dicki.jpg
351,http://z.about.com/d/dogs/1/7/c/n/1/tara_apbt_xmas004.jpg
352,http://farm3.static.flickr.com/2229/1892530190_25c3b9d03f.jpg
353,http://static.flickr.com/2291/1891722721_52a46b323b.jpg
354,http://www.dogtimes.com.br/imagens/nos_13.jpg
355,http://farm1.static.flickr.com/135/388577585_a3e9a4ebaa.jpg
356,http://farm2.static.flickr.com/1075/859618945_7c6f067652.jpg
357,http://static.flickr.com/1334/1291274820_5e0cf3d669.jpg
358,http://www.gotpetsonline.com/pictures-gallery/dog-pictures-breeders-puppies-rescue/american-pit-bull-terrier-pictures-breeders-puppies-rescue/pictures-photos/american-pit-bull-terrier-0370.jpg
359,http://www.gotpetsonline.com/pictures-gallery/dog-pictures-breeders-puppies-rescue/american-pit-bull-terrier-pictures-breeders-puppies-rescue/pictures-photos/american-pit-bull-terrier-0055.jpg
360,http://pets-place.net/Breeds/AmericanPitBullTerrierPhoto5.jpg
361,http://farm1.static.flickr.com/212/478929314_7d638b030d.jpg
362,http://www.yourpurebredpuppy.com/dogbreeds/photos578/americanpitbullterriers.jpg
363,http://www.inseparabile.com/cani/images/1Leonmelenablancadell_aelgifur-Staffordshire.jpg
364,http://farm2.static.flickr.com/1200/873601564_7ab0496522.jpg
365,http://www.gotpetsonline.com/pictures-gallery/dog-pictures-breeders-puppies-rescue/american-pit-bull-terrier-pictures-breeders-puppies-rescue/pictures-photos/american-pit-bull-terrier-0169.jpg
366,http://z.about.com/d/dogs/1/0/4/x/2/hazel_pit_06.jpg
367,http://www.dogbreedinformation.com/images4/PitBullLadheadn.jpg
368,http://farm2.static.flickr.com/1127/718790965_797cd274e7.jpg
369,http://farm3.static.flickr.com/2377/1877432858_5edb5238e7.jpg
370,http://www.freedoglistings.com/pics/breeds/American-Staffordshire-Terrier.jpg
371,http://farm2.static.flickr.com/1197/995335726_30983c5de0.jpg
372,http://www.breedadog.co.uk/memberimages/dogs/135/13521a.jpg
373,http://farm2.static.flickr.com/1435/1290267623_8d8aea55f8.jpg
374,"http://www.searchpictures.net/cats_and_dogs/terriers/tn_satisfied,_american_pit_bull_terrier.jpg"
375,http://www.gotpetsonline.com/pictures-gallery/dog-pictures-breeders-puppies-rescue/american-staffordshire-terrier-pictures-breeders-puppies-rescue/pictures/american-staffordshire-terrier-0090.jpg
376,http://farm1.static.flickr.com/21/32912733_b0e6ceaf7c.jpg
377,http://www.bull911.com/img/pitbull-puppy-rescue.jpg
378,http://www.todopets.com/razas_perros/imagenes/amstaff02.jpg
379,http://farm1.static.flickr.com/104/290783123_b3512cc777.jpg
380,http://farm1.static.flickr.com/88/213747109_c005971aae.jpg
381,http://farm1.static.flickr.com/223/506298403_187998d35d.jpg
382,http://farm1.static.flickr.com/145/420387716_f47ae9550a.jpg
383,http://farm1.static.flickr.com/142/330966165_f0d78952f0.jpg
384,http://farm1.static.flickr.com/180/389630395_d571fbb94b.jpg
385,http://www.uberkennels.com/calender%20pups.jpg
386,http://farm1.static.flickr.com/83/221053946_578c1aa7ab.jpg
387,http://www.daltonbluepitkennel.com/Sadie/sadie%205.jpg
388,http://farm1.static.flickr.com/200/474924164_6a3979e496.jpg
389,http://www.furrycritter.com/resources/dogs/Images/American_Pit_Bull_Terrier.jpg
390,http://farm1.static.flickr.com/92/219903452_a275904e77.jpg
391,http://farm1.static.flickr.com/187/413303583_4600851a48.jpg
392,http://farm2.static.flickr.com/1417/1154316760_b6615e9861.jpg
393,http://www.gotpetsonline.com/pictures-gallery/dog-pictures-breeders-puppies-rescue/american-pit-bull-terrier-pictures-breeders-puppies-rescue/pictures/american-pit-bull-terrier-0356.jpg
394,http://farm2.static.flickr.com/1027/540412331_54498d01cb.jpg
395,http://farm1.static.flickr.com/150/410741922_f67e56b58e.jpg
396,http://elementy.ru/images/news/american_pitbull-terrier_250.jpg
397,http://farm3.static.flickr.com/2265/2163716023_d7547851d3.jpg
398,http://farm3.static.flickr.com/2313/2045572247_9e0a336aed.jpg
399,http://www.ragingstormkennel.com/Gator%20%20August%202006%20007.jpg
400,http://www.dave-and-maggies-dog-family.com/images/American%20Pit%20Bull%20Terrier%202.jpg
401,http://farm1.static.flickr.com/122/307252407_444a810b43.jpg
402,http://farm3.static.flickr.com/2046/1765196077_ad4bc3a8e2.jpg
403,http://www.gotpetsonline.com/pictures-gallery/dog-pictures-breeders-puppies-rescue/american-pit-bull-terrier-pictures-breeders-puppies-rescue/pictures-photos/american-pit-bull-terrier-0043.jpg
404,http://img.meetup.com/photos/event/d/2/4/0/event_53824.jpeg
405,http://www.rocksolidpits.com/images/prezz2000_0101_002534aa.jpg
406,http://farm3.static.flickr.com/2373/1518496671_200aeec56f.jpg
407,http://z.about.com/d/dogs/1/0/9/x/2/baby_pit_019.jpg
408,http://www.gotpetsonline.com/pictures-gallery/dog-pictures-breeders-puppies-rescue/american-pit-bull-terrier-pictures-breeders-puppies-rescue/pictures/american-pit-bull-terrier-0353.jpg
409,http://farm3.static.flickr.com/2009/2083714693_7f566147b9.jpg
410,http://farm1.static.flickr.com/172/430879708_12b6d41ee0.jpg
411,http://www.pet1616.com/zukan/dog/photo/american_pit_bull_terrier.jpg
412,http://www.gotpetsonline.com/pictures-gallery/dog-pictures-breeders-puppies-rescue/american-pit-bull-terrier-pictures-breeders-puppies-rescue/pictures-photos/american-pit-bull-terrier-0343.jpg
413,http://farm2.static.flickr.com/1253/872312573_57fc3a0889.jpg
414,http://www.gotpetsonline.com/pictures-gallery/dog-pictures-breeders-puppies-rescue/american-pit-bull-terrier-pictures-breeders-puppies-rescue/pictures-photos/american-pit-bull-terrier-0359.jpg
415,http://www.gotpetsonline.com/pictures-gallery/dog-pictures-breeders-puppies-rescue/american-pit-bull-terrier-pictures-breeders-puppies-rescue/pictures/american-pit-bull-terrier-0378.jpg
416,http://farm1.static.flickr.com/128/415108819_95a581acc2.jpg
417,http://www.gotpetsonline.com/pictures-gallery/dog-pictures-breeders-puppies-rescue/american-staffordshire-terrier-pictures-breeders-puppies-rescue/pictures-photos/american-staffordshire-terrier-0029.jpg
418,http://farm1.static.flickr.com/38/122155538_55f483acc6.jpg
419,http://www.animalkeepers.com/puppies/photos/ratpups2.jpg
420,http://farm2.static.flickr.com/1382/1348692448_8efe49494d.jpg
421,http://farm2.static.flickr.com/1104/872510237_d5c869571c.jpg
422,http://www.gotpetsonline.com/pictures-gallery/dog-pictures-breeders-puppies-rescue/american-pit-bull-terrier-pictures-breeders-puppies-rescue/pictures/american-pit-bull-terrier-0207.jpg
423,http://farm2.static.flickr.com/1004/897175504_eb89151bd1.jpg
424,http://farm3.static.flickr.com/2392/2154452127_d29ae7b9f0.jpg
425,http://farm1.static.flickr.com/221/503137968_4889424264.jpg
426,http://farm1.static.flickr.com/248/461226814_9865f6aeb8.jpg
427,http://farm2.static.flickr.com/1087/914108966_3e6dbc9742.jpg
428,http://farm3.static.flickr.com/2266/2140839246_0db60292db.jpg
429,http://www.gotpetsonline.com/pictures-gallery/dog-pictures-breeders-puppies-rescue/american-pit-bull-terrier-pictures-breeders-puppies-rescue/pictures/american-pit-bull-terrier-0140.jpg
430,http://farm1.static.flickr.com/214/461240378_8da1dab3b2.jpg
431,http://farm1.static.flickr.com/95/239450788_ddd3b4a640.jpg
432,http://farm2.static.flickr.com/1404/897991499_1c8918daa7.jpg
433,http://farm1.static.flickr.com/106/316805575_3040e4cb32.jpg
434,http://www.gotpetsonline.com/pictures-gallery/dog-pictures-breeders-puppies-rescue/american-pit-bull-terrier-pictures-breeders-puppies-rescue/pictures-photos/american-pit-bull-terrier-0245.jpg
435,http://farm1.static.flickr.com/163/420601781_fb5ddfc01d.jpg
436,http://z.about.com/d/dogs/1/0/n/q/2/lexi_pit_231.jpg
437,http://farm2.static.flickr.com/1426/859638109_2f698a8c4c.jpg
438,http://www.haleysapbt.com/000_0032.JPG
439,http://www.gotpetsonline.com/pictures-gallery/dog-pictures-breeders-puppies-rescue/american-pit-bull-terrier-pictures-breeders-puppies-rescue/pictures-photos/american-pit-bull-terrier-0326.jpg
440,http://www.breederretriever.com/photopost/data/644/pit_pup_3.jpg
441,http://www.doggybio.com/member/pictures/8090426.jpg
442,http://www.gotpetsonline.com/pictures-gallery/dog-pictures-breeders-puppies-rescue/american-pit-bull-terrier-pictures-breeders-puppies-rescue/pictures-photos/american-pit-bull-terrier-0157.jpg
443,http://img.myyearbook.com/zenhex/images/quiz1/1189/res2.jpg
444,http://www.itsabove.com/Pets/Dogs/american_pit_bull_terrier.jpg
445,http://www.diehardkennels.com/jpg/xxx.jpg
446,http://farm2.static.flickr.com/1050/528351247_dd1b8482b9.jpg
447,http://farm2.static.flickr.com/1285/1403489533_1227ed9c9f.jpg
448,http://farm1.static.flickr.com/186/413340492_01394f01b4.jpg
449,http://www.agraria.org/cani/americanstaffordshireterrier.jpg
450,http://z.about.com/d/dogs/1/0/o/h/1/deuce_pit_misc10111201.jpg
451,http://www.chiensamis.com/images/pitbull-3.jpg
452,http://farm2.static.flickr.com/1355/1237713674_02a99b8bab.jpg
453,http://www.dog-breeds.name/pictures/american-pit-bull-terrier/american-pit-bull-terrier-1tn.jpg
454,http://farm2.static.flickr.com/1419/1237323227_a3a65a5ede.jpg
455,http://www.horses-n-dogs.com/images/American%20Pit%20Bull%20Terrier.jpg
456,http://www.gotpetsonline.com/pictures-gallery/dog-pictures-breeders-puppies-rescue/american-staffordshire-terrier-pictures-breeders-puppies-rescue/pictures/american-staffordshire-terrier-0117.jpg
457,http://farm1.static.flickr.com/178/474953841_c11c7f2cb1.jpg
458,http://farm2.static.flickr.com/1219/994912829_4bf5556d83.jpg
459,http://bp2.blogger.com/_VZAMQyFtMDg/Ri85peHAF4I/AAAAAAAABSs/18QtEPXR3P0/s320/yury.jpg
460,http://farm3.static.flickr.com/2048/2122343767_39cfba45fc.jpg
461,http://www.pitbullsoforegon.com/baruk5132006dd.jpg
462,http://www.haynespitbulls.com/images/whitedogpose_W.jpg
463,http://farm1.static.flickr.com/54/138873449_11a586ae61.jpg
464,http://farm3.static.flickr.com/2419/2149794329_787b95e126.jpg
465,http://farm1.static.flickr.com/134/336888670_51913da053.jpg
466,http://farm2.static.flickr.com/1123/1466429538_9814e198b7.jpg
467,http://farm1.static.flickr.com/61/178093765_f7634432b8.jpg
468,http://farm1.static.flickr.com/217/493507560_274a02b367.jpg
469,http://www.brothersbullies.com/images/Geno_Autumn%201.jpg
470,http://www.laboutiquedumolosse.com/PHOTOS-CHIENS/PHOTO_AMERICAN_STAFFORSHIRE_PITBULL_STAFFY/photo_american_staffordshire-terrier-20.JPG
471,http://farm1.static.flickr.com/72/161003302_c56fda085d.jpg
472,http://farm2.static.flickr.com/1183/872437967_9d12fcf256.jpg
473,http://farm3.static.flickr.com/2036/1952827756_85177bd8a7.jpg
474,http://farm1.static.flickr.com/48/132267646_3081ee7398.jpg
475,http://www.edgeofrenokennels.com/images/lilbat1Resized.jpg.JPG
476,http://www.dogbreedinfo.com/images19/MIXCardiganCorgiPitbullOUTLAW.JPG
477,http://farm2.static.flickr.com/1217/944819260_938f3d65ce.jpg
478,http://farm3.static.flickr.com/2367/2041994663_f58e2c45d7.jpg
479,http://www.gotpetsonline.com/pictures-gallery/dog-pictures-breeders-puppies-rescue/american-pit-bull-terrier-pictures-breeders-puppies-rescue/pictures-photos/american-pit-bull-terrier-0069.jpg
480,http://www.gotpetsonline.com/pictures-gallery/dog-pictures-breeders-puppies-rescue/american-pit-bull-terrier-pictures-breeders-puppies-rescue/pictures/american-pit-bull-terrier-0098.jpg
481,http://farm2.static.flickr.com/1232/557362234_dc3f81b801.jpg
482,http://farm3.static.flickr.com/2239/2042115577_2ee6709a0a.jpg
483,http://www.gotpetsonline.com/pictures-gallery/dog-pictures-breeders-puppies-rescue/american-pit-bull-terrier-pictures-breeders-puppies-rescue/pictures/american-pit-bull-terrier-0001.jpg
484,http://www.topdogkennels.ca/images/GinoPA5_May05.jpg
485,http://farm2.static.flickr.com/1099/942873843_fc8a05726d.jpg
486,http://www.pricelesskennels.com/images/Nitty/NITTY02.jpg
487,http://www.gotpetsonline.com/pictures-gallery/dog-pictures-breeders-puppies-rescue/american-pit-bull-terrier-pictures-breeders-puppies-rescue/pictures-photos/american-pit-bull-terrier-0200.jpg
488,http://farm2.static.flickr.com/1354/617922336_4a36186ba6.jpg
489,http://farm1.static.flickr.com/43/88391444_d4fc19c8f8.jpg
490,http://www.ourpitbulls.com/img_a/00000494_0.jpg
491,http://www.gotpetsonline.com/pictures-gallery/dog-pictures-breeders-puppies-rescue/american-pit-bull-terrier-pictures-breeders-puppies-rescue/pictures-photos/american-pit-bull-terrier-0114.jpg
492,http://farm1.static.flickr.com/169/465899195_d19c4e7c7e.jpg
493,http://www.epickennels.com/X99.jpg
494,http://www.dogbreedinformation.com/images/pitbullbossksit1.jpg
495,http://www.h-p-demo.de/hp4u_plus_zusatz/inserate_bilder/k_1187509726.jpg
496,http://farm1.static.flickr.com/240/453555791_1e5e88b514.jpg
497,http://www.bulldogbreeds.com/breeders/pics/american_pit_bull_terrier_35085.jpg
498,http://farm3.static.flickr.com/2161/2061840640_22345a1650.jpg
499,http://farm2.static.flickr.com/1206/1392431606_de7c048fcc.jpg
500,http://puppydogweb.com/gallery/americanpitbullterrier/americanpitbullterrier_begnaud.jpg
501,http://farm2.static.flickr.com/1121/541084223_39c09e0e54.jpg
502,http://farm2.static.flickr.com/1330/854984567_a3afbeefdb.jpg
503,http://farm1.static.flickr.com/211/461257329_a8cefcb209.jpg
504,http://farm2.static.flickr.com/1170/945863972_795cae9a1a.jpg
505,http://farm2.static.flickr.com/1009/657511399_5ae689a29e.jpg
506,http://www.consumerist.com/images/2006/05/bulldogpup.jpg
507,http://www.gotpetsonline.com/pictures-gallery/dog-pictures-breeders-puppies-rescue/american-pit-bull-terrier-pictures-breeders-puppies-rescue/pictures-photos/american-pit-bull-terrier-0210.jpg
508,http://farm1.static.flickr.com/116/290785041_bf26d37f96.jpg
509,http://farm1.static.flickr.com/165/333188908_6cead17900.jpg
510,http://www.gotpetsonline.com/pictures-gallery/dog-pictures-breeders-puppies-rescue/american-pit-bull-terrier-pictures-breeders-puppies-rescue/pictures-photos/american-pit-bull-terrier-0328.jpg
511,http://farm1.static.flickr.com/148/330966575_6742d5d892.jpg
512,http://farm2.static.flickr.com/1314/897977681_2c5d85eaeb.jpg
513,http://www.laboutiquedumolosse.com/PHOTOS-CHIENS/PHOTO_AMERICAN_STAFFORSHIRE_PITBULL_STAFFY/photo_american_staffordshire-terrier-194.JPG
514,http://farm1.static.flickr.com/83/221051246_0797427644.jpg
515,http://farm1.static.flickr.com/48/190835936_ec9697b01a.jpg
516,http://amstaf-club.com/modules/xcgal/albums/userpics/10007/thumb_%C4%E6%E8%ED.JPG
517,http://www.gotpetsonline.com/pictures-gallery/dog-pictures-breeders-puppies-rescue/american-pit-bull-terrier-pictures-breeders-puppies-rescue/pictures/american-pit-bull-terrier-0401.jpg
518,http://free.of.pl/k/kamcia_p/img/awesome%20rednose-ycdwm.jpg
519,http://farm2.static.flickr.com/1245/1391404627_cd76ccf1df.jpg
520,http://www.gotpetsonline.com/pictures-gallery/dog-pictures-breeders-puppies-rescue/american-pit-bull-terrier-pictures-breeders-puppies-rescue/pictures-photos/american-pit-bull-terrier-0248.jpg
521,http://www.cats-dogs-ukraine.com/images/200702190703060.pitbull.jpg
522,http://www.gotpetsonline.com/pictures-gallery/dog-pictures-breeders-puppies-rescue/american-pit-bull-terrier-pictures-breeders-puppies-rescue/pictures/american-pit-bull-terrier-0192.jpg
523,http://www.k9host.co.uk/grafix/Breeds/StaffordSP.jpg
524,http://www.gotpetsonline.com/pictures-gallery/dog-pictures-breeders-puppies-rescue/american-pit-bull-terrier-pictures-breeders-puppies-rescue/pictures-photos/american-pit-bull-terrier-0153.jpg
525,http://www.gotpetsonline.com/pictures-gallery/dog-pictures-breeders-puppies-rescue/american-pit-bull-terrier-pictures-breeders-puppies-rescue/pictures-photos/american-pit-bull-terrier-0128.jpg
526,http://www.gotpetsonline.com/pictures-gallery/dog-pictures-breeders-puppies-rescue/american-pit-bull-terrier-pictures-breeders-puppies-rescue/pictures-photos/american-pit-bull-terrier-0361.jpg
527,http://www.pitbulle.com.pl/lato205.jpg
528,http://www.gotpetsonline.com/pictures-gallery/dog-pictures-breeders-puppies-rescue/american-pit-bull-terrier-pictures-breeders-puppies-rescue/pictures/american-pit-bull-terrier-0010.jpg
529,http://farm1.static.flickr.com/131/420387523_b9ccb05d54.jpg
530,http://www.worldexplorer.be/pit_bull_terrier.gif
531,http://www.freewebs.com/idahopits/Picture%20032%20(546%20x%20410).jpg
532,http://www.molossergate.com/image/pitboul/Image103_small.jpg
533,http://farm3.static.flickr.com/2239/2070756087_044be03c43.jpg
534,http://farm1.static.flickr.com/55/174106482_78eaad0d4f.jpg
535,http://www.puppypurebred.com/images/pit.JPG
536,http://www.hotwaterrescue.com/images/abpta.jpg
537,http://www.gotpetsonline.com/pictures-gallery/dog-pictures-breeders-puppies-rescue/american-pit-bull-terrier-pictures-breeders-puppies-rescue/pictures/american-pit-bull-terrier-0178.jpg
538,http://www.doggybio.com/member/pictures/8095409.jpg
539,http://farm2.static.flickr.com/1371/873547032_4130a516db.jpg
540,http://www.mafiakennels.com/Abby%20Body.jpg
541,http://farm1.static.flickr.com/159/352230430_88f123bdb9.jpg
542,http://bp1.blogger.com/_5anwWe5O130/Rt2P3KcyV3I/AAAAAAAAAEY/zuB6eDJXRYM/s320/pitbull-boxer+mix.jpg
543,http://www.gotpetsonline.com/pictures-gallery/dog-pictures-breeders-puppies-rescue/american-pit-bull-terrier-pictures-breeders-puppies-rescue/pictures-photos/american-pit-bull-terrier-0224.jpg
544,http://www.k9-hq.com/Copy%20of%20best.JPG
545,http://www.gotpetsonline.com/pictures-gallery/dog-pictures-breeders-puppies-rescue/american-pit-bull-terrier-pictures-breeders-puppies-rescue/pictures/american-pit-bull-terrier-0052.jpg
546,http://www.caragankennel.com/Deacon19342.jpg
547,http://www.trapalotbullies.com/disco_sc_show_20nov_2025.jpg
548,http://farm2.static.flickr.com/1270/859632321_f71a76f4b5.jpg
549,http://farm2.static.flickr.com/1106/757388588_4f90c33145.jpg
550,http://www.amstaffsnica.com/index/cara_ktar.jpg
551,http://farm1.static.flickr.com/38/75903858_f64ac564ff.jpg
552,http://www.yorkblog.com/pets/img/cassidy0612.jpg
553,http://farm1.static.flickr.com/202/513609742_22fc8d4b8f.jpg
554,http://farm1.static.flickr.com/122/277571779_e57a79d11d.jpg
555,http://farm1.static.flickr.com/143/327757214_0a4395a917.jpg
556,http://farm3.static.flickr.com/2413/2140797624_de4316ede2.jpg
557,http://www.dogpicture.mypetdogs.com/images/american_pit_bull_terrier/Assassin_Melissa_Tripp_USA2.JPG
558,http://www.gotpetsonline.com/pictures-gallery/dog-pictures-breeders-puppies-rescue/american-staffordshire-terrier-pictures-breeders-puppies-rescue/pictures/american-staffordshire-terrier-0107.jpg
559,http://farm1.static.flickr.com/142/322232714_d265b24a5d.jpg
560,http://farm2.static.flickr.com/1256/1284207345_d280305ed2.jpg
561,http://www.laboutiquedumolosse.com/PHOTOS-CHIENS/PHOTO_AMERICAN_STAFFORSHIRE_PITBULL_STAFFY/photo_american_staffordshire-terrier-587.jpg
562,http://www.pupforum.com/pics_/t156_08122004022816.jpg
563,http://dl.dogomania.com/pics/32/matrix3.jpg
564,http://farm2.static.flickr.com/1020/530438027_e0aa45c6b7.jpg
565,http://farm2.static.flickr.com/1424/995796226_fd5310da49.jpg
566,http://i1.trekearth.com/photos/13789/american_stefanchar_terrie.jpg
567,http://www.pupforum.com/pics_/t1_09152004070120.jpg
568,http://farm1.static.flickr.com/49/132267643_1a9b31e689.jpg
569,http://www.gotdogsonline.com/american-pit-bull-terrier-pictures-breeders-puppies-rescue/pictures/american-pit-bull-terrier-0008.jpg
570,http://farm2.static.flickr.com/1187/1236870351_acd6dd570f.jpg
571,http://farm3.static.flickr.com/2153/1892535826_bf87123f9d.jpg
572,http://farm3.static.flickr.com/2396/2207844904_79bab3006a.jpg
573,http://www.gotpetsonline.com/pictures-gallery/dog-pictures-breeders-puppies-rescue/american-pit-bull-terrier-pictures-breeders-puppies-rescue/pictures-photos/american-pit-bull-terrier-0187.jpg
574,http://www.sathy.fi/images/eng.jpg
575,http://www.amstaff.ch/astc_bilder_avalon/roli_avalon.jpg
576,http://www.pbrc.net/pitbull-l/graphics/boonc8.jpg
577,http://farm2.static.flickr.com/1279/1305266203_d9c2680628.jpg
578,http://farm1.static.flickr.com/216/461247808_f812d16444.jpg
579,http://farm2.static.flickr.com/1228/783228941_e02607abd3.jpg
580,http://www.gotpetsonline.com/pictures-gallery/dog-pictures-breeders-puppies-rescue/american-pit-bull-terrier-pictures-breeders-puppies-rescue/pictures-photos/american-pit-bull-terrier-0284.jpg
581,http://www.gotpetsonline.com/pictures-gallery/dog-pictures-breeders-puppies-rescue/american-pit-bull-terrier-pictures-breeders-puppies-rescue/pictures/american-pit-bull-terrier-0138.jpg
582,http://farm1.static.flickr.com/209/459946446_faac49f481.jpg
583,http://www.pupcity.com/images/adpics/06171164749048_1.jpg
584,http://farm2.static.flickr.com/1328/872593959_dc142f7ce6.jpg
585,http://z.about.com/d/dogs/1/0/x/m/1/moose_apbt_9606.jpg
586,http://www.pedigreedatabase.com/dogs/i/american_staffordshire_terrier.jpg
587,http://farm2.static.flickr.com/1165/528224760_090985ab75.jpg
588,http://farm1.static.flickr.com/21/88391442_6076e7aa63.jpg
589,http://www.gotpetsonline.com/pictures-gallery/dog-pictures-breeders-puppies-rescue/american-pit-bull-terrier-pictures-breeders-puppies-rescue/pictures/american-pit-bull-terrier-0329.jpg
590,http://farm3.static.flickr.com/2119/2175391095_91e2516d4e.jpg
591,http://zdjecia.swistak.pl/00/02/40/38/2403821_1.jpg
592,http://www.gotpetsonline.com/pictures-gallery/dog-pictures-breeders-puppies-rescue/american-pit-bull-terrier-pictures-breeders-puppies-rescue/pictures/american-pit-bull-terrier-0320.jpg
593,http://www.hundepolitik.de/img/bella.jpg
594,http://z.about.com/d/dogs/1/0/M/x/2/nilabelle_staffie_0104.jpg
595,http://www.puppysites.com/deluxe/meadowbrook.jpg
596,http://www.naturalia.org/bestinshow/img/0417008.jpg
597,http://www.chiens-des-champs.com/Am%E9ricain%20Staffordshire%20Terrier%202.jpg
598,http://farm3.static.flickr.com/2231/2137278689_639a4e8570.jpg
599,http://static.flickr.com/184/433187709_291c226978.jpg
600,http://www.gotdogsonline.com/american-pit-bull-terrier-pictures-breeders-puppies-rescue/pictures/american-pit-bull-terrier-0002.jpg
601,http://www.dogpicture.mypetdogs.com/images/american_pit_bull_terrier/Takota_Kelly_Knudson_USA.JPG
602,http://farm1.static.flickr.com/193/511870632_6b2d8b3a0e.jpg
603,http://farm2.static.flickr.com/1004/1284867905_ca2b58cd59.jpg
604,http://farm1.static.flickr.com/95/240507829_a1139ec867.jpg
605,http://farm1.static.flickr.com/57/168277850_d68dffe0e4.jpg
606,http://farm3.static.flickr.com/2237/2031003945_e641ecec00.jpg
607,http://farm1.static.flickr.com/185/483694954_9d29984490.jpg
608,http://farm3.static.flickr.com/2265/2042002467_c4c2d05dc1.jpg
609,http://z.about.com/d/dogs/1/0/W/h/Quinnstaffiesofa.JPG
610,http://www.bludokennels.com/Chili%20Pepper2.jpg
611,http://www.inform-2000.com/perros/pit_bull_terrier.jpg
612,http://www.batsmo.nl/2004-04%20(apr)/tiny-freek-gizmo%20(3).jpg
613,http://farm1.static.flickr.com/200/479379336_587778c33f.jpg
614,http://farm2.static.flickr.com/1001/541060023_19d963af8e.jpg
615,http://farm2.static.flickr.com/1234/575591260_df88c40d92.jpg
616,http://farm1.static.flickr.com/210/526642965_88fcaa1185.jpg
617,http://solere.blogs.com/photos/uncategorized/pitbull.gif
618,http://www.strayfromtheheart.org/images/photo_sassy.jpg
619,http://farm1.static.flickr.com/123/338248918_cff392bec6.jpg
620,http://farm1.static.flickr.com/33/54793031_2fa7d8c51e.jpg
621,http://www.gotpetsonline.com/pictures-gallery/dog-pictures-breeders-puppies-rescue/american-pit-bull-terrier-pictures-breeders-puppies-rescue/pictures/american-pit-bull-terrier-0066.jpg
622,http://www.epickennels.com/jbear.jpg
623,http://www.mercadolibre.com.uy/jm/img?s=MLU&f;=4255059_3588.jpg&v;=P
624,http://farm2.static.flickr.com/1107/1439177245_74fe65dc7b.jpg
625,http://farm2.static.flickr.com/1359/1236869114_1d6bf84b7f.jpg
626,http://farm1.static.flickr.com/57/176161502_e32ee8f63d.jpg
627,http://www.taylormadeterriers.com/malosi-BIS-enriquez.jpg
628,http://farm2.static.flickr.com/1029/1457859147_65fca8dffa.jpg
629,http://www.gotpetsonline.com/pictures-gallery/dog-pictures-breeders-puppies-rescue/american-pit-bull-terrier-pictures-breeders-puppies-rescue/pictures-photos/american-pit-bull-terrier-0025.jpg
630,http://z.about.com/d/dogs/1/0/F/n/1/rocko_apbt_296.jpg
631,http://farm1.static.flickr.com/43/93656009_75b5ddc3e0.jpg
632,http://farm1.static.flickr.com/206/524162724_21c411c8a7.jpg
633,http://farm3.static.flickr.com/2368/2163715707_c8e87dc087.jpg
634,http://farm2.static.flickr.com/1311/771863798_f6c1f0ad36.jpg
635,http://www.gotpetsonline.com/pictures-gallery/dog-pictures-breeders-puppies-rescue/american-pit-bull-terrier-pictures-breeders-puppies-rescue/pictures-photos/american-pit-bull-terrier-0053.jpg
636,http://www.cramerphotography.com/gallery/Dogs/thumbnails/Pit%20Bull%20Terrier_3452a.jpg
637,http://farm3.static.flickr.com/2110/2103622133_f239bf7487.jpg
638,http://farm1.static.flickr.com/9/69460391_d0889ebb5d.jpg
639,http://farm1.static.flickr.com/29/42216774_98694969fd.jpg
640,http://farm2.static.flickr.com/1158/1357105912_055d21ffb0.jpg
641,http://farm3.static.flickr.com/2395/2166965075_94404ce70a.jpg
642,http://farm1.static.flickr.com/99/296939563_e1e9e9ba65.jpg
643,http://farm2.static.flickr.com/1310/1404333942_7599a1dc0d.jpg
644,http://farm2.static.flickr.com/1070/1392296996_ce1d7e5020.jpg
645,http://www.petpeoplesplace.com/resources/gallery/dogs/images/pitbull03.jpg
646,http://farm1.static.flickr.com/150/413339934_53267ffdca.jpg
647,http://farm3.static.flickr.com/2263/2101340879_de036fd242.jpg
648,http://farm1.static.flickr.com/55/136906498_d7f1ba4087.jpg
649,http://farm1.static.flickr.com/49/135167291_3dd378134e.jpg
650,http://graves-family.com/jennifer/penpals/images/tipper.jpg
651,http://www.barkentin.com/Mike/hvalpetraening/nelly_8.JPG
652,http://www.ayuntamientodeadeje.es/adeje/ADEJE/published/DEFAULT/salud/imagenes/Staffordshire%20Bull%20Terrier.jpg
653,http://www.gotpetsonline.com/pictures-gallery/dog-pictures-breeders-puppies-rescue/american-pit-bull-terrier-pictures-breeders-puppies-rescue/pictures/american-pit-bull-terrier-0011.jpg
654,http://farm2.static.flickr.com/1025/1305244223_0ecb645f21.jpg
655,http://www1.istockphoto.com/file_thumbview_approve/3204015/2/istockphoto_3204015_blue_american_pit_bull.jpg
656,http://www.gotpetsonline.com/pictures-gallery/dog-pictures-breeders-puppies-rescue/american-pit-bull-terrier-pictures-breeders-puppies-rescue/pictures-photos/american-pit-bull-terrier-0280.jpg
657,http://farm3.static.flickr.com/2409/2092739835_f35e7a9a7b.jpg
658,http://www.petfinder.com/fotos/TX298/TX298.6054048-1-x.jpg
659,http://farm2.static.flickr.com/1135/1012175925_a74a47a51f.jpg
660,http://www.realpitbull.com/images/p3.jpg
661,http://farm3.static.flickr.com/2270/2231465260_4cf4e7a191.jpg
662,http://farm2.static.flickr.com/1340/1237331615_815937268d.jpg
663,http://www.dogbreedersdirectory.com/photos/pitbullterrier_private.jpg
664,http://anayaspits.info/resources/_wsb_482x356_Boo.JPG
665,http://farm3.static.flickr.com/2110/2155247394_9e3e92c816.jpg
666,http://dogoftheday.com/archive/2003/February/27.jpg
667,http://farm3.static.flickr.com/2182/2069948217_080a9bf107.jpg
668,http://idog.pl/grafika/pies/thumb/666.jpg
669,http://farm2.static.flickr.com/1394/1238186906_d8422c43e2.jpg
670,http://farm3.static.flickr.com/2078/2015828683_fcd014bd51.jpg
671,http://farm1.static.flickr.com/59/221053054_dea0c1579a.jpg
672,http://static.flickr.com/1174/993400716_6fa7c980fe.jpg
673,http://www.gotpetsonline.com/pictures-gallery/dog-pictures-breeders-puppies-rescue/american-pit-bull-terrier-pictures-breeders-puppies-rescue/pictures-photos/american-pit-bull-terrier-0081.jpg
674,http://www.gotpetsonline.com/pictures-gallery/dog-pictures-breeders-puppies-rescue/american-pit-bull-terrier-pictures-breeders-puppies-rescue/pictures-photos/american-pit-bull-terrier-0400.jpg
675,http://farm3.static.flickr.com/2276/2183555135_339ba2549d.jpg
676,http://farm2.static.flickr.com/1024/824220976_cd2d26a0e9.jpg
677,http://www.ameridogs.com/images/BreedPitBullsit.JPG
678,http://farm2.static.flickr.com/1412/770648017_5fa8ad3bda.jpg
679,http://www.mascotasclick.com/sttaford/imagenes/pittbull_his.jpg
680,http://www.ibssl.com/images/american_staffordshire_terrier.jpg
681,http://www.eloheemskennel.com/graphics/rastajump.jpg
682,http://www.gotpetsonline.com/pictures-gallery/dog-pictures-breeders-puppies-rescue/american-pit-bull-terrier-pictures-breeders-puppies-rescue/pictures-photos/american-pit-bull-terrier-0007.jpg
683,http://farm1.static.flickr.com/164/429877760_8910db2c89.jpg
684,http://farm1.static.flickr.com/130/421960420_fe9007d6cc.jpg
685,http://z.about.com/d/dogs/1/0/_/n/1/bruser_apbt_274.jpg
686,http://farm2.static.flickr.com/1335/1290334459_682f150f57.jpg
687,http://farm1.static.flickr.com/202/462798271_a9888446d1.jpg
688,http://farm1.static.flickr.com/67/168908988_77dabbf0d0.jpg
689,http://www.windoweb.it/guida/mondo/foto_di_cani/american_pit_bull5.jpg
690,http://farm3.static.flickr.com/2347/2154494745_42b367cfd5.jpg
691,http://www.cbsnews.com/images/2003/12/02/image586402x.jpg
692,http://puppydogweb.com/gallery/americanpitbullterrier/americanpitbullterrier_kristen.jpg
693,http://www.gotpetsonline.com/pictures-gallery/dog-pictures-breeders-puppies-rescue/american-pit-bull-terrier-pictures-breeders-puppies-rescue/pictures/american-pit-bull-terrier-0195.jpg
694,http://www.gricerazorsedgegottypitbulls.com/1105%20turbo2.jpg
695,http://www.k9magazinefree.com/magazines/iss2/images/Pitbull5.jpg
696,http://farm1.static.flickr.com/169/384122187_5b639411c2.jpg
697,http://farm2.static.flickr.com/1080/534844933_03650b37ab.jpg
698,http://farm2.static.flickr.com/1104/945848090_2b7dddddf4.jpg
699,http://www.freewebs.com/regelingagressievedieren/amstaff%20tralies.jpg
700,http://www.gotpetsonline.com/pictures-gallery/dog-pictures-breeders-puppies-rescue/american-pit-bull-terrier-pictures-breeders-puppies-rescue/pictures/american-pit-bull-terrier-0228.jpg
701,http://farm2.static.flickr.com/1338/860420672_3dcc659aaf.jpg
702,http://farm2.static.flickr.com/1106/542038767_2a512da14f.jpg
703,http://www.sbtfun.com/files/friends_tabacgwendolyn.jpg
704,http://farm2.static.flickr.com/1362/575568236_76a339ff25.jpg
705,http://www.gotpetsonline.com/pictures-gallery/dog-pictures-breeders-puppies-rescue/american-pit-bull-terrier-pictures-breeders-puppies-rescue/pictures-photos/american-pit-bull-terrier-0093.jpg
706,http://farm1.static.flickr.com/159/434617165_8f3703bbb4.jpg
707,http://farm1.static.flickr.com/129/322217879_de8c089d8f.jpg
708,http://www.pitbull411.com/pics/th_cinders_pit_bull.jpg
709,http://www.gotpetsonline.com/pictures-gallery/dog-pictures-breeders-puppies-rescue/american-pit-bull-terrier-pictures-breeders-puppies-rescue/pictures-photos/american-pit-bull-terrier-0218.jpg
710,http://farm1.static.flickr.com/225/450938429_bceb253eb2.jpg
711,http://farm1.static.flickr.com/156/422132627_85ca8d6142.jpg
712,http://farm1.static.flickr.com/232/522051566_27ede73805.jpg
713,http://farm2.static.flickr.com/1160/1466429832_a5193d37b3.jpg
714,http://farm3.static.flickr.com/2166/2210545782_7a23c09bf9.jpg
715,http://farm2.static.flickr.com/1278/532094956_f4746bb3dc.jpg
716,http://farm2.static.flickr.com/1090/825712290_485910944b.jpg
717,http://farm1.static.flickr.com/226/518048908_fb749f31ce.jpg
718,http://www.dkimages.com/discover/previews/948/95005423.JPG
719,http://www.coronapitbulls.com/www.coronapitbulls.com/DSC00857.JPG
720,http://farm2.static.flickr.com/1110/894068701_9c592efa10.jpg
721,http://www.gotpetsonline.com/pictures-gallery/dog-pictures-breeders-puppies-rescue/american-pit-bull-terrier-pictures-breeders-puppies-rescue/pictures-photos/american-pit-bull-terrier-0254.jpg
722,http://farm3.static.flickr.com/2332/2237736469_0b3de9e2c4.jpg
723,http://www.laboutiquedumolosse.com/PHOTOS-CHIENS/PHOTO_AMERICAN_STAFFORSHIRE_PITBULL_STAFFY/photo_american_staffordshire-terrier-245.JPG
724,http://farm1.static.flickr.com/159/399422859_ea9917d75c.jpg
725,http://farm1.static.flickr.com/25/45965819_b450f14815.jpg
726,http://www.floridadude.com/Tammie's%20Nemo.JPG
727,http://farm1.static.flickr.com/128/330965590_8ce7a9541a.jpg
728,http://www.dapbt.org/Bull%20Terrier.jpg
729,http://www.gotpetsonline.com/pictures-gallery/dog-pictures-breeders-puppies-rescue/american-pit-bull-terrier-pictures-breeders-puppies-rescue/pictures-photos/american-pit-bull-terrier-0419.jpg
730,http://farm1.static.flickr.com/196/507182257_facd6e5598.jpg
731,http://farm2.static.flickr.com/1258/906268253_a0b2a29d85.jpg
732,http://z.about.com/d/dogs/1/0/4/n/1/MrNibbles_apbt_bed.jpg
733,http://farm3.static.flickr.com/2019/2138967625_38de2a1ab6.jpg
734,http://www.nextdaypets.com/ListingImages/a9f10445-00911.jpg
735,http://www.chiensamis.com/images/pitbull-2.jpg
736,http://farm1.static.flickr.com/58/191333518_eece88c8c5.jpg
737,http://www.ideasmultimedia.com/buscoanimal/razas/Pit%20Bull%20Terrier_p.jpg
738,http://farm2.static.flickr.com/1048/1356587052_493c7ea805.jpg
739,http://www.bigboybluekennel.com/casual%20pics%20004.JPG
740,http://www.dogbreedinformation.com/images10/APBTNICOTHEBANDIT1.jpg
741,http://farm3.static.flickr.com/2170/2140056859_159cf203cd.jpg
742,http://www.rescueeverydog.org/images/Photo_bull2.jpg
743,http://farm1.static.flickr.com/228/461222702_ee088f10a8.jpg
744,http://static.flickr.com/122/294704895_60c7125833.jpg
745,http://farm2.static.flickr.com/1261/783377747_45d7a1cb72.jpg
746,http://www.spindletoppitbullrefuge.org/pbxheidi1.jpg
747,http://www.cityofpearland.com/vertical/Sites/%7BCA80BAF8-A883-4878-AB6D-7FC8DAE7D62E%7D/uploads/%7BD8C7B1D3-6B2F-49C7-BF8F-C640A8C0BC54%7D.JPG
748,http://farm2.static.flickr.com/1144/1238188224_da9e1ee0dc.jpg
749,http://www.bulldogbreeds.com/americanpitbullterrier/thumbs/americanpitbullterrier_rb_dnjhl_th.jpg
750,http://www.Dakotapuppydog.com/images/MOOSE1.jpg
751,http://farm3.static.flickr.com/2045/2181357414_a5877f6836.jpg
752,http://farm3.static.flickr.com/2318/1765374701_f3179f9307.jpg
753,http://www.passionrockkennels.com/images/ninashow1.jpg
754,http://farm1.static.flickr.com/95/221053882_26f0d561c3.jpg
755,http://farm1.static.flickr.com/211/453553813_698d07a896.jpg
756,http://farm2.static.flickr.com/1162/1236856747_e81de4594c.jpg
757,http://farm1.static.flickr.com/153/330967436_4aa244428b.jpg
758,http://farm1.static.flickr.com/140/345688052_2ccb06edc3.jpg
759,http://www.ibssl.com/images/Staffordshire_bull_terrier_2.jpg
760,http://www.perrosamigos.com/images/pitbull.jpg
761,http://www.animalshelter.org.uk/assets/images/homeswanted/max.jpg
762,http://farm3.static.flickr.com/2381/2110711986_831575fc5d.jpg
763,http://www.hondenrassen.info/images/american-staffordshire-terrier6.jpg
764,http://farm1.static.flickr.com/18/69461852_7d91fcd880.jpg
765,http://farm3.static.flickr.com/2086/2186144383_9bbf2b5f45.jpg
766,http://www.cm-alcobaca.pt/resources/c8e27f7389636e82c37c54e7582a24f2/pit%20bull.jpg
767,http://farm3.static.flickr.com/2056/1994043829_de6c0ff6e7.jpg
768,http://www.gotpetsonline.com/pictures-gallery/dog-pictures-breeders-puppies-rescue/american-pit-bull-terrier-pictures-breeders-puppies-rescue/pictures-photos/american-pit-bull-terrier-0090.jpg
769,http://farm1.static.flickr.com/217/467948819_c1436e8450.jpg
770,http://farm1.static.flickr.com/177/376813326_3ad007861a.jpg
771,http://www.gotpetsonline.com/pictures-gallery/dog-pictures-breeders-puppies-rescue/american-pit-bull-terrier-pictures-breeders-puppies-rescue/pictures-photos/american-pit-bull-terrier-0279.jpg
772,http://farm1.static.flickr.com/47/121531355_e019309ba3.jpg
773,http://www.companhiadosanimais.pt/portal/images/stories/Pitbull.jpg
774,http://www.gotpetsonline.com/pictures-gallery/dog-pictures-breeders-puppies-rescue/american-pit-bull-terrier-pictures-breeders-puppies-rescue/pictures-photos/american-pit-bull-terrier-0124.jpg
775,http://farm1.static.flickr.com/104/290784072_8da3dd7cc1.jpg
776,http://photocache.petfinder.com/fotos/KS156/KS156.6724895-2-x.jpg
777,http://photocache.petfinder.com/fotos/AZ165/AZ165.8991936-2-x.jpg
778,http://farm2.static.flickr.com/1059/1415594814_0a5729c15d.jpg
779,http://kkeck.leute.server.de/_staffi/murphy_thpirm.jpg
780,http://farm3.static.flickr.com/2301/2239948215_4e4b0a9b29.jpg
781,http://farm1.static.flickr.com/30/42216771_6546cbb477.jpg
782,http://farm2.static.flickr.com/1240/1237720302_a85fec3e19.jpg
783,http://static.flickr.com/2078/1862414015_12c0fafff4.jpg
784,http://img191.imageshack.us/img191/1851/noa3wo.jpg
785,http://www.stafbul.com/foto/staffordshire-bull-terrier-0247b.jpg
786,http://www.gotpetsonline.com/pictures-gallery/dog-pictures-breeders-puppies-rescue/american-pit-bull-terrier-pictures-breeders-puppies-rescue/pictures/american-pit-bull-terrier-0384.jpg
787,http://farm1.static.flickr.com/197/493790256_3fb8b249d7.jpg
788,http://farm3.static.flickr.com/2292/2189149165_18c38eca8c.jpg
789,http://www.wellbredpets.com/images/breedpics/lgmain-AmericanPitBull002.jpg
790,http://farm1.static.flickr.com/132/354252474_ff21f7b647.jpg
791,http://www.zoocenter.ru/dogs/photo_gal/data/pitbullterrier.jpg
792,http://www.inseparabile.com/cani/images/AMERICAN_STEFFORDSHIRE.JPG
793,http://www.dungeonmasterpits.com/photos/blue2_(Small).jpg
794,http://farm3.static.flickr.com/2410/1731892578_318c4fc377.jpg
795,http://farm2.static.flickr.com/1429/1438671209_a7a4d37a35.jpg
796,http://www.laboutiquedumolosse.com/PHOTOS-CHIENS/PHOTO_AMERICAN_STAFFORSHIRE_PITBULL_STAFFY/photo_american_staffordshire-terrier-602.jpg
797,http://farm1.static.flickr.com/110/298293482_f497e29a77.jpg
798,http://farm3.static.flickr.com/2289/2198608626_b7f218c871.jpg
799,http://static.flickr.com/100/304706208_f18de37ebc.jpg
800,http://farm3.static.flickr.com/2221/2189127793_52d3a5b90f.jpg
801,http://farm1.static.flickr.com/85/221055293_8b8d4e2c2c.jpg
802,http://www.gotpetsonline.com/pictures-gallery/dog-pictures-breeders-puppies-rescue/american-staffordshire-terrier-pictures-breeders-puppies-rescue/pictures/american-staffordshire-terrier-0079.jpg
803,http://www.guapparia.it/images/Apache.jpg
804,http://www.kspitbullrescue.com/pics/broadway/stella/hd3.jpg
805,http://www.webbpits.com/images/pit%20family.jpg
806,http://www.dkimages.com/discover/previews/795/40022321.JPG
807,http://farm1.static.flickr.com/197/525164388_d041325ac4.jpg
808,http://www.legacykennel.com/images/chino-and-malo.jpg
809,http://farm1.static.flickr.com/215/507149636_a52cc89a51.jpg
810,http://www.gotpetsonline.com/pictures-gallery/dog-pictures-breeders-puppies-rescue/american-pit-bull-terrier-pictures-breeders-puppies-rescue/pictures/american-pit-bull-terrier-0339.jpg
811,http://www.gotpetsonline.com/pictures-gallery/dog-pictures-breeders-puppies-rescue/american-pit-bull-terrier-pictures-breeders-puppies-rescue/pictures-photos/american-pit-bull-terrier-0154.jpg
812,http://farm2.static.flickr.com/1215/1323226581_0b930619d0.jpg
813,http://farm3.static.flickr.com/2024/1851959144_b3790eedd7.jpg
814,http://farm2.static.flickr.com/1003/1291191298_be33564ebd.jpg
815,http://www.bennettspitbulls.com/billy.jpg
816,http://farm1.static.flickr.com/158/420601042_01c9c22054.jpg
817,http://farm2.static.flickr.com/1057/1237316761_80297b743e.jpg
818,http://www.gotpetsonline.com/pictures-gallery/dog-pictures-breeders-puppies-rescue/american-pit-bull-terrier-pictures-breeders-puppies-rescue/pictures/american-pit-bull-terrier-0137.jpg
819,http://farm1.static.flickr.com/57/230001944_910f4b5cab.jpg
820,http://farm3.static.flickr.com/2227/2230670377_622ab39f16.jpg
821,http://www.gotpetsonline.com/pictures-gallery/dog-pictures-breeders-puppies-rescue/american-pit-bull-terrier-pictures-breeders-puppies-rescue/pictures/american-pit-bull-terrier-0003.jpg
822,http://farm3.static.flickr.com/2404/1766243006_3ba04e1953.jpg
823,http://farm1.static.flickr.com/51/396864066_386d1ad25a.jpg
824,http://farm2.static.flickr.com/1245/527330634_99bb98c32f.jpg
825,http://farm1.static.flickr.com/39/75646707_e74f3ea535.jpg
826,http://farm3.static.flickr.com/2262/2129564010_ce1eb011c9.jpg
827,http://www.dogbreedinfo.com/images12/IrishStaffordshireBullTerrierPedigreeIrish.jpg
828,http://farm3.static.flickr.com/2080/2243978367_c7a3fc88c0.jpg
829,http://farm2.static.flickr.com/1192/886030907_c18dc2e929.jpg
830,http://farm2.static.flickr.com/1207/707365168_04edb1cd5b.jpg
831,http://www.stafbul.com/foto/staffordshire-bull-terrier-1006b.jpg
832,http://www.vca.org.au/assets/staffordshire-bull-terrier.gif
833,http://farm1.static.flickr.com/75/225995718_d0f0d11906.jpg
834,http://lh3.google.com/_yDK6uxFnNlM/RgAAineUjGI/AAAAAAAAAFU/v5WI2BOS8DI/s800/DSCN3496.JPG
835,http://www.gotpetsonline.com/pictures-gallery/dog-pictures-breeders-puppies-rescue/american-staffordshire-terrier-pictures-breeders-puppies-rescue/pictures/american-staffordshire-terrier-0116.jpg
836,http://www.stafbul.com/foto/staffordshire-bull-terrier-0738b.jpg
837,http://farm2.static.flickr.com/1026/1290610744_9f9f985861.jpg
838,http://www.dogsindepth.com/terrier_dog_breeds/images/staffordshire_terrier_bivey2.jpg
839,http://farm3.static.flickr.com/2121/1863152292_507d48b319.jpg
840,http://farm1.static.flickr.com/43/75903855_13a7e6607a.jpg
841,http://www.gotpetsonline.com/pictures-gallery/dog-pictures-breeders-puppies-rescue/american-pit-bull-terrier-pictures-breeders-puppies-rescue/pictures-photos/american-pit-bull-terrier-0024.jpg
842,http://farm1.static.flickr.com/27/42462830_622e291a27.jpg
843,http://www.infor.nl/honden/images/american.jpg
844,http://www.bulldogbreeds.com/americanstaffordshireterrier/thumbs/americanstaffordshireterrier_rb_rmqhr_th.jpg
845,http://farm1.static.flickr.com/91/210983418_6527e4395d.jpg
846,http://media.vivastreet.com/v1/5/3/4/photo_4276823
847,http://www.gotpetsonline.com/pictures-gallery/dog-pictures-breeders-puppies-rescue/american-staffordshire-terrier-pictures-breeders-puppies-rescue/pictures-photos/american-staffordshire-terrier-0012.jpg
848,http://www.gotpetsonline.com/pictures-gallery/dog-pictures-breeders-puppies-rescue/american-pit-bull-terrier-pictures-breeders-puppies-rescue/pictures-photos/american-pit-bull-terrier-0362.jpg
849,http://www.ironamstaff.com/image/Red_diamond.jpg
850,http://farm1.static.flickr.com/215/493441099_59a61bb832.jpg
851,http://farm1.static.flickr.com/254/522043117_42ee852d9a.jpg
852,http://farm1.static.flickr.com/183/378244868_70ce563ce1.jpg
853,http://www.laboutiquedumolosse.com/PHOTOS-CHIENS/PHOTO_AMERICAN_STAFFORSHIRE_PITBULL_STAFFY/photo_american_staffordshire-terrier-170.jpg
854,http://www.teradonfinancial.com/coombs/graphics/nitro.jpg
855,http://farm1.static.flickr.com/45/132266918_f708a64641.jpg
856,http://bp2.blogger.com/_VZAMQyFtMDg/Rm0fEpS1JzI/AAAAAAAABzs/WijK18yg1Og/s320/babyrex2.jpg
857,http://www.gotpetsonline.com/pictures-gallery/dog-pictures-breeders-puppies-rescue/american-pit-bull-terrier-pictures-breeders-puppies-rescue/pictures/american-pit-bull-terrier-0106.jpg
858,http://www.ourpitbulls.com/img_a/00000692_0.jpg
859,http://farm1.static.flickr.com/29/89416253_2c394b05bf.jpg
860,http://www.amstaffnetwork.org/DSC00647%5B1%5D.jpg
861,http://www.dogbreedinfo.com/images11/AmericanStaffordshireTerrierMountbrierfarms935without.jpg
862,http://farm1.static.flickr.com/152/386810629_fbb45959b1.jpg
863,http://farm1.static.flickr.com/130/420601646_02bb6c4c69.jpg
864,http://farm1.static.flickr.com/45/181772608_f74105d40c.jpg
865,http://www.gotpetsonline.com/pictures-gallery/dog-pictures-breeders-puppies-rescue/american-pit-bull-terrier-pictures-breeders-puppies-rescue/pictures/american-pit-bull-terrier-0323.jpg
866,http://www.gotpetsonline.com/pictures-gallery/dog-pictures-breeders-puppies-rescue/american-pit-bull-terrier-pictures-breeders-puppies-rescue/pictures/american-pit-bull-terrier-0315.jpg
867,http://farm2.static.flickr.com/1180/873461852_6c09db3575.jpg
868,http://farm1.static.flickr.com/135/330964043_2f72f1b817.jpg
869,http://farm3.static.flickr.com/2123/2109915771_d2e20c0100.jpg
870,http://farm3.static.flickr.com/2008/2098876075_66d73ae093.jpg
871,http://farm1.static.flickr.com/46/133614429_09d71809bd.jpg
872,http://farm1.static.flickr.com/43/76193278_9739c9501a.jpg
873,http://www.caragankennel.com/Recee2%20090.JPG
874,http://www.sachweb.org/images/Img358.gif
875,http://www.pupforum.com/pics_/t1323_06152005130422.jpg
876,http://farm1.static.flickr.com/44/166264342_9d31067ea8.jpg
877,http://farm3.static.flickr.com/2085/2014621089_6ff9249be2.jpg
878,http://farm1.static.flickr.com/141/361473343_f88641f046.jpg
879,http://anayaspits.info/resources/_wsb_496x342_LUNA.jpg
880,http://farm2.static.flickr.com/1422/563549257_e1aa27bd97.jpg
881,http://farm1.static.flickr.com/96/221050693_eca155dbac.jpg
882,http://farm2.static.flickr.com/1401/872530469_2836d06303.jpg
883,http://www.stafbul.com/foto/staffordshire-bull-terrier-0088b.jpg
884,http://static.flickr.com/127/382081610_bf18745614.jpg
885,http://z.about.com/d/dogs/1/0/f/p/1/apolla_amstaff_hh.jpg
886,http://www.gotpetsonline.com/pictures-gallery/dog-pictures-breeders-puppies-rescue/american-pit-bull-terrier-pictures-breeders-puppies-rescue/pictures-photos/american-pit-bull-terrier-0096.jpg
887,http://www.baubau.it/icone/allievi/woody/1.jpg
888,http://www.skysthelimitamstaff.com/slike/Don%20King%20of%20Rings_1.jpg
889,http://hubpages.com/u/91751_f260.jpg
890,http://farm1.static.flickr.com/133/358432106_3c61a8a806.jpg
891,http://farm1.static.flickr.com/220/482035221_60a87170ea.jpg
892,http://www.gotpetsonline.com/pictures-gallery/dog-pictures-breeders-puppies-rescue/american-pit-bull-terrier-pictures-breeders-puppies-rescue/pictures-photos/american-pit-bull-terrier-0293.jpg
893,http://farm1.static.flickr.com/34/73602611_10a6866d10.jpg
894,http://farm3.static.flickr.com/2280/1765381765_952302b59d.jpg
895,http://www.tierschuetzer.net/bilder/rasse/amstaff0.jpg
896,http://farm1.static.flickr.com/192/483749443_61d60d0b20.jpg
897,http://www.american-pitbull-terrier-dogs.com/pictures-images-photos/american-pit-bull-terriers-01.jpg
898,http://farm2.static.flickr.com/1160/1306291992_81b71ad9df.jpg
899,http://farm1.static.flickr.com/224/470979887_8a21752a7f.jpg
900,http://www.puppypoopy.com/puppypoopy2000/pitbull/pbx41.jpg
901,http://farm1.static.flickr.com/61/225996429_4cf8309f39.jpg
902,http://farm3.static.flickr.com/2371/2060084627_d124ed7898.jpg
903,http://www.anchorchainkennels.com/DSC02352.JPG
904,http://www.pets-classifieds.co.uk/image/32848.jpg
905,http://88.img.v4.skyrock.com/880/fifon38/pics/484371495_small.jpg
906,http://farm2.static.flickr.com/1017/1415594808_9fb5a1108e.jpg
907,http://farm3.static.flickr.com/2075/2189861126_bf544a6bd2.jpg
908,http://www.pdxpetsonthego.com/images/pitbull_L.jpg
909,http://farm2.static.flickr.com/1168/1403558237_42131e6d32.jpg
910,http://www.sbtfun.com/files/calendar/shop_calendar_2007_-_puppies_sq.jpg
911,http://www.pit-staff.de/resources/Cid.jpg
