0,http://static.flickr.com/1028/859503823_1f1129d6b2.jpg
1,http://terrierlover.com/wp-content/uploads/2007/12/silky-terrier.jpg
2,http://farm2.static.flickr.com/1204/1468816332_bfca056de4.jpg
3,http://farm2.static.flickr.com/1167/746579127_e414161140.jpg
4,http://farm2.static.flickr.com/1024/1198136069_1a28601514.jpg
5,http://i78.photobucket.com/albums/j103/silkiejay/JAY_01.jpg
6,http://www.traffordphotos.com/assets/images/9R044D-51.jpg
7,http://www.pawsruskennel.com/img/soft-coated-wheaton-terrier.jpg
8,http://farm1.static.flickr.com/42/98124958_5c9bf04eea.jpg
9,http://www.bmdesigns.co.uk/aut001.jpg
10,http://www.cabalcaninecandids.com/assets/images/2aus.jpg
11,http://www.dkimages.com/discover/previews/798/80005797.JPG
12,http://www.petgroomerspro.com/images/australianterrier.jpg
13,http://www.dkimages.com/discover/previews/791/65022948.JPG
14,http://www2.dogbreedinfo.com/images14/AustralianTerrierprincess22.JPG
15,http://www.gotpetsonline.com/pictures-gallery/dog-pictures-breeders-puppies-rescue/australian-terrier-pictures-breeders-puppies-rescue/pictures-photos/australian-terrier-0014.jpg
16,http://www.blackrangekennel.com/BlackrangePhotos/SS0906.jpg
17,http://farm2.static.flickr.com/1335/692242612_daf3fa6d47.jpg
18,http://www.viarural.com.uy/ganaderia/mascotas/fotografias-perros/terrier-sedoso-australiano-07.jpg
19,http://www.directoryofdogs.com/australian_terrier.jpg
20,http://www.canadogs.com/images/SilkyTerradult2.jpg
21,http://www.mydogneeds.com/dog-groups/toy-dogs/australian-silky-terrier.jpg
22,http://farm1.static.flickr.com/129/339790008_927501d90f.jpg
23,http://pets-place.net/Breeds/AustralianTerrierIcon.jpg
24,http://www.australianterriers.net/images/photos/watermelon%20and%20aussies.jpg
25,http://www.traffordphotos.com/assets/images/9P069D-060.jpg
26,http://www.canadogs.com/images/AussieTerrieradult.jpg
27,http://www.australienterriers-doricas.de/mediac/400_0/media/128_2881.JPG
28,http://www.gopetsamerica.com/silky-terrier/silk.jpg
29,http://farm3.static.flickr.com/2065/2033836855_92ecd85719.jpg
30,"http://www.cinofilia-sud.com.ar/mundiales/australian%20silki%20.terrier,bob.jpg"
31,http://www.stuffedark.com/images/yorkyfn.jpg
32,http://farm3.static.flickr.com/2248/1570161593_d58e1cb914.jpg
33,http://www.terrier.de/rassen/b34f0002.jpg
34,http://www.salonhogar.com/ciencias/animales/perros/images/australianterrier2.jpg
35,http://www.aussieterrier.de/img/australian_terriers.jpg
36,http://farm3.static.flickr.com/2055/1570186007_c4fa8eafa3.jpg
37,http://www.joytotheworldonline.com/pictures/880.jpg
38,http://idog.pl/grafika/pies/442.jpg
39,http://bp1.blogger.com/_jZHHRfnq9F8/RwNEAziFC8I/AAAAAAAAAUE/29nqNm6rEjk/s200/YORKSHIRE+TERRIER012.jpg
40,http://static.flickr.com/70/155208090_3763c14d2e.jpg
41,http://www.dog-breeds.name/pictures/australian-terrier/australian-terrier-4.jpg
42,http://static.flickr.com/105/294997656_aa97b73838.jpg
43,http://australianterrier.org/cal06.jpg
44,http://farm3.static.flickr.com/2011/1799723619_9ab955a15f.jpg
45,http://www.justdogbreeds.com/images/breeds/australian-terrier.jpg
46,http://www.mekclb.com/breeds/AustralianTerrierimg28.jpg
47,http://farm1.static.flickr.com/21/99953230_4f47f2e138.jpg
48,http://static.flickr.com/230/466464562_51d7e0eb0a.jpg
49,http://farm1.static.flickr.com/215/466466656_e421f300b3.jpg
50,http://www.ntu.edu.sg/home/cykok/louisa/images/dogs/terrier/australian_terrier.jpg
51,http://www.vca.org.au/assets/australian-silky-terrier.gif
52,http://www.artbyrhondawatson.com/Australian_Terrier.jpg
53,http://us.yimg.com/i/pets/d/austter.jpg
54,http://farm1.static.flickr.com/52/124018496_b4d6f587d8.jpg
55,http://farm1.static.flickr.com/252/461215349_c047d152b5.jpg
56,http://www.terriers.de/Terrier20/Daten20/Bilder20/th_rasse_20.jpg
57,http://www.dooziedog.com/dog_breeds/australian_terrier/main2.jpg
58,http://www.dogs4sale.com/images_breed/silky_terrier.jpg
59,http://www.terrier.de/rassen/b34f0001.jpg
60,http://www.dogbreedcenter.com/silkyterrier.jpg
61,http://www.telusplanet.net/public/silkyd/images/aussie4.jpg
62,http://www.champion-puppies.com/images/Australian%20Terrier.jpg
63,http://farm1.static.flickr.com/78/196670124_c9320b02de.jpg
64,http://www.devrolijkeviervoeters.org/images/austr_t01.jpg
65,http://www.hundundratte.de/html/hunderassen/images/australiansilkyterriercl.jpg
66,http://farm1.static.flickr.com/50/132172341_92942e9014.jpg
67,http://www.pupcity.com/images/adpics/2004204212003.jpg
68,http://www.k9gifts.com/prints/1maystead/australterrier-3.jpeg
69,http://www.dogslife.com.au/__data/page/5948/australian_silky_terrier2.jpg
70,http://l.yimg.com/us.yimg.com/i/us/pets/brgd/norfolk-terrier.jpg
71,http://www.furrycritter.com/resources/dogs/Images/Australian_Terrier.jpg
72,http://www.kleo.ru/encyclopedia/dog/australian_terrier_01.jpg
73,http://www.free-dogs-info.com/silkyterrier_pdw.jpg
74,http://silkyrescue.tripod.com/id/silky.jpg
75,http://hearingdogs.orcon.net.nz/images/dogscans/hbarlow.jpg
76,http://farm1.static.flickr.com/59/170996528_a0d6e9936d.jpg
77,http://www.buysellpuppies.com/images/puppy%20080.jpg
78,http://static.flickr.com/73/196670658_ba42a2d9a8.jpg
79,http://static.flickr.com/196/466725716_8a482fd5ac.jpg
80,http://www.pups4sale.com.au/scottish_terrier_03a.jpg
81,http://www.coloaussieterrier.com/_images/viki.jpg
82,http://www.dogzonline.com.au/images/feature/terimist_85.jpg
83,http://farm3.static.flickr.com/2271/2062604765_7be0d8bc31.jpg
84,http://sobaka.lv/img/S0508/Small/205-0820-0065-S-Silk.jpg
85,http://www.puppydogweb.com/gallery/silkyterriers/silkyterrier_attwood.jpg
86,http://www.gotpetsonline.com/pictures-gallery/dog-pictures-breeders-puppies-rescue/australian-terrier-pictures-breeders-puppies-rescue/pictures/australian-terrier-0008.jpg
87,http://www.viarural.com.uy/ganaderia/mascotas/fotografias-perros/terrier-sedoso-australiano-04.jpg
88,http://content.answers.com/main/content/img/elsevier/vet/gr28.jpg
89,http://www.kirasoftware.com/images_hunderassen/302px-Ausi.jpg
90,http://www.dogsindepth.com/toy_dog_breeds/images/australian_silky_terrier_v02.jpg
91,http://www.agraria.org/cani/australianterrier.jpg
92,http://farm1.static.flickr.com/43/124697525_88b3050f01.jpg
93,http://www.pedigree.com.au/breeds/images/aust_terr_04.jpg
94,http://farm3.static.flickr.com/2236/2157249794_982f01f88e.jpg
95,http://www.seucachorro.com/wp-content/uploads/2007/07/silky-1.jpg
96,http://www.westminsterdogshow.org/2007/photos/breed/RN07960401.jpg
97,http://breederscompanion.com/pics/778/8327.jpg
98,http://farm1.static.flickr.com/44/170996789_cad97f49fa.jpg
99,http://www.dogbreedinfo.com/images11/AUSTRALIAN%20TERRIER2sherry.jpg
100,http://www.vopelakterriers.com/images/Red_Daddy_Wess-web.jpg
101,http://www.nationaldogbreeders.com/images/breed/AustralianTerrier.jpg
102,http://farm1.static.flickr.com/29/102572928_77a1a775a8.jpg
103,http://www.jphpk.gov.my/English/australian_terrier.jpg
104,http://farm1.static.flickr.com/36/92864007_2e271ef05b.jpg
105,http://farm1.static.flickr.com/77/170996670_c0dd9cddd3.jpg
106,http://www.karensilton.com/images/catalog/AST-BT_sm_pin.jpg
107,http://www.purebreds.ca/images%5Cbreedpics%5Clgmain-SilkyTerrier.jpg
108,http://www.pups4sale.com.au/enomis_05.jpg
109,http://static.flickr.com/65/196670580_4fa253d8a9.jpg
110,http://www.davesdogworld.com/moose_01.jpg
111,http://www.gotpetsonline.com/pictures-gallery/dog-pictures-breeders-puppies-rescue/australian-terrier-pictures-breeders-puppies-rescue/pictures/australian-terrier-0003.jpg
112,http://farm1.static.flickr.com/74/196670615_33bd7dc67d.jpg
113,http://www.dreamscapek9.com/Gift%20Pages/Beacon/2005/mb77-australianterrierrec.jpg
114,http://cache.eb.com/eb/image?id=6083&rendTypeId;=4
115,http://farm1.static.flickr.com/25/49266466_0c5d2cf1b7.jpg
116,http://farm1.static.flickr.com/191/463266482_bb9ca255dc.jpg
117,http://farm3.static.flickr.com/2358/2242482802_7cc54b4f9d.jpg
118,http://www.petcarecompany.net/images-silky/silky-terrier.jpg
119,http://static.flickr.com/19/104978199_68bf3861ae.jpg
120,http://aboutpedigreedogs.com/dog%20pictures/Australian%20terrier%20415068.jpg
121,http://www.dogbreedinfo.com/images15/AustralianTerrier7monthsdockJonty.JPG
122,http://static.flickr.com/1258/788593381_3cdc0369c7.jpg
123,http://www.bmdesigns.co.uk/dogs/dogsa/ast001.jpg
124,http://www.valleyanimalhospital.com/Gallery/January06/Gallery-Eakin1-13-06.JPG
125,http://www.webcanin.eu/img_medium/194423720001123103711.jpg
126,http://farm1.static.flickr.com/53/179724054_89ac7f5a2f.jpg
127,http://www.silky-terrier.ch/Australian%20Silky%20Terrier%20Jack3%20sep%2006.jpg
128,http://www.dog-breeds-infosite.com/images/australianterrier3.jpg
129,http://www.mytopdogs.com/pics/australianterrier.jpg
130,http://www.gotpetsonline.com/pictures-gallery/dog-pictures-breeders-puppies-rescue/australian-terrier-pictures-breeders-puppies-rescue/pictures-photos/australian-terrier-0021.jpg
131,http://farm3.static.flickr.com/2006/2225992229_5539aa27cf.jpg
132,http://www.patjustis.com/graphics/jpegs/dogs/dcat_m8_aitken102thu.jpg
133,http://bp3.blogger.com/_DGT5f2AxA48/RvLvjEAfEwI/AAAAAAAAA2E/RCXbzaeYCQI/s400/AUSTRALIAN+TERRIER+a0.jpg
134,http://www.chiens-des-champs.com/Terrier-Australien.jpg
135,http://static.flickr.com/140/334529570_f5d6bd630a.jpg
136,http://upload.wikimedia.org/wikipedia/commons/thumb/9/94/Australian_Terrier2.jpg/302px-Australian_Terrier2.jpg
137,http://www2.dogbreedinfo.com/images14/AustralianTerrierprincess3.JPG
138,http://www.australian-terrier-dogs.com/pictures-images-photos/australian-terriers-03.jpg
139,http://www.hund.ch/fotos/fauterrier1.jpg
140,http://www.puppytodog.com/images/dog_category/terrier/australian_terrier.jpg
141,http://farm1.static.flickr.com/206/466474371_6df0796bd5.jpg
142,http://www.australianterrier.de/image/bett.jpg
143,http://www.lovemypet.com.au/images/98_body_picture.gif
144,http://farm1.static.flickr.com/77/173651899_2d6af42fba.jpg
145,http://www.australian-terrier-dogs.com/pictures-images-photos/australian-terriers-04.jpg
146,http://static.flickr.com/212/486018469_614d824fdf.jpg
147,http://www.pedigree.co.nz/breeds/images/aust_terr.jpg
148,http://farm1.static.flickr.com/227/466463332_1ea288ea54.jpg
149,http://farm1.static.flickr.com/39/147083064_edd33cdfe8.jpg
150,http://www.terrier.de/home/rasseportraits/images/34_00043.jpg
151,http://www.australianterrier-doricas.de/mediac/400_0/media/P1030317.JPG
152,http://static.flickr.com/90/219540698_55aa5aef09.jpg
153,http://farm3.static.flickr.com/2178/1575406728_b3c4ca53b1.jpg
154,http://static.flickr.com/214/448113763_7f7b9140a3.jpg
155,http://www.dkimages.com/discover/previews/945/10022290.JPG
156,http://womansday.ninemsn.com.au/img/pets/petreviews/terrier_lg.jpg
157,http://www.gotpetsonline.com/pictures-gallery/dog-pictures-breeders-puppies-rescue/silky-terrier-pictures-breeders-puppies-rescue/pictures/silky-terrier-0074.jpg
158,http://www.ourdogs.co.uk/Goodies/Wallpapers/AustralianSilkyTerrier/800600.jpg
159,http://farm3.static.flickr.com/2349/1575347920_5c2eb35267.jpg
160,http://www.kft-og-braunschweig.de/bilder/australian-silky3.gif
161,http://farm2.static.flickr.com/1356/1111556873_e29dd28d47.jpg
162,http://farm2.static.flickr.com/1032/1277653155_83a7b0146f.jpg
163,http://www.breedersusa.com/image/breedinfo/australian_terrier.jpg
164,http://static.flickr.com/26/156914751_da01a57075.jpg
165,http://www.infocaini.ro/poze/caini/terrier-australian/terrier-australian-001.jpg
166,http://www.gotdogsonline.com/australian-terrier-pictures-breeders-puppies-rescue/pictures-photos/australian-terrier-0013.jpg
167,http://www.nairneps.sa.edu.au/terrier.JPG
168,http://www.gotdogsonline.com/australian-terrier-pictures-breeders-puppies-rescue/pictures-photos/australian-terrier-0017.jpg
169,http://www.silky-terrier.dk/Udstillingsbilleder/Shiela_IMG_0369a%20[800x600].jpg
170,http://www.fosterdogs.org/images/_samson.jpg
171,http://www.dac.neu.edu/english/kakelly/pumpsie/PUMP8.GIF
172,http://www.petpro.com/images/products/58945.jpg
173,http://www.traffordphotos.com/assets/images/9R044D-18.jpg
174,http://usapups.com/breed_pics/749801239.jpg
175,http://www.petgroomer.com/BREEDS/austerrier.jpg
176,http://farm3.static.flickr.com/2387/2074329597_b584130e1b.jpg
177,http://static.flickr.com/160/364728512_d298694603.jpg
178,http://farm1.static.flickr.com/184/415622371_4dc7d40e35.jpg
179,http://farm1.static.flickr.com/111/294997392_4ed13abe59.jpg
180,http://www.sobreperros.com/fotos/silky_terrier_australiano/large/goyP7WmL.jpg
181,http://www.dogsindia.com/images/Silky_Terrier-DI.jpg
182,http://dogbreedinfo.com/images17/AUSTRALIANSILKYTERRIER2yearsPhoebe2.JPG
183,http://www.kennels.co.uk/images/AustralianSilkyTerrier.jpg
184,http://farm1.static.flickr.com/65/219538455_925672f831.jpg
185,http://www.terrier.ch/images/b34.jpg
186,http://www.welpen.de/zuechter/ulbrich/austr/f1kl.jpg
187,http://farm1.static.flickr.com/205/466470309_794f8fbdb1.jpg
188,http://www.all-terriers.com/australian.jpg
189,http://static.flickr.com/102/290744081_83966d549e.jpg
190,http://farm2.static.flickr.com/1309/1049437008_8744e81b5f.jpg
191,http://www.pets4you.com/pages/images/mysticstar3_2004.jpg
192,http://silky-terrier.info/images/Australian-Silky-Justy.jpg
193,http://www.dogtrainingsanfrancisco.com/DOGS/AustralianTerrier.jpg
194,http://farm1.static.flickr.com/60/183792843_5f853c57c6.jpg
195,http://farm1.static.flickr.com/183/471586328_035681e988.jpg
196,http://static.flickr.com/71/196670490_8dac73d2cd.jpg
197,http://silkyrescue.tripod.com/id/toto1.jpg
198,http://puppydogweb.com/gallery/australianterriers/australianterrier_schweiger.jpg
199,http://farm1.static.flickr.com/50/148399257_e245eb0067.jpg
200,http://farm1.static.flickr.com/226/459620575_aef4966066.jpg
201,http://koti.mbnet.fi/topknot/Black_Back_Please_Please_Me.jpg
202,http://www.laclinicaveterinaria.com/imagenes/cajas/razas/perros/g3/australian.jpg
203,http://farm1.static.flickr.com/21/166661719_70549f95f5.jpg
204,http://farm1.static.flickr.com/187/425900189_22d336b5bb.jpg
205,http://www.terrier.de/rassen/b34f0003.jpg
206,http://farm1.static.flickr.com/230/466464562_51d7e0eb0a.jpg
207,http://voittaja.kennelliitto.fi/NR/rdonlyres/DE213B7D-02D0-4B9D-85FA-7AFF618CA316/4121/Ryhma3_2.jpg
208,http://farm1.static.flickr.com/163/438549562_d71045b2d8.jpg
209,http://www.gotpetsonline.com/pictures-gallery/dog-pictures-breeders-puppies-rescue/australian-terrier-pictures-breeders-puppies-rescue/pictures-photos/australian-terrier-0016.jpg
210,http://www.silky-terrier.info/images/Bild3.jpg
211,http://simnet.is/anja1/hundar%20135.jpg
212,http://farm1.static.flickr.com/110/309440828_7e201e1129.jpg
213,http://members.shaw.ca/kayaust/images/face.jpg
214,http://farm1.static.flickr.com/45/145393531_0cc1fdcdf6.jpg
215,http://static.flickr.com/2233/1571071630_2f8327a599.jpg
216,http://www.terriertribe.com/pics/penny-southcounty.jpg
217,http://farm1.static.flickr.com/178/457253199_216bcd3bc3.jpg
218,http://www.gipote.dk/race/image/215/d7fs7o/silky_terrier.jpg?1174806043
219,http://static.flickr.com/229/466472431_2294f7ab98.jpg
220,http://www.digitaldog.com/images/breeds/silkytopc.jpg
221,http://www.dogbreedinfo.com/images17/AUSTRALIANSILKYTERRIER2yearsPhoebe1.JPG
222,http://www.dog-breeds.name/pictures/australian-terrier/australian-terrier-1tn.jpg
223,http://www.dogzonline.com.au/images/profiles/07/09/24277_1776.jpg
224,http://www.pups4sale.co.nz/australian_silky_01_terrier_puppies_for_sale.jpg
225,http://farm2.static.flickr.com/1351/1468815756_e260f0aef5.jpg
226,http://www.dog-breeds-infosite.com/images/Silky_Terrier.jpg
227,http://www.gmpl.co.nz/images-schoolpix/h300/images/Australian%20Silky%20Terrier%20-%20059319_P.jpg
228,http://www.australianterrier.de/image/hundewiese.jpg
229,http://puppydogweb.com/gallery/australianterriers/australianterrier_ben.jpg
230,http://www.ameridogs.com/images/BreedAussieTerrieradult.jpg
231,http://farm1.static.flickr.com/78/204554639_f56423154c.jpg
232,http://static.flickr.com/157/346494121_2b30c5761f.jpg
233,http://farm3.static.flickr.com/2140/1575356718_5bd3c54dd6.jpg
234,http://www.portraitsinpastel.co.nz/pictures/dog_gallery/images/Australian%20Terrier.jpg
235,http://www.welpen.de/zuechter/ulbrich/austr/f5.jpg
236,http://www.puppyfind.com/breed/australian_terrier/l_415068.jpg
237,http://www.dogtron.com/dog/img/auterrier.jpg
238,http://www.gardenofeden.co.uk/images/ireneaustrter40.70_small.jpg
239,http://farm1.static.flickr.com/46/182691190_f1ad44556c.jpg
240,http://www.besfern.com/RAZAS%20FCI/fotosperros/grupo%203/Yorkshire%20Terrier.jpg
241,http://farm1.static.flickr.com/168/471601247_9b83a5efd2.jpg
242,http://www.bestofbreeds.com/breedprofiles/Our_Dogs_ad.jpg
243,http://farm2.static.flickr.com/1190/1393166841_1bcd579429.jpg
244,http://farm3.static.flickr.com/2171/2225992241_c527a0f509.jpg
245,http://www.terrier.at/images/rassen/australiansilky.jpg
246,http://www.zoodata.com/photos/f_razas/perros/australiant.gif
247,http://www.kgcf.co.kr/image/australian_terrier.jpg
248,http://www.12dog.com/blog/tang/13/upload/20059295443.jpg
249,http://www.grantsite.com/images/jasper1.jpg
250,http://static.flickr.com/145/409135159_4be62ef41b.jpg
251,http://farm2.static.flickr.com/1027/548381553_778b5ae3f0.jpg
252,http://static.flickr.com/212/466473139_e2ec00be76.jpg
253,http://australianterrier.org/Wolf0006a.jpg
254,http://farm1.static.flickr.com/150/402966591_eb610ca0e7.jpg
255,http://www.breedersonline.co.uk/Dogs/Photos/Australian-Silky-Terrier.jpg
256,http://static.flickr.com/1190/538908662_0b19f681f8.jpg
257,http://farm1.static.flickr.com/132/409108827_ad9f647d79.jpg
258,http://www.iloveapet.com/images/breeds/dogs/australian_silky_terrier.jpg
259,http://web.singnet.com.sg/~maybeary/pic30001.jpg
260,http://www.dogbreedinfo.com/images7/Silky_Terrier_Duke.jpg
261,http://www.magicshowkennel.com/images/silky/Magic%20Show%20Funny%20Favourite%201_small.jpg
262,http://www.terrier.ch/images/b04.jpg
263,http://static.flickr.com/192/448163347_a440e4dcb5.jpg
264,http://farm3.static.flickr.com/2294/2157249774_0329923c10.jpg
265,http://farm1.static.flickr.com/108/294996833_81324383c5.jpg
266,http://farm1.static.flickr.com/156/341845010_04f610fd8b.jpg
267,http://farm1.static.flickr.com/76/196670818_d7f7d43fe1.jpg
268,http://www.dog-dogs.com/images/BreedPics/Adogs/australianterrier03.jpg
269,http://www.barkbytes.com/direct/Auster01.jpg
270,http://static.flickr.com/66/170997174_d44960eac8.jpg
271,http://www.lucarossi.com/foto/razze/127.jpg
272,http://www.original-legno.it/portale/immagini/animali/images/australianterrier.jpg
273,http://static.flickr.com/68/182691135_8242c129f1.jpg
274,http://upload.wikimedia.org/wikipedia/commons/thumb/0/00/Australian_Terrier_002_U.jpg/250px-Australian_Terrier_002_U.jpg
275,http://www.pets4you.com/pages/images/mysticstar1_2004.jpg
276,http://www.australianterrier-doricas.de/mediac/400_0/media/107_0706.JPG
277,http://farm1.static.flickr.com/29/102572927_b0700533b9.jpg
278,http://www.nationalserroscotty.org/rebuilds/kenN/kenN7.jpg
279,http://www.gotpetsonline.com/pictures-gallery/dog-pictures-breeders-puppies-rescue/silky-terrier-pictures-breeders-puppies-rescue/pictures/silky-terrier-0036.jpg
280,http://www.hartmancreekpet.waupacapets.com/austterriersm.jpg
281,http://farm2.static.flickr.com/1016/1347724423_dd87f65fea.jpg
282,http://www.worldofstock.com/slides/PPT1083.jpg
283,http://farm1.static.flickr.com/23/25881577_d08d5f1e9d.jpg
284,http://australianterrier.org/Cooper.jpg
285,http://www.pedigree.co.nz/breeds/images/aust_silky_terr.jpg
286,http://www.dooziedog.com/dog_breeds/airedale_terrier/main.jpg
287,http://www.coloaussieterrier.com/_images/portia_fancy.jpg
288,http://idog.pl/grafika/pies/663.jpg
289,http://farm1.static.flickr.com/69/182691228_e5f2bc5bbe.jpg
290,http://www.viarural.com.ar/viarural.com.ar/ganaderia/mascotas/fotografias-perros/terrier-australiano-03.jpg
291,http://static.flickr.com/2198/1588060760_333cf57e19.jpg
292,http://farm1.static.flickr.com/75/196670476_72f88a7be8.jpg
293,http://static.flickr.com/231/471589862_11b8811aa5.jpg
294,http://www.junglewalk.com/animal-pictures/638/BT/Australian-terrier-6972.jpg
295,http://www.puppydogweb.com/gallery/australianterriers/australianterrier_harvey.jpg
296,http://www.puppydogweb.com/caninebreeds/dogimages/australianterrier_pdw.jpg
297,http://members.tripod.com/ausseemaid/09720560.jpg
298,http://www.perrilandia.com/photo/cz1/f415068.jpg
299,http://www.junglewalk.com/animal-pictures/638/Australian-terrier-6973.jpg
300,http://farm3.static.flickr.com/2270/2175315439_10aa9f38eb.jpg
301,http://static.flickr.com/181/466474673_17b74a3a72.jpg
302,http://hungarian-pets.com/user_files/photo/dog_breed/silky_terrier.jpg
303,"http://www.whosyadoggy.com/Australian%20Silky%20Terrier%20-%20Debbie%20Burrows,%20Ponderoza%20Australian%20Silky%20Terriers.jpg"
304,http://www.dog-breeds.name/pictures/australian-terrier/australian-terrier-3tn.jpg
305,http://www.pedigree.com.au/breeds/images/aust_terr_02.jpg
306,http://farm1.static.flickr.com/148/334529563_8b66685738.jpg
307,http://bp3.blogger.com/_wo2d8GEWQuY/RuGzZtwai4I/AAAAAAAAANM/gv4_jDPsU0w/s320/Doris'+pups+8+wks+002.jpg
308,http://dogbreedinfo.com/images14/AustralianTerriersocute.JPG
309,http://www.terrier.de/rassen/b34f0004.jpg
310,http://idog.pl/grafika/pies/444.jpg
311,http://static.flickr.com/7/10632149_ea0a11c344.jpg
312,http://www.dogbreedinfo.com/images11/AUSTRALIAN%20TERRIER.jpg
313,http://www.milouchouchou.com/chiens_1/images/silky1.jpg
314,http://farm3.static.flickr.com/2281/2183497044_8443288d94.jpg
315,http://farm3.static.flickr.com/2347/2234426377_594678e297.jpg
316,http://farm3.static.flickr.com/2236/2073759096_28d7512c64.jpg
317,http://www.ralfs-hundelexikon.de/foto/terr/austral.jpg
318,http://www.cinofilionline.it/images/AustralianSilkyTerrier.jpg
319,http://www.mka.org.my/Breeds_Dogs/Terriers/Australian%20Terrier.jpg
320,http://www.smalldogbreeds.co.uk/images/australianterrier.jpg
321,http://www.gotpetsonline.com/pictures-gallery/dog-pictures-breeders-puppies-rescue/australian-terrier-pictures-breeders-puppies-rescue/pictures/australian-terrier-0012.jpg
322,http://www.pupsforsale.net/australian_silky_02_terrier_puppies_for_sale.jpg
323,http://static.flickr.com/2225/2074329799_d753d54716.jpg
324,http://www.digitaldog.com/images/breeds/austerrier200.jpg
325,http://farm1.static.flickr.com/74/221232162_c1e3ad4379.jpg
326,http://farm1.static.flickr.com/78/153421001_9ad8de8f75.jpg
327,http://www.workinpaws.com/images/Img53.jpg
328,http://www.pgaa.com/canine/general/images/austerriersisters.jpg
329,http://www.animalhouse.ch/Bilder/tierfotos6.jpg
330,http://farm1.static.flickr.com/195/466463138_0d621c8451.jpg
331,http://www.pupcity.com/images/adpics/200571101052.jpg
332,http://farm1.static.flickr.com/103/290485708_4508817365.jpg
333,http://www.soulad.net/doc_files/cinda-trava.jpg
334,http://static.flickr.com/222/466466208_58d4df7a73.jpg
335,http://www.dkimages.com/discover/previews/813/641838.JPG
336,http://www.portraitpeoplepets.com/webpaintings/daisy2.jpg
337,http://www.yourdogs.info/images/breeds/australian_terrier_2.jpg
338,http://www.k9stud.com/ShowImage.aspx?size=350&img;=abcterriers_A200712512346.jpg&pth;=Images/abcterriers
339,http://farm1.static.flickr.com/94/219540699_98857d5bcd.jpg
340,http://static.flickr.com/62/196670669_c673b9fb1f.jpg
341,http://www.dogzonline.com.au/images/profiles/63/16088_1044.jpg
342,http://farm2.static.flickr.com/1025/1393166837_a06012eb0f.jpg
343,http://www.dkimages.com/discover/previews/992/50212231.JPG
344,http://static.flickr.com/52/179126797_d28f338413.jpg
345,http://www.besfern.com/RAZAS%20FCI/fotosperros/grupo%203/Australian%20Terrier.jpg
346,http://www.members.aon.at/australian-silkyterrier/index-Dateien/image3601.gif
347,http://www.pets.ca/breedprofiles/a/australianterrier/a20.jpg
348,http://www.dog-breeders.biz/pics/111345_1.jpg
349,http://farm1.static.flickr.com/53/136696452_0574990f85.jpg
350,http://www.mydogneeds.com/dog-groups/terriers-dogs/thumbs/australian-terrier.jpg
351,http://i11.servimg.com/u/f11/09/01/35/41/img_1711.jpg
352,http://www.hunderassen.de/bild/australian-terrier-1.jpg
353,http://farm1.static.flickr.com/72/196670388_9a2738a3d7.jpg
354,http://farm3.static.flickr.com/2153/2241690237_68456fb3ce.jpg
355,http://www.australian-terrier.ch/Kontakt/Resources/portraitgaby01.jpeg
356,http://www.dogsindepth.com/toy_dog_breeds/images/australian_silky_terrier_v03.jpg
357,http://farm3.static.flickr.com/2299/2239868096_abe0d465ec.jpg
358,http://www.animalstamps.com/austterrier/atcard1.jpg
359,http://upload.wikimedia.org/wikipedia/commons/thumb/f/f6/Silky_Terrier_Image_001.jpg/479px-Silky_Terrier_Image_001.jpg
360,http://www.silky-terrier.info/images/Bild5.jpg
361,http://www.nzkc.org.nz/nds2005/images/2010.jpg
362,http://www.hik.hu/tankonyvtar/site/books/b10023/images/00060.gif
363,http://www.welpen.com/zverzeichnis/bilder/austrterr.jpg
364,http://www.dkimages.com/discover/previews/791/20021931.JPG
365,http://www.4mypwds.com/images/Breezer_show_pic.gif
366,http://www.dogzonline.com.au/images/profiles/63/16599_444.jpg
367,http://static.flickr.com/2279/1575404598_f3511ded5d.jpg
368,http://static.flickr.com/174/415421575_1b9dca0b0b.jpg
369,http://www.mascotamigos.com.ar/perros_imagenes/Perr2TerrAustraliano.jpg
370,http://www.silky-terrier-dogs.com/pictures-images-photos/silky-terriers-01.jpg
371,http://www.zuechterliste.de/images/b26.jpg
372,http://www.mtperro.com/imagens/auster5.jpg
373,http://www.nzkc.org.nz/nds2005/images/1093.jpg
374,http://www1.istockphoto.com/file_thumbview_approve/1719012/2/istockphoto_1719012_australian_terrier.jpg
375,http://www.dkimages.com/discover/previews/813/641937.JPG
376,http://www.welpenteam.de/images/zita_sh_2.jpg
377,http://static.flickr.com/32/41045752_75f1f5597a.jpg
378,http://hunde.dyregalleri.dk/uploads_large_wm/194861.jpg
379,http://www.pets4you.com/pages/images/momanddaughters-3-16-07-collageb.jpg
380,http://www.myhappydog.com/pict/tegundir/australian_silky_terrier.gif
381,http://www.littlepawz.com/dog_images/australianterrier.jpg
382,http://farm2.static.flickr.com/1018/1438832087_9ddcfdeaac.jpg
383,http://www.aussieterrier.de/img/bandicoot-new.jpg
384,http://www.boxerbreed.info/images/dogbreeds/07040685741pt.jpg
385,http://www.nextdaypets.com/directory/breeds/images/1100021.jpg
386,http://lysalstj.edres74.ac-grenoble.fr/creations/chiens_terriers/site/images/silky_terrier.jpg
387,http://www.showsilk.com/images/ninche_340.jpg
388,http://files.dogster.com/pix/dogs/12/542112/542112_1179956363.jpg
389,http://www.wanko-jp.com/wan/SilkyTerrier/Thumb/IMG_2011.JPG
390,http://farm1.static.flickr.com/83/234926547_97304099dd.jpg
391,http://www.familyofpets.net/images/breeds/aus_terr/aus_terrintro.jpg
392,http://farm1.static.flickr.com/174/369711772_10d6c9d48d.jpg
393,http://alilane2003.files.wordpress.com/2006/12/tiggygif.GIF
394,http://www.pedigreeadoptiondrive.com.au/assets/images/find-a-dog_will.jpg
395,http://farm1.static.flickr.com/78/196670786_cecd07e3b7.jpg
396,http://www.jumpers-home.de/Eira-2.jpg
397,http://farm1.static.flickr.com/158/339922240_49b2aadd99.jpg
398,http://www.savvy-dog-lovers.com/wordpress/wp-content/uploads/2006/12/Australian%20Terrier.jpg
399,http://files.dogster.com/pix/dogs/46/14346/3.jpg
400,http://www.pupcity.com/images/adpics/2005103110140.jpg
401,http://www.hunde-katzen.net/TuerlmuehleKleffl3.jpg
402,http://www.pups4sale.com.au/yorkshire_terrier_03a.jpg
403,http://farm1.static.flickr.com/60/219538461_e814410fee.jpg
404,http://www.o-sobakah.ru/images/site/4.jpg
405,http://farm3.static.flickr.com/2146/2108317183_fb96231877.jpg
406,http://www.dogpicture.mypetdogs.com/images/australian_terrier/ChZellamereMystiqueJW_Paula_Meacham_UK.JPG
407,http://www.dogbreedinfo.com/images/silkyterrierstand.jpg
408,http://farm1.static.flickr.com/182/372123794_41bcef9369.jpg
409,http://www.traffordphotos.com/assets/images/Australian_Terrier_9W044D-044.JPG
410,http://farm3.static.flickr.com/2406/2157249766_7d0fb777ed.jpg
411,http://www.dkimages.com/discover/previews/927/25003307.JPG
412,http://www.planet-pets.com/silkyter.jpg
413,http://www.psizona.cz/atlasimg/008_1.jpg
414,http://www.shcwhj.com/pet/australiaterrer.jpg
415,http://www.users.bigpond.com/sharon.gilk/Mountain%20Home_files/shadygyp.jpg
416,http://www.dogcastradio.com/images/BorderTerrier.jpg
417,http://farm1.static.flickr.com/116/274304760_a11272dedd.jpg
418,http://www.cabalcaninecandids.com/assets/images/Hobart--BOB-061.jpg
419,http://www.tuperro.com.mx/images/perros/estandares/silky_terrier_02.jpg
420,http://av-va.ru/enciklopedia/dogs/letter_porod/A/australian_terrier.jpg
421,http://www.statelineworkingdogs.com/Mac_and_Katie.jpg
422,http://farm3.static.flickr.com/2296/2075121798_7f40d8db52.jpg
423,http://farm2.static.flickr.com/1114/637608528_46228d69c5.jpg
424,http://www.dog-breeds.name/pictures/australian-terrier/australian-terrier-6tn.jpg
425,http://farm1.static.flickr.com/90/277231889_8fc513f84d.jpg
426,http://images.amazon.com/images/P/1421605953.01._AA240_SCLZZZZZZZ_V54270784_.jpg
427,http://www.keetchs-irish-staffords.com/Types_of_Terriers/australianterrier72__350_x_266_.jpg
428,http://static.flickr.com/24/37214768_efe4fd237c.jpg
429,http://www.dogsindepth.com/terrier_dog_breeds/images/australian_terrier.jpg
430,http://farm2.static.flickr.com/1280/864311841_3839eb1f2b.jpg
431,http://farm1.static.flickr.com/43/80891909_8f8bbfd4bd.jpg
432,http://www.gotpetsonline.com/pictures-gallery/dog-pictures-breeders-puppies-rescue/australian-terrier-pictures-breeders-puppies-rescue/pictures-photos/australian-terrier-0006.jpg
433,http://static.flickr.com/1398/1201163246_b7c03c2793.jpg
434,http://www.gotpetsonline.com/pictures-gallery/dog-pictures-breeders-puppies-rescue/australian-terrier-pictures-breeders-puppies-rescue/pictures/australian-terrier-0001.jpg
435,http://www.dogs4sale.com/images_breed/australian_terrier.jpg
436,http://hubpages.com/u/59008_f260.jpg
437,http://www.silky-terrier.info/images/Bild1.jpg
438,http://farm3.static.flickr.com/2306/2156411506_f5173e5833.jpg
439,http://farm1.static.flickr.com/26/63309304_8275b65766.jpg
440,http://farm1.static.flickr.com/46/132172395_0c8b71363c.jpg
441,http://static.flickr.com/38/125439166_325d75ab44.jpg
442,http://www.magicshowkennel.com/images/silky/Tawny%20Mist%20Opus%20One1.jpg
443,http://www.rassehundezucht.net/AustralianSilkyTerrierCinderellasruthroessig2.jpg
444,http://www.kennels.co.uk/images/S.AusTerrier.jpg
445,http://www.breederretriever.com/photopost/data/755/medium/aus_ter.jpg
446,http://farm1.static.flickr.com/105/294996953_ac1f0c7140.jpg
447,http://www.lucarossi.com/foto/razze/113.jpg
448,http://static.flickr.com/2016/1570171437_9b3a0b9d7a.jpg
449,http://www.australianterriers.net/images/riley/100_6366riley1.jpg
450,http://www.dkimages.com/discover/previews/794/90023200.JPG
451,http://www.australian-terrier-dogs.com/pictures-images-photos/australian-terriers-02.jpg
452,http://www.petnyou.com.my/files/images/zIMG_0282_0.preview.JPG
453,http://www.continentalkennelclub.com/productcartnew/pc/catalog/dogthumb/RX-107.jpg
454,http://beheer.uwhondenkat.nl/pictures/doginterviews/20071113-1.jpg
455,http://www.dogbreedinfo.com/images14/Australianterrierportrait.JPG
456,http://www.welpen.de/zuechter/ulbrich/austr/f7kl.jpg
457,http://www.x-studio.pop.e-wro.pl/volarius/galeria/silky/silky-01.jpg
458,http://static.flickr.com/1097/1214752495_f18171777a.jpg
459,http://www.gotpetsonline.com/pictures-gallery/dog-pictures-breeders-puppies-rescue/silky-terrier-pictures-breeders-puppies-rescue/pictures/silky-terrier-0069.jpg
460,http://www.hundekosmos.de/images/img0268_480.jpg
461,http://www.besfern.com/RAZAS%20FCI/fotosperros/grupo%203/Cairn%20Terrier.jpg
462,http://www.dogdomain.com/images/017B_austr-terrier.jpg
463,http://www.ralfs-hundelexikon.de/foto/terr/austral1.jpg
464,http://www.dogweb.nl/auterriergfx/animalden0402.jpg
465,http://farm1.static.flickr.com/131/389027952_312a86c88d.jpg
466,http://www.mousepaduniverse.shoppingcartsplus.com/i/Australian_Terrier_2.jpg
467,http://www.gotpetsonline.com/pictures-gallery/dog-pictures-breeders-puppies-rescue/silky-terrier-pictures-breeders-puppies-rescue/pictures/silky-terrier-0071.jpg
468,http://www.abc-tierschutz.de/australien_shepherd.jpg
469,http://static.flickr.com/72/196670511_505930c8df.jpg
470,http://www.egzotarium.pl/images/gallery/SP_A0029.jpg
471,http://www.petnet.com.au/dogs/doggif/D106.jpg
472,http://bp3.blogger.com/_J6xW39UfIiY/RdxmRqb3-EI/AAAAAAAAAB0/cdd7DGDUwPQ/s400/st.jpg
473,http://www.pups4sale.com.au/west_highland_03_white_terrier_puppies.jpg
474,http://www.hunde-in-nuernberg.de/img/zucht_australian_silky_terr.jpg
475,http://www.temora.net/images/rescuetaz.jpg
476,http://www.vom-minitraum.de/Bilder/Hunde/Allg007.jpg
477,http://www.saunalahti.fi/sskpiiri/kv2007/aussi-veteraani-web.jpg
478,http://farm3.static.flickr.com/2209/1571008316_0838cfff20.jpg
479,http://farm1.static.flickr.com/110/264195780_ecb089ee1a.jpg
480,http://www.pups4sale.com.au/steph_a4a.jpg
481,http://static.flickr.com/170/409135163_24556d520e.jpg
482,http://www.puppydogweb.com/gallery/australianterriers/australianterrier_murielfahrion.jpg
483,http://farm2.static.flickr.com/1220/531611651_f23c98b305.jpg
484,http://www.laurenbarbara.com/images/037-Cannon-Beach-Ecola-3-ps%20300.jpg
485,http://farm1.static.flickr.com/74/185621004_88ab0e583a.jpg
486,http://farm1.static.flickr.com/40/110755886_cc2cc9ece9.jpg
487,http://farm3.static.flickr.com/2095/2234421539_2d65ea2d91.jpg
488,http://www.heydogs.com/breeds/a/photos/AustralianSilky2.jpg
489,http://static.flickr.com/99/294997242_797a38904a.jpg
490,http://farm1.static.flickr.com/37/92864221_190643f28c.jpg
491,http://www.dogbreedinfo.com/images14/AustralianTerrierpuppyRouxP1030603.JPG
492,http://www.silky-terrier-dogs.com/pictures-images-photos/silky-terriers-08.jpg
493,http://www.gotpetsonline.com/pictures-gallery/dog-pictures-breeders-puppies-rescue/silky-terrier-pictures-breeders-puppies-rescue/pictures/silky-terrier-0066.jpg
494,http://farm1.static.flickr.com/115/297432897_fc2d126838.jpg
495,http://www.magicshowkennel.com/images/silky/topy%20bratisl_small.jpg
496,http://www.welpen.de/zuechter/ulbrich/austr/f3.jpg
497,http://farm1.static.flickr.com/100/274263069_ad3a48de7b.jpg
498,http://www.australian-silky.ch/fotos/willkommen3.jpg
499,http://www.abc-tierschutz.de/hunder14.jpg
500,http://farm1.static.flickr.com/86/215207621_dc6367886c.jpg
501,http://farm2.static.flickr.com/1256/1347098951_033181ac8a.jpg
502,http://bp3.blogger.com/_s_0cDrGOmBU/RbwLZZ7kV5I/AAAAAAAAAAg/EWyf7Iaomyk/s320/DSCN0936.JPG
503,http://www.thebreedsofdogs.com/images/AUSTRALIAN_TERRIER.jpg
504,http://www.knuckleprints.com/pictures/Robin.JPG
505,http://www.tierhilfe-franken.de/Infoseiten/hunderassen/australian_terrier/australian_terrier.jpg
506,http://www.artecy.com/saustralianterrier.GIF
507,http://farm3.static.flickr.com/2148/2118219078_f8460fffd6.jpg
508,http://www.dogpage.us/images/0763174653.01._SCLZZZZZZZ_.jpg
509,http://farm1.static.flickr.com/50/124715937_1405a25f1e.jpg
510,http://www.petsportal.info/pictures/Australian_Shepherd.jpg
511,http://www.babydognames.com/breeds/australianterrier2.jpeg
512,http://www.saveadog.org.au/images/photos/minni.jpg
513,http://static.flickr.com/36/125451620_6d80f0c62d.jpg
514,http://www.kaynineonline.com/images/breed_photo_australian_terrier.jpg
515,http://mail.tenino.k12.wa.us/~students/8thSecondSemFinal/RescueDogs/images/australian-terrier.jpg
516,http://static.flickr.com/59/196670417_e7e2a806b1.jpg
517,http://www.tias.com/stores/doxette/pictures/bdgjcb.jpg
518,http://farm1.static.flickr.com/114/270891528_87ded7a291.jpg
519,http://www.waggavet.com.au/images/petoftheweek/potwtopaze.jpg
520,http://www.saveadog.org.au/images/photos/elmo(austerrierx).jpg
521,http://farm1.static.flickr.com/221/466474929_c8aa49b3b6.jpg
522,http://www.animalliberation.com.au/photos/homeless/rosie_terrierX.jpg
523,http://farm3.static.flickr.com/2070/1570121951_ecb4d10020.jpg
524,http://www.gotpetsonline.com/pictures-gallery/dog-pictures-breeders-puppies-rescue/silky-terrier-pictures-breeders-puppies-rescue/pictures/silky-terrier-0035.jpg
525,http://farm1.static.flickr.com/200/466466022_d14f9f2e24.jpg
526,http://static.flickr.com/1220/859640029_a24e9932b2.jpg
527,http://www.senri.ed.jp/departments/OISTech/OISDT/gr8dt/std_wk/rico/166.jpg
528,http://www.champdogs.co.uk/images/k11468d5.jpg
529,http://www.saveadog.org.au/images/photos/mutzi.jpg
530,http://static.flickr.com/212/466463598_1f8d30d265.jpg
531,http://www.hillstapestrydesign.com.au/images/tapestries/1051_australian_silky_terrier_6cmh.jpg
532,http://farm1.static.flickr.com/182/466471121_7bb48178f3.jpg
533,http://www.myhappydog.com/pict/tegundir/Australian_Terrier.jpg
534,http://www.dkimages.com/discover/previews/793/60005717.JPG
535,http://www.cairnterriers.net/uploads/1171766656/1000984165/vopelakterriersad.jpg
536,http://www.jphpk.gov.my/English/06silkyterrier.jpg
537,http://www.free-dogs-info.com/Australian_Terriers.jpg
538,http://farm3.static.flickr.com/2036/2157249798_7ed5457521.jpg
539,http://static.flickr.com/206/441671521_3502a7e7bf.jpg
540,http://farm3.static.flickr.com/2386/1571060396_09d589f426.jpg
541,http://hearingdogs.orcon.net.nz/images/dogscans/hcelly.jpg
542,http://www.australianterrier-westerwald.de/pics/039.jpg
543,http://petsfact.com/images/australianterrier.jpg
544,http://www.pets4you.com/pages/images/mysticstar4_2004.jpg
545,http://static.flickr.com/216/471608539_740b60c4ac.jpg
546,http://free.com.my/data/44/2puppy2.jpg
547,http://www.dkimages.com/discover/previews/971/55003261.JPG
548,http://pets-kojima.com/zukan/dog/dog_details/images/australian_silky_terrier.jpg
549,http://farm1.static.flickr.com/16/19406563_81a9f23bd6.jpg
550,http://farm3.static.flickr.com/2324/1548635660_7671f88e89.jpg
551,http://cesar.com/images/two_of_us/breed_lg_2.jpg
552,http://www.welpen.de/zuechter/ulbrich/austr/f4kl.jpg
553,http://www.australianundsilkyterrier.de/Amadeus%20OW2.jpg
554,http://www.topdogphotos.com/gwta/images/australian-terriers.jpg
555,http://www.revistacanina.com/images/raza/silkyterrier-j2ih.jpg
556,http://www.silkyterrier.de/Fancy1.jpg
557,http://farm3.static.flickr.com/2162/2225992239_3cebe9f5ee.jpg
558,http://farm2.static.flickr.com/1101/1429745860_512318668a.jpg
559,http://static.flickr.com/176/466475367_20b62009e9.jpg
560,http://www.pets-experts.info/images/terrior.jpg
561,http://doggiewoggie.com/wp-images/australian_silky_terrier.jpg
562,http://farm1.static.flickr.com/178/484983815_37f002ab4d.jpg
563,http://beheer.uwhondenkat.nl/pictures/dogstandards/20071113-0.jpg
564,http://www.poynerjones.com.au/jrtrout/ourjacks/exports/images/joy1.jpg
565,http://www.gotdogsonline.com/australian-terrier-pictures-breeders-puppies-rescue/pictures/australian-terrier-0005.jpg
566,http://www.terhierin.com/kuvat/terrierit/rita.jpg
567,http://farm1.static.flickr.com/86/249457054_9589ce3c1e.jpg
568,http://static.flickr.com/36/104979045_c48756ecc6.jpg
569,http://farm1.static.flickr.com/132/422831748_1fda98c6ae.jpg
570,http://farm2.static.flickr.com/1274/563779915_95627f9416.jpg
571,http://www.tuperro.com.mx/images/perros/estandares/silky_terrier_01.jpg
572,http://www.pets-hop.com/kenshuimg/australianterrier.JPG
573,http://farm1.static.flickr.com/1/683102_552e594fde.jpg
574,http://www.shandez.com/cd2.jpg
575,http://www.terrierclub.ch/images/silky_terrier.jpg
576,http://l.yimg.com/us.yimg.com/i/us/pets/brgd/cairn-terrier.jpg
577,http://imagehost.vendio.com/preview/mj/mjbeany/australianTerrierPlush1.jpg
578,http://silkyterrier-canada.org/22d5ed00.jpg
579,http://www.kennels.co.uk/images/Ter.StaffordshireBullTerrier.jpg
580,http://www.pawsruskennel.com/img/skye-terrier.jpg
581,http://www.webspawner.com/users/aussieterrier/DSC01329a.jpg
582,http://files.dogster.com/pix/dogs/98/449198/449198_1185069888.jpg
583,http://static.flickr.com/75/196670679_0e12044c81.jpg
584,http://psomom.homestead.com/files/budpixbed.jpg
585,http://www.any-pet.co.kr/data/board1/Australian%20SilkyTerrier1.jpg
586,http://www.dog-breeds-infosite.com/images/australianterrier4.jpg
587,http://farm1.static.flickr.com/140/389027949_a1be0c8b09.jpg
588,http://www.saveadog.org.au/images/photos/syd(terrier).jpg
589,http://www.elisanet.fi/bluepeppers/images/woodyBIS04.jpg
590,http://www.dogs-central.com/dogs-puppies/australian-terrier-puppy/images/0763188395.01._SCLZZZZZZZ_.jpg
591,http://img352.imageshack.us/img352/654/mingouf9.jpg
592,http://static.flickr.com/1284/1393166847_ff00d35769.jpg
593,http://farm3.static.flickr.com/2147/2234426373_c3cdf81488.jpg
594,http://www.dogs4sale.com.au/Breeds/Australian_Silky_Terrier/Fact_Sheets/Ausilk_Roby.jpg
595,http://www.dog-breeds.name/pictures/australian-terrier/australian-terrier-1.jpg
596,http://australianterrier.org/08_cal.jpg
597,http://www.silky-terrier.info/images/Bild2.jpg
598,http://us.iams.com/iams/en_US/data_root/image/dog_breed/austterr.jpg
599,http://static.flickr.com/196/466735079_2038ced0f7.jpg
600,http://static.flickr.com/11/96104255_e3a2794adf.jpg
601,http://static.flickr.com/90/277315559_3f60eeb982.jpg
602,http://www.dog-breeds.name/pictures/australian-terrier/australian-terrier-2tn.jpg
603,http://www.webcanin.eu/img_medium/255710520010716101110.jpg
604,http://www.patjustis.com/graphics/jpegs/dogs/ddog_m8_aitken63thu.jpg
605,http://www.australian-terrier-dogs.com/pictures-images-photos/australian-terriers-05.jpg
606,http://farm1.static.flickr.com/181/416529232_88693c6fd5.jpg
607,http://farm1.static.flickr.com/52/175811478_ee032f652a.jpg
608,http://www.veterinarialahacienda.com/razasicos/australian_terrier.jpg
609,http://silkyrescue.tripod.com/id/griffen.jpg
610,http://www.dogzunited.de/img/rasselexikon/27.jpg
611,http://farm3.static.flickr.com/2230/1575350272_eee43d11dd.jpg
612,http://www.traffordphotos.com/assets/images/Australian_Silky_Terrier.jpg
613,http://www.boazvet.com/Images/Dogs/Terrier/australian_terrier.jpg
614,http://www.allsmalldogbreeds.com/images/smalldogbreeds/silky-terrier.jpg
615,http://static.flickr.com/47/131211025_e10de7e832.jpg
616,http://www.infodog.com/wm00/file/RM19308001.JPG
617,http://www.ralfs-hundelexikon.de/foto/terr/silky1.jpg
618,http://static.flickr.com/120/295077438_03b58eeb0c.jpg
619,http://www.dog-breed-facts.com/images/australian-terrier-1.jpg
620,http://farm1.static.flickr.com/76/196670765_7f6d08f940.jpg
621,http://www.planet-pets.com/austterr.jpg
622,http://farm1.static.flickr.com/121/294996693_3d5391e7aa.jpg
623,http://www.cooktownlife.com/images/Dog.jpg
624,http://www.temora.net/images/terrierBlackhawkKC104.jpg
625,http://farm1.static.flickr.com/125/415622386_86e8221480.jpg
626,http://www.dogzonline.com.au/images/profiles/63/15782_1099.jpg
627,http://www.barkbusters.com.au/graphics/breeds/austerrier.jpg
628,http://farm1.static.flickr.com/174/466471351_186a89a85b.jpg
629,http://www.pets4you.com/pages/images/mysticstar2_2004.jpg
630,http://farm1.static.flickr.com/174/413608585_d4476cf23f.jpg
631,http://www.evcilkopekler.com/fotolar/kucuk1113399483avustralya__terrier_4.jpg
632,http://farm3.static.flickr.com/2251/1587177089_7790f35a83.jpg
633,http://farm1.static.flickr.com/76/170996899_11d9d2612d.jpg
634,http://www.dollydoghouse.com/customer_images/dollydoghouse_com_0056_12_5_img1_5716.jpg
635,http://farm3.static.flickr.com/2262/2234429159_b9cc026249.jpg
636,http://www.puppydogweb.com/gallery/silkyterriers/silkyterrier_williams.jpg
637,http://dandugmore.netfirms.com/auster.jpg
638,http://farm1.static.flickr.com/58/196670342_060e1323fb.jpg
639,http://www.pedigreesroyal.com/images/dogs/fullsize/ozzie.jpg
640,http://www.traffordstudios.co.uk/acatalog/8P18D-1.jpg
641,http://www.terrier.de/rassen/b34f0005.jpg
642,http://westminsterkennelclub.org/2003/photos/breed/RM19308001.jpg
643,http://www.ridgebacks.com.au/Images/BreedEncylopedia/Toys/Australian_Silly_Terrier.jpg
644,http://farm1.static.flickr.com/83/218186196_47916f11df.jpg
645,http://static.flickr.com/52/137220798_9cb3b4f3cc.jpg
646,http://www.pedigreesroyal.com/images/dogs/yorkie_small.jpg
647,http://www.individuellegeschenke.de/k-D22.20.gif
648,http://www.grandane.com/NS.Kennels/AusTerrier.jpg
649,http://www.dog-breeders.biz/pics/111345_2.jpg
650,http://81.2.197.16/diskuze/nahled/foto-90859.jpg
651,http://www.dooziedog.com/images/groups/terrier4.jpg
652,http://www.dogpage.us/images/0763161993.01._SCMZZZZZZZ_.jpg
653,http://www.gotpetsonline.com/pictures-gallery/dog-pictures-breeders-puppies-rescue/australian-terrier-pictures-breeders-puppies-rescue/pictures/australian-terrier-0002.jpg
654,http://www.pupsforsale.net/australian_terrier_01_puppies_for_sale.jpg
655,http://www.puppydogweb.com/gallery/silkyterriers/silkyterrier_andrew.jpg
656,http://www.doginformation.org/images/australianterrier.jpg
657,http://server.hund.ch/fotos/fauterrier7.gif
658,http://www.phillyfido.net/Images/General/BillAskins-3Dogs.jpg
659,http://amronsilkyterriers.com/images/yorkieshaved.jpg
660,http://www.breederretriever.com/photopost/data/639/medium/Silky_Terrier.jpg
661,http://www.tuperro.com.mx/images/perros/estandares/australian_terrier_03.jpg
662,http://farm1.static.flickr.com/29/41044924_8789a63a2b.jpg
663,http://www.australianterrierfan.ch/pics/asterix.jpg
664,http://server.hund.ch/fotos/fauterrier13.jpg
665,http://www.cats-dogs-ukraine.com/images/200510020112010.Tessie2.jpg
666,http://www.wagandfetch.com/images/breeds/breed_aust_terrier.jpg
667,http://www.mybuddydog.com/graphic101.gif
668,http://farm3.static.flickr.com/2327/2214300828_41dcc31e61.jpg
669,http://www.pedigreedpups.com/images/australianT.jpg
670,http://www.ralfs-hundelexikon.de/foto/terr/cairn.jpg
671,http://www.torahime.net/collection/koirat/silkkiterrieri.jpg
672,http://www.bestpoodle.com/uploads/1171766656/1000691198/aussie100_3752.jpg
673,http://www.nationalterrier.co.uk/spg/2006/5/Australian%20Terrier.jpg
674,http://www.silky-terrier.info/images/Cinderellas-Funny-Apple-6s.jpg
675,http://idog.pl/grafika/pies/386.jpg
676,http://www.animalforum.com/dbreed/images/zpdteaustr.jpg
677,http://www.thekennelclub.org.uk/download/208/australiansilkyterrier.jpg
678,http://www.acapups.com.au/Puppies/Jack_Russel_Terrier_x/JRT_x_Aus_Terrier__Dscn0886.jpg
679,http://www.jphpk.gov.my/English/silky_terrier.jpg
680,http://www.shaleesilkys.com/jewelshow.jpg
681,http://www.pups4sale.co.nz/australian_terrier_03_puppies_for_sale.jpg
682,http://z.about.com/d/vetmedicine/1/0/9/2/keegan_dundee.jpg
683,http://www.dkimages.com/discover/previews/1010/50212248.JPG
684,http://files.dogster.com/pix/dogs/22/540522/540522_1184844518.jpg
685,http://orford.tased.edu.au/aust_terrier.jpg
686,http://www.terrier.at/images/rassen/australian.jpg
687,http://farm2.static.flickr.com/1066/863892871_f14043e921.jpg
688,http://farm1.static.flickr.com/191/466473955_61fe4f6e11.jpg
689,http://www1.tcue.ac.jp/home1/english/students06/class06/106145/index.files/image012.jpg
690,http://farm3.static.flickr.com/2209/1575354546_5d49144e92.jpg
691,http://arcadenoe.sapo.pt/img/race/big_393.jpg
692,http://www.dogzonline.com.au/images/profiles/63/16101_1955.jpg
693,http://static.flickr.com/71/196670723_09091a6761.jpg
694,http://www.silky-terrier.info/images/topaz_kipp.03.jpg
695,http://81.2.197.16/diskuze/nahled/foto-90848.jpg
696,http://www.mousematuk.co.uk/Mouse%20Mats/Dogs/Australian%20Terrier/slides/Australian%20Terrier%209R044D-14.JPG
697,http://www.australianundsilkyterrier.de/Flora2.jpg
698,http://www.juen.com.tr/UPLOAD/Irk_Resim/Irk_Face_Resim/Irk_f_Kopek/Australian_Terrier_f.jpg
699,http://www.pedigree.co.nz/breeds/images/aust_silky_terr_02.jpg
700,http://farm3.static.flickr.com/2263/1587179365_d1e10f800e.jpg
701,http://www.pets4you.com/pages/images/momanddaughters-3-28-07-collage.jpg
702,http://www.mypets.net.au/template_images/silky.jpg
703,http://farm1.static.flickr.com/226/484983805_c2109ec274.jpg
704,http://farm1.static.flickr.com/46/140593992_e1ebccc449.jpg
705,http://www.agt.net/public/silkyd/images/Jayme1.JPG
706,http://www.tazaroo.com/Mindi001.JPG
707,http://www.cinofilionline.it/images/australiansilkyterrierbuono.jpg
708,http://static.flickr.com/48/111799372_55a81d52d8.jpg
709,http://farm1.static.flickr.com/75/158003027_51fd8efe5b.jpg
710,http://farm3.static.flickr.com/2039/2234429153_81e450c436.jpg
711,http://www.hunde-im-web.de/bilder/ausstrt.jpg
712,http://farm1.static.flickr.com/27/41044920_404240afd5.jpg
713,http://www.puppydogweb.com/breeders/pic_images/silkyterrier_johanson.jpg
714,http://www.magicshowkennel.com/images/silky/hist8%20Australian%20Terrier.jpg
715,http://www.dog-breeds.name/pictures/australian-terrier/australian-terrier-3.jpg
716,http://www.terrierclub.ch/images/Australian-1.jpg
717,http://www.puppydogweb.com/gallery/australianterriers/australianterrier_honn.jpg
718,http://photocache.petfinder.com/fotos/PA445/PA445.5273457-1-pn.jpg
719,http://www.dog-breeds.net/AustTerr1Pullinen1.jpg
720,http://www.fosterdogs.org/images/2004/bennie10.jpg
721,http://static.flickr.com/121/303050867_afb764ae2a.jpg
722,http://kimhunter.ca/photos/dog_australian_terrier.jpg
723,http://www.dooziedog.com/dog_breeds/images/thumbs/tn_Australian-Terrier-2.jpg
724,http://www.dog-breeds.name/pictures/australian-terrier/australian-terrier-4tn.jpg
725,http://farm1.static.flickr.com/55/139367311_61fd4044a7.jpg
726,http://farm1.static.flickr.com/83/219538453_568ad8b268.jpg
727,http://silkyterrier-canada.org/253b5fa0.jpg
728,http://farm3.static.flickr.com/2196/2210742158_71316720d6.jpg
729,http://www.showsilk.com/images/danny.jpg
730,http://www.hunde-in-dresden.de/img/zucht_australian_terrier_we.jpg
731,http://pets-place.net/Breeds/AustralianSilkyTerrierIcon.jpg
732,http://farm1.static.flickr.com/26/36674779_48f60569ca.jpg
733,http://www.dogsnsw.org.au/upload/images/misc/Breedgallery/Dalox.jpg
734,http://www.ukdogs.org/terrier/australian/pictures/tbear1720.jpg
735,http://www.dogsindepth.com/toy_dog_breeds/images/australian_silky_terrier_h02.jpg
736,http://www.pets4you.com/pages/images/mysticstar1.jpg
737,http://www.dkimages.com/discover/previews/856/20080105.JPG
738,http://www.superdog.ru/pic/003_1.jpg
739,http://www.silky-terrier-dogs.com/pictures-images-photos/silky-terriers-03.jpg
740,http://www.borderterrier-vonwarnberg.de/Tr-Aussi1.jpg
741,http://www.dkimages.com/discover/previews/798/65005644.JPG
742,http://www.k9gifts.com/ss/ppaustralianterrier.jpeg
743,http://images.amazon.com/images/P/1558931856.01._AA240_SCLZZZZZZZ_V56133020_.jpg
744,http://www.allsmalldogbreeds.com/images/smalldogbreeds/australian-terrier.jpg
745,http://www.grizzlyrun.com/Files/Images/Other/Australian_Terrier.png
746,http://www.ralfs-hundelexikon.de/foto/terr/silky.jpg
747,http://www.dkimages.com/discover/previews/927/45011542.JPG
748,http://static.flickr.com/184/466471645_df55871ad2.jpg
749,http://www.dooziedog.com/dog_breeds/silky_terrier/main.jpg
750,http://www.vergleichen-und-sparen.de/images/newsimg/silky_1.jpg
751,http://www.o-sobakah.ru/images/site/5.jpg
752,http://www.welpen.de/zuechter/ulbrich/austr/f6.jpg
753,http://farm1.static.flickr.com/133/329027497_95fd237068.jpg
754,http://photocache.petfinder.com/fotos/CA950/CA950.5089659-1-pn.jpg
755,http://farm1.static.flickr.com/182/466472951_12d03d3ae7.jpg
756,http://www.portraits4pets.com/images/australian_terrier_Rolo-b.jpg
757,http://l.yimg.com/us.yimg.com/i/us/pets/brgd/sealyham-terrier.jpg
758,http://www.magicshowkennel.com/images/silky/Magic%20Show%20Fairy-Tale_small1.jpg
759,http://www.pets4you.com/pages/images/momanddaughters-3-16-07-collage.jpg
760,http://psomom.homestead.com/files/pixiebuddy.jpg
761,http://silky-terrier.info/images/Bild7.jpg
762,http://www.kennels.co.uk/images/Ter.AustralianTerrier.jpg
763,http://www.magicshowkennel.com/images/silky/silktutv3%20Australian%20Terrier.jpg
764,http://static.flickr.com/201/466467616_250bd193ea.jpg
765,http://www.frompuppytopet.com/sites/Jlarson/_files/File/Australian%20Terrier.jpg
766,http://silky-terrier.info/images/Australian-Silky-Eyla.jpg
767,http://www.pets4you.com/images/australianterrierwhitelaw.jpg
768,http://www.hunderassen.de/bild/australian-terrier-2.jpg
769,http://www.links4pets.com/shops/yahoo/karen/images/AUSTRALIAN%20TERRIER.jpg
770,http://www.amores-perros.com.ar/imagen/razas/silky.jpg
771,http://static.flickr.com/45/139367312_c04396ba1a.jpg
772,http://www.ausilk.com/AUSILK%20-%20REBEECE%20SILKYTERRIER-web.jpg
773,http://static.flickr.com/1105/1464134779_7db1f303e0.jpg
774,http://farm3.static.flickr.com/2210/2074329485_6be298f67f.jpg
775,http://www.pups4sale.com.au/steph_a6a.jpg
776,http://farm1.static.flickr.com/204/525404812_21c5593f61.jpg
777,http://farm1.static.flickr.com/1/683101_4659a8cc37.jpg
778,http://xtrooper.net/hoss.jpg
779,http://aboutpedigreedogs.com/dog%20pictures/Australian%20terrier%20415071_small.jpg
780,http://farm1.static.flickr.com/39/124715936_e293900802.jpg
781,http://hubpages.com/u/68085_f260.jpg
782,http://cardsyourway.com/assets/dogs/kaylor_dog_gallery_thumbs/australian_terrier.jpg
783,http://farm1.static.flickr.com/145/409108842_2d057d2b91.jpg
784,http://www.pedigree.com.au/breeds/images/aust_terr_03.jpg
785,http://farm3.static.flickr.com/2309/1571042774_039e7b46a9.jpg
786,http://www.silky-terrier.info/images/Australian-Silky-Benny.jpg
787,http://www.dooziedog.com/images/groups/terrier7.jpg
788,http://www.wunschwelpen.de/rassen/FCI/gruppe03/bilder/3236australiansilky.jpg
789,http://www.uexplore.com/breeds/australianterrier.jpg
790,http://farm3.static.flickr.com/2012/2074329841_4c3b282f05.jpg
791,http://www.viarural.com.ar/viarural.com.ar/ganaderia/mascotas/fotografias-perros/terrier-australiano-08.jpg
792,http://farm2.static.flickr.com/1287/1307738875_86b220ac15.jpg
793,http://www.joytotheworldonline.com/pictures/564.jpg
794,http://animal-photography.co.uk/thumbs/AP-1ZGCCI-TH.jpg
795,http://www.dogpatchpets.com/images/0123AUSSIETERRIER.jpg
796,http://farm2.static.flickr.com/1231/1308121950_54445df368.jpg
797,http://farm4.static.flickr.com/3296/2791375894_0ed043e6c7.jpg
798,http://farm5.static.flickr.com/4027/4326065941_b5e58c5ea9.jpg
799,http://farm2.static.flickr.com/1016/3172897242_29875c7d9a.jpg
800,http://farm4.static.flickr.com/3036/3114027169_8799116af9.jpg
801,http://farm4.static.flickr.com/3224/2711874376_cff1c858a1.jpg
802,http://farm4.static.flickr.com/3523/3807716066_a2c2bde10c.jpg
803,http://farm4.static.flickr.com/3055/2594422206_6087d1ee77.jpg
804,http://farm4.static.flickr.com/3081/2546810236_47accebb36.jpg
805,http://farm4.static.flickr.com/3315/3603119633_abcda430c3.jpg
806,http://farm3.static.flickr.com/2426/4018512303_470e291b7a.jpg
807,http://farm4.static.flickr.com/3105/2725104391_f9880f02fb.jpg
808,http://farm4.static.flickr.com/3211/3143576929_153d5999dc.jpg
809,http://farm3.static.flickr.com/2159/3603966500_e031763ffa.jpg
810,http://farm4.static.flickr.com/3062/2800266436_44d86e5edd.jpg
811,http://farm4.static.flickr.com/3304/3410621573_7db9c47ef7.jpg
812,http://farm3.static.flickr.com/2362/2469755146_4994410a7d.jpg
813,http://farm4.static.flickr.com/3004/2816868715_11619b72ae.jpg
814,http://farm3.static.flickr.com/2374/2907655002_d5cef9edcc.jpg
815,http://farm4.static.flickr.com/3136/2595344311_5123a084f7.jpg
816,http://farm4.static.flickr.com/3227/3283686862_d52dd16b50.jpg
817,http://farm3.static.flickr.com/2535/3808977262_206e0fefc8.jpg
818,http://farm3.static.flickr.com/2464/4037614229_657a155070.jpg
819,http://farm4.static.flickr.com/3291/3893986751_a2b39d084f.jpg
820,http://farm4.static.flickr.com/3042/2573719226_bf097291eb.jpg
821,http://farm4.static.flickr.com/3233/2605662274_4bf3cc0cfc.jpg
822,http://farm5.static.flickr.com/4006/4235148924_4475fdfd34.jpg
823,http://farm3.static.flickr.com/2542/3798238155_85087ecf73.jpg
824,http://farm4.static.flickr.com/3182/2993597223_74fcb06df3.jpg
825,http://farm4.static.flickr.com/3050/3019657891_4658a69e5a.jpg
826,http://farm4.static.flickr.com/3050/2778769322_c4a2402ae0.jpg
827,http://farm4.static.flickr.com/3268/3123711928_3bb8d12ed0.jpg
828,http://farm4.static.flickr.com/3291/3158496819_eb0df38abc.jpg
829,http://farm4.static.flickr.com/3557/3363507371_69fa113cd8.jpg
830,http://farm4.static.flickr.com/3016/2906811179_e650432a49.jpg
831,http://farm4.static.flickr.com/3039/2791256244_1d019e0fcf.jpg
832,http://farm3.static.flickr.com/2583/3908673909_f97b35c8b8.jpg
833,http://farm4.static.flickr.com/3392/3305438079_980869a986.jpg
834,http://farm4.static.flickr.com/3255/3091991324_1e8a4079a7.jpg
835,http://farm4.static.flickr.com/3216/3123705680_ca4fd51d8e.jpg
836,http://farm4.static.flickr.com/3223/2799407243_48e3284393.jpg
837,http://farm4.static.flickr.com/3629/3383986230_49ef546525.jpg
838,http://farm4.static.flickr.com/3511/3764416269_1e7d249a5e.jpg
839,http://farm3.static.flickr.com/2021/1796051178_7c2c6fe2ac.jpg
840,http://farm4.static.flickr.com/3231/3065287086_b715a17147.jpg
841,http://farm3.static.flickr.com/2109/2241689795_7f821ae39d.jpg
842,http://farm4.static.flickr.com/3250/2906810457_9e39e7be41.jpg
843,http://farm4.static.flickr.com/3630/3603974998_0081259591.jpg
844,http://farm4.static.flickr.com/3281/2580148247_db4dd5866f.jpg
845,http://farm4.static.flickr.com/3079/2590131385_2d21beca36.jpg
846,http://farm4.static.flickr.com/3259/3219986577_e5b145f42f.jpg
847,http://farm4.static.flickr.com/3617/3332974826_0a7c780be5.jpg
848,http://farm3.static.flickr.com/2643/4038760495_9b15998035.jpg
849,http://farm4.static.flickr.com/3078/3233976371_dec3a22738.jpg
850,http://farm3.static.flickr.com/2521/4155283025_cf90387abf.jpg
851,http://farm4.static.flickr.com/3210/3158497347_3daed97ed4.jpg
852,http://farm4.static.flickr.com/3064/2736517531_fc704062d3.jpg
853,http://farm4.static.flickr.com/3241/2800245796_f7ed824596.jpg
854,http://farm3.static.flickr.com/2497/4235171606_707464c8e8.jpg
855,http://farm4.static.flickr.com/3131/2778736180_847cb1e6f1.jpg
856,http://farm4.static.flickr.com/3640/3652526682_9227882ea1.jpg
857,http://farm3.static.flickr.com/2232/2522875829_91ac78a1a5.jpg
858,http://farm4.static.flickr.com/3579/3799086784_2c452266eb.jpg
859,http://farm4.static.flickr.com/3012/2580982254_2a127754a8.jpg
860,http://farm4.static.flickr.com/3230/2736517549_16e0b0cb5f.jpg
861,http://farm4.static.flickr.com/3656/3603942922_652401bfc3.jpg
862,http://farm4.static.flickr.com/3368/3299346016_7b4893a665.jpg
863,http://farm1.static.flickr.com/180/409929565_c6d1cc209d.jpg
864,http://farm4.static.flickr.com/3066/2799407261_10a2b8cc2e.jpg
865,http://farm4.static.flickr.com/3194/2791387502_dbd8fb363d.jpg
866,http://farm4.static.flickr.com/3204/2493271464_0babb35810.jpg
867,http://farm5.static.flickr.com/4005/4234386667_3a91e55a49.jpg
868,http://farm4.static.flickr.com/3192/2529255760_3279f4d3b3.jpg
869,http://farm4.static.flickr.com/3148/2526254097_526fb5c27d.jpg
870,http://farm3.static.flickr.com/2752/4241847595_c70cbb52a9.jpg
871,http://farm3.static.flickr.com/2517/4101654465_54145cbd20.jpg
872,http://farm4.static.flickr.com/3612/3603119653_df220a3699.jpg
873,http://farm3.static.flickr.com/2156/2113153407_72d50f9bc6.jpg
874,http://farm4.static.flickr.com/3330/3297022368_cc31682f65.jpg
875,http://farm3.static.flickr.com/2437/3727017764_baf5f463d6.jpg
876,http://farm3.static.flickr.com/2028/2537096144_5821a64061.jpg
877,http://farm4.static.flickr.com/3640/3335299316_14cf7540c9.jpg
878,http://farm4.static.flickr.com/3043/2777654215_cf989dc585.jpg
879,http://farm4.static.flickr.com/3615/3603974974_67c747e0fb.jpg
880,http://farm3.static.flickr.com/2777/4155320296_e342e41280.jpg
881,http://farm4.static.flickr.com/3241/3150334240_b01fdccf1b.jpg
882,http://farm3.static.flickr.com/2398/2289853258_e0fc4b9048.jpg
883,http://farm4.static.flickr.com/3117/3247018328_993032f071.jpg
884,http://farm3.static.flickr.com/2384/2321865278_8f8241a38a.jpg
885,http://farm3.static.flickr.com/2469/3864962893_0997df3510.jpg
886,http://farm3.static.flickr.com/2425/3736612178_d2da4116fe.jpg
887,http://farm3.static.flickr.com/2078/2467106164_4f76882c0e.jpg
888,http://farm4.static.flickr.com/3283/2590961646_173a2a538f.jpg
889,http://farm5.static.flickr.com/4066/4278149074_6a963f2b16.jpg
890,http://farm3.static.flickr.com/2521/3786135165_23d379fffc.jpg
891,http://farm4.static.flickr.com/3004/2651111360_07dd066ddb.jpg
892,http://farm4.static.flickr.com/3202/2802670653_9f2497f834.jpg
893,http://farm3.static.flickr.com/2378/1796050144_85e74abc1a.jpg
894,http://farm5.static.flickr.com/4045/4235148930_619cafb980.jpg
895,http://farm4.static.flickr.com/3126/2736517545_a8c4f94cbd.jpg
896,http://farm4.static.flickr.com/3253/2733606245_f97e584f94.jpg
897,http://farm4.static.flickr.com/3024/2289062411_62fcc165e0.jpg
898,http://farm3.static.flickr.com/2763/4077552996_d2b2976155.jpg
899,http://farm3.static.flickr.com/2420/2467109124_8d25a1450f.jpg
900,http://farm4.static.flickr.com/3368/3603956144_4b1d0ec3a5.jpg
901,http://farm4.static.flickr.com/3493/3954641450_980954a593.jpg
902,http://farm4.static.flickr.com/3261/2651115174_cdde81157d.jpg
903,http://farm3.static.flickr.com/2535/4234382193_9d7cbe39bc.jpg
904,http://farm3.static.flickr.com/2289/2536285455_907f0f617e.jpg
905,http://farm4.static.flickr.com/3003/2906808317_8b6472e8dd.jpg
906,http://farm4.static.flickr.com/3114/2559880334_f95819919d.jpg
907,http://farm4.static.flickr.com/3315/3603942942_dc43f3717d.jpg
908,http://farm1.static.flickr.com/56/274073251_e787df4584.jpg
909,http://farm4.static.flickr.com/3493/4040522426_b55640f8be.jpg
910,http://farm4.static.flickr.com/3466/3319337796_5f101f5529.jpg
911,http://farm5.static.flickr.com/4008/4195618968_0696875efd.jpg
912,http://farm4.static.flickr.com/3117/2651110410_28ea1547d4.jpg
913,http://farm4.static.flickr.com/3541/3798271537_a6f5508ef0.jpg
914,http://farm4.static.flickr.com/3559/3603956108_a18dab886f.jpg
915,http://farm3.static.flickr.com/2421/3924239536_45122c0e5b.jpg
916,http://farm4.static.flickr.com/3034/2651995863_83dc6a7e62.jpg
917,http://farm4.static.flickr.com/3146/2467098784_86bba2e23e.jpg
918,http://farm4.static.flickr.com/3511/3798271305_5f0c72efbe.jpg
919,http://farm4.static.flickr.com/3545/3373399702_47e0274440.jpg
920,http://farm3.static.flickr.com/2656/3942911237_db961319b8.jpg
921,http://farm4.static.flickr.com/3263/2572846185_eaec2d5b2b.jpg
922,http://farm3.static.flickr.com/2554/3999419454_3892c5dd93.jpg
923,http://farm3.static.flickr.com/2227/2536284431_a25a304cbc.jpg
924,http://farm4.static.flickr.com/3112/2802668179_5a0eaa3674.jpg
925,http://farm4.static.flickr.com/3143/2580146877_7c55b43612.jpg
926,http://farm4.static.flickr.com/3312/3504858605_85b8e2682a.jpg
927,http://farm4.static.flickr.com/3002/2736517551_3d5ecac500.jpg
928,http://farm4.static.flickr.com/3053/2573668386_9ac8bf5dd3.jpg
929,http://farm3.static.flickr.com/2241/2321848806_63ef419cbd.jpg
930,http://farm4.static.flickr.com/3086/2737121259_67eee6b33e.jpg
931,http://farm3.static.flickr.com/2251/2468893175_62da45643a.jpg
932,http://farm3.static.flickr.com/2431/3603966488_890a3d9133.jpg
933,http://farm4.static.flickr.com/3265/2559107171_c1d03112c4.jpg
934,http://farm4.static.flickr.com/3210/2736517525_af8771a1a6.jpg
935,http://farm3.static.flickr.com/2006/2539234564_c10a985d3e.jpg
936,http://farm4.static.flickr.com/3174/2559374458_b3434a2845.jpg
937,http://farm4.static.flickr.com/3012/2711643617_c69e18168f.jpg
938,http://farm4.static.flickr.com/3106/3158498591_96bb7e046c.jpg
939,http://farm3.static.flickr.com/2803/4125690186_8740cbe8bc.jpg
940,http://farm4.static.flickr.com/3222/2301138882_9d65b29ff9.jpg
941,http://farm3.static.flickr.com/2465/3894360624_ab437c278c.jpg
942,http://farm3.static.flickr.com/2226/1796047610_2f79be3d76.jpg
943,http://farm4.static.flickr.com/3365/3278345878_35d0bf0387.jpg
944,http://farm3.static.flickr.com/2653/3972883992_423c299ce4.jpg
945,http://farm3.static.flickr.com/2377/1796053372_7bc87b5d05.jpg
946,http://farm3.static.flickr.com/2471/3603942930_9c4ebc679c.jpg
947,http://farm2.static.flickr.com/1171/3173931718_f63ac0d363.jpg
948,http://farm4.static.flickr.com/3263/2594423802_ed231fa997.jpg
949,http://farm4.static.flickr.com/3096/3158500237_9283076f36.jpg
950,http://farm4.static.flickr.com/3030/2321825444_f3902b3d9e.jpg
951,http://farm4.static.flickr.com/3445/3282865313_6660f199d2.jpg
952,http://farm4.static.flickr.com/3322/3278311810_6c0dde40de.jpg
953,http://farm4.static.flickr.com/3360/3268468667_fcf5f0f817.jpg
954,http://farm4.static.flickr.com/3398/3487050521_e4fdabd764.jpg
955,http://farm4.static.flickr.com/3532/3827637380_408a5eccec.jpg
956,http://farm4.static.flickr.com/3525/3826838689_8af9ebe213.jpg
957,http://farm5.static.flickr.com/4031/4260049428_26cda37ed0.jpg
958,http://farm4.static.flickr.com/3028/2906810317_0f2a1e96e4.jpg
959,http://farm4.static.flickr.com/3351/3246196155_c9f2dc3906.jpg
960,http://farm5.static.flickr.com/4031/4234382187_0957dbacc8.jpg
961,http://farm4.static.flickr.com/3128/2907653488_fb9c25a575.jpg
962,http://farm4.static.flickr.com/3052/2944264202_af13e16e09.jpg
963,http://farm4.static.flickr.com/3121/2778181342_d7acc2a09e.jpg
964,http://farm4.static.flickr.com/3221/3122874155_6863b0b581.jpg
965,http://farm5.static.flickr.com/4053/4234024429_ee342807b2.jpg
966,http://farm3.static.flickr.com/2661/4040522694_e1d56378ce.jpg
967,http://farm3.static.flickr.com/2468/3603149049_1d4d4151d6.jpg
968,http://farm3.static.flickr.com/2042/2267228379_9307ca4a51.jpg
969,http://farm4.static.flickr.com/3262/2572903095_a24413016a.jpg
970,http://farm3.static.flickr.com/2550/3772594645_4c871e5c0d.jpg
971,http://farm3.static.flickr.com/2332/2324565846_0d1cfe6f99.jpg
972,http://farm4.static.flickr.com/3047/2712330958_310a964b57.jpg
973,http://farm4.static.flickr.com/3604/3603956148_19a9b1238c.jpg
974,http://farm4.static.flickr.com/3053/2594424526_539f19a2bc.jpg
975,http://farm4.static.flickr.com/3108/2778329594_6b874315c7.jpg
976,http://farm4.static.flickr.com/3171/2939529700_791a3d262f.jpg
977,http://farm5.static.flickr.com/4012/4235148914_52716d6895.jpg
978,http://farm3.static.flickr.com/2481/3970464770_b65c0d32a8.jpg
979,http://farm3.static.flickr.com/2502/4029439903_d518ddf270.jpg
980,http://farm4.static.flickr.com/3059/2907655502_2966cb7100.jpg
981,http://farm4.static.flickr.com/3185/2590963398_443686ed45.jpg
982,http://farm3.static.flickr.com/2334/2324523010_b54b9347a0.jpg
983,http://farm4.static.flickr.com/3470/3942911003_02a4a7fa65.jpg
984,http://farm4.static.flickr.com/3325/3224828998_646b9f3e20.jpg
985,http://farm4.static.flickr.com/3496/3244331035_65f735e835.jpg
986,http://farm3.static.flickr.com/2743/4234393135_10552c9667.jpg
987,http://farm4.static.flickr.com/3127/3158496707_5653797396.jpg
988,http://farm4.static.flickr.com/3576/3697021776_3da1f9cb4d.jpg
989,http://farm4.static.flickr.com/3453/3278311438_e5c39f2e00.jpg
990,http://farm4.static.flickr.com/3612/3313145962_d0b6b6d795.jpg
991,http://farm4.static.flickr.com/3127/2590123617_a65cfed6ba.jpg
992,http://farm3.static.flickr.com/2590/4235177816_b2dd5fb6f9.jpg
993,http://farm3.static.flickr.com/2356/2292091959_d480b3b416.jpg
994,http://farm4.static.flickr.com/3237/3293775274_0181815f86.jpg
995,http://farm4.static.flickr.com/3035/2517220397_b21b8dcd53.jpg
996,http://farm4.static.flickr.com/3046/2626354780_8129f53f53.jpg
997,http://farm4.static.flickr.com/3636/3603942954_3b1a7d6f7e.jpg
998,http://farm4.static.flickr.com/3031/2906809259_8360315616.jpg
999,http://farm3.static.flickr.com/2015/1795254075_84ddd4ac1b.jpg
1000,http://farm4.static.flickr.com/3265/2907642194_8f37a5a45a.jpg
1001,http://farm5.static.flickr.com/4018/4239089684_4ab1c2a3a4.jpg
1002,http://farm4.static.flickr.com/3241/2778578909_25c290939d.jpg
1003,http://farm4.static.flickr.com/3456/3920374357_5db23a67b7.jpg
1004,http://farm4.static.flickr.com/3559/3603974992_771867d8d3.jpg
1005,http://farm4.static.flickr.com/3276/2800262202_422ecc4424.jpg
1006,http://farm4.static.flickr.com/3262/3227547929_94e54800d6.jpg
1007,http://farm4.static.flickr.com/3173/2800262174_71ca1e97e5.jpg
1008,http://farm3.static.flickr.com/2728/4170194986_bf74dde136.jpg
1009,http://farm4.static.flickr.com/3264/3123705652_6592173b4a.jpg
1010,http://farm4.static.flickr.com/3562/3497994997_bebb6926de.jpg
1011,http://farm4.static.flickr.com/3343/3318510739_5f6716a9cf.jpg
1012,http://farm4.static.flickr.com/3050/2775395313_6cd003570f.jpg
1013,http://farm5.static.flickr.com/4031/4234393163_2efb3e82c5.jpg
1014,http://farm4.static.flickr.com/3612/3337004542_8942eb8d9b.jpg
1015,http://farm4.static.flickr.com/3456/3372591945_1518d6b68c.jpg
1016,http://farm4.static.flickr.com/3207/2907655822_22fcfeb7af.jpg
1017,http://farm4.static.flickr.com/3028/2907650304_b9a162320e.jpg
1018,http://farm4.static.flickr.com/3044/2776255874_d74dba50b0.jpg
1019,http://farm4.static.flickr.com/3282/2906809035_59ed00daab.jpg
1020,http://farm3.static.flickr.com/2657/4239089702_76617b4dbc.jpg
1021,http://farm4.static.flickr.com/3075/3158499297_1e983edef2.jpg
1022,http://farm4.static.flickr.com/3086/2737348672_4ff0673f63.jpg
1023,http://farm4.static.flickr.com/3240/3152751254_8ab473e7ca.jpg
1024,http://farm3.static.flickr.com/2673/4125406577_2d1e0f5998.jpg
1025,http://farm3.static.flickr.com/2717/4234386653_bf2dc1fcfd.jpg
1026,http://farm3.static.flickr.com/2365/2568351649_031b5e84b2.jpg
1027,http://farm4.static.flickr.com/3297/3424594624_f948c64bd8.jpg
1028,http://farm4.static.flickr.com/3009/2651108936_20b489bfab.jpg
1029,http://farm4.static.flickr.com/3046/2743773205_a7f80187ba.jpg
1030,http://farm4.static.flickr.com/3108/2778175574_44a5a7735e.jpg
1031,http://farm3.static.flickr.com/2452/3969722431_448f6d36c6.jpg
1032,http://farm4.static.flickr.com/3446/3372587555_69835ac2b1.jpg
1033,http://farm4.static.flickr.com/3125/2907641908_1826c95f11.jpg
1034,http://farm4.static.flickr.com/3465/3372587559_afd217ab0b.jpg
1035,http://farm2.static.flickr.com/1427/1313494043_8037432f32.jpg
1036,http://farm4.static.flickr.com/3534/3300578705_76c29c1e6d.jpg
1037,http://farm3.static.flickr.com/2804/4234382181_5cc3670eee.jpg
1038,http://farm4.static.flickr.com/3277/2568351651_36ac0bd8c1.jpg
1039,http://farm4.static.flickr.com/3563/3411431692_55a91f1197.jpg
1040,http://farm4.static.flickr.com/3524/3826838387_a6697aca60.jpg
1041,http://farm3.static.flickr.com/2556/3936673466_30dc56f242.jpg
1042,http://farm4.static.flickr.com/3079/2777694783_180f619f3a.jpg
1043,http://farm4.static.flickr.com/3186/2604792261_15f2ce7fdb.jpg
1044,http://farm4.static.flickr.com/3200/2906811757_3d1d278f59.jpg
1045,http://farm4.static.flickr.com/3004/2720842990_c3d95c51b8.jpg
1046,http://farm4.static.flickr.com/3099/2778172656_39e4c163b7.jpg
1047,http://farm3.static.flickr.com/2790/4235148932_d1466e8b8d.jpg
1048,http://farm3.static.flickr.com/2748/4196102020_5f4ea91c19.jpg
1049,http://farm4.static.flickr.com/3250/3122874185_800794e3cb.jpg
1050,http://farm4.static.flickr.com/3629/3312315261_5ec1c40611.jpg
1051,http://farm4.static.flickr.com/3240/2596183796_8dd6e57385.jpg
1052,http://farm4.static.flickr.com/3641/3505667784_1d8b986338.jpg
1053,http://farm3.static.flickr.com/2372/2321813594_4cba1acc31.jpg
1054,http://farm4.static.flickr.com/3206/2799407265_4fdc433f9b.jpg
1055,http://farm4.static.flickr.com/3105/3159333526_7f08946390.jpg
1056,http://farm4.static.flickr.com/3172/2777654959_474a8c7144.jpg
1057,http://farm4.static.flickr.com/3049/2536280443_177863809a.jpg
1058,http://farm4.static.flickr.com/3082/2805604346_05fa19129b.jpg
1059,http://farm4.static.flickr.com/3073/2777881637_2d9e093d4c.jpg
1060,http://farm3.static.flickr.com/2142/1537284122_6c4f7459a5.jpg
1061,http://farm4.static.flickr.com/3032/2572897367_660d468fa5.jpg
1062,http://farm3.static.flickr.com/2219/2272119896_d8b2c7d3bb.jpg
1063,http://farm3.static.flickr.com/2514/4234393123_a0f2d2172c.jpg
1064,http://farm4.static.flickr.com/3088/3088695430_91b24358e2.jpg
1065,http://farm4.static.flickr.com/3555/3366204017_a4acc123ce.jpg
1066,http://farm3.static.flickr.com/2171/2536279183_49ca1f22db.jpg
1067,http://farm4.static.flickr.com/3260/2778548628_a2a6b4253d.jpg
1068,http://farm4.static.flickr.com/3553/3778150096_44829dfa44.jpg
1069,http://farm4.static.flickr.com/3016/2594419724_c84c1544db.jpg
1070,http://farm4.static.flickr.com/3122/2596185808_9fc33b63f5.jpg
1071,http://farm4.static.flickr.com/3108/2590958590_a5db1df065.jpg
1072,http://farm4.static.flickr.com/3045/2666895234_cec72f88b3.jpg
1073,http://farm4.static.flickr.com/3444/3373395744_ddcf5aea4a.jpg
1074,http://farm3.static.flickr.com/2536/4076858373_9a3d4beac3.jpg
1075,http://farm4.static.flickr.com/3340/3603971162_84b0c356d2.jpg
1076,http://farm4.static.flickr.com/3163/2573543382_e6a69e6405.jpg
1077,http://farm4.static.flickr.com/3291/2604801621_fcf6aa143d.jpg
1078,http://farm4.static.flickr.com/3090/2466277869_ea77251eeb.jpg
1079,
