0,http://farm3.static.flickr.com/2129/2107165672_df09984790.jpg
1,http://static.flickr.com/3100/2632029661_41f1c13c51.jpg
2,http://www.montereybay.com/creagrus/Barbet_BGir-Mar03Rio2-AGr-f.jpg
3,http://www.giffbeaton.com/Tanazia%202005/Red-and-yellow%20Barbet_2005-01-10-0174.jpg
4,http://farm3.static.flickr.com/2023/2658041177_16def2266d.jpg
5,http://static.flickr.com/1062/1342198902_e1d226e5fe.jpg
6,http://farm1.static.flickr.com/198/479766759_97e3fc5884.jpg
7,http://orientalbirdimages.org/images/data/barbet_blueeared10.jpg
8,http://static.flickr.com/46/114623567_399a8f158d.jpg
9,http://farm1.static.flickr.com/187/476598111_5cbf621fb4.jpg
10,http://i.pbase.com/o6/02/774002/1/80961988.ZHu2Wj7j.GJ3X7152.JPG
11,http://farm3.static.flickr.com/2124/2194442547_cd2f6f3245.jpg
12,http://farm3.static.flickr.com/2218/2168835774_5b59fd8a58.jpg
13,http://farm1.static.flickr.com/182/442899741_3792376c2d.jpg?v=0
14,http://farm4.static.flickr.com/3111/2859159181_009f4532e0.jpg
15,http://farm4.static.flickr.com/3135/2540194693_b7eda5d1da.jpg
16,http://farm2.static.flickr.com/1072/1201534637_703c7ddd88.jpg
17,http://www.birdingintaiwan.com/Black-browed%20Barbet.jpg
18,http://farm3.static.flickr.com/2017/1926282988_b9a1eb0cfa.jpg?v=0
19,http://www.naturephotosociety.org.sg/Images/ArticlePhotos/BarbetNesting/14-the-Barbet-rocket-is-lau.jpg
20,http://farm4.static.flickr.com/3089/2822435342_4353039e80.jpg
21,http://farm1.static.flickr.com/122/300065307_7cc9de7f20.jpg
22,http://static.flickr.com/2104/2101076277_f719afdea4.jpg
23,http://i.pbase.com/o4/05/598805/1/61470231.Barbet.jpg
24,http://www.birdnet.cn/ucenter/data/avatar/000/00/02/61_avatar_middle.jpg
25,http://farm3.static.flickr.com/2396/2039555522_e6d60343d2.jpg
26,http://farm1.static.flickr.com/138/380295843_b829e2ec32.jpg?v=0
27,http://farm1.static.flickr.com/169/478328722_6a9fe78d85.jpg
28,http://www.geocities.com/wondersf/perching-birds/coppersmith_barbet.jpg
29,http://farm1.static.flickr.com/41/122485218_1d4ddc0937.jpg
30,http://farm1.static.flickr.com/147/386522881_0532c49b5f.jpg
31,http://www.charliesbirdblog.com/~charlie/MAA02mar08/copper02.jpg
32,http://farm4.static.flickr.com/3174/2948433090_8a0aed11cd.jpg
33,http://farm3.static.flickr.com/2377/2238684263_f27fd950a7.jpg
34,http://static.flickr.com/127/344734567_50cc757f4c.jpg
35,http://farm1.static.flickr.com/170/431169208_376b0c6518.jpg
36,http://static.flickr.com/2135/2252034487_74b2646769.jpg
37,http://www.northamptonshirewildlife.co.uk/images/tbarbt.jpg
38,http://farm4.static.flickr.com/3206/2892337158_d064324bac.jpg
39,http://lh5.ggpht.com/_6BU2HJeLr9A/RdckFUt0koI/AAAAAAAABEo/MSlf-kAr3CA/199+-+Kruger+Park+-+12_09_2005+-+Grande+plano+do+Crested+Barbet.JPG
40,http://farm1.static.flickr.com/165/387860986_e4c3403260.jpg
41,http://bp1.blogger.com/_KAbRc0cGGm0/R-BI3XO2CkI/AAAAAAAAAG8/bynxGIQDtz4/s320/Barbet-on-papya.jpg
42,http://static.flickr.com/2326/2308106486_3b0853f824.jpg
43,http://k53.pbase.com/o6/62/722262/1/77043084.1Eg3chtW.RedandYellowBarbetSamburu.jpg
