0,http://farm3.static.flickr.com/2186/1737266218_2696987e29.jpg
1,http://azbmd.com/SireReggie.jpg
2,http://www.dogbreedinfo.com/images15/GoldenMountainDogPuppy18days.jpg
3,http://farm1.static.flickr.com/13/93421829_f96f0481e7.jpg
4,http://farm2.static.flickr.com/1326/1364226924_7793f753c2.jpg
5,http://farm1.static.flickr.com/4/5489368_f954cb54c9.jpg
6,http://www.thepetprofessor.com/images/pictures/dogs/bernese_mountain_dog/Bernese_Mountain_5_lg.jpg
7,http://farm1.static.flickr.com/20/73803696_0208927e21.jpg
8,http://farm3.static.flickr.com/2268/2079730504_4e8daeb774.jpg
9,http://farm2.static.flickr.com/1093/1285367392_8e17e5acec.jpg
10,http://www.canilscatle.com.br/fotos/bernese8.jpg
11,http://farm1.static.flickr.com/161/351813085_3d676af980.jpg
12,http://farm1.static.flickr.com/59/181838081_7234dac2b1.jpg
13,http://farm2.static.flickr.com/1275/971121926_c3e6036036.jpg
14,http://www.dogchannel.com/images/blog/2d458e92-7a5d-4fbb-a0a9-8090feed2fd5.jpg
15,http://farm1.static.flickr.com/188/457097777_22a7dc9ee2.jpg
16,http://farm2.static.flickr.com/1039/677531884_07f4133d14.jpg
17,http://farm1.static.flickr.com/148/349634467_de08680a2b.jpg
18,http://farm2.static.flickr.com/1406/1235832174_665637c54b.jpg
19,http://farm3.static.flickr.com/2207/1939829943_1e01168faa.jpg
20,http://farm2.static.flickr.com/1058/1123094666_be22b93d45.jpg
21,http://farm1.static.flickr.com/35/112728587_8a4f5fc3d3.jpg
22,http://farm1.static.flickr.com/40/118931438_4f5ebccf91.jpg
23,http://farm1.static.flickr.com/49/134672121_fc22bc906c.jpg
24,http://farm1.static.flickr.com/45/124768506_07567856aa.jpg
25,http://farm1.static.flickr.com/141/357246087_57df3c5228.jpg
26,http://www.bernese.biz/photos/friendsmemory/11amikki.jpg
27,http://farm1.static.flickr.com/50/124769953_099f3957fe.jpg
28,http://www.321dogs.com/pictures/bernese_mountain_dog_puppy_2.jpg
29,http://farm1.static.flickr.com/117/275775581_eea0001f0e.jpg
30,http://farm2.static.flickr.com/1198/971114074_66c556d364.jpg
31,http://farm1.static.flickr.com/50/150494295_1140c74364.jpg
32,http://farm1.static.flickr.com/145/366729111_e36f8ba0f2.jpg
33,http://www.gotpetsonline.com/pictures-gallery/dog-pictures-breeders-puppies-rescue/bernese-mountain-dog-pictures-breeders-puppies-rescue/pictures-photos/bernese-mountain-dog-0013.jpg
34,http://farm3.static.flickr.com/2233/2194944397_cec9074b99.jpg
35,http://www.gotpetsonline.com/pictures-gallery/dog-pictures-breeders-puppies-rescue/bernese-mountain-dog-pictures-breeders-puppies-rescue/pictures/bernese-mountain-dog-0033.jpg
36,http://farm2.static.flickr.com/1306/845568465_f0d9114587.jpg
37,http://www1.istockphoto.com/file_thumbview_approve/1940471/2/istockphoto_1940471_swimming_bernese_mountain_dog.jpg
38,http://farm1.static.flickr.com/47/143760735_2239236f8a.jpg
39,http://farm1.static.flickr.com/93/233380399_1bd2d7c878.jpg
40,http://farm2.static.flickr.com/1191/970249955_756986bd46.jpg
41,http://farm3.static.flickr.com/2004/2243302580_7b43cb6d16.jpg
42,http://www.puppyparadise.com/Breeds/bernese_mountain_dog.jpg
43,http://farm3.static.flickr.com/2166/2134354661_2dbd0d1a42.jpg
44,http://static.flickr.com/49/125846472_177419b467.jpg
45,http://farm1.static.flickr.com/42/102053251_a6b0672050.jpg
46,http://farm1.static.flickr.com/42/123048791_4860781277.jpg
47,http://farm1.static.flickr.com/25/67125377_dfd3359d2a.jpg
48,http://farm1.static.flickr.com/22/30908963_efec41ca5f.jpg
49,http://farm1.static.flickr.com/128/346810215_5b2f815d85.jpg
50,http://farm2.static.flickr.com/1181/1123107420_9a61ad71a7.jpg
51,http://farm1.static.flickr.com/56/131946618_9dff4e7897.jpg
52,http://www.gotdogsonline.com/bernese-mountain-dog-pictures-breeders-puppies-rescue/pictures/bernese-mountain-dog-0013.jpg
53,http://farm1.static.flickr.com/110/268931732_6ea8641091.jpg
54,http://farm3.static.flickr.com/2075/2208124686_417fc70753.jpg
55,http://farm1.static.flickr.com/184/371451066_d08a9612ca.jpg
56,http://farm1.static.flickr.com/177/395636116_6baa1c75e0.jpg
57,http://farm3.static.flickr.com/2162/1967816060_2f155cff15.jpg
58,http://farm2.static.flickr.com/1011/1399113439_1dbde2255f.jpg
59,http://farm3.static.flickr.com/2100/1967406941_f685334ce5.jpg
60,http://img.quamut.com/chart/1271/08_BerneseMountainDog_vet.jpg
61,http://farm2.static.flickr.com/1095/943503175_65feff7cab.jpg
62,http://users.psln.com/sharing/Michael/Kodi&HisPortrait.jpg;
63,http://republika.pl/blog_ss_3762217/4745920/tr/adorable-bernese-mountain-dog-puppy.jpg
64,http://www.lads.nu/photo/summerdogs.jpg
65,http://yourpethouse.com/images/Breeds/Bernese_Mountain_Dog.jpg
66,http://farm2.static.flickr.com/1393/857627041_747bb9f92c.jpg
67,http://farm2.static.flickr.com/1281/1284508121_b2baccd848.jpg
68,http://farm2.static.flickr.com/1086/853824518_4f55afb195.jpg
69,http://farm1.static.flickr.com/155/338775655_b0d30c64eb.jpg
70,http://farm1.static.flickr.com/179/431524085_7ff584a882.jpg
71,http://static.flickr.com/197/520693175_49406e3b79.jpg
72,http://farm1.static.flickr.com/31/89824901_8276ec962e.jpg
73,http://farm1.static.flickr.com/188/439804009_5f660fcaed.jpg
74,http://images.encarta.msn.com/xrefmedia/sharemed/targets/images/pho/000ff/000ff442.jpg
75,http://farm2.static.flickr.com/1363/1473302881_41522c3508.jpg
76,http://farm1.static.flickr.com/136/348112097_0b5dbcfeb1.jpg
77,http://farm1.static.flickr.com/35/123591952_5ced6067ae.jpg
78,http://static.flickr.com/180/431606399_afdd07652d.jpg
79,http://farm1.static.flickr.com/33/52237711_3b548ad669.jpg
80,http://i.ehow.com/images/GlobalPhoto/Articles/2111188/BELLEBANDIT4-main_Full.jpg
81,http://farm3.static.flickr.com/2208/2195626337_1fde32c884.jpg
82,http://farm1.static.flickr.com/9/69900785_950ff3254e.jpg
83,http://www.sheerpawfection.com/Hansel_Snow.jpg
84,http://www.puppyeducation.com/breeds/images/dogs/bernese_mtn_dog.jpg
85,http://farm2.static.flickr.com/1172/536270445_9ffc0d1a26.jpg
86,http://farm2.static.flickr.com/1289/677539676_8e214f10c3.jpg
87,http://farm1.static.flickr.com/114/266929716_451314f899.jpg
88,http://farm1.static.flickr.com/167/433885423_a33b361ea9.jpg
89,http://www.gooddogworks.ca/Riggs%20head%202006.jpg
90,http://farm1.static.flickr.com/222/490669203_2a2d61b692.jpg
91,http://farm1.static.flickr.com/42/123592108_7b77bd6dfa.jpg
92,http://farm1.static.flickr.com/41/112898640_cdb7af0922.jpg
93,http://farm3.static.flickr.com/2144/1563951192_59774cf038.jpg
94,http://farm1.static.flickr.com/179/425943554_d8f308f378.jpg
95,http://farm1.static.flickr.com/48/120763515_21bf18f247.jpg
96,http://farm3.static.flickr.com/2401/2066628356_22c2bb85ec.jpg
97,http://farm2.static.flickr.com/1009/554404538_72c3ef81e5.jpg
98,http://farm3.static.flickr.com/2035/1496898979_6482d1e9d3.jpg
99,http://farm1.static.flickr.com/43/113868886_ffca83128a.jpg
100,http://farm2.static.flickr.com/1196/971102284_3105a7b426.jpg
101,http://farm1.static.flickr.com/143/365043584_614ad72569.jpg
102,http://farm3.static.flickr.com/2195/2216909617_4b2d53e927.jpg
103,http://static.flickr.com/1141/1273207312_540bc452a0.jpg
104,http://farm2.static.flickr.com/1387/1071438731_468a9de9fb.jpg
105,http://farm3.static.flickr.com/2023/1679332403_61336ae844.jpg
106,http://farm3.static.flickr.com/2197/2065843501_27dffb61f9.jpg
107,http://farm1.static.flickr.com/220/461138863_f06724d238.jpg
108,http://farm2.static.flickr.com/1133/529710562_1b01394111.jpg
109,http://farm3.static.flickr.com/2375/1939852811_d7e79aeee2.jpg
110,http://farm2.static.flickr.com/1234/1235827488_71c270e9bf.jpg
111,http://farm2.static.flickr.com/1289/1123110470_0f3879e945.jpg
112,http://puppydogweb.com/gallery/bernesemountaindogs/bernesemountaindog_smedley.jpg
113,http://farm3.static.flickr.com/2362/2196414998_ae27d568d7.jpg
114,http://www.bestofbreeds.com/breedprofiles/Jones.jpg
115,http://farm1.static.flickr.com/26/131946420_0cd210450a.jpg
116,http://farm2.static.flickr.com/1185/919540364_23803edf4d.jpg
117,http://www.checksyourway.com/htm/itempic/bernese_mountain_a_cecd.jpg
118,http://farm1.static.flickr.com/17/21650594_315d215b66.jpg
119,http://www.megalink.net/~krisgret/images/zackpup.jpg
120,http://farm1.static.flickr.com/149/413888030_3c33019c22.jpg
121,http://farm1.static.flickr.com/149/358485371_6f81c3819c.jpg
122,http://farm1.static.flickr.com/29/63869852_cc9fe6abe3.jpg
123,http://static.flickr.com/1389/1187666987_4cbb66be03.jpg
124,http://farm3.static.flickr.com/2293/2245963342_cbbc8b802d.jpg
125,http://farm1.static.flickr.com/33/45862339_df1f1c8082.jpg
126,http://farm1.static.flickr.com/173/461130245_18a28e99ec.jpg
127,http://www.shopanimalnetwork.com/images/products/doralpub/BerneseMountainDog.jpg
128,http://farm1.static.flickr.com/22/34314784_f7e27b0af0.jpg
129,http://farm3.static.flickr.com/2041/2214091225_d96aac511d.jpg
130,http://www.azbmd.com/Jodel.jpg
131,http://farm2.static.flickr.com/1159/696562862_ce7899a99d.jpg
132,http://farm1.static.flickr.com/128/351270990_bf9880433c.jpg
133,http://farm1.static.flickr.com/148/335756288_134ad0065d.jpg
134,http://farm3.static.flickr.com/2246/2141718081_87dc999762.jpg
135,http://farm2.static.flickr.com/1149/1364228618_b3bdb3cd3f.jpg
136,http://farm1.static.flickr.com/39/113868884_4dce7d9dc1.jpg
137,http://farm1.static.flickr.com/233/519898771_597e9399a5.jpg
138,http://farm3.static.flickr.com/2133/2065826459_03d6632ce6.jpg
139,http://farm1.static.flickr.com/38/81517491_17b62977ef.jpg
140,http://farm1.static.flickr.com/172/393290008_0fd7324ea9.jpg
141,http://farm3.static.flickr.com/2131/2194944681_65279e7d0b.jpg
142,http://farm1.static.flickr.com/137/383506698_21b87f4cc1.jpg
143,http://puppylocator.com/uploads/images/1163446815DSC02190.JPG
144,http://farm1.static.flickr.com/56/125846428_ab8c9cc331.jpg
145,http://farm1.static.flickr.com/220/475094000_819b4a01c0.jpg
146,http://farm1.static.flickr.com/22/26972040_b0d3a7c6df.jpg
147,http://farm1.static.flickr.com/149/409969412_dcae3fc8e9.jpg
148,http://farm1.static.flickr.com/15/21650579_09fff6ddb3.jpg
149,http://farm1.static.flickr.com/42/120319270_425f704a74.jpg
150,http://farm1.static.flickr.com/46/190111547_bceda3572f.jpg
151,http://farm1.static.flickr.com/148/419200765_6ff9329d8b.jpg
152,http://farm1.static.flickr.com/170/419200764_6c62590022.jpg
153,http://farm2.static.flickr.com/1136/1285366994_744d269148.jpg
154,http://farm1.static.flickr.com/72/153995464_4a97df79a6.jpg
155,http://farm2.static.flickr.com/1082/846423006_2ec37415fc.jpg
156,http://farm1.static.flickr.com/34/207345599_7666844b61.jpg
157,http://farm1.static.flickr.com/145/393277131_7998e6ad6e.jpg
158,http://farm1.static.flickr.com/36/99009229_541187e22a.jpg
159,http://farm1.static.flickr.com/56/148057735_6e93ee9d14.jpg
160,http://farm2.static.flickr.com/1140/537217298_6d9dca3189.jpg
161,http://farm1.static.flickr.com/206/445020157_b84723fd71.jpg
162,http://farm1.static.flickr.com/112/296043066_cfb0e55fbb.jpg
163,http://farm3.static.flickr.com/2145/1887097039_c30b23571d.jpg
164,http://farm2.static.flickr.com/1386/605506009_b7f86591bb.jpg
165,http://farm1.static.flickr.com/254/525274003_b8cd2e7330.jpg
166,http://farm1.static.flickr.com/37/123592073_306c930bb1.jpg
167,http://bernerhouse.ru/photos/small/news/Hammer_Eney.jpg
168,http://farm1.static.flickr.com/63/193305642_1afce5daf7.jpg
169,http://farm1.static.flickr.com/165/439804013_dd605ec841.jpg
170,http://farm3.static.flickr.com/2391/1727024728_d9a83a2193.jpg
171,http://farm3.static.flickr.com/2211/2228673638_204612defc.jpg
172,http://farm2.static.flickr.com/1246/1090030865_ccd5fac858.jpg
173,http://farm1.static.flickr.com/66/170469054_2b021eb1e2.jpg
174,http://farm1.static.flickr.com/49/130176145_06f2875e13.jpg
175,http://farm3.static.flickr.com/2017/2073375477_cea17b7c51.jpg
176,http://farm3.static.flickr.com/2328/2048745633_b04906096c.jpg
177,http://images.jupiterimages.com/common/detail/25/73/22247325.jpg
178,http://farm1.static.flickr.com/74/183689936_47f2477ed7.jpg
179,http://farm1.static.flickr.com/106/252211085_a4ac3d60c4.jpg
180,http://farm1.static.flickr.com/179/457073826_04ae78be3c.jpg
181,http://www.lionelfalcon.com/~lionel/Dogs/tn_bernesemountaindog01.jpg
182,http://www.dogguide.net/images/breeds/bernesebountaindog.jpg
183,http://farm1.static.flickr.com/47/129924912_9db5366ebb.jpg
184,http://farm3.static.flickr.com/2320/2073376925_2c95841cea.jpg
185,http://farm1.static.flickr.com/31/66834603_a3295f6de7.jpg
186,http://farm2.static.flickr.com/1329/747364040_e3581913e5.jpg
187,http://farm3.static.flickr.com/2246/2047516021_887d7033d5.jpg
188,http://farm1.static.flickr.com/44/137507845_fcb761a932.jpg
189,http://www.catbreedinfo.net/images/BerneseMountainrobinson.jpg
190,http://farm1.static.flickr.com/34/72234623_85e1f759ec.jpg
191,http://farm2.static.flickr.com/1319/941143188_611bd029ec.jpg
192,http://farm1.static.flickr.com/45/143760717_6db06a71b2.jpg
193,http://farm1.static.flickr.com/156/351270935_eb96b87b49.jpg
194,http://p7.p.pixnet.net/albums/userpics/7/5/72975/thumb_113549052316.jpg
195,http://farm1.static.flickr.com/53/113876672_8096b4d777.jpg
196,http://farm2.static.flickr.com/1036/1424174378_225fe39266.jpg
197,http://farm1.static.flickr.com/133/338775632_3b154b1c4d.jpg
198,http://www.holisticdog.com/wp-content/uploads/2007/08/essa.jpg
199,http://farm3.static.flickr.com/2166/2077925228_03f61ff1d0.jpg
200,http://farm1.static.flickr.com/168/460784022_6e52b5969a.jpg
201,http://farm2.static.flickr.com/1042/676669023_d1eadc0e5c.jpg
202,http://farm2.static.flickr.com/1297/846429622_996d81fcef.jpg
203,http://farm1.static.flickr.com/150/371489306_6d516e4d4f.jpg
204,http://farm1.static.flickr.com/67/168493019_699391942b.jpg
205,http://farm1.static.flickr.com/34/112728600_b55df01155.jpg
206,http://farm1.static.flickr.com/121/369304846_59a5f18fb6.jpg
207,http://p7.p.pixnet.net/albums/userpics/7/5/72975/thumb_113549052241.jpg
208,http://farm1.static.flickr.com/48/125929086_6dbdab219f.jpg
209,http://farm1.static.flickr.com/118/296043237_e958767a32.jpg
210,http://farm3.static.flickr.com/2153/2121492242_ae83711d00.jpg
211,http://farm1.static.flickr.com/70/207345204_6e3b4a24ef.jpg
212,http://farm2.static.flickr.com/1160/777092765_7da572fdc4.jpg
213,http://farm1.static.flickr.com/47/138969406_763cda5952.jpg
214,http://farm1.static.flickr.com/75/219932600_06790d4063.jpg
215,http://www.propettransports.com/graphics/dogs/025.png
216,http://static.flickr.com/2167/1925701891_edf7f0f083.jpg
217,http://farm3.static.flickr.com/2121/2130018297_03b9ac38f3.jpg
218,http://farm2.static.flickr.com/1226/792409312_ffec4dd515.jpg
219,http://farm1.static.flickr.com/149/392607679_cc1eb1887f.jpg
220,http://www.delagreabmd.com/images/Delagrea%201.jpg
221,http://farm1.static.flickr.com/34/73050613_c51922b633.jpg
222,http://farm3.static.flickr.com/2222/2239705222_82538ab578.jpg
223,http://farm1.static.flickr.com/86/274317245_80651abd6b.jpg
224,http://farm1.static.flickr.com/247/516605716_1fca06bff6.jpg
225,http://farm1.static.flickr.com/45/137507616_f343d2a937.jpg
226,http://www.bernese.biz/photos/friendsmemory/00001dharma.jpg
227,http://www.pvbmdc.org/XMasPix2006.jpg
228,http://farm2.static.flickr.com/1313/1235844664_527a8aad5c.jpg
229,http://farm2.static.flickr.com/1055/971122662_cae29803fa.jpg
230,http://farm1.static.flickr.com/94/251727273_3f83d878d4.jpg
231,http://farm3.static.flickr.com/2128/2195730950_b7e4a9c51c.jpg
232,http://static.flickr.com/1073/556386427_83350ba448.jpg
233,http://farm1.static.flickr.com/244/1496899015_932a56b91c.jpg
234,http://farm1.static.flickr.com/31/45862097_a0dcf7c279.jpg
235,http://farm3.static.flickr.com/2322/1860407629_606d1749ab.jpg
236,http://static.flickr.com/47/149816610_1f9d1a705c.jpg
237,http://farm2.static.flickr.com/1125/846422432_54a0c7324f.jpg
238,http://farm1.static.flickr.com/188/418687640_927326d7df.jpg
239,http://static.flickr.com/2034/1847549634_3d8673a8e2.jpg
240,http://farm1.static.flickr.com/44/131946607_ca5ac457c1.jpg
241,http://farm1.static.flickr.com/51/129924868_751d1ebb6c.jpg
242,http://farm1.static.flickr.com/139/360866962_3034be38dd.jpg
243,http://farm1.static.flickr.com/224/475779043_a67492b895.jpg
244,http://farm1.static.flickr.com/52/170468401_26a1565413.jpg
245,http://farm3.static.flickr.com/2206/2169045664_c2a2064bda.jpg
246,http://farm1.static.flickr.com/47/113876675_73dda15edc.jpg
247,http://farm1.static.flickr.com/48/137507645_81fd2d153d.jpg
248,http://farm1.static.flickr.com/73/208279624_6e754babed.jpg
249,http://farm1.static.flickr.com/134/382680787_1b0b90c5cb.jpg
250,http://www.petpicsonline.com/images/galleries/berner-mountain-sm.jpg
251,http://farm1.static.flickr.com/84/246996283_f2eae879fc.jpg
252,http://farm1.static.flickr.com/29/89823278_c0eaae460c.jpg
253,http://farm2.static.flickr.com/1158/1063249492_7113d4f6e0.jpg
254,http://www.dogsindepth.com/working_dog_breeds/images/bernese_mountain_dog_b.jpg
255,http://www.cabalcaninecandids.com/assets/images/6BERNESE2.jpg
256,http://www.dogbreedinfo.com/images18/BerneseMountainDogWillow5Years.JPG
257,http://page.aigou.com/html/cku/images/2005_12_26_cku_dog2_19.jpg
258,http://farm1.static.flickr.com/164/423348832_5a7a1d69a8.jpg
259,http://farm2.static.flickr.com/1204/906172383_a9a59a63b0.jpg
260,http://www.gotpetsonline.com/pictures-gallery/dog-pictures-breeders-puppies-rescue/bernese-mountain-dog-pictures-breeders-puppies-rescue/pictures/bernese-mountain-dog-0064.jpg
261,http://www.dkimages.com/discover/previews/867/5003037.JPG
262,http://static.flickr.com/21/24973563_6e8a40aaa6.jpg
263,http://farm1.static.flickr.com/46/131946426_a6a68f62ae.jpg
264,http://farm1.static.flickr.com/45/345574061_5413ac46f2.jpg
265,http://farm1.static.flickr.com/42/80423535_fd14b36ba5.jpg
266,http://farm1.static.flickr.com/18/24125048_245ff54fd0.jpg
267,http://farm2.static.flickr.com/1365/1353977808_31e7a6e1e5.jpg
268,http://static.flickr.com/22/26583792_87cc1b86e3.jpg
269,http://www.karebearberners.com/images/bernese-mountain-dog-puppy.jpg
270,http://farm1.static.flickr.com/7/9485643_ec0976836a.jpg
271,http://farm3.static.flickr.com/2038/1498015076_66c60a362c.jpg
272,http://farm1.static.flickr.com/15/20202741_08662dca74.jpg
273,http://static.flickr.com/150/423348800_b302370a8a.jpg
274,http://farm1.static.flickr.com/144/373692678_a0fd4b4764.jpg
275,http://farm3.static.flickr.com/2337/2073373785_cada1e44fa.jpg
276,http://farm1.static.flickr.com/188/371478630_f55ab69898.jpg
277,http://www.gotpetsonline.com/pictures-gallery/dog-pictures-breeders-puppies-rescue/bernese-mountain-dog-pictures-breeders-puppies-rescue/pictures/bernese-mountain-dog-0008.jpg
278,http://farm2.static.flickr.com/1141/605300083_1382241334.jpg
279,http://farm1.static.flickr.com/134/379181170_b728a31451.jpg
280,http://farm2.static.flickr.com/1331/970267541_07710cbbb7.jpg
281,http://farm2.static.flickr.com/1087/1259497103_839e4a765f.jpg
282,http://farm1.static.flickr.com/49/113871410_4a71d04c24.jpg
283,http://farm1.static.flickr.com/199/441415636_056efa8fc5.jpg
284,http://farm2.static.flickr.com/1369/1234978615_0c07d4fd30.jpg
285,http://farm1.static.flickr.com/38/113868888_07d3508e03.jpg
286,http://farm1.static.flickr.com/31/56631383_bd2c65466b.jpg
287,http://farm1.static.flickr.com/35/67698457_c48f7b18d8.jpg
288,http://farm1.static.flickr.com/38/123592134_00c65eeac4.jpg
289,http://farm1.static.flickr.com/38/117872513_30d4c31445.jpg
290,http://farm1.static.flickr.com/142/338775550_5ab23476e6.jpg
291,http://farm1.static.flickr.com/169/414159351_9129e38117.jpg
292,http://farm2.static.flickr.com/1386/636133270_0282d65cab.jpg
293,http://farm1.static.flickr.com/117/252210795_9d243ee5e9.jpg
294,http://farm1.static.flickr.com/35/69303098_ab5d585c20.jpg
295,http://farm1.static.flickr.com/178/460586611_7232bf1673.jpg
296,http://farm2.static.flickr.com/1194/676699475_51123a1ae8.jpg
297,http://www.dogtimes.com.br/imagens/bernese-nc.jpg
298,http://farm1.static.flickr.com/187/454416094_13a0986884.jpg
299,http://farm1.static.flickr.com/31/61983943_2dddae5c40.jpg
300,http://farm1.static.flickr.com/45/148057804_c86e34050c.jpg
301,http://farm1.static.flickr.com/64/198397752_72f47831a0.jpg
302,http://farm1.static.flickr.com/52/151137695_3412f0dedf.jpg
303,http://farm2.static.flickr.com/1055/1123111074_6affd803ea.jpg
304,http://farm2.static.flickr.com/1004/1416194890_9e96a6f5e0.jpg
305,http://static.flickr.com/127/324144386_6e6614ee85.jpg
306,http://farm1.static.flickr.com/33/66834181_2016453b04.jpg
307,http://farm3.static.flickr.com/2358/2065823855_fad89ff4c7.jpg
308,http://img.dogpublic.com/breedImages/456.jpg
309,http://www.mountaindogpuppies.com/images/St%20Martin%203.jpg
310,http://farm1.static.flickr.com/73/211949135_99df9288bb.jpg
311,http://farm2.static.flickr.com/1124/1062735267_579c43036b.jpg
312,http://farm3.static.flickr.com/2405/2194944625_a423ec8fe5.jpg
313,http://farm1.static.flickr.com/86/281715843_8147be34e3.jpg
314,http://www.dogguide.net/dog-pictures/wp-content/pics/09192007-zoe/tumbs/tmb_Zoe%20at%2012%20weeks.jpg
315,http://farm1.static.flickr.com/120/297649482_e89d08afbb.jpg
316,http://www.tomnardozzi.com/images/bernese.jpg
317,http://www.avatarbernese.com/images/ty.jpg
318,http://farm2.static.flickr.com/1105/532582929_e0f551b27a.jpg
319,http://www.orecan.com/images/storehouse/Darcy-55.jpg
320,http://farm3.static.flickr.com/2198/2198451538_d6edbb8beb.jpg
321,http://farm1.static.flickr.com/177/428180792_8b380d31f9.jpg
322,http://farm1.static.flickr.com/21/26583797_269fe3d4d3.jpg
323,http://www.saintbernardkeg.com/eiger.jpg
324,http://farm1.static.flickr.com/127/335773293_d231022199.jpg
325,http://farm1.static.flickr.com/101/300466161_dde968e82a.jpg
326,http://farm1.static.flickr.com/206/507366600_10aa8077f4.jpg
327,http://farm1.static.flickr.com/45/113875784_a0a6b37f21.jpg
328,http://farm1.static.flickr.com/124/393289848_7dba793fb5.jpg
329,http://www.caninesportscenter.com/e107_plugins/autogallery/Gallery/th_Bernese_Mountain_Dog_-_Sophie.jpg
330,http://farm1.static.flickr.com/3/2561909_4ee8ff0c52.jpg
331,http://www.dogbuyersguide.com/Bernese-Mountain-Dog.jpg
332,http://farm1.static.flickr.com/128/383506175_cb34573b70.jpg
333,http://farm1.static.flickr.com/9/68489316_990d5c6376.jpg
334,http://static.flickr.com/176/466712551_91020e7d09.jpg
335,http://www.gotpetsonline.com/pictures-gallery/dog-pictures-breeders-puppies-rescue/bernese-mountain-dog-pictures-breeders-puppies-rescue/pictures-photos/bernese-mountain-dog-0028.jpg
336,http://farm1.static.flickr.com/176/377076275_9d09728455.jpg
337,http://farm1.static.flickr.com/182/485410062_54fb86d913.jpg
338,http://farm2.static.flickr.com/1219/676674101_c9986ee724.jpg
339,http://farm1.static.flickr.com/56/116053185_bcde5d3c48.jpg
340,http://farm1.static.flickr.com/64/198397630_7aff69a577.jpg
341,http://farm2.static.flickr.com/1278/1235822698_95941ff778.jpg
342,http://farm2.static.flickr.com/1383/559215851_3f4899275b.jpg
343,http://farm1.static.flickr.com/48/137508276_9f37b96d7e.jpg
344,http://farm1.static.flickr.com/185/370776374_7a49f62914.jpg
345,http://farm2.static.flickr.com/1419/1235829824_20276ec2b8.jpg
346,http://farm2.static.flickr.com/1436/676663769_9ff031774d.jpg
347,http://farm3.static.flickr.com/2081/2125375436_c80e9b9442.jpg
348,http://farm1.static.flickr.com/193/520786896_240fdcdc21.jpg
349,http://farm3.static.flickr.com/2246/2220153070_d57c8f0a69.jpg
350,http://static.flickr.com/2275/1492592653_35908548f2.jpg
351,http://farm2.static.flickr.com/1223/871657073_4a5dbdb250.jpg
352,http://farm1.static.flickr.com/39/123592012_c159266da6.jpg
353,http://aylerbernese.com/img/Keegan%20&%20Arwen%20new%20champions%20web%20shot.jpg
354,http://bernesebreeders.org/images/panda_bmdcsew2004.jpg
355,http://farm2.static.flickr.com/1085/1473301079_222a4dcf7b.jpg
356,http://farm2.static.flickr.com/1218/569886219_7b3ca616ac.jpg
357,http://ecx.images-amazon.com/images/I/3175v71nS2L._AA160_.jpg
358,http://farm2.static.flickr.com/1340/575831670_dbb0d8bac8.jpg
359,http://farm3.static.flickr.com/2388/2197914346_8e1cd33b31.jpg
360,http://farm1.static.flickr.com/51/185669041_65cc55c417.jpg
361,http://www.oddvoubriz.eu/doly1_zv.jpg
362,http://farm1.static.flickr.com/132/345587981_1adddb9a9d.jpg
363,http://farm1.static.flickr.com/239/454453033_622a8e72c7.jpg
364,http://farm1.static.flickr.com/22/30908968_5f46c14788.jpg
365,http://abnormality.purpleflowers.net/crufts/working/bernese_mountain_dog6.jpg
366,http://farm2.static.flickr.com/1236/1162443720_4aac3cec75.jpg
367,http://farm1.static.flickr.com/123/317766414_104e1d4aa5.jpg
368,http://farm1.static.flickr.com/46/148317977_492ff592db.jpg
369,http://bmdca.org/specialty/2008/images/dog_ship.jpg
370,http://farm3.static.flickr.com/2357/2045389744_64fea62150.jpg
371,http://bp1.blogger.com/_aTXolesEgPc/RYbmliuvA1I/AAAAAAAAAAY/Z2N9s8ZpV5I/s320/Duke.jpg
372,http://farm1.static.flickr.com/115/305776581_14a3d75c60.jpg
373,http://static.flickr.com/1020/824646372_e809c21f8b.jpg
374,http://farm1.static.flickr.com/155/371489300_bc9b9baba7.jpg
375,http://farm1.static.flickr.com/148/418687653_9c791c137e.jpg
376,http://www.doganswers.com/images/off.jpg
377,http://farm1.static.flickr.com/13/91146969_c3edac8ebf.jpg
378,http://farm2.static.flickr.com/1042/865135504_4370f7ec81.jpg
379,http://farm2.static.flickr.com/1263/697641890_5fbd2e726a.jpg
380,http://farm1.static.flickr.com/73/190112363_e34a333f4a.jpg
381,http://farm1.static.flickr.com/36/114837844_a8e60fdc6e.jpg
382,http://farm2.static.flickr.com/1170/845552603_0139b299c1.jpg
383,http://farm1.static.flickr.com/51/143760867_b178e91e69.jpg
384,http://farm3.static.flickr.com/2131/2142084146_6b6c15ed42.jpg
385,http://farm1.static.flickr.com/233/460841445_a0aa4857a7.jpg
386,http://farm2.static.flickr.com/1143/858659408_b4583488e7.jpg
387,http://farm2.static.flickr.com/1427/1358479229_ae665b365a.jpg
388,http://static.flickr.com/52/135275226_5bc8d65b7b.jpg
389,http://farm1.static.flickr.com/36/112898728_3068ba3200.jpg
390,http://farm3.static.flickr.com/2122/2206299876_e9b6cc1765.jpg
391,http://farm1.static.flickr.com/51/127966875_190f75f7c0.jpg
392,http://farm2.static.flickr.com/1181/858658952_2b86cd310f.jpg
393,http://www.bernese.biz/photos/homesamsstory/4Sam.jpg
394,http://farm1.static.flickr.com/124/328508931_0241165a93.jpg
395,http://farm1.static.flickr.com/65/168493153_bd7942634e.jpg
396,http://www.joyfulhonda.com/pet/img/bernese_mountain_dog.jpg
397,http://static.flickr.com/32/54037136_5c7780402e.jpg
398,http://farm2.static.flickr.com/1305/636133322_f561893424.jpg
399,http://farm1.static.flickr.com/132/380180776_625dd74708.jpg
400,http://xyberpet.com/BMD/benco/q5%20frame.JPG
401,http://farm3.static.flickr.com/2393/2041540939_3e8499abf8.jpg
402,http://farm3.static.flickr.com/2419/1497864206_100ee0553a.jpg
403,http://farm2.static.flickr.com/1160/858659776_7ab46a8c54.jpg
404,http://www.doganswers.com/images/off1.jpg
405,http://farm1.static.flickr.com/151/381029160_c90a8b7d3f.jpg
406,http://farm1.static.flickr.com/76/185667854_fe3c36b229.jpg
407,http://farm1.static.flickr.com/56/190110695_46c61900fc.jpg
408,http://farm1.static.flickr.com/83/254850717_f502438f4f.jpg
409,http://farm1.static.flickr.com/131/387744765_fbdb949142.jpg
410,http://static.flickr.com/151/340954655_8b73789880.jpg
411,http://farm3.static.flickr.com/2343/1679410047_2966b7fd3d.jpg
412,http://farm1.static.flickr.com/53/131946612_dd01d0e2cd.jpg
413,http://www.gamesinathens.com/media/8/87/bernese_mountain_dogs.jpg
414,http://farm1.static.flickr.com/40/99821532_ec2f6fb7b0.jpg
415,http://www.concordcarlislenewcomers.org/images/puppy.jpg
416,http://farm1.static.flickr.com/107/295957731_a98ccda3b4.jpg
417,http://static.flickr.com/52/432271143_ecb5ff97d3.jpg
418,http://farm2.static.flickr.com/1106/548135918_803f510602.jpg
419,http://www.projetoproanimal.com.br/fotos/0berner.jpg
420,http://farm1.static.flickr.com/92/223693265_57633c7258.jpg
421,http://farm1.static.flickr.com/67/195517029_8f9ed2b6cb.jpg
422,http://farm1.static.flickr.com/44/147585926_8e8b96936c.jpg
423,http://static.flickr.com/78/223693320_92cac80a9d.jpg
424,http://static.flickr.com/59/168493472_c469ee5d2e.jpg
425,http://farm1.static.flickr.com/71/196122655_6067dfdddf.jpg
426,http://www.oscars.co.uk/img/breed/140e_Bernesemountaindog.jpg
427,http://farm1.static.flickr.com/137/378389364_ed72827cb7.jpg
428,http://farm1.static.flickr.com/146/336231895_a1313252a8.jpg
429,http://farm2.static.flickr.com/1009/943508537_ff68fab4d9.jpg
430,http://farm2.static.flickr.com/1392/1469013306_77045b716b.jpg
431,http://farm1.static.flickr.com/166/422445842_26da82244a.jpg
432,http://farm1.static.flickr.com/81/252210830_375265caf6.jpg
433,http://www1.istockphoto.com/file_thumbview_approve/3188638/2/istockphoto_3188638_bernese_mountain_dog_puppy.jpg
434,http://static.flickr.com/37/109887098_47e66d414b.jpg
435,http://farm2.static.flickr.com/1284/605565603_a090d87637.jpg
436,http://farm2.static.flickr.com/1401/845546455_5c705b8f53.jpg
437,http://farm1.static.flickr.com/143/319769152_d5c1ede605.jpg
438,http://farm3.static.flickr.com/2307/2196415266_ce28650917.jpg
439,http://farm2.static.flickr.com/1272/1234967817_817460b6e2.jpg
440,http://farm1.static.flickr.com/39/117729668_263647240a.jpg
441,http://farm1.static.flickr.com/64/220087864_be63250ee4.jpg
442,http://www.bernese.biz/photos/homesamsstory/1aOlliesm.jpg
443,http://farm2.static.flickr.com/1291/1122259457_c33fb77142.jpg
444,http://farm1.static.flickr.com/12/17557259_e7c10172e6.jpg
445,http://farm1.static.flickr.com/34/113875782_2c0e4ec5f5.jpg
446,http://www.topdogphotos.com/photogallery/thumbs/bernese-mountain-dog-DSC_0069.jpg
447,http://farm1.static.flickr.com/159/335751740_2736602ac0.jpg
448,http://farm3.static.flickr.com/2106/2206300166_7d505c964c.jpg
449,http://farm2.static.flickr.com/1382/1284508443_2fe9970a32.jpg
450,http://www.gotdogsonline.com/bernese-mountain-dog-pictures-breeders-puppies-rescue/pictures-photos/bernese-mountain-dog-0058.jpg
451,http://farm1.static.flickr.com/192/506068108_8a0afde1ac.jpg
452,http://farm1.static.flickr.com/120/314464809_21ce092231.jpg
453,http://farm3.static.flickr.com/2184/2194944817_ac04d0d2ca.jpg
454,http://farm1.static.flickr.com/54/150643813_5d305cdd1d.jpg
455,http://static.flickr.com/50/113867216_a55d7c7307.jpg
456,http://static.flickr.com/142/325051678_4c9240ba36.jpg
457,http://static.flickr.com/96/224405925_9a27188405.jpg
458,http://static.flickr.com/45/107873186_4a8ea4446c.jpg
459,http://farm1.static.flickr.com/56/150494368_3a4ab3c09b.jpg
460,http://farm1.static.flickr.com/92/223693462_c259aca524.jpg
461,http://farm1.static.flickr.com/196/529264163_22e1e5f882.jpg
462,http://farm1.static.flickr.com/40/81527890_dfceb0b581.jpg
463,http://farm1.static.flickr.com/19/110859817_a9c61a5247.jpg
464,http://www.dogsofnyc.com/wp-content/uploads/2007/10/bernese1.jpg
465,http://www.europuppyusa.com/images/europu_refimages/192_kicsi.jpg
466,http://farm2.static.flickr.com/1270/1244071891_1158dbb32b.jpg
467,http://farm1.static.flickr.com/221/475094004_dfe233e491.jpg
468,http://www.bernese.biz/photos2/friendsmemory3/Harper2.jpg
469,http://www.norcalbernese.org/images/Jed%20man%20hair%20Jan%2003+paint.jpg
470,http://farm1.static.flickr.com/181/438555186_330083da1b.jpg
471,http://farm1.static.flickr.com/48/119497057_f059929f9d.jpg
472,http://farm1.static.flickr.com/45/142534006_40dcfc3a85.jpg
473,http://www.pupcity.com/images/adpics/20051201943.jpg
474,http://farm3.static.flickr.com/2115/2066599186_aad8007513.jpg
475,http://farm2.static.flickr.com/1098/676700315_8c9fc7f18e.jpg
476,http://farm2.static.flickr.com/1333/851018383_d81c64e3dc.jpg
477,http://static.flickr.com/2120/2122735907_51ec4d2f62.jpg
478,http://farm2.static.flickr.com/1039/1285369256_440e27d1af.jpg
479,http://farm2.static.flickr.com/1118/1473882272_1d7af54a26.jpg
480,http://puppydogweb.com/gallery/bernesemountaindogs/bernesemountaindog_dayneashbaugh.jpg
481,http://www.jewelwebdesign.com/Jr/images/rorylarge.jpg
482,http://static.flickr.com/165/431595569_e710f0e2ef.jpg
483,http://static.flickr.com/23/26585983_9e476a79a7.jpg
484,http://farm1.static.flickr.com/111/297672011_4946af5ab0.jpg
485,http://farm3.static.flickr.com/2073/2066602968_47093d910b.jpg
486,http://farm1.static.flickr.com/124/388912256_772fdec16e.jpg
487,http://farm1.static.flickr.com/25/61983944_e4a1346a71.jpg
488,http://farm1.static.flickr.com/146/432661187_0d9d630349.jpg
489,http://farm3.static.flickr.com/2195/2066601042_a5a7e55194.jpg
490,http://www.champdogs.co.uk/images/k90d5.jpg
491,http://farm1.static.flickr.com/141/317766415_decb98671c.jpg
492,http://farm2.static.flickr.com/1391/559214123_c965782349.jpg
493,http://farm3.static.flickr.com/2392/2240687226_f7da8b41eb.jpg
494,http://farm2.static.flickr.com/1046/716279443_701b416198.jpg
495,http://farm1.static.flickr.com/53/137020732_7aa68a5570.jpg
496,http://www.petsmo.com/pets/images/19.jpg
497,http://farm1.static.flickr.com/18/23966732_537a8d0fc3.jpg
498,http://www.eponairishfarm.com/images/Family_day_12.jpg
499,http://farm1.static.flickr.com/65/190111190_8ee431c10d.jpg
500,http://farm1.static.flickr.com/131/395625517_9bb0009fc3.jpg
501,http://farm1.static.flickr.com/80/226273939_6ed762c2f3.jpg
502,http://farm2.static.flickr.com/1041/677529988_613282c5a4.jpg
503,http://farm2.static.flickr.com/1342/1345791805_80fad3ca37.jpg
504,http://static.flickr.com/187/451697080_b9843188a8.jpg
505,http://farm3.static.flickr.com/2091/2135002798_fd20edf943.jpg
506,http://farm1.static.flickr.com/56/143760904_36e2e7fa7f.jpg
507,http://farm3.static.flickr.com/2343/1774097799_fb49da1dbe.jpg
508,http://farm3.static.flickr.com/2285/2181461755_fca7923a37.jpg
509,http://farm1.static.flickr.com/67/197067816_688938a1c3.jpg
510,http://farm1.static.flickr.com/35/122447848_77f9565dc4.jpg
511,http://farm3.static.flickr.com/2153/2207635771_7da6021dd6.jpg
512,http://farm2.static.flickr.com/1033/575898762_727a67942c.jpg
513,http://farm3.static.flickr.com/2055/2062824971_3945d8b0d1.jpg
514,http://farm1.static.flickr.com/85/246071003_b3aad9f857.jpg
515,http://farm3.static.flickr.com/2023/2072373102_f3689ef2e4.jpg
516,http://farm3.static.flickr.com/2270/2179314666_7130146ae2.jpg
517,http://www.mountainrosekennel.com/images/bmdindex.jpg
518,http://farm1.static.flickr.com/139/352156359_e18d4f7764.jpg
519,http://farm1.static.flickr.com/199/496102405_6a7654373b.jpg
520,http://www.gotpetsonline.com/pictures-gallery/dog-pictures-breeders-puppies-rescue/bernese-mountain-dog-pictures-breeders-puppies-rescue/pictures-photos/bernese-mountain-dog-0041.jpg
521,http://farm1.static.flickr.com/55/133853443_09cf1d0a27.jpg
522,http://farm1.static.flickr.com/42/117803670_e8ee38e6ba.jpg
523,http://farm3.static.flickr.com/2236/1680601509_532039928c.jpg
524,http://farm2.static.flickr.com/1135/1415313709_e3ed831d1d.jpg
525,http://farm2.static.flickr.com/1244/1110334231_536db48321.jpg
526,http://static.flickr.com/75/168492937_d58b62fd2d.jpg
527,http://farm3.static.flickr.com/2367/2167992569_02a7e90379.jpg
528,http://www.pedigreedatabase.com/dogs/classified_images/1238.jpg
529,http://farm3.static.flickr.com/2391/2210760348_8c5652e8ce.jpg
530,http://farm1.static.flickr.com/245/520816461_1f8598cd9c.jpg
531,http://img.dogpublic.com/breedImages/453.jpg
532,http://farm1.static.flickr.com/77/170647922_3c7aa0529e.jpg
533,http://farm1.static.flickr.com/71/205227240_338a4e6060.jpg
534,http://farm1.static.flickr.com/27/46279938_112bff0771.jpg
535,http://www.geocities.com/canadian31m/bernese.jpg
536,http://farm2.static.flickr.com/1054/1358479643_b0ff9e7d87.jpg
537,http://www.pupforum.com/pics_/t930_05282005105955.jpg
538,http://farm1.static.flickr.com/158/338775476_8446701265.jpg
539,http://farm1.static.flickr.com/35/113877437_5a50fa72c2.jpg
540,http://farm1.static.flickr.com/47/137508103_5abe8ce9f5.jpg
541,http://farm1.static.flickr.com/185/445014434_edb39e387d.jpg
542,http://farm1.static.flickr.com/39/86667016_b2ef135320.jpg
543,http://farm2.static.flickr.com/1264/1122256591_4e80d03468.jpg
544,http://www.pupclassifieds.com/Breeders/pictures/Quatro.jpg
545,http://static.flickr.com/145/372444069_2af0f77865.jpg
546,http://bmdcgs.org/images/350pics/Proud_Mama.jpg
547,http://farm2.static.flickr.com/1132/541396212_60e2ebed63.jpg
548,http://www.kbmdc.org/images/Secretpup.jpg
549,http://farm1.static.flickr.com/56/147587589_7671fc5c9f.jpg
550,http://farm2.static.flickr.com/1169/605355888_4b3db448a6.jpg
551,http://farm2.static.flickr.com/1308/677547846_4454694157.jpg
552,http://farm1.static.flickr.com/159/379894484_5095f5f4c1.jpg
553,http://farm2.static.flickr.com/1425/1398179062_00b4711be2.jpg
554,http://farm3.static.flickr.com/2083/2187059329_8902276589.jpg
555,http://farm3.static.flickr.com/2346/1498015084_597d977159.jpg
556,http://farm2.static.flickr.com/1417/581320769_d58e7989b5.jpg
557,http://farm1.static.flickr.com/137/393290014_7d4912a58a.jpg
558,http://www.loopyladies.com/image/2129/133/Bernese.jpg
559,http://farm1.static.flickr.com/183/372200313_ccedff2014.jpg
560,http://farm1.static.flickr.com/217/524061822_00da35895d.jpg
561,http://farm1.static.flickr.com/112/264684560_8e2a785e1c.jpg
562,http://farm3.static.flickr.com/2061/2048736507_4d05aabb56.jpg
563,http://www.twinssy.com/Pictures/PUPPIES/Bpuppies/Beethoven4.jpg
564,http://www.pedigree.com.au/breeds/images/bernese_mnt_dog_02.jpg
565,http://farm1.static.flickr.com/106/305773618_c824678d70.jpg
566,http://farm1.static.flickr.com/1/92433_b1b6c9c542.jpg
567,http://farm1.static.flickr.com/36/80423533_1badd1f5b2.jpg
568,http://farm2.static.flickr.com/1101/1466257596_960cd0b036.jpg
569,http://farm1.static.flickr.com/149/351813091_8b37fe7427.jpg
570,http://farm1.static.flickr.com/36/101927616_bce43c86e6.jpg
571,http://farm1.static.flickr.com/42/123239735_9e8382586e.jpg
572,http://www.gotpetsonline.com/pictures-gallery/dog-pictures-breeders-puppies-rescue/bernese-mountain-dog-pictures-breeders-puppies-rescue/pictures-photos/bernese-mountain-dog-0040.jpg
573,http://farm1.static.flickr.com/162/349695655_8f1346cf86.jpg
574,http://farm1.static.flickr.com/172/457086631_fc357230c0.jpg
575,http://www.my-dog-pictures.com/images/bernesemountain1.jpg
576,http://www.dog-names.org.uk/dog-images/bernese-mountain-dog.jpg
577,http://farm1.static.flickr.com/39/111733135_a0972de534.jpg
578,http://farm3.static.flickr.com/2282/1979351576_da7e901956.jpg
579,http://farm2.static.flickr.com/1262/558910032_d448549c47.jpg
580,http://farm2.static.flickr.com/1215/543613096_be4ff87897.jpg
581,http://farm1.static.flickr.com/41/123048784_446e2b6afc.jpg
582,http://www.mikabern.com/the%20boss.jpg
583,http://farm1.static.flickr.com/218/467648714_a4fc549902.jpg
584,http://westminsterkennelclub.org/breedinformation/working/images/bermtn.jpg
585,http://farm1.static.flickr.com/24/56631517_cf10b28254.jpg
586,http://farm1.static.flickr.com/19/113874285_b3005dddfc.jpg
587,http://farm1.static.flickr.com/238/516582771_8803a3924a.jpg
588,http://www.chenil-summum.com/photos/puppies_5_days_old.jpg
589,http://farm2.static.flickr.com/1124/845549593_dbb0f0f151.jpg
590,http://farm1.static.flickr.com/79/263578659_7c61e528a5.jpg
591,http://farm1.static.flickr.com/50/113876670_256e09fc4a.jpg
592,http://www.myphotodesigns.com/images/MPD_TS003-small.jpg
593,http://farm3.static.flickr.com/2397/1887927944_cc626d959d.jpg
594,http://www.puppydogweb.com/kennels/images/bernesemountaindog_rupke22.jpg
595,http://farm1.static.flickr.com/132/395636105_46da0ae98e.jpg
596,http://farm2.static.flickr.com/1249/792409336_2d5092ab2b.jpg
597,http://farm1.static.flickr.com/119/365255704_b005a3e0d7.jpg
598,http://farm2.static.flickr.com/1373/1121204942_4707d14460.jpg
599,http://farm1.static.flickr.com/181/425452749_0a600751a0.jpg
600,http://www.dkimages.com/discover/previews/814/618670.JPG
601,http://www.stevenstoymaster.com/acatalog/Bernasepuppy.jpg
602,http://static.flickr.com/2390/1953553919_e40be15a41.jpg
603,http://farm1.static.flickr.com/129/335751736_e23359865c.jpg
604,http://static.flickr.com/27/42550758_40af80c458.jpg
605,http://www.jack-hand.com/images/art_dogBernese.jpg
606,http://img32.photobucket.com/albums/v96/120693/AnimalLover/FreeBerneseMountain_Layout.jpg
607,http://farm1.static.flickr.com/169/431975444_7d07917638.jpg
608,http://farm2.static.flickr.com/1329/676703259_51013ccaf9.jpg
609,http://farm1.static.flickr.com/90/237616527_2f5d119548.jpg
610,http://farm3.static.flickr.com/2192/2219293541_a980af952d.jpg
611,http://farm1.static.flickr.com/53/137508217_32b06b6a76.jpg
612,http://www.bayviewberners.com/kelsey12web.jpg
613,http://farm2.static.flickr.com/1159/677564476_51ea6950f4.jpg
614,http://farm1.static.flickr.com/54/137508064_8e6c0ae5cc.jpg
615,http://farm1.static.flickr.com/99/305775655_3c7246c0f1.jpg
616,http://farm1.static.flickr.com/117/275378645_7d261da91d.jpg
617,http://farm3.static.flickr.com/2289/2216616018_fae604b9d8.jpg
618,http://www.petnet.com.au/dogs/doggif/D187.jpg
619,http://farm1.static.flickr.com/129/418687651_52e3db79f2.jpg
620,http://farm3.static.flickr.com/2134/2164517889_249d29b452.jpg
621,http://farm1.static.flickr.com/29/46283346_4d41d26414.jpg
622,http://farm1.static.flickr.com/235/461154195_89196357ef.jpg
623,http://farm1.static.flickr.com/36/81521057_b7d8a013cc.jpg
624,http://farm2.static.flickr.com/1291/906172145_fd77d9cbae.jpg
625,http://farm1.static.flickr.com/151/343539585_8b12943aa1.jpg
626,http://www.gotpetsonline.com/pictures-gallery/dog-pictures-breeders-puppies-rescue/bernese-mountain-dog-pictures-breeders-puppies-rescue/pictures-photos/bernese-mountain-dog-0030.jpg
627,http://farm1.static.flickr.com/50/108200974_2f13d80abb.jpg
628,http://farm1.static.flickr.com/48/127968862_416a409f85.jpg
629,http://static.flickr.com/72/168492893_b83c1a616d.jpg
630,http://farm3.static.flickr.com/2132/1573395235_7cc91e8d9a.jpg
631,http://www.bestdogsearch.com/listpic/bernese-blueberry1.jpg
632,http://farm3.static.flickr.com/2370/2065812829_ac69fb41b4.jpg
633,http://farm1.static.flickr.com/51/113868108_653fffae01.jpg
634,http://www.puppydogweb.com/breeders/pic_images/bernesemountaindog_brennen5.jpg
635,http://www.cabalcaninecandids.com/assets/images/6BERNESE.jpg
636,http://farm3.static.flickr.com/2228/1796841354_4b4ece0781.jpg
637,http://farm2.static.flickr.com/1335/1364221930_090ddd0e76.jpg
638,http://the-scooper.com/images/PICT0044.JPG
639,http://farm2.static.flickr.com/1256/1182942108_82c8a39efa.jpg
640,http://farm1.static.flickr.com/52/127058899_8f57608769.jpg
641,http://farm1.static.flickr.com/30/52318876_f5f41eedc7.jpg
642,http://farm2.static.flickr.com/1192/1273208698_c3e2c55458.jpg
643,http://farm2.static.flickr.com/1371/605533145_0985d74dcc.jpg
644,http://www.petoffice.co.jp/mbl/ph/zukan/dog300jpg/bernes.jpg
645,http://www.catbreedinfo.net/images17/BerneeseMountainDogFANDA.JPG
646,http://farm3.static.flickr.com/2405/2208428840_44e950dc12.jpg
647,http://farm2.static.flickr.com/1323/1234973163_0143693fe4.jpg
648,http://farm3.static.flickr.com/2229/2065829337_4992eb7342.jpg
649,http://farm1.static.flickr.com/147/346810211_06995767bd.jpg
650,http://farm1.static.flickr.com/35/66834674_f00e53849e.jpg
651,http://farm2.static.flickr.com/1353/1193683520_e440c41916.jpg
652,http://farm1.static.flickr.com/119/313483634_4894d64e43.jpg
653,http://farm1.static.flickr.com/187/379753353_0556a6907e.jpg
654,http://farm3.static.flickr.com/2415/1508173532_5983577cf2.jpg
655,http://farm2.static.flickr.com/1167/1002141137_4e3708548b.jpg
656,http://farm3.static.flickr.com/2189/2210755996_ab5784b28d.jpg
657,http://farm3.static.flickr.com/2092/2181458721_08794b35a2.jpg
658,http://farm2.static.flickr.com/1118/1358474205_af9f98ade0.jpg
659,http://farm1.static.flickr.com/122/297656294_006ea2f5c2.jpg
660,http://www.gotpetsonline.com/pictures-gallery/dog-pictures-breeders-puppies-rescue/bernese-mountain-dog-pictures-breeders-puppies-rescue/pictures/bernese-mountain-dog-0020.jpg
661,http://farm1.static.flickr.com/46/137020661_704a195f56.jpg
662,http://farm1.static.flickr.com/155/395617763_1ef354a8f9.jpg
663,http://farm1.static.flickr.com/127/387133959_7414b9b939.jpg
664,http://farm2.static.flickr.com/1385/716279043_d5c8717b00.jpg
665,http://farm2.static.flickr.com/1026/1235823248_be6a594c2e.jpg
666,http://farm1.static.flickr.com/39/124768536_8fc7bb02b7.jpg
667,http://farm2.static.flickr.com/1359/853471935_737ab211d1.jpg
668,http://farm3.static.flickr.com/2260/2131045965_9fca4b40e7.jpg
669,http://farm3.static.flickr.com/2372/2195625973_a6a48061e1.jpg
670,http://farm1.static.flickr.com/219/520816597_19efec9eab.jpg
671,http://farm1.static.flickr.com/173/393293326_23307bb69a.jpg
672,http://farm2.static.flickr.com/1327/1090032331_88202b22fe.jpg
673,http://www.gotpetsonline.com/pictures-gallery/dog-pictures-breeders-puppies-rescue/bernese-mountain-dog-pictures-breeders-puppies-rescue/pictures-photos/bernese-mountain-dog-0025.jpg
674,http://farm1.static.flickr.com/69/192995325_2428de065c.jpg
675,http://files.dogster.com/pix/dogs/78/1978/1978_1119311510.jpg
676,http://farm1.static.flickr.com/55/125846514_44d38fa319.jpg
677,http://farm2.static.flickr.com/1391/1473298079_46261a2d2e.jpg
678,http://farm1.static.flickr.com/146/379895135_d23fcaa05a.jpg
679,http://www.devrolijkeviervoeters.org/images/berner_s10.jpg
680,http://farm1.static.flickr.com/133/376718730_518ca05810.jpg
681,http://widogrescue.com/pmpre2/images/ann/ann_image1.jpg
682,http://www.junglewalk.com/animal-pictures/400/BT/Bernese-Mountain-Dog-1789.jpg
683,http://www.cazzart.co.uk/dogs/bruna/images/wontwalk.jpg
684,http://www.dizzytimes.com/uploads/1184672086/gallery_1300_15_119449.jpg
685,http://farm3.static.flickr.com/2090/2229847658_ddf2dbd86c.jpg
686,http://static.flickr.com/15/19959812_f7ed9ba968.jpg
687,http://farm3.static.flickr.com/2399/2165314830_eec54fe064.jpg
688,http://farm3.static.flickr.com/2032/1828530999_6ac13e5ebf.jpg
689,http://www.azbmd.com/Mattipoints.jpg
690,http://inlinethumb08.webshots.com/6343/2264038820052406660S500x500Q85.jpg
691,http://farm1.static.flickr.com/117/303684455_0f50c98aa5.jpg
692,http://farm1.static.flickr.com/189/500751563_9d16c7535e.jpg
693,http://farm2.static.flickr.com/1183/677526746_1e87390b18.jpg
694,http://farm1.static.flickr.com/230/491678093_90a91f8076.jpg
695,http://farm2.static.flickr.com/1365/1235844160_f32b83408d.jpg
696,http://www.bernese.biz/photos2/friendsmemory3/Bentley3.jpg
697,http://farm1.static.flickr.com/13/19543612_48be98f54e.jpg
698,http://farm1.static.flickr.com/248/445353416_0e9c4be30e.jpg
699,http://farm1.static.flickr.com/165/378042347_b945b8f0d4.jpg
700,http://www.delassie.com/bouvier_bernois/images/fonds/photo_bg_7.jpg
701,http://farm1.static.flickr.com/133/345029447_4edab40ceb.jpg
702,http://www.torahime.net/collection/koirat/berni14.jpg
703,http://farm1.static.flickr.com/134/345565592_3b7cf3ba26.jpg
704,http://farm1.static.flickr.com/57/167722077_921b3c186f.jpg
705,http://farm2.static.flickr.com/1275/1234981841_edbf7be967.jpg
706,http://farm2.static.flickr.com/1100/900254136_352849f215.jpg
707,http://farm2.static.flickr.com/1034/1284509847_618714705c.jpg
708,http://mountaindogpuppies.com/images/gsmd_small.jpg
709,http://static.flickr.com/2385/1600163081_de446ba090.jpg
710,http://farm1.static.flickr.com/120/366728709_086dc07ba6.jpg
711,http://farm3.static.flickr.com/2382/2115131288_176d340e00.jpg
712,http://www.kennels.co.uk/images/W.BerneseMountainDog.jpg
713,http://www.bernesedogs.com/images/Baciheadweb.jpg
714,http://farm1.static.flickr.com/222/474140062_5f528cf117.jpg
715,http://farm1.static.flickr.com/231/506940514_af6d4a3b91.jpg
716,http://farm1.static.flickr.com/149/418692787_31dd7a75b7.jpg
717,http://farm1.static.flickr.com/44/137507922_86885fb980.jpg
718,http://static.flickr.com/58/168493271_24f2fa1f99.jpg
719,http://farm2.static.flickr.com/1239/1413272693_a4b2e4d0b9.jpg
720,http://www.mousematuk.co.uk/Mouse%20Mats/Dogs/Bernese%20Mountain%20Dog/slides/Bernese%20Mountain%20Dog%209T066D-133.JPG
721,http://farm1.static.flickr.com/50/137507869_7412c7b969.jpg
722,http://farm1.static.flickr.com/27/98951399_4bcf115760.jpg
723,http://farm2.static.flickr.com/1181/635316599_b8dcdd95dd.jpg
724,http://farm1.static.flickr.com/25/49463505_4fd2c3ced7.jpg
725,http://farm1.static.flickr.com/157/365043699_813c2e8198.jpg
726,http://farm1.static.flickr.com/150/392396799_4c980b6880.jpg
727,http://static.flickr.com/157/417532448_0f9144d659.jpg
728,http://farm1.static.flickr.com/112/363797990_2a4b55e2e1.jpg
729,http://farm3.static.flickr.com/2361/2193027482_2be32b0fcf.jpg
730,http://farm2.static.flickr.com/1009/971118446_ba48443bee.jpg
731,http://farm1.static.flickr.com/158/395617736_21199c882b.jpg
732,http://farm3.static.flickr.com/2327/2106617725_9c1ba7301b.jpg
733,http://farm2.static.flickr.com/1414/532487820_155e43ae6b.jpg
734,http://farm1.static.flickr.com/54/113872649_5fcac8f918.jpg
735,http://farm2.static.flickr.com/1035/846414362_64761b092b.jpg
736,http://www.dogbreedinfo.org/images14/BerneseMountainDogKLEOPATRAHERUSPOSEIDONAS.JPG
737,http://intricateart.com/archives/200457customdogportraitbarneyandbailey.jpg
738,http://www.dogtron.com/dog/img/bernese_mtdog.jpg
739,http://www.thepawblog.com/wp-content/uploads/2007/07/bernese_mountain_dog.jpg
740,http://farm1.static.flickr.com/70/230513676_8b31c8993f.jpg
741,http://farm1.static.flickr.com/41/112728715_0bd6a1128c.jpg
742,http://farm1.static.flickr.com/186/383503170_1ff1e47f90.jpg
743,http://farm1.static.flickr.com/78/170467343_ee98ec71ff.jpg
744,http://farm1.static.flickr.com/112/306992875_43eed79d5a.jpg
745,http://farm1.static.flickr.com/174/409969432_9ed3ac58af.jpg
746,http://farm1.static.flickr.com/142/379181716_eca37ecbbc.jpg
747,http://farm3.static.flickr.com/2365/2141719525_46492daac4.jpg
748,http://static.flickr.com/1094/1398465331_074813ce7e.jpg
749,http://www.dogbreedinfo.com/images16/StBernardBernerMix6Months.JPG
750,http://farm1.static.flickr.com/244/452068784_b3d0416de0.jpg
751,http://farm1.static.flickr.com/4/8952865_66e63861aa.jpg
752,http://farm3.static.flickr.com/2255/2226534167_10c20e4d1e.jpg
753,http://www.pedigreedatabase.com/dogs/i/bernese_mountain_dog.jpg
754,http://farm1.static.flickr.com/96/238587932_2bd1a5dc8e.jpg
755,http://farm1.static.flickr.com/49/135543673_51a3f3a9c2.jpg
756,http://farm3.static.flickr.com/2153/2169073534_d2cd3bfeb4.jpg
757,http://farm1.static.flickr.com/175/427569645_3c855c98ff.jpg
758,http://farm1.static.flickr.com/125/365043835_ff1d3e97a5.jpg
759,http://farm3.static.flickr.com/2064/2135135114_81f51f5762.jpg
760,http://www1.istockphoto.com/file_thumbview_approve/1802771/2/istockphoto_1802771_bernese_mountain_dog.jpg
761,http://www.yakdaddyranch.com/photogallery/thumbnails/tn-fritz.jpg
762,http://farm1.static.flickr.com/49/113876674_60f6404502.jpg
763,http://farm2.static.flickr.com/1311/1364225500_ffec5298ce.jpg
764,http://farm1.static.flickr.com/165/388289777_b0cd0a609a.jpg
765,http://farm2.static.flickr.com/1041/1285367524_abcbecae33.jpg
766,http://www.justusdogs.com.au/imagesmore/cancer-bernese-mountain.jpg
767,http://www.bernesecity.com/images/endolanebernese4.jpg
768,http://farm1.static.flickr.com/57/220087858_27f16eb1e5.jpg
769,http://static.flickr.com/33/42550757_43576c0b9c.jpg
770,http://farm2.static.flickr.com/1101/1122265909_4acbe2b354.jpg
771,http://farm2.static.flickr.com/1108/1472527952_29ebb92880.jpg
772,http://farm1.static.flickr.com/231/450248537_3c79be341a.jpg
773,http://farm1.static.flickr.com/180/427096633_95a3039fe8.jpg
774,http://farm1.static.flickr.com/127/432267880_836fb2dae9.jpg
775,http://farm1.static.flickr.com/58/168493271_24f2fa1f99.jpg
776,http://farm1.static.flickr.com/206/499135764_b88d65ba4a.jpg
777,http://farm2.static.flickr.com/1085/636133238_e2374362cb.jpg
778,http://farm1.static.flickr.com/37/86666696_f3f3e9aa99.jpg
779,http://upload.wikimedia.org/wikipedia/commons/thumb/a/aa/Bernese_Mountain_Dog_in_profile.JPG/248px-Bernese_Mountain_Dog_in_profile.JPG
780,http://www.gotpetsonline.com/pictures-gallery/dog-pictures-breeders-puppies-rescue/bernese-mountain-dog-pictures-breeders-puppies-rescue/pictures-photos/bernese-mountain-dog-0015.jpg
781,http://farm1.static.flickr.com/49/113874287_e05f75eaed.jpg
782,http://farm1.static.flickr.com/49/137507483_e9523db1e3.jpg
783,http://farm1.static.flickr.com/33/67879605_90c1ab4e6e.jpg
784,http://farm3.static.flickr.com/2337/2014016191_545af16800.jpg
785,http://farm1.static.flickr.com/96/249690971_163ba50679.jpg
786,http://farm2.static.flickr.com/1421/845551047_372424e910.jpg
787,http://static.flickr.com/1035/1389044058_128dec3215.jpg
788,http://farm1.static.flickr.com/23/26583793_b4e4ca3360.jpg
789,http://farm1.static.flickr.com/47/127058802_e0624520df.jpg
790,http://farm1.static.flickr.com/53/134672880_4a4b79a7d1.jpg
791,http://www.perfectpuppiesonline.com/breedimages/Bernese_Mountain_Dog.jpg
792,http://www3.baylor.edu/~Elmer_Duncan/Homer-1.jpg
793,http://www.bernese-mountain-dogs.org/pictures-images-photos/bernese-mountain-dogs-06.jpg
794,http://farm1.static.flickr.com/154/371485453_496cf5e649.jpg
795,http://farm2.static.flickr.com/1383/971116220_d91fad376c.jpg
796,http://farm1.static.flickr.com/75/168493561_54d636e294.jpg
797,http://farm2.static.flickr.com/1150/707622331_55695fa922.jpg
798,http://www.gwebara.com/images/gwebarahome2.jpg
799,http://www.dogs4sale.com.au/Breeds/Bernese_Mountain_Dog/Fact_Sheets/Bernation_BFP.jpg
800,http://farm1.static.flickr.com/164/420941568_5b538dc3cc.jpg
801,http://static.flickr.com/1435/1399355080_73e9eb1bae.jpg
802,http://farm2.static.flickr.com/1035/1363337797_de30ab73e7.jpg
803,http://farm1.static.flickr.com/55/150494681_a86349421a.jpg
804,http://farm1.static.flickr.com/86/241109525_ce127e843b.jpg
805,http://farm1.static.flickr.com/70/198398040_28814f797b.jpg
806,http://farm1.static.flickr.com/13/18131303_3ccb6951fd.jpg
807,http://farm1.static.flickr.com/37/114837940_0db7a7d4c3.jpg
808,http://farm1.static.flickr.com/76/153728615_6fbe584af0.jpg
809,http://www.cabalcaninecandids.com/assets/images/6BERNESE3.jpg
810,http://farm1.static.flickr.com/30/48093929_20f1342443.jpg
811,http://farm1.static.flickr.com/88/205969584_27379ab205.jpg
812,http://farm1.static.flickr.com/234/529174550_addd12b38e.jpg
813,http://www.artbyray.com/kazusdog.jpg
814,http://farm3.static.flickr.com/2323/2148930622_1b1d904a4c.jpg
815,http://farm2.static.flickr.com/1400/618892209_0454fc0006.jpg
816,http://farm2.static.flickr.com/1123/865135494_f404872354.jpg
817,http://zooclub.by/images/stories/sobaki4/bernese_mountain_dog_1.jpg
818,http://farm1.static.flickr.com/43/85906943_8d358dbd33.jpg
819,http://farm1.static.flickr.com/56/113868885_1764737808.jpg
820,http://farm1.static.flickr.com/11/89822369_dcf805cc08.jpg
821,http://p7.p.pixnet.net/albums/userpics/7/5/72975/thumb_113549051885.jpg
822,http://farm1.static.flickr.com/114/297648703_61b88fdb55.jpg
823,http://farm1.static.flickr.com/211/510617225_191a95bc92.jpg
824,http://farm2.static.flickr.com/1383/1123105648_8b763c176c.jpg
825,http://p7.p.pixnet.net/albums/userpics/7/5/72975/thumb_113549052223.jpg
826,http://usera.imagecave.com/Ladyhawk/Wareho_36-animals/BerneseMTDog26in.Lg.jpg
827,http://farm1.static.flickr.com/32/67698111_3a900637b2.jpg
828,http://www.pets.ca/breedprofiles/a/bernesemountain/b9.jpg
829,http://farm1.static.flickr.com/166/349626156_467698771b.jpg
830,http://www.dog-breeds.name/pictures/bernese-mountain-dog/bernese-mountain-dog-2.jpg
831,http://farm1.static.flickr.com/107/303921368_95f08c0c0c.jpg
832,http://www.wendys.com.au/bigdogs/beamer.jpg
833,http://farm2.static.flickr.com/1046/1016264233_6cb0935f67.jpg
834,http://farm1.static.flickr.com/163/387134262_ad65333a23.jpg
835,http://farm1.static.flickr.com/146/340954724_352cc1f850.jpg
836,http://farm1.static.flickr.com/74/197054759_6d509d976a.jpg
837,http://farm1.static.flickr.com/180/383505437_3be1507b33.jpg
838,http://farm3.static.flickr.com/2204/2134225855_1b9cc02303.jpg
839,http://www.thriftyfun.com/images/petguides/BerneseMountainDog300x219.jpg
840,http://www.pedigree.com.sg/breeds/images/bernese_mnt_dog_02.jpg
841,http://www.pedigreedpups.com/images/bernese.jpg
842,http://dogs.lovetoknow.com/wiki/images/Dogs/thumb/f/f7/Bernese.jpg/300px-Bernese.jpg
843,http://farm1.static.flickr.com/37/91146795_764c8647c7.jpg
844,http://www.k9breedlist.com/images/Terri_Hudgins_Bernese_Mountain_Dog.jpg
845,http://www.canadogs.com/images/BerneseMtnpup4.jpg
846,http://farm3.static.flickr.com/2179/2049531078_fc1b21e651.jpg
847,http://www.dogbreedinfo.com/images12/BerneseMountainDogShasta8weeks.JPG
848,http://farm1.static.flickr.com/29/56631365_76a63b770f.jpg
849,http://farm3.static.flickr.com/2162/1588863198_9408ba2e4f.jpg
850,http://farm3.static.flickr.com/2031/1699446738_75b3c7bee0.jpg
851,http://farm3.static.flickr.com/2292/1736406777_7db493597c.jpg
852,http://p7.p.pixnet.net/albums/userpics/7/5/72975/thumb_113549052293.jpg
853,http://img.dogphoria.com/web_2007_08_f271c47a-ddf2-4c91-bb09-25008cd4caea.jpg
854,http://www.bernerbuddies.com/images/sd1.jpg
855,http://farm2.static.flickr.com/1361/1224710872_3b99a34dc7.jpg
856,http://static.flickr.com/2003/1967819302_cc961884ae.jpg
857,http://farm3.static.flickr.com/2341/2244941729_54d1ffe47e.jpg
858,http://farm1.static.flickr.com/129/345565590_06bc6d2675.jpg
859,http://farm1.static.flickr.com/21/27466987_fa14f968f2.jpg
860,http://farm1.static.flickr.com/50/129924900_bb0c73ef97.jpg
861,http://cdn-www.dailypuppy.com/images/08/gu/Zoe_Bernese_Mountain_Dog_01.jpg
862,http://static.flickr.com/162/432506125_197944648b.jpg
863,http://farm2.static.flickr.com/1113/845547387_958bc3aac1.jpg
864,http://farm2.static.flickr.com/1313/857801271_587740cf16.jpg
865,http://farm1.static.flickr.com/40/82694248_0957435a9e.jpg
866,http://farm1.static.flickr.com/1/627232_36317e7d1e.jpg
867,http://farm1.static.flickr.com/33/56631352_a8353dfa0b.jpg
868,http://uphoffpets.com/images/amigo.jpg
869,http://farm2.static.flickr.com/1144/1063418532_eee1b8bf56.jpg
870,http://farm1.static.flickr.com/84/219932683_62b4892a4b.jpg
871,http://www.hopesdreamgraphics.com/cgd_temp/customergraphics/berner2a.jpg
872,http://farm1.static.flickr.com/54/119848589_2783e1afd2.jpg
873,http://farm2.static.flickr.com/1199/676696917_3c28b25cb2.jpg
874,http://www.dognews.com/pedigreegallery/working/thumbnails/Bernese%20Mtn.%20Dog.jpg
875,http://farm3.static.flickr.com/2011/2168260027_af3083e885.jpg
876,http://farm1.static.flickr.com/240/520817485_79ff024e1e.jpg
877,http://farm1.static.flickr.com/49/143760705_9592140013.jpg
878,http://www.puppyfind.com/breed/bernese_mountain_dog/m_299941.jpg
879,http://sequimdogparks.org/images/mountainDog.jpg
880,http://farm2.static.flickr.com/1113/906172261_71bc7220c0.jpg
881,http://static.flickr.com/1046/1000795817_861f2097ef.jpg
882,http://farm1.static.flickr.com/42/78544003_c8fa8f8b16.jpg
883,http://farm2.static.flickr.com/1050/852970953_a47c985b38.jpg
884,http://gwebara.com/images/normaJ.jpg
885,http://www.dogs.co.za/breeds/bernese-mountain-dog.jpg
886,http://www.sbpetservices.com/sitebuildercontent/sitebuilderpictures/.pond/w-WinstontheBernese.JPG.w560h420.jpg
887,http://www.myphotodesigns.com/images/MPD_TS0019-small.jpg
888,http://farm1.static.flickr.com/18/24125046_96becad256.jpg
889,http://farm2.static.flickr.com/1031/845548495_fd5a7c9ce9.jpg
890,http://www.stonebrakerart.com/images/2nd%20layer/Bernese-ref.jpg
891,http://farm1.static.flickr.com/35/111737315_6bc5f57d3b.jpg
892,http://farm1.static.flickr.com/56/148057810_95fc79226e.jpg
893,http://farm1.static.flickr.com/101/297651094_39c1bc3d83.jpg
894,http://farm2.static.flickr.com/1397/865135534_acbfcb2c99.jpg
895,http://static.flickr.com/2394/1967408339_d4bce2c143.jpg
896,http://farm3.static.flickr.com/2183/1885783586_495441472e.jpg
897,http://farm2.static.flickr.com/1201/1110797119_ff0374a2a4.jpg
898,http://farm3.static.flickr.com/2125/2049534044_27661e3dec.jpg
899,http://www.crafts-unlimited.co.uk/bmdlyng.jpg
900,http://www.chenil-summum.com/photos/DSCN2306.jpg
901,http://farm1.static.flickr.com/83/231573158_767c318a0a.jpg
902,http://farm2.static.flickr.com/1384/1205226368_2fcb87ea39.jpg
903,http://farm1.static.flickr.com/49/190111761_f94fed6f8b.jpg
904,http://farm2.static.flickr.com/1038/1415314117_130c29ab6e.jpg
905,http://farm1.static.flickr.com/161/395617743_5ce0c0ec7e.jpg
906,http://farm2.static.flickr.com/1167/1111942411_5d4afebe6d.jpg
907,http://www.dog-breed-training.com/dog-breed/images/bernese-mountain-dog.jpg
908,http://farm1.static.flickr.com/116/286573277_22b30b3a24.jpg
909,http://farm1.static.flickr.com/203/457080182_cfd2173297.jpg
910,http://farm2.static.flickr.com/1429/632718063_9c02375c7d.jpg
911,http://farm1.static.flickr.com/50/148318105_e04f1785c1.jpg
912,http://farm1.static.flickr.com/211/461135826_a7eb82fe24.jpg
913,http://farm1.static.flickr.com/182/441111656_55c08d0ac1.jpg
914,http://farm1.static.flickr.com/40/83212548_dac0b2c917.jpg
915,http://www.dogsindepth.com/working_dog_breeds/images/bernese_mountain_dog_v02.jpg
916,http://farm3.static.flickr.com/2235/1860345825_777f93708a.jpg
917,http://www.breedersonline.net/dogs/photos/Bernese-Mountain-Dog.jpg
918,http://farm1.static.flickr.com/45/148318036_f880a205c6.jpg
919,http://farm1.static.flickr.com/186/461138866_20a026cc92.jpg
920,http://farm1.static.flickr.com/21/26585981_c5a8aa2f6a.jpg
921,http://www.fordogonly.net/alldog/b9.jpg
922,http://farm2.static.flickr.com/1241/575898728_833f4569e2.jpg
923,http://farm2.static.flickr.com/1404/1363331075_b9dcf3db4a.jpg
924,http://farm2.static.flickr.com/1161/996334530_f5a54b44da.jpg
925,http://farm3.static.flickr.com/2200/2228807931_40edb23eb1.jpg
926,http://farm3.static.flickr.com/2294/1699514730_fe7edf0d1a.jpg
927,http://www.karebearberners.com/images/bernese-mountain-dog-2.jpg
928,http://www.bernese.biz/photos/friendsmemory/001Cheeta.jpg
929,"http://www.dog-pictures.co.uk/images/Bernese%20Mountain%20Dog,'Bailey'%20greystones%202003%20016.jpg"
930,http://www.pedigree.com.tw/img/breeds/dog08_03.jpg
931,http://farm1.static.flickr.com/200/461119658_ece14eea8e.jpg
932,http://farm1.static.flickr.com/183/388367795_eb3e6ad4ab.jpg
933,http://farm2.static.flickr.com/1135/1284507629_3967391e13.jpg
934,http://farm1.static.flickr.com/59/198397895_6bc7fd4dcd.jpg
935,http://farm1.static.flickr.com/250/458354357_1d9f10e01a.jpg
936,http://farm2.static.flickr.com/1105/1090029295_f97ff14951.jpg
937,http://farm2.static.flickr.com/1345/1234961993_931a7bb8ed.jpg
938,http://farm2.static.flickr.com/1142/1005056458_9c50251559.jpg
939,http://farm1.static.flickr.com/115/297654516_4df30d4340.jpg
940,http://www.gotpetsonline.com/pictures-gallery/dog-pictures-breeders-puppies-rescue/bernese-mountain-dog-pictures-breeders-puppies-rescue/pictures/bernese-mountain-dog-0034.jpg
941,http://farm1.static.flickr.com/111/297666949_c5242251ac.jpg
942,http://farm1.static.flickr.com/134/366374701_8fe2844577.jpg
943,http://farm1.static.flickr.com/124/349710633_43d8efc924.jpg
944,http://static.flickr.com/185/428156444_31f55a7dae.jpg
945,http://www.auuuu.com/animals/dogs/herding_dogs/pictures/4.jpg
946,http://static.flickr.com/80/263215538_efccc96da4.jpg
947,http://www.bmdcv.com.au/BISS%20&%20RUBISS1%20copy.jpg
948,http://farm1.static.flickr.com/32/99758174_2974a19004.jpg
949,http://www.findapuppy.com/ov/670ov.jpg
950,http://www.abcpets.com/ABC/images/bernese_bestfriends.jpg
951,http://farm1.static.flickr.com/193/520787114_91b5f31503.jpg
952,http://farm2.static.flickr.com/1149/1122266479_1de929fb55.jpg
953,http://farm1.static.flickr.com/24/58708145_bb888a06fb.jpg
954,http://farm1.static.flickr.com/9/74907685_f1e6cc4f73.jpg
955,http://www.directoryofdogs.com/greater_swiss_mountain_dog.jpg
956,http://farm1.static.flickr.com/179/461134358_43b7af3fe7.jpg
957,http://farm1.static.flickr.com/131/345587970_1fe9c76dd1.jpg
958,http://farm1.static.flickr.com/48/113875783_72ce236861.jpg
959,http://farm2.static.flickr.com/1013/1313722225_cd8e6669df.jpg
960,http://farm2.static.flickr.com/1281/958304242_d5074ce834.jpg
961,http://farm1.static.flickr.com/169/386595973_d720eb7e8b.jpg
962,http://www.bernese.biz/photos2/friendsmemory2/stevie01.JPG
963,http://farm2.static.flickr.com/1085/1469021040_c539733d62.jpg
964,http://farm1.static.flickr.com/188/418687644_1cd7368057.jpg
965,http://farm2.static.flickr.com/1377/851018303_f316fff008.jpg
966,http://farm1.static.flickr.com/115/313483617_734c0ae7e0.jpg
967,http://farm3.static.flickr.com/2098/1562171737_f17770dec7.jpg
968,http://www.pedigree.co.nz/breeds/images/bernese_mnt_dog_03.jpg
969,http://farm1.static.flickr.com/35/67125882_67536448f2.jpg
970,http://farm1.static.flickr.com/30/35417628_022918e5ff.jpg
971,http://farm2.static.flickr.com/1303/1016263283_55af92323b.jpg
972,http://farm3.static.flickr.com/2068/2073374749_7bb52fe79e.jpg
973,http://www.waggintailsdogtraining.com/photogallery/photo00013206/Waylon%20Degenaars%207-26-06.jpg
974,http://farm2.static.flickr.com/1281/943502795_6b6ec16044.jpg
975,http://farm1.static.flickr.com/39/113874283_32ea2cb6bf.jpg
976,http://farm2.static.flickr.com/1030/616218365_ac2d04f393.jpg
977,http://www.aimcs.com/k-9/104bernesemd.jpg
978,http://farm1.static.flickr.com/113/296043003_8a7a566254.jpg
979,http://www.jersey.net/~mountaindog/rar/pioneer/left.jpg
980,http://www.k9magazinefree.com/magazines/iss2/images/Bernese1.jpg
981,http://farm3.static.flickr.com/2273/2149984515_572110b1c5.jpg
982,http://farm1.static.flickr.com/44/137508295_20765181ef.jpg
983,http://farm2.static.flickr.com/1216/605746644_e168b1af1e.jpg
984,http://www.kohavbernese.com/sitebuilder/images/Kohav_3-13-07_005-419x314.jpg
985,http://farm3.static.flickr.com/2393/2135134978_7efb623871.jpg
986,http://farm1.static.flickr.com/50/113878852_5a46460597.jpg
987,http://farm2.static.flickr.com/1012/858659010_b4ce0786ae.jpg
988,http://farm2.static.flickr.com/1226/1474155004_ddb71aaf8b.jpg
989,http://farm2.static.flickr.com/1362/846405866_d98ae8be0a.jpg
990,http://www.myphotodesigns.com/images/MPD_TS0017-small.jpg
991,http://www.dog-breeds.net/bernesemountaindogGrace1.JPG
992,http://farm2.static.flickr.com/1351/1458760740_5da4a4911b.jpg
993,http://farm3.static.flickr.com/2245/2196415606_09f6e2cce8.jpg
994,http://farm3.static.flickr.com/2285/2183410937_bb0cce897b.jpg
995,http://farm3.static.flickr.com/2118/1772254499_6958bd9946.jpg
996,http://farm1.static.flickr.com/131/378524997_6546a47896.jpg
997,http://farm1.static.flickr.com/1/92442_6b32ca461c.jpg
998,http://farm1.static.flickr.com/74/202977207_2da350579c.jpg
999,http://www.bestdogsearch.com/photos/bernese-mountain-dogs-windeb1.jpg
1000,http://farm2.static.flickr.com/1153/845557969_2c4f2c5045.jpg
1001,http://farm2.static.flickr.com/1413/943508125_2d8d50276c.jpg
1002,http://farm1.static.flickr.com/126/349695656_87bc6dece5.jpg
1003,http://farm1.static.flickr.com/36/78208199_807e640c09.jpg
1004,http://farm3.static.flickr.com/2318/1990844317_eba6468d20.jpg
1005,http://farm1.static.flickr.com/206/464432293_8413fbe95b.jpg
1006,http://www.petpicsonline.com/images/galleries/dig-berner-driftwood-th.jpg
1007,http://farm1.static.flickr.com/56/131946597_ae9fddf1cb.jpg
1008,http://farm2.static.flickr.com/1063/853826042_5583a3c6bf.jpg
1009,http://farm2.static.flickr.com/1400/732244646_dfad644760.jpg
1010,http://farm1.static.flickr.com/98/371489298_ff757f3d38.jpg
1011,http://farm2.static.flickr.com/1231/677540520_6b05498513.jpg
1012,http://static.flickr.com/2322/1860407629_606d1749ab.jpg
1013,http://farm3.static.flickr.com/2291/2217340864_e9dd0b0c63.jpg
1014,http://farm3.static.flickr.com/2167/2073374275_0a400b96c2.jpg
1015,http://www.showdog.com/Pictures/Dog/BerneseMountainDog.jpg
1016,http://www.petpicsonline.com/images/galleries/berner-mountain-th.jpg
1017,http://farm2.static.flickr.com/1182/676695731_ccfddef011.jpg
1018,http://www.bernese.biz/photos/SimmySunny/3flap.jpg
1019,http://farm1.static.flickr.com/69/346783872_7bcf37b696.jpg
1020,http://files.dogster.com/pix/dogs/98/1298/1.jpg
1021,http://farm1.static.flickr.com/167/457088499_76fb41503c.jpg
1022,http://farm2.static.flickr.com/1308/853824892_7837866619.jpg
1023,http://static.flickr.com/171/475779047_e70e637669.jpg
1024,http://farm3.static.flickr.com/2398/2131428986_097abf8041.jpg
1025,http://www.mousematuk.co.uk/Mouse%20Mats/Dogs/Bernese%20Mountain%20Dog/slides/Bernese%20Mountain%20Dog%209Y066D-145.JPG
1026,http://farm1.static.flickr.com/44/137507548_5877cda97a.jpg
1027,http://www.creekviewkennels.com/theboys.jpg
1028,http://static.flickr.com/22/26583796_8f8fcc2108.jpg
1029,http://www.mekclb.com/breeds/BerneseMountainrobinson.jpg
1030,http://www.belnois.com/Molly_mai05.jpg
1031,http://www.canineextreme.com/Jackie1107_.jpg
1032,http://farm1.static.flickr.com/38/122447869_d204cf183d.jpg
1033,http://www.sagekeep.com/images/Andy-1a.jpg
1034,http://farm1.static.flickr.com/136/360866974_84f506def9.jpg
1035,http://www.aniwa.com/images/2/2105/DiapoAttelages_AFBS06.jpg
1036,http://farm1.static.flickr.com/54/113867219_581a604f63.jpg
1037,http://farm1.static.flickr.com/160/387133656_ac83c1073d.jpg
1038,"http://ecx.images-amazon.com/images/I/516SXBEXYGL._BO2,204,203,200_PIsitb-dp-500-arrow,TopRight,45,-64_OU02_AA240_SH20_.jpg"
1039,http://farm1.static.flickr.com/46/143760821_ba70b316c4.jpg
1040,http://farm1.static.flickr.com/47/116053215_e43d6e0db3.jpg
1041,http://www.mybuddydog.com/bernm.jpg
1042,http://farm2.static.flickr.com/1337/1112783656_eeeaf089ea.jpg
1043,http://farm3.static.flickr.com/2091/1679317247_c1a092f000.jpg
1044,http://farm1.static.flickr.com/158/387744768_2659a5d447.jpg
1045,http://farm1.static.flickr.com/170/393290018_3dcaae23f4.jpg
1046,http://farm1.static.flickr.com/73/152753514_8f2c024131.jpg
1047,http://farm2.static.flickr.com/1371/1474157150_06d1539049.jpg
1048,http://farm3.static.flickr.com/2355/2142638579_d89f03e2fe.jpg
1049,http://farm1.static.flickr.com/125/351270775_bbb825528a.jpg
1050,http://farm1.static.flickr.com/115/288113274_f0ac44c4e8.jpg
1051,http://farm1.static.flickr.com/130/375760169_7e5b51572b.jpg
1052,http://cdn-www.dailypuppy.com/images/07/Mika_Bernese_Mountain_01.jpg
1053,http://farm1.static.flickr.com/21/33422016_d82d2ee427.jpg
1054,http://treasurekennel.com/images/Stretch2.jpg
1055,http://farm3.static.flickr.com/2155/1978698411_a449bed0c9.jpg
1056,http://www.avatarbernese.com/images/impressariovbevs.jpg
1057,http://farm1.static.flickr.com/195/496690562_a1a72aca69.jpg
1058,http://farm2.static.flickr.com/1226/1234981237_64e384a7ac.jpg
1059,http://farm1.static.flickr.com/43/78207925_6d18f00de2.jpg
1060,http://static.flickr.com/60/160422870_1179e8b685.jpg
1061,http://farm2.static.flickr.com/1369/944352430_3abffbb241.jpg
1062,http://www.canaryzoo.com/Dog%20Species/bernese%20mountain%20dog.jpeg
1063,http://farm1.static.flickr.com/136/343539928_6e29453139.jpg
1064,http://farm1.static.flickr.com/195/499135622_50fe1ce840.jpg
1065,http://farm1.static.flickr.com/51/113868106_68ae17a21e.jpg
1066,http://farm1.static.flickr.com/117/305776986_b300a01174.jpg
1067,http://farm2.static.flickr.com/1102/1234963891_4dc654d584.jpg
1068,http://farm1.static.flickr.com/248/461127342_e059f6b32e.jpg
1069,http://static.flickr.com/2051/2078941611_8a870f7ae7.jpg
1070,http://farm1.static.flickr.com/159/388359273_a3920f8098.jpg
1071,http://farm3.static.flickr.com/2155/2152202140_a894a7d5d3.jpg
1072,http://farm1.static.flickr.com/22/32106418_d1e3a9d965.jpg
1073,http://www.millerconcepts.com/_lp/bernese_lp.jpg
1074,http://farm1.static.flickr.com/209/461144397_56c10f63f5.jpg
1075,http://www.pupcity.com/images/adpics/05230102650265_1.jpg
1076,http://farm1.static.flickr.com/158/351271283_f6155a9514.jpg
1077,http://farm3.static.flickr.com/2342/1807638046_a5917aefb5.jpg
1078,http://farm1.static.flickr.com/48/151138160_06fe546d75.jpg
1079,http://farm1.static.flickr.com/35/111733140_4dc939d826.jpg
1080,http://farm1.static.flickr.com/21/37456927_4a59b0382e.jpg
1081,http://farm1.static.flickr.com/80/230446654_38111ad06f.jpg
1082,http://farm1.static.flickr.com/36/109449770_cbaa29d632.jpg
1083,http://farm2.static.flickr.com/1032/1359363916_a399f93b3e.jpg
1084,http://farm1.static.flickr.com/154/393289846_e349847a25.jpg
1085,http://farm2.static.flickr.com/1156/537324057_fa33c36b79.jpg
1086,http://farm1.static.flickr.com/207/457089695_04bd1f1156.jpg
1087,http://www.schatzistreasures.com/imagescal/bernese-mountain-dog-calendar-wcfrsm.jpg
1088,http://farm3.static.flickr.com/2028/2219931301_4576d46a85.jpg
1089,http://farm1.static.flickr.com/180/483956082_493ead294c.jpg
1090,http://static.flickr.com/30/48697390_5f32a3125f.jpg
1091,http://farm1.static.flickr.com/120/295958396_ddfc7c2474.jpg
1092,http://farm2.static.flickr.com/1263/677566198_a83c4dcefc.jpg
1093,http://static.flickr.com/23/26583793_b4e4ca3360.jpg
1094,http://farm3.static.flickr.com/2092/1528129583_7bf0ab296f.jpg
1095,http://farm1.static.flickr.com/155/404864992_616a63d847.jpg
1096,http://bp0.blogger.com/_yjIrWh6ARYE/RmIrF4CV2TI/AAAAAAAAACU/UGzijzoeqF8/s320/IMG_6131.jpg
1097,http://images.bestwebbuys.com/muze/bookmed/33/9780974540733.jpg
1098,http://farm1.static.flickr.com/92/232712748_7d3fa30fb1.jpg
1099,http://www.millerconcepts.com/bordercollie_cs.jpg
1100,http://puppydogweb.com/gallery/bernesemountaindogs/bernesemountaindog_matheson.jpg
1101,http://azbmd.com/Puppies%20in%20wagon.jpg
1102,http://www.bernese.tv/images/Marvin_gate.jpg
1103,http://farm2.static.flickr.com/1131/1123103120_12576d440c.jpg
1104,http://farm2.static.flickr.com/1329/1359362904_f0be2199c5.jpg
1105,http://farm2.static.flickr.com/1218/865135488_22869836c9.jpg
1106,http://farm1.static.flickr.com/40/81517501_c209db8e7e.jpg
1107,http://www.bernerhouse.narod.ru/photos/small/news/Dea_Gloria_SergievPosad.jpg
1108,http://farm1.static.flickr.com/193/445353410_124b71712c.jpg
1109,http://farm1.static.flickr.com/46/179749171_494421715b.jpg
1110,http://farm1.static.flickr.com/51/131946227_fc1280963d.jpg
1111,http://farm1.static.flickr.com/104/305775183_cf999c642f.jpg
1112,http://farm1.static.flickr.com/178/420941556_02c7a6898b.jpg
1113,http://farm1.static.flickr.com/168/409977366_492d1f6836.jpg
1114,http://static.flickr.com/224/458886639_3563d1fb91.jpg
1115,http://farm1.static.flickr.com/71/185669260_bc2133ab3a.jpg
1116,http://farm1.static.flickr.com/248/523010964_348d048670.jpg
1117,http://farm1.static.flickr.com/34/123239407_08a6f31b00.jpg
1118,http://farm1.static.flickr.com/26/63524062_aa0be94796.jpg
1119,http://farm2.static.flickr.com/1325/537333159_07169fdf17.jpg
1120,http://farm1.static.flickr.com/47/154913577_84c8ba398f.jpg
1121,http://farm1.static.flickr.com/26/67125805_cb1e7c6c1b.jpg
1122,http://farm1.static.flickr.com/161/360866958_7ec9e65e14.jpg
1123,http://farm2.static.flickr.com/1286/1244071913_f242f03aa2.jpg
1124,http://farm1.static.flickr.com/153/338775420_7715753898.jpg
1125,http://farm3.static.flickr.com/2192/2133623720_e2a85cc027.jpg
1126,http://farm3.static.flickr.com/2125/2217704210_b9786b1682.jpg
1127,http://farm2.static.flickr.com/1109/1112784184_ce1034f996.jpg
1128,http://farm1.static.flickr.com/55/153728855_ac0f34698f.jpg
1129,http://farm2.static.flickr.com/1046/1244071915_26048a7829.jpg
1130,http://www.ourdogs.co.uk/acatalog/zbernese.jpg
1131,http://farm3.static.flickr.com/2072/2195731312_86e8770749.jpg
1132,http://farm1.static.flickr.com/36/113880110_2c8e930db8.jpg
1133,http://farm1.static.flickr.com/188/428180783_0368644068.jpg
1134,http://ec1.images-amazon.com/images/P/1421606070.01._AA240_SCLZZZZZZZ_V54270835_.jpg
1135,http://farm3.static.flickr.com/2165/2195731114_0747a98c45.jpg
1136,http://farm1.static.flickr.com/3/2949039_8b58315bb4.jpg
1137,http://farm1.static.flickr.com/18/71048366_6dd737f30c.jpg
1138,http://farm1.static.flickr.com/82/251343082_908e0e3cdd.jpg
1139,http://www.kenjo-bernese.com/images/into_fidel.gif
1140,http://farm1.static.flickr.com/67/376974079_bb19d815a5.jpg
1141,http://farm3.static.flickr.com/2270/2131824722_3f78aa2254.jpg
1142,http://farm1.static.flickr.com/20/69900752_e1d4f08b6a.jpg
1143,http://farm3.static.flickr.com/2071/2047571964_a18e30eaf6.jpg
1144,http://www.bestofbreeds.com/breedprofiles/Bari.jpg
1145,http://farm1.static.flickr.com/124/365093204_2f4a26d635.jpg
1146,http://farm2.static.flickr.com/1089/676701501_0adc203f60.jpg
1147,http://bernerhouse.ru/photos/small/index/chetvero.jpg
1148,http://farm1.static.flickr.com/45/131946223_5400d118f8.jpg
1149,http://darkandbright.files.wordpress.com/2007/06/bernesemountaindog.jpg
1150,http://www.bernerhouse.narod.ru/photos/small/puppies/Krasotka_puppies/kobel_smal.jpg
1151,http://farm2.static.flickr.com/1093/532080853_68abb1dd74.jpg
1152,http://farm1.static.flickr.com/40/123048787_a226df16f5.jpg
1153,http://farm1.static.flickr.com/47/135543766_cf54a16674.jpg
1154,http://farm2.static.flickr.com/1228/1311945224_0d50b2a7c3.jpg
1155,http://farm1.static.flickr.com/43/78611058_2c64abb1e2.jpg
1156,http://farm1.static.flickr.com/28/66834227_3d7a3d514e.jpg
1157,http://farm1.static.flickr.com/241/457097025_f1496f5023.jpg
1158,http://farm1.static.flickr.com/178/461144594_490a9f620f.jpg
1159,http://farm1.static.flickr.com/16/90648656_c14431e8e0.jpg
1160,http://www.puppydogweb.com/gallery/bernesemountaindogs/bernesemountaindog_angelo.jpg
1161,http://farm3.static.flickr.com/2364/2041539165_d87923e82c.jpg
1162,http://farm2.static.flickr.com/1271/636171300_12639e8d1e.jpg
1163,http://farm3.static.flickr.com/2414/1620686391_d89bca3b00.jpg
1164,http://farm2.static.flickr.com/1421/845542645_5ebd2ba580.jpg
1165,http://puppydogweb.com/gallery/bernesemountaindogs/bernesemountaindog_hood.jpg
1166,http://puppydogweb.com/kennels/images/bernesemountaindog_high.jpg
1167,http://farm1.static.flickr.com/135/386595968_133844fb55.jpg
1168,http://farm1.static.flickr.com/79/252210870_078d7be4ff.jpg
1169,http://farm1.static.flickr.com/27/42827055_1f7a3d0763.jpg
1170,http://www.gotpetsonline.com/pictures-gallery/dog-pictures-breeders-puppies-rescue/bernese-mountain-dog-pictures-breeders-puppies-rescue/pictures/bernese-mountain-dog-0021.jpg
1171,http://upload.wikimedia.org/wikipedia/commons/thumb/2/28/Berner_sennhund.jpg/250px-Berner_sennhund.jpg
1172,http://farm3.static.flickr.com/2319/1978576809_a06e13abaf.jpg
1173,http://farm1.static.flickr.com/140/343539780_4a06553daa.jpg
1174,http://www.bernese-mountain-dog-pups.net/Tammy-3-2007.JPG
1175,http://static.flickr.com/105/366124545_672338c597.jpg
1176,http://farm2.static.flickr.com/1084/844973378_612834091f.jpg
1177,http://farm3.static.flickr.com/2262/1939842193_62bde66398.jpg
1178,http://farm1.static.flickr.com/155/345842402_eaefc0d470.jpg
1179,http://www.europuppy.com/images/europu_refimages/442_kicsi.jpg
1180,http://farm2.static.flickr.com/1139/677558376_6556d1c5c0.jpg
1181,http://www.chenil-summum.com/photos/obi_1er_opt.jpg
1182,http://farm1.static.flickr.com/44/111410231_a1e7ed9292.jpg
1183,http://farm1.static.flickr.com/134/330025576_96d3da4f68.jpg
1184,http://static.flickr.com/155/389858890_fabcc9296e.jpg
1185,http://farm1.static.flickr.com/46/190110538_88e69e17f1.jpg
1186,http://www.gotpetsonline.com/pictures-gallery/dog-pictures-breeders-puppies-rescue/bernese-mountain-dog-pictures-breeders-puppies-rescue/pictures-photos/bernese-mountain-dog-0008.jpg
1187,http://endlessloveangels.com/photos/Simmy/Simmy1.jpg
1188,http://farm3.static.flickr.com/2160/1797198760_046785cc50.jpg
1189,http://farm3.static.flickr.com/2147/1496898955_fe9a05f2bc.jpg
1190,http://farm2.static.flickr.com/1229/1234971171_f8b2fea904.jpg
1191,http://farm1.static.flickr.com/225/499135604_ddfb50e37e.jpg
1192,http://farm3.static.flickr.com/2126/2058080566_82bd68d5cc.jpg
1193,http://farm1.static.flickr.com/135/357246947_a3429baffc.jpg
1194,http://farm2.static.flickr.com/1245/845564141_efd8cd670c.jpg
1195,http://farm1.static.flickr.com/69/182830180_47ad2ff6ff.jpg
1196,http://farm2.static.flickr.com/1343/1063249476_d3e311de91.jpg
1197,http://farm1.static.flickr.com/45/118224605_b038f1a860.jpg
1198,http://farm1.static.flickr.com/152/391723621_35d3ce000c.jpg
1199,http://farm1.static.flickr.com/146/351270534_f10251eb80.jpg
1200,http://farm1.static.flickr.com/55/150494542_cc147ab969.jpg
1201,http://farm1.static.flickr.com/37/99074900_5e1ee91fcd.jpg
1202,http://farm1.static.flickr.com/44/130176028_9e294d730f.jpg
1203,http://farm2.static.flickr.com/1003/677526284_6b5c0e1f75.jpg
1204,http://www.flashpuzzlezone.com/thumbs/bernese-mountain-dog.jpg
1205,http://www.europuppy.com/images/europu_galimages/431_kicsi.jpg
1206,http://farm1.static.flickr.com/51/117803685_6f668d5558.jpg
1207,http://farm1.static.flickr.com/94/223693081_441f6a57d8.jpg
1208,http://farm1.static.flickr.com/34/72234601_d6cd41de54.jpg
1209,http://www.gotpetsonline.com/pictures-gallery/dog-pictures-breeders-puppies-rescue/bernese-mountain-dog-pictures-breeders-puppies-rescue/pictures-photos/bernese-mountain-dog-0043.jpg
1210,http://farm1.static.flickr.com/1/125846445_cc6cdb0663.jpg
1211,http://farm2.static.flickr.com/1220/676691195_b44e1fd441.jpg
1212,http://www.desktop-wallpapers.org/pets/dogs/bernese-mountain-dog-1024x768.jpg
1213,http://farm1.static.flickr.com/42/81527891_916584eed9.jpg
1214,http://www.bernese.tv/images/sept2003015.jpg
1215,http://farm3.static.flickr.com/2108/1496898967_9d22d98f06.jpg
1216,http://farm1.static.flickr.com/52/121365492_c3f76e2144.jpg
1217,http://farm2.static.flickr.com/1220/1284514973_b198e89f12.jpg
1218,http://farm2.static.flickr.com/1321/1123108388_4d02c6a143.jpg
1219,http://farm1.static.flickr.com/170/370278946_9cdad652cd.jpg
1220,http://wallpaperoriginals.com/banners/1024-dog33.jpg
1221,http://farm1.static.flickr.com/139/319352489_380d83edec.jpg
1222,http://www.gotpetsonline.com/pictures-gallery/dog-pictures-breeders-puppies-rescue/bernese-mountain-dog-pictures-breeders-puppies-rescue/pictures/bernese-mountain-dog-0007.jpg
1223,http://farm2.static.flickr.com/1094/1471676673_45d628a001.jpg
1224,http://farm3.static.flickr.com/2191/2051536882_d8f521b1e6.jpg
1225,http://www.bernese-mountain-dogs.org/pictures-images-photos/bernese-mountain-dogs-08.jpg
1226,http://www.petsplace.co.za/Bernese%20mountain%20dog%20Nicky.jpg
1227,http://farm3.static.flickr.com/2244/2049530400_3e41cfd14a.jpg
1228,http://www.dogs4sale.com/images_breed/bernese_mountain_dog.jpg
1229,http://www.kortenhofmeadow.com/contents/media/main.h8_000_000.jpg
1230,http://farm1.static.flickr.com/138/391723588_a4974b8527.jpg
1231,http://farm1.static.flickr.com/229/484580972_8680cd57e8.jpg
1232,http://www.bernerhouse.narod.ru/photos/small/aeneas/Aeneas_spring2006_head.jpg
1233,http://farm3.static.flickr.com/2024/2196435152_7b64be845f.jpg
1234,http://www.lazich.org/images/dog-images/bailey.jpg
1235,http://www.stokerybos.be/Stk/pictures/fl_overons.jpg
1236,http://farm1.static.flickr.com/21/28068917_428f59ae3d.jpg
1237,http://farm2.static.flickr.com/1247/677536256_8724fac7f8.jpg
1238,
