0,http://farm1.static.flickr.com/38/82881625_1f95c26a55.jpg
1,http://www.painetworks.com/photos/es/es0209.JPG
2,http://www.lakenormandogtraining.com/chaseandharley.jpg
3,http://farm1.static.flickr.com/55/153157458_f4bd916eba.jpg
4,http://www.pixnpages.com/images/event_photo/dog_portrait.jpg
5,http://farm1.static.flickr.com/120/252987872_b2b05da46c.jpg
6,http://puppydogweb.com/gallery/brittanyspaniels/brittanyspaniel_belongia.jpg
7,http://www.dog-breeds.net/BrittanyJebStack1.jpg
8,http://farm1.static.flickr.com/32/37947377_142638aea4.jpg
9,http://www.k9concepts.ca/Images/jakecookiepaw.jpg
10,http://farm2.static.flickr.com/1248/795725140_4b7398e642.jpg
11,http://farm1.static.flickr.com/69/166483215_4b41bf7043.jpg
12,http://www.puppypoopy.com/brittany2.jpg
13,http://farm1.static.flickr.com/19/23249223_56b5e5c597.jpg
14,http://www.jayhawkerbrittanys.com/photogal/tkiddybirdretreive.jpg
15,"http://www.jayhawkerbrittanys.com/photogal/tnature,%20alle.jpg"
16,http://farm1.static.flickr.com/80/276641293_0f72f7c501.jpg
17,http://irishfieldsports.com/hpr/images/brittany%20spaniel_small.JPG
18,http://farm1.static.flickr.com/167/367605800_a3f85b30bf.jpg
19,http://farm2.static.flickr.com/1022/1352698525_ef01d8e910.jpg
20,http://farm1.static.flickr.com/112/252988120_c6b8b11e74.jpg
21,http://farm2.static.flickr.com/1135/1023328747_c607faf147.jpg
22,http://www.painetworks.com/photos/es/es0207.JPG
23,http://www.ataboy.ca/images/puppies1.jpg
24,http://www.terriermastiff.com/spaniel/brittanyspanielpuppy/?action=image
25,http://farm1.static.flickr.com/178/390281592_187190330d.jpg
26,http://garrisonartcenter.org/Artists/kaplan4.jpg
27,http://farm2.static.flickr.com/1252/1129174133_708e7ffc61.jpg
28,http://farm1.static.flickr.com/24/60042056_9a9c90200d.jpg
29,http://www.doggonegold.com/images/78204105.jpg
30,http://www.palouse.net/finchranch/dog3body.jpg
31,http://www.nebrittanyrescue.org/images/brittanyspanieldogs.jpg
32,http://www.bucksbrittanys.com/image/2456830.jpg
33,http://farm1.static.flickr.com/123/330052814_ab4e28b82d.jpg
34,http://www.boazvet.com/Images/Dogs/Sporting/spaniel_(brittany).jpg
35,http://farm1.static.flickr.com/127/330053269_74d7379950.jpg
36,http://farm1.static.flickr.com/55/116578398_200daac221.jpg
37,http://www.ataboy.ca/images/zoomerandmichael2.jpg
38,http://farm3.static.flickr.com/2407/2150456870_b03e24d637.jpg
39,http://farm1.static.flickr.com/51/120955526_ee9970d994.jpg
40,http://breton-freek.com/image20.jpg
41,http://www.jayhawkerbrittanys.com/photogal/tsmokinbandit2004booster.jpg
42,http://farm1.static.flickr.com/17/21747006_7a278020ad.jpg
43,http://breton-freek.com/Takarazuka-Dog_Run=Do-81.jpg
44,http://farm1.static.flickr.com/95/234175335_53e97fa032.jpg
45,http://centralpets.com/critter_images/mammals/dogs/DOG_0000087_20011230214715.jpg
46,http://farm2.static.flickr.com/1417/1123943278_6f8c66fa13.jpg
47,http://farm1.static.flickr.com/150/426078305_fc163f4d0d.jpg
48,http://pupcity.com/images/adpics/06155162435804_3.jpg
49,http://www.ataboy.ca/images/shtia.jpg
50,http://farm3.static.flickr.com/2259/2191298587_1706eca6ae.jpg
51,http://farm1.static.flickr.com/44/125720379_c0181f0c4b.jpg
52,http://www.1000figurines.com/cc/images/wcfp27b.jpg
53,http://farm1.static.flickr.com/29/66586944_b4ff520cea.jpg
54,http://www.dogdetective.com/photos/938138.jpg
55,http://farm3.static.flickr.com/2134/1557451462_bebe35d68f.jpg
56,http://cdn-www.dailypuppy.com/images/07/gu/ripley_brittany_spaniel_07.jpg
57,http://www.dogsindepth.com/sporting_dog_breeds/images/brittany_spaniel_v04.jpg
58,http://farm2.static.flickr.com/1011/584088201_955179c503.jpg
59,http://www.ataboy.ca/images/lucky.jpg
60,http://farm2.static.flickr.com/1388/534013452_7a84fc9364.jpg
61,http://farm3.static.flickr.com/2161/2108446627_b6a95d2542.jpg
62,http://www.thegreenagency.com/HUPB-PH-C-01/DSCN9988.jpg
63,http://www.breederretriever.com/photopost/data/501/KBrit.jpg
64,http://www.atlanticcrossings.com/images/brittany%20spaniel.jpg
65,http://www.elmsfordanimalshelter.com/images/rusty2.jpg
66,http://farm1.static.flickr.com/40/121522843_7ae9921642.jpg
67,http://www.breederretriever.com/photopost/data/501/DSCN1237.JPG
68,http://farm1.static.flickr.com/69/193303834_0809f8270a.jpg
69,http://farm1.static.flickr.com/19/22931599_79ca477833.jpg
70,http://farm3.static.flickr.com/2038/2190182155_0ba059e888.jpg
71,http://www.wellbredpets.com/images%5Cbreedpics%5Clgmain-BrittanySpaniel.jpg
72,http://farm2.static.flickr.com/1075/890097661_c0ce810e09.jpg
73,http://www.dogsindepth.com/sporting_dog_breeds/images/brittany_spaniel_v07.jpg
74,http://farm1.static.flickr.com/148/330052901_b58578414f.jpg
75,http://www.ataboy.ca/images/shpicgenie.jpg
76,http://farm2.static.flickr.com/1174/1148033385_b7bde28ab7.jpg
77,http://farm3.static.flickr.com/2182/2176838657_f0446c13af.jpg
78,http://server.hund.ch/fotos/fepagbreton2.jpg
79,http://farm1.static.flickr.com/73/182869294_ac14d8602b.jpg
80,http://www.ataboy.ca/images/shpggabbychamp.jpg
81,http://farm2.static.flickr.com/1153/1330278754_0e24800748.jpg
82,http://farm3.static.flickr.com/2099/2192092318_8fdbc01ba1.jpg
83,http://www.viarural.com.uy/ganaderia/mascotas/fotografias-perros/spaniel-breton-06.jpg
84,http://farm1.static.flickr.com/78/162123502_fb3a9b9cb8.jpg
85,http://www.ataboy.ca/images/shpgstorm.jpg
86,http://dogdetective.com/photos/15393.jpg
87,http://www.jayhawkerbrittanys.com/images/1sara.jpg
88,http://www.ataboy.ca/images/shzoe.jpg
89,http://farm1.static.flickr.com/69/178478995_fc88dd27cb.jpg
90,http://www.gotpetsonline.com/pictures-gallery/dog-pictures-breeders-puppies-rescue/brittany-pictures-breeders-puppies-rescue/pictures/brittany-0007.jpg
91,http://www.rosetwo.pe.kr/dog/doc/breed_list/dog_images/brittany_01.jpg
92,http://www.dannerstudios.com/tnails/TN_brittany.jpg
93,http://img90.imageshack.us/img90/6079/dscn0240ta4.jpg
94,http://gmbrittanyspaniels.com/images/RD001812.jpg
95,http://farm2.static.flickr.com/1168/548100361_303f2066a9.jpg
96,http://www.senri.ed.jp/departments/OISTech/OISDT/gr8dt/std_wk/rico/95.jpg
97,http://www.ataboy.ca/images/amber1.jpg
98,http://farm1.static.flickr.com/8/7911731_db7f84994c.jpg
99,http://farm1.static.flickr.com/9/86658973_bef7ee9717.jpg
100,http://farm1.static.flickr.com/55/121522844_896681046a.jpg
101,http://www.petag.com/images/products/MEL%20AND%20PUPS%201%20082.jpg
102,http://www.bucksbrittanys.com/image/2456743.jpg
103,http://farm1.static.flickr.com/149/330053161_20dd688915.jpg
104,http://farm1.static.flickr.com/17/21746494_b103be8499.jpg
105,http://www.dogtimes.com.br/imagens/Orri.jpg
106,http://farm1.static.flickr.com/19/23249510_0499d9423c.jpg
107,http://checksyourway.com/assets/dog_checks_gallery/brittany_spaniel_a.jpg
108,http://bp3.blogger.com/_7bWt6ZBlXT8/RwBjw_tSJpI/AAAAAAAAAN8/IlGum74ML9o/s320/Abby+retrieving+9-29-2007-10.jpg
109,http://farm1.static.flickr.com/109/314697727_14479898ca.jpg
110,http://www.brittanybay.ca/images/jazmine01.jpg
111,http://www.jayhawkerbrittanys.com/images/2westwindsbestpuppy2002jeb.jpg
112,http://www.breederretriever.com/photopost/data/501/coopa.jpg
113,http://www.archibald-siberians.com/scan0002_small4.jpg
114,http://farm1.static.flickr.com/35/121582362_9f9c8d9974.jpg
115,http://farm1.static.flickr.com/27/37947258_d0d63f824b.jpg
116,http://www.ataboy.ca/images/darren_and_magic_overall.jpg
117,http://archives.lincolndailynews.com/2001/Sep/24/images/091501pics/4_spaniel.jpg
118,http://www.ataboy.ca/images/images/tiashow1.jpg
119,http://trkyhntr.home.att.net/Missy8MonthsOld.JPG
120,http://www.ataboy.ca/images/gingermainpage.jpg
121,http://www.sobreperros.com/fotos/brittany_epagneul_breton/large/HcgyR3aI.jpg
122,http://www.hund.ch/fotos/fepagbreton35.jpg
123,http://farm2.static.flickr.com/1302/1378092216_494268b8fc.jpg
124,http://www.puppydogweb.com/gallery/brittanyspaniels/brittanyspaniel_martirone.jpg
125,http://farm1.static.flickr.com/12/18066319_c7dc6245e6.jpg
126,http://farm3.static.flickr.com/2324/2113684607_e223e9e4c4.jpg
127,http://farm1.static.flickr.com/25/64884912_19b38a9eaf.jpg
128,http://farm2.static.flickr.com/1228/1259492182_c7599c907c.jpg
129,http://farm2.static.flickr.com/1126/1129174089_5dde3dd0c7.jpg
130,http://www.321dogs.com/pictures/brittany-spaniel-dog.jpg
131,http://www.mlmbrittany.com/new/img/wia03.jpg
132,http://farm1.static.flickr.com/34/64884870_64b71e0f8c.jpg
133,http://puppydogweb.com/breeders/pic_images/brittanyspaniel_kirtley686.jpg
134,http://www.hiddencreekbrittanys.com/images/ruger_2.jpg
135,http://farm1.static.flickr.com/35/121582363_58cc2ed383.jpg
136,http://data.photos-animaux.com/photos/170/1692/169171.jpg
137,http://www.bucksbrittanys.com/image/2790898.jpg
138,http://farm1.static.flickr.com/157/330052989_c973a577ff.jpg
139,http://farm1.static.flickr.com/41/74943946_1e0f7bff73.jpg
140,http://images-jp.amazon.com/images/P/1593782853.09.MZZZZZZZ.jpg
141,http://www.ataboy.ca/images/genie5.jpg
142,http://farm1.static.flickr.com/31/57748860_4fd0561534.jpg
143,http://www.jayhawkerbrittanys.com/orlandodixiepage.gif
144,http://farm1.static.flickr.com/206/519057475_b8a9214587.jpg
145,http://farm1.static.flickr.com/54/193302651_06c14f162c.jpg
146,http://www.bucksbrittanys.com/image/2791608_scaled_573x391.JPG
147,http://farm2.static.flickr.com/1145/733508848_553f45bcce.jpg
148,http://farm1.static.flickr.com/48/182440243_176de9baaa.jpg
149,http://www.catbreedinfo.net/images14/FrenchBrittanyPicture2051.JPG
150,http://farm3.static.flickr.com/2252/1801453931_6519b1bf9b.jpg
151,http://farm1.static.flickr.com/211/507164777_8d5843f43e.jpg
152,http://www.arkbark.net/rehoming/files/MayDog2_2.jpg
153,http://farm3.static.flickr.com/2302/2219923366_b8d2447e4b.jpg
154,http://www.ataboy.ca/images/shcopper.jpg
155,http://www.jayhawkerbrittanys.com/images/1carmagabby.jpg
156,http://www.pedigree.co.nz/breeds/images/brittany_5.jpg
157,http://puppydogweb.com/gallery/brittanyspaniels/brittanyspaniel_carter.jpg
158,http://farm3.static.flickr.com/2293/2209735192_830c43e976.jpg
159,http://www.jayhawkerbrittanys.com/dscf0057.jpg
160,http://www.ataboy.ca/images/shankgirls.jpg
161,http://farm1.static.flickr.com/200/460341726_121a168ade.jpg
162,http://farm1.static.flickr.com/139/327621380_63a45e3d05.jpg
163,http://www.hiddencreekbrittanys.com/images/nc_nokidding.jpg
164,http://farm1.static.flickr.com/167/440465259_2fbb5f26fb.jpg
165,http://members.shaw.ca/kbrunen/images/hankedmsun217.jpg
166,http://farm1.static.flickr.com/28/64884961_651ab1bfb3.jpg
167,http://farm1.static.flickr.com/60/221794175_7780816a4d.jpg
168,http://farm1.static.flickr.com/32/48368386_e484d0e73b.jpg
169,http://www.brittany-spaniel-dogs.com/pictures-images-photos/brittany-spaniels-dogs-03.jpg
170,http://www.dog-breeds-infosite.com/images/BrittanySpaniel.jpg
171,http://farm3.static.flickr.com/2297/2191302299_18aacbb0d0.jpg
172,http://farm3.static.flickr.com/2222/2191463168_b9f16e660e.jpg
173,http://farm2.static.flickr.com/1260/760868461_869b2ccc76.jpg
174,http://farm1.static.flickr.com/6/74943701_ba18f1e4dd.jpg
175,http://server.hund.ch/fotos/fepagbreton42.jpg
176,http://www.ataboy.ca/images/halle3.jpg
177,http://farm2.static.flickr.com/1148/754412069_b6883b1ad6.jpg
178,http://www.ataboy.ca/images/maggie3.jpg
179,http://farm2.static.flickr.com/1215/1473419819_97f527e1cc.jpg
180,http://farm3.static.flickr.com/2282/2073111985_8cd42220c0.jpg
181,http://jonbryan.com/uploads/Rooster2007.jpg
182,http://farm1.static.flickr.com/27/64884893_514d7947a7.jpg
183,http://farm1.static.flickr.com/64/193303835_07762f87cb.jpg
184,http://www.birdtownbrittany.com/images/Fancy.jpg
185,http://farm1.static.flickr.com/39/82881541_c23df7b01f.jpg
186,http://www.bucksbrittanys.com/image/2456665.jpg
187,http://puppydogweb.com/breeders/pic_images/brittanyspaniel_shelly397.jpg
188,http://www.staugflhomes.com/images/Diana.jpg
189,http://farm1.static.flickr.com/32/60616863_6f31094617.jpg
190,http://www.hunde-info.dk/hunderacer/billeder/breton.jpg
191,http://epagneulbreton.org.uk/gallery/barley/barley-in-flight.jpg
192,http://farm1.static.flickr.com/77/183750606_68fe81565f.jpg
193,http://farm1.static.flickr.com/6/11573839_ce4df30843.jpg
194,http://farm1.static.flickr.com/215/493098856_84c1b7e82e.jpg
195,http://farm1.static.flickr.com/146/339807363_08bd7cf73e.jpg
196,http://dogdetective.com/photos/931368.jpg
197,http://farm1.static.flickr.com/134/330053250_12cc496b74.jpg
198,http://farm3.static.flickr.com/2365/2086268458_4753fc29b4.jpg
199,http://www.ataboy.ca/images/shpgcatcher.jpg
200,http://farm2.static.flickr.com/1035/1233539184_8d6cdbe23b.jpg
201,http://farm1.static.flickr.com/60/194407929_5529c0a2d4.jpg
202,http://www.jayhawkerbrittanys.com/photogal/tbanditpoint.jpg
203,http://farm1.static.flickr.com/31/53560795_c4d965afcc.jpg
204,http://www.koinuno-heya.com/syurui/type1/brittany-spaniel/brittany.jpg
205,http://breton-freek.com/image3.jpg
206,http://farm3.static.flickr.com/2396/2177662364_76ccff70d1.jpg
207,http://www.pet-portraits.net/brittany_spaniel_art.jpg
208,http://www.gundogmag.com/gundog_breeds/GD_120107_02A1.jpg
209,http://centralpets.com/critter_images/mammals/dogs/DOG_0000087_20010803225938.jpg
210,http://www.ataboy.ca/images/zyggi11.jpg
211,http://breton-freek.com/Foxy%20du%20Adachi%20Sekiya.jpg
212,http://breton-freek.com/20041.05.04Top-Image.jpg
213,http://www.ataboy.ca/images/lukas1.jpg
214,http://farm2.static.flickr.com/1364/616261975_bff9eb6330.jpg
215,http://www.millercountrydogs.com/images/flags/bob_brittany_flagt.jpg
216,http://farm1.static.flickr.com/12/16852753_3dbe4ec45b.jpg
217,http://farm1.static.flickr.com/55/153157460_644fbd6ed0.jpg
218,http://farm3.static.flickr.com/2317/2202562375_3ec0638115.jpg
219,http://farm1.static.flickr.com/83/253467123_bc80905cb2.jpg
220,http://puppydogweb.com/breeders/pic_images/brittanyspaniel_carey11286.jpg
221,http://farm1.static.flickr.com/41/111023701_1af15993f4.jpg
222,http://www.huntersheart.com/images/best_of/chief_chair_blu_down_smiling_w250_h187.jpg
223,http://www.grandane.com/NS.Kennels/charlie1.jpg
224,http://farm3.static.flickr.com/2361/2090017349_96243a21ce.jpg
225,http://www.mary-whitt.com/images/zoo/Topaz/topaz042720022.jpg
226,http://www.copleybrittanys.com/images/MartiBOBweb.jpg
227,http://farm2.static.flickr.com/1417/755344712_60bdd7e363.jpg
228,http://farm3.static.flickr.com/2274/1516595100_57c80200ce.jpg
229,http://www.prairiestorm.ca/img/brittanys1_600wX450h.jpg
230,http://brittanybay.ca/images/piper_and_jaz_feb_07.jpg
231,http://farm3.static.flickr.com/2128/2119239054_c6fff44277.jpg
232,http://terrificpets.com/images/uploads/dogbreedsadv43.jpg
233,http://images.calendars.com/images/099/9953/200800005241_hs.jpg
234,http://www.puppydogweb.com/gallery/brittanyspaniels/brittanyspaniel_shilling.jpg
235,http://farm1.static.flickr.com/149/330052640_a53bf1f577.jpg
236,http://farm1.static.flickr.com/8/8244284_b02411b80e.jpg
237,http://www.puppydogweb.com/kennels/images/brittanyspaniel_mcbride52472.jpg
238,http://farm2.static.flickr.com/1331/921164087_9d6593a0cd.jpg
239,http://farm2.static.flickr.com/1342/812436505_cd10b03e91.jpg
240,http://farm3.static.flickr.com/2309/1993082751_d2ac83ddf5.jpg
241,http://farm2.static.flickr.com/1395/1330266922_bfe3d57185.jpg
242,http://farm1.static.flickr.com/38/82881490_f5049f370d.jpg
243,http://farm2.static.flickr.com/1378/1132904165_5169a35f92.jpg
244,http://farm1.static.flickr.com/213/460348689_a6be5fd418.jpg
245,http://www.breederretriever.com/photopost/data/501/medium/brit1.jpg
246,http://farm1.static.flickr.com/170/379405985_9ef1a933b1.jpg
247,http://farm1.static.flickr.com/81/250140967_629fe4aaaf.jpg
248,http://farm3.static.flickr.com/2207/2191287985_26b4096c36.jpg
249,http://www.jayhawkerbrittanys.com/images/rjay.jpg
250,http://www.thebreedsofdogs.com/images/WELSH_SPRINGER_SPANIEL.jpg
251,http://farm3.static.flickr.com/2236/2208936949_499e7e6b41.jpg
252,http://www.coscentralbark.com/images/Banditcheer2.jpg
253,http://www.doggoneglamorous.com/photos/VanVVlietFlags/Welsh%20Springer%20Spaniel.jpg
254,http://hem.passagen.se/heeleena/gbrittanyspaniel.jpg
255,http://farm1.static.flickr.com/36/79707277_10af69148f.jpg
256,http://www.bibspecialties.net/newmagnetbreeds/mag66.jpg
257,http://artfiles.art.com/images/-/Paul-Damien/Portrait-of-a-Brittany-Spaniel-Puppy-Photographic-Print-C12657239.jpeg
258,http://www.elkcountryanimalshelter.org/birdie.jpg
259,http://farm3.static.flickr.com/2340/2095941330_6fa79734c0.jpg
260,http://www.brittanyspanielclub.on.ca/Christmas_brittany.jpg
261,http://puppydogweb.com/gallery/brittanyspaniels/brittanyspaniel_grindstaff.jpg
262,http://www.perfectpuppiesonline.com/breedimages/Brittany_Spaniel.jpg
263,http://www.victoriabenda.com/images/snackIA_022404_2.jpg
264,http://www.garden-flags.com/Merchant2/graphics/00000001/BA80071.jpg
265,http://www.doginfomat.com/mpn/mpn_sampson.jpg
266,http://farm2.static.flickr.com/1317/1378557186_4bd1da6834.jpg
267,http://farm3.static.flickr.com/2109/2208938927_5b98375701.jpg
268,http://farm1.static.flickr.com/31/48879324_57e63fc942.jpg
269,http://farm2.static.flickr.com/1071/1129843418_4aa8640f19.jpg
270,http://farm1.static.flickr.com/141/330053367_514eaffb75.jpg
271,http://farm3.static.flickr.com/2146/2073104881_55c03a43b3.jpg
272,http://www.breederretriever.com/photopost/data/503/thumbs/britpup.jpg
273,http://farm1.static.flickr.com/166/336415469_410c153f1b.jpg
274,http://www.bucksbrittanys.com/image/2456812.jpg
275,http://www.ataboy.ca/images/puppointingtn1.jpg
276,http://farm1.static.flickr.com/247/460341618_bed3c601ee.jpg
277,http://www.canildovale.com.br/fotos/racas/spaniel_bretao.jpg
278,http://www.felsteadgundogs.com/varieties3.jpg
279,http://farm2.static.flickr.com/1360/733508456_3cef732a98.jpg
280,http://www.digitaltorque.com/dancepad/widgeon01.jpg
281,http://www.saveadog.org/DogPictures/zack.jpg
282,http://www.jayhawkerbrittanys.com/dixiepicturepicture.gif
283,http://www.jayhawkerbrittanys.com/images/1westwindsbobbandit.jpg
284,http://www.puppypurebred.com/images/Tri%20Brit1.JPG?osCsid=8ea03t4rq5okdf9f0vhun4m8e5
285,http://farm1.static.flickr.com/68/155113843_f2ac9cf482.jpg
286,http://www.thebreedsofdogs.com/images/BRITTANY_DOGS.jpg
287,http://breton-freek.com/image17.jpg
288,http://rumfordpetcenter.com/Puppy/Puppybook/bookpicindx/brittany_spaniel_h02.jpg
289,http://www.brittanygrooming.com/images/NeckBackAfter.jpg
290,http://farm1.static.flickr.com/180/380012460_d66531afcd.jpg
291,http://farm1.static.flickr.com/175/460348461_97d023ecee.jpg
292,http://farm2.static.flickr.com/1072/1424112560_624c9239ba.jpg
293,http://farm1.static.flickr.com/197/460348033_ff7bd5d4e6.jpg
294,http://farm1.static.flickr.com/140/379407187_38df9ec985.jpg
295,http://farm2.static.flickr.com/1310/755289200_6503a97d64.jpg
296,http://farm1.static.flickr.com/210/440463671_22c34b3e25.jpg
297,http://gallery.photo.net/photo/5402134-md.jpg
298,http://farm3.static.flickr.com/2080/2085485175_3ef8156603.jpg
299,http://www.ataboy.ca/images/darrenandmercedes.jpg
300,http://www.jayhawkerbrittanys.com/tesshottubdaysmall.jpg
301,http://www.wikihow.com/images/0/03/Rosiewhoa_2.jpg
302,http://farm2.static.flickr.com/1366/1013691599_c51bbbd7d9.jpg
303,http://farm1.static.flickr.com/216/523869201_700d7da918.jpg
304,http://store.wspisp.net/stores/wesellart/catalog/ag2721.jpg
305,http://www.doggoneglamorous.com/photos/Carmats2/Brittany%20Spaniel%20copy.jpg
306,http://www.dogbreedinfo.com/images14/FrenchBrittanyPicture2368.JPG
307,http://farm3.static.flickr.com/2157/2057728083_3b3f0572d6.jpg
308,http://farm2.static.flickr.com/1059/1378343790_84be5c0f25.jpg
309,http://farm3.static.flickr.com/2358/2190190541_b98688ec27.jpg
310,http://www.ataboy.ca/images/tuckermainpage.jpg
311,http://www.ataboy.ca/images/shpgunobpig2.jpg
312,http://puppydogweb.com/gallery/brittanyspaniels/brittanyspaniel_nurrenbrock.jpg
313,http://farm1.static.flickr.com/41/119012898_7fec7684b7.jpg
314,http://homepages.wmich.edu/~b3rekows/newpuppies.jpg
315,http://www.jayhawkerbrittanys.com/dallaspagepic.jpg
316,http://www.ataboy.ca/images/ginger2boysnov5.jpg
317,http://www.justdogbreeds.com/images/breeds/brittany.jpg
318,http://www.goofydogs.net/Brittany_files/img1.jpg
319,http://farm1.static.flickr.com/39/74944407_9bf54cd89b.jpg
320,http://farm1.static.flickr.com/220/460348147_138073d0ab.jpg
321,http://farm2.static.flickr.com/1421/1329391115_eae9f5eb0e.jpg
322,http://farm3.static.flickr.com/2175/2086268122_4b5e66042a.jpg
323,http://www.lookatusgo.net/gallery/content/Oliver/Just%20Oliver/oliver_oct06.jpg
324,http://www.pups4sale.co.nz/english_springer_spaniel_03_puppies_for_sale.jpg
325,http://farm1.static.flickr.com/17/20602254_c0238aa696.jpg
326,http://www.robertbishopart.com/images/dogs/13_BrittanySpaniel_small.jpg
327,http://farm3.static.flickr.com/2003/2073098911_261d23a1e2.jpg
328,http://farm3.static.flickr.com/2151/2155882408_4c27c9b997.jpg
329,http://farm1.static.flickr.com/196/517056707_59b5f26805.jpg
330,http://farm1.static.flickr.com/178/477732201_43b38b2a60.jpg
331,http://farm3.static.flickr.com/2392/2108449063_e4b623234a.jpg
332,http://farm1.static.flickr.com/60/172137128_d71dd05aec.jpg
333,http://www.puppypoopy.com/brittany6.jpg
334,http://www.kathykrupa.com/images/largeimages/PeteandMontycloseup.jpg
335,http://farm2.static.flickr.com/1389/1129843464_8f42e24979.jpg
336,http://breton-freek.com/Mvc-025f--.jpg
337,http://farm3.static.flickr.com/2350/2078495175_b49bfcd966.jpg
338,http://farm1.static.flickr.com/29/37947673_312b076273.jpg
339,http://farm3.static.flickr.com/2308/2078564835_aff7b0b98a.jpg
340,http://farm1.static.flickr.com/146/341898954_43a094aa58.jpg
341,http://farm1.static.flickr.com/186/374173965_4b8f1b68e2.jpg
342,http://farm1.static.flickr.com/29/73364023_2e7141dfb7.jpg
343,http://www.brittany-spaniel-dogs.com/pictures-images-photos/brittany-spaniels-dogs-05.jpg
344,http://farm2.static.flickr.com/1130/733510968_3f9e863d3d.jpg
345,http://farm1.static.flickr.com/21/32357035_ad0abb015a.jpg
346,http://farm1.static.flickr.com/234/460347589_ebb56c3de3.jpg
347,http://farm3.static.flickr.com/2402/1557451586_196bd71a97.jpg
348,http://www.ataboy.ca/images/images/griffin.jpg
349,http://farm2.static.flickr.com/1055/526773500_643ff054bf.jpg
350,http://www.ataboy.ca/images/chdreamer.jpg
351,http://www.ataboy.ca/images/chgunner.jpg
352,http://www.bucksbrittanys.com/image/14746461_scaled_428x321.JPG
353,http://dogs.lovetoknow.com/wiki/images/Dogs/thumb/4/4b/200_Brittany_Spaniel.jpg/180px-200_Brittany_Spaniel.jpg
354,http://server.hund.ch/fotos/fepagbreton23.jpg
355,http://www.dog-pictures.co.uk/images/Wesson.jpg
356,http://farm1.static.flickr.com/47/105497422_49faf3ef1e.jpg
357,http://www.bucksbrittanys.com/image/2793233_scaled_286x194.JPG
358,http://farm1.static.flickr.com/174/460339368_18e35d0607.jpg
359,http://farm2.static.flickr.com/1300/1123943268_9c8e036796.jpg
360,http://farm2.static.flickr.com/1050/761609695_a127d1643e.jpg
361,http://farm2.static.flickr.com/1223/890109819_f44e64e1fb.jpg
362,http://www.jayhawkerbrittanys.com/skyechampioncropped.jpg
363,http://farm2.static.flickr.com/1302/616266493_d157fc5231.jpg
364,http://farm1.static.flickr.com/119/262226296_0fac2dba32.jpg
365,http://farm1.static.flickr.com/83/243532797_2981a48fca.jpg
366,http://farm1.static.flickr.com/197/472825523_37e3e87edb.jpg
367,http://www.mayfairsigns.com/emblems/_images/394.jpg
368,http://farm1.static.flickr.com/234/519671280_863a839ee0.jpg
369,http://www.encore-editions.com/dogs/darling/darling2/thumb/thm_thm_brittany%20copy.jpg
370,http://farm1.static.flickr.com/27/60616903_dd3c331544.jpg
371,http://www.petdvdlibrary.com/idevaffiliate/BrittanySpaniel.jpg
372,http://farm1.static.flickr.com/150/330053306_cdb770e35f.jpg
373,http://www.webindia123.com/pets/dog/picture/brittany.jpg
374,http://farm1.static.flickr.com/29/101972924_50e9af581c.jpg
375,http://farm2.static.flickr.com/1063/571622969_a94c640af3.jpg
376,http://farm3.static.flickr.com/2275/1830488427_5228f54df2.jpg
377,http://farm1.static.flickr.com/81/250140874_df844f0749.jpg
378,http://farm1.static.flickr.com/133/330052755_8a689b7c23.jpg
379,http://www.perfectpedigrees.com/pedigreepics/627.jpg
380,http://www.ataboy.ca/images/basil2.jpg
381,http://www.jayhawkerbrittanys.com/tillypointingpatriaoct06l.jpg
382,http://farm3.static.flickr.com/2336/2208941147_e10a6895f0.jpg
383,http://farm3.static.flickr.com/2226/2104074712_0f55cd5922.jpg
384,http://farm2.static.flickr.com/1215/1378309628_744b3294c1.jpg
385,http://reddiamondbrittanys.com/images/head3.jpg
386,http://farm1.static.flickr.com/98/263061970_a71d07523b.jpg
387,http://krizakpetportraits.com/pet-gallery/pictures/Dot%20Oil%20Painting_thumb.jpg
388,http://huntersheart.com/images/best_of/sp_petd_childff.jpg
389,http://farm1.static.flickr.com/195/466059732_c6aeacc838.jpg
390,http://farm1.static.flickr.com/43/82881595_795a8470b7.jpg
391,http://farm3.static.flickr.com/2330/2227096817_7ef71cf369.jpg
392,http://www.getnet.com/~bdhull/lucy/lucy7.jpg
393,http://farm3.static.flickr.com/2084/2065190994_fec05bc311.jpg
394,http://www.jayhawkerbrittanys.com/m14f.gif
395,http://farm2.static.flickr.com/1129/1369313581_0d513cf1c9.jpg
396,http://www.canadasguidetodogs.com/customergraphics/brittanyhead.jpg
397,http://farm1.static.flickr.com/38/82881495_1d567f7a20.jpg
398,http://www.ataboy.ca/images/shelbyrobinson.jpg
399,http://www.dogtimes.com.br/imagens/PIA.jpg
400,http://farm1.static.flickr.com/38/77864048_2ca6566f10.jpg
401,http://farm1.static.flickr.com/215/460348619_ad70d549e2.jpg
402,http://farm2.static.flickr.com/1375/1098385294_bdd681ef6b.jpg
403,http://www.terriermastiff.com/spaniel/brittanyspanielpicture/?action=image
404,http://farm1.static.flickr.com/17/20602434_572cb7f6b6.jpg
405,http://farm1.static.flickr.com/64/177179790_c2e677e0ec.jpg
406,http://www.gotpetsonline.com/pictures-gallery/dog-pictures-breeders-puppies-rescue/brittany-pictures-breeders-puppies-rescue/pictures/brittany-0085.jpg
407,http://farm1.static.flickr.com/108/262226300_e959a3c8c6.jpg
408,http://farm1.static.flickr.com/170/437685486_c21ed88a20.jpg
409,http://farm1.static.flickr.com/66/215815133_0a13d26b7b.jpg
410,http://farm1.static.flickr.com/27/37947707_679438d9aa.jpg
411,http://www.gotpetsonline.com/pictures-gallery/dog-pictures-breeders-puppies-rescue/brittany-pictures-breeders-puppies-rescue/pictures-photos/brittany-0009.jpg
412,http://farm1.static.flickr.com/67/195853146_7c3b16858c.jpg
413,http://www.babarker.com/miva/graphics/00000001/np11.gif
414,http://www.ataboy.ca/images/shpicuno.jpg
415,http://farm3.static.flickr.com/2123/2229421358_f569cbed9b.jpg
416,http://www.jayhawkerbrittanys.com/ripleyonpointcropped.jpg
417,http://farm3.static.flickr.com/2359/1557451328_7fd09add90.jpg
418,http://www.ataboy.ca/images/shpgrustypupgrp.jpg
419,http://farm1.static.flickr.com/196/440466330_c7e703212c.jpg
420,http://www.stonebrakerart.com/images/2nd%20layer/Brittany-ref.jpg
421,http://www.saveadog.org/DogPictures/Sunshine006-250a.jpg
422,http://myweb.students.wwu.edu/%7Ecricke/cs102/images/brittanyspaniel_pdw.jpg
423,http://farm1.static.flickr.com/43/114869415_5c30c74bb5.jpg
424,http://www.asahi-net.or.jp/~va6n-ab/BrittanySpaniel1.jpg
425,http://farm3.static.flickr.com/2281/1749929790_b109270d83.jpg
426,http://farm3.static.flickr.com/2227/1801453847_ec16cef8a6.jpg
427,http://www.canadogs.com/images/BreedBrittanyadult5.jpg
428,http://farm1.static.flickr.com/69/228656780_d715255983.jpg
429,http://www.cityofpickering.com/standard/lifestyle/waterfront/images/gc6.jpg
430,http://farm1.static.flickr.com/196/477732213_fe39b4b391.jpg
431,http://bp1.blogger.com/_7bWt6ZBlXT8/RwBkaftSJqI/AAAAAAAAAOE/wiQXThz4mtc/s320/01-17+Abby+after+retrieve+9-29-2007-17.jpg
432,http://www.doggies.com/photos/brittneyseated.jpg
433,http://farm3.static.flickr.com/2333/2176361629_ee45095d65.jpg
434,http://farm1.static.flickr.com/207/493117001_3ae309d141.jpg
435,http://breton-freek.com/Sep23111.jpg
436,http://farm1.static.flickr.com/142/397562578_175e9f1c5a.jpg
437,http://farm1.static.flickr.com/33/64884857_88f36b4d08.jpg
438,http://farm2.static.flickr.com/1068/921163569_dabd02db8c.jpg
439,http://breton-freek.com/image22.jpg
440,http://www.ideazoo.com/assets/graphics/charlieface.jpg
441,http://www.jayhawkerbrittanys.com/images/jebmove1.jpg
442,http://farm1.static.flickr.com/137/379407394_b2a9217cc1.jpg
443,http://farm3.static.flickr.com/2366/1971414723_380bf29d8b.jpg
444,http://www.brittany-spaniel-dogs.com/pictures-images-photos/brittany-spaniels-dogs-02.jpg
445,http://www.tias.com/stores/doxette/pictures/sw044a.jpg
446,http://farm2.static.flickr.com/1233/921011439_7d30f5f126.jpg
447,http://www.gotpetsonline.com/pictures-gallery/dog-pictures-breeders-puppies-rescue/brittany-pictures-breeders-puppies-rescue/pictures/brittany-0004.jpg
448,http://www.k9sbestfriend.com/graduation2.JPG
449,http://farm2.static.flickr.com/1037/1364070194_bdcb2f95da.jpg
450,http://www.wrinkydinks.com/yahoo/vanvilet/vanvil8.jpg
451,http://farm3.static.flickr.com/2222/2104074702_b6c339f4b0.jpg
452,http://farm2.static.flickr.com/1344/1129984610_f920f4ec57.jpg
453,http://farm2.static.flickr.com/1332/1123943756_0f6dab1c28.jpg
454,http://www.gotpetsonline.com/pictures-gallery/dog-pictures-breeders-puppies-rescue/brittany-pictures-breeders-puppies-rescue/pictures/brittany-0071.jpg
455,http://farm3.static.flickr.com/2066/2137696602_68d25dd737.jpg
456,http://farm1.static.flickr.com/244/444216686_812116b5de.jpg
457,http://farm3.static.flickr.com/2415/2192071642_892e72bd97.jpg
458,http://farm3.static.flickr.com/2143/2190681315_6aee81031e.jpg
459,http://www.felsteadgundogs.com/varieties2.jpg
460,http://www.jayhawkerbrittanys.com/photogal/tmbandithead.jpg
461,http://www.dovehunt.com/images/bird_dogs/french_brittany_wilson.jpg
462,http://www.hiddencreekbrittanys.com/images/adoptions_shasta.jpg
463,http://farm1.static.flickr.com/13/18999507_6c639c0656.jpg
464,http://farm3.static.flickr.com/2258/2114460592_d839aaacb4.jpg
465,http://www.jayhawkerbrittanys.com/photogal/tgraciederby4th.jpg
466,http://farm3.static.flickr.com/2383/1762122663_1c4c4f3d7d.jpg
467,http://farm1.static.flickr.com/143/327621583_77e32f50e7.jpg
468,http://farm1.static.flickr.com/225/502098499_56d0f952a1.jpg
469,http://www3.telus.net/bragdonbrittanys/images/puppies/green/brittanyandcat.jpg
470,http://l.yimg.com/us.yimg.com/i/us/pets/brgd/english-springer-spaniel.jpg
471,http://farm1.static.flickr.com/225/498340503_b9d5a8c6d8.jpg
472,http://farm2.static.flickr.com/1398/616254445_67d4247321.jpg
473,http://farm1.static.flickr.com/13/15718536_f268acdd5c.jpg
474,http://farm2.static.flickr.com/1311/1378085432_fdce3316aa.jpg
475,http://farm3.static.flickr.com/2034/2232889819_43c2155392.jpg
476,http://farm1.static.flickr.com/184/426078288_420e2c2d31.jpg
477,http://farm3.static.flickr.com/2279/2114458074_e090dda00c.jpg
478,http://www.warriorsmark.com/brandy_britt2.jpg
479,http://farm2.static.flickr.com/1070/1229852850_3463e57c59.jpg
480,http://farm2.static.flickr.com/1207/1377288761_4b8e07a412.jpg
481,http://pupcity.com/images/adpics/05353221252620_1.jpg
482,http://www.petfinder.com/fotos/VA306/VA306.6359307-1-x.jpg
483,http://www.jayhawkerbrittanys.com/photogal/tjasper.jpg
484,http://farm1.static.flickr.com/92/252988661_79362bf996.jpg
485,http://www.jayhawkerbrittanys.com/photogal/tmbanditandrowdy.jpg
486,http://www.britthavenkennels.com/Jakenew.jpg
487,http://farm2.static.flickr.com/1179/1098378454_d3aab1ff37.jpg
488,http://www.ataboy.ca/images/shpgcasperchamp.jpg
489,http://farm1.static.flickr.com/235/523869209_adef169cf7.jpg
490,http://www.ataboy.ca/images/shpgyahtzee1.jpg
491,http://breton-freek.com/image10.jpg
492,http://www.savejustone.com/Featured/Kringle2sm_small.jpg
493,http://farm3.static.flickr.com/2228/2073097145_deb0227b1d.jpg
494,http://www.found-pets.org/L07233.jpg
495,http://farm1.static.flickr.com/245/460339714_7582f4115b.jpg
496,http://www.saveadog.org.au/images/photos/willis(britspaniel)2.jpg
497,http://www.victoriabenda.com/images/isabella202190.jpg
498,http://farm1.static.flickr.com/45/119012934_4059c4c164.jpg
499,http://farm1.static.flickr.com/124/330053146_9db667ec69.jpg
500,http://farm1.static.flickr.com/29/37947699_563487448b.jpg
501,http://farm1.static.flickr.com/159/397648057_0b677a2623.jpg
502,http://farm3.static.flickr.com/2195/2139110627_d6369127a2.jpg
503,http://jayhawkerbrittanys.com/images/westernsagebird.jpg
504,http://www.gotpetsonline.com/pictures-gallery/dog-pictures-breeders-puppies-rescue/brittany-pictures-breeders-puppies-rescue/pictures/brittany-0025.jpg
505,http://farm3.static.flickr.com/2180/1512185440_65d4c4861d.jpg
506,http://farm1.static.flickr.com/21/32357036_f0827dfab7.jpg
507,http://breton-freek.com/image.jpg
508,http://farm1.static.flickr.com/30/48495631_8c80ad4cf4.jpg
509,http://farm2.static.flickr.com/1425/1129984666_531736dbdb.jpg
510,http://farm3.static.flickr.com/2357/2209740097_fe1d5bdb27.jpg
511,http://farm1.static.flickr.com/219/477732219_1b85363041.jpg
512,http://www.brittanygrooming.com/images/before_dirty.jpg
513,http://farm1.static.flickr.com/111/276641288_4b19d7d4cd.jpg
514,http://farm1.static.flickr.com/193/467690302_b176250266.jpg
515,http://farm1.static.flickr.com/70/177692794_f34c6bb7de.jpg
516,http://farm1.static.flickr.com/146/330053278_5d38b22e90.jpg
517,http://farm3.static.flickr.com/2236/2210532080_69f6bc0d92.jpg
518,http://www.bucksbrittanys.com/image/2456827.jpg
519,http://www.jayhawkerbrittanys.com/sashasask..jpg
520,http://farm3.static.flickr.com/2201/2100180681_e910705fde.jpg
521,http://farm1.static.flickr.com/200/460347837_3ecebd076d.jpg
522,http://pets-place.net/Breeds/BrittanyIcon.jpg
523,http://farm2.static.flickr.com/1248/1409765553_4aded55f1b.jpg
524,http://www.puppydogweb.com/gallery/brittanyspaniels/brittanyspaniel_svata.JPG
525,http://breton-freek.com/2007-8top3.jpg
526,http://chianca-at-large.com/nappingpups.jpg
527,http://www.jayhawkerbrittanys.com/images/jebnatl.jpg
528,http://farm1.static.flickr.com/22/36241327_69ec61b7d7.jpg
529,http://farm1.static.flickr.com/192/443496553_f5c55ab986.jpg
530,http://farm2.static.flickr.com/1345/616916932_9330ff889d.jpg
531,http://www.williamslakesportsmen.com/joker.jpg
532,http://www.puppyforsale.com/img/ataboy_britspan.jpg
533,http://www.jayhawkerbrittanys.com/images/sage2.jpg
534,http://farm3.static.flickr.com/2169/1599396851_7da5bfd979.jpg
535,http://www.prairiestorm.ca/img/wyatt2_260wX195h_20070612.jpg
536,http://huntersheart.com/images/best_of/gypsy_standgff.jpg
537,http://www.hillsidedogs.org/images/miles2.jpg
538,http://farm3.static.flickr.com/2158/2119239046_87a2d913a0.jpg
539,http://farm1.static.flickr.com/64/193303839_6c2d5b2da2.jpg
540,http://farm1.static.flickr.com/33/90899868_f35438f733.jpg
541,http://farm1.static.flickr.com/39/74944547_731195c3cb.jpg
542,http://www.downwindkennels.com/images/dogsinbed.jpg
543,http://farm1.static.flickr.com/39/82642534_cc5ea42165.jpg
544,http://farm1.static.flickr.com/92/228662090_ec4ec88a0f.jpg
545,http://farm2.static.flickr.com/1317/616914202_edae0e09d5.jpg
546,http://farm3.static.flickr.com/2289/2109220864_a9c5b297f5.jpg
547,http://farm3.static.flickr.com/2012/2191311483_7257ef3210.jpg
548,http://www.jayhawkerbrittanys.com/gibsonfoundaroosteroct06.jpg
549,http://farm1.static.flickr.com/47/193302649_6f2a875244.jpg
550,http://www.bucksbrittanys.com/image/2456834.jpg
551,http://www.breedersonline.co.uk/Dogs/Photos/Cavalier-King-Charles-Spaniel.jpg
552,http://www.pedigree.co.nz/breeds/images/brittany_6.jpg
553,http://farm3.static.flickr.com/2365/2149811907_ebe7a15567.jpg
554,http://farm3.static.flickr.com/2315/2100968512_918711d4bf.jpg
555,http://www.nzymes.com/Images/Copper_alexander.jpg
556,http://farm1.static.flickr.com/31/95572741_8930f73efc.jpg
557,http://www.srfcwby.com/SnakebiteStory_files/image002.jpg
558,http://www.321dogs.com/pictures/brittany-spaniel.jpg
559,http://farm1.static.flickr.com/41/74942874_bbf61408c8.jpg
560,http://farm3.static.flickr.com/2175/2143066562_9769f94612.jpg
561,http://www.jayhawkerbrittanys.com/caramelface.jpg
562,http://jayhawkerbrittanys.com/photogal/tdallascamovest.jpg
563,http://images.morris.com/images/savannah2/mdControlled/cms/4028826.jpg
564,http://farm2.static.flickr.com/1230/758084189_dfe1589f19.jpg
565,http://farm3.static.flickr.com/2297/2051353323_6153b02d9e.jpg
566,http://farm2.static.flickr.com/1342/1460609334_ab98533e74.jpg
567,http://farm1.static.flickr.com/170/460340566_2ee1984025.jpg
568,http://www.puppypoopy.com/brittany4.jpg
569,http://www.palouse.net/finchranch/dog6closeup.jpg
570,http://farm2.static.flickr.com/1101/1417494289_2d86a4daf1.jpg
571,http://www.palouse.net/finchranch/dog1closeup.jpg
572,http://trkyhntr.home.att.net/1Turk1Campbell2Turkeys.jpeg
573,http://bp1.blogger.com/_0HiD4_i46d4/RsA4NlAh9FI/AAAAAAAAAnw/IG2LS90du98/s200/Brittney.jpg
574,http://www.dogbreedinfo.com/images19/BrittanySpanielPuppyVsAdultSamantha2monthsJazz13Years.JPG
575,http://farm2.static.flickr.com/1218/657712567_6ad4102350.jpg
576,http://www.huntersheart.com/images/covers/nvee_down.jpg
577,http://farm2.static.flickr.com/1025/1377775453_2cfdbf858a.jpg
578,http://farm2.static.flickr.com/1281/563298336_d8300058d6.jpg
579,http://l.yimg.com/us.yimg.com/i/us/pets/brgd/german-wirehaired-pointer.jpg
580,http://farm1.static.flickr.com/38/77868683_856bbf1444.jpg
581,http://www.found-pets.org/L07259.jpg
582,http://dogs.lovetoknow.com/wiki/images/Dogs/thumb/3/30/Dog_and_pear.jpg/180px-Dog_and_pear.jpg
583,http://farm1.static.flickr.com/233/516633086_5f639d3879.jpg
584,http://www.jayhawkerbrittanys.com/dixieatwindow.jpg
585,http://jayhawkerbrittanys.com/photogal/tsiennafront.jpg
586,http://farm1.static.flickr.com/2/1809021_6d501b98b8.jpg
587,http://www.dogguide.net/images/breeds/brittany1.jpg
588,http://www.covemountainkennels.com/wp-content/uploads/2007/04/AnnieChukarWeb.jpg
589,http://farm1.static.flickr.com/22/28342122_18de1ef816.jpg
590,http://farm1.static.flickr.com/104/312394894_d52ae19cc7.jpg
591,http://www.canadogs.com/images/Brittanypup6.jpg
592,http://farm2.static.flickr.com/1123/616265681_fade7def54.jpg
593,http://farm3.static.flickr.com/2196/1812707786_24da130575.jpg
594,http://farm2.static.flickr.com/1281/1078251285_c5698f851c.jpg
595,http://www.brittanyspanielclub.on.ca/mercedesbestpup.jpg
596,http://www.pupcity.com/images/adpics/07303070336081_1.jpg
597,http://www.hiddencreekbrittanys.com/images/adoptions_cayenne1.jpg
598,http://farm1.static.flickr.com/100/291912659_3ef84a8f8c.jpg
599,http://farm2.static.flickr.com/1237/528840069_f9d1de4d29.jpg
600,http://farm1.static.flickr.com/68/177777103_eded31306a.jpg
601,http://farm2.static.flickr.com/1259/1461350320_203d91db6b.jpg
602,http://www.gotpetsonline.com/pictures-gallery/dog-pictures-breeders-puppies-rescue/brittany-pictures-breeders-puppies-rescue/pictures/brittany-0077.jpg
603,http://artships.com/pond/doof.jpg
604,http://www.ataboy.ca/images/chcasper.jpg
605,http://farm2.static.flickr.com/1139/1129984640_9c591e784e.jpg
606,http://farm3.static.flickr.com/2308/2193207416_5023bbc1a7.jpg
607,http://farm2.static.flickr.com/1325/921160109_45a5f81522.jpg
608,http://www.canadogs.com/images/Brittanyadult6.jpg
609,http://farm3.static.flickr.com/2366/2238115800_f4ea40b4fd.jpg
610,http://farm1.static.flickr.com/10/13452608_e07226bb3f.jpg
611,http://farm1.static.flickr.com/47/135693126_0ac9d178b4.jpg
612,http://72ppi.us/images/2007-03-18.jpg
613,http://www.breedersclub.net/files/small/12232.jpg
614,http://farm3.static.flickr.com/2372/2113682009_b75590f8d8.jpg
615,http://www.jayhawkerbrittanys.com/maxwins1stderby.jpg
616,http://farm1.static.flickr.com/171/426078237_d1866fdab5.jpg
617,http://farm1.static.flickr.com/26/44106132_4388c98a52.jpg
618,http://www.bucksbrittanys.com/image/2456737.jpg
619,http://farm1.static.flickr.com/159/341579118_c3870ce801.jpg
620,http://farm3.static.flickr.com/2126/2219617075_eb884467d5.jpg
621,http://farm1.static.flickr.com/31/90898867_766f4066ed.jpg
622,http://farm1.static.flickr.com/229/473055847_747102725a.jpg
623,http://imagecache2.allposters.com/images/pic/NGSPOD08/119646~Portrait-of-a-Brittany-Spaniel-Puppy-Lying-Among-Fallen-Autumn-Leaves-Posters.jpg
624,http://farm3.static.flickr.com/2408/1993875400_8fa83fc3c8.jpg
625,http://www.ataboy.ca/images/images/DuchessOnPoint.jpg
626,http://72ppi.us/images/IMG_0314.jpg
627,http://www.vet.k-state.edu/features/images/dog.scan.jpg
628,http://farm3.static.flickr.com/2252/2085485103_32068b9124.jpg
629,http://farm1.static.flickr.com/15/20603036_32a9b2e899.jpg
630,http://farm1.static.flickr.com/39/83501975_c8761c9e5c.jpg
631,http://farm2.static.flickr.com/1358/1279857445_5b61dca650.jpg
632,http://farm1.static.flickr.com/84/234175097_f4426dd5e4.jpg
633,http://farm1.static.flickr.com/84/242867343_365ccb60b0.jpg
634,http://www.pointinggundogs.com/httpdocs/picture_files/OpeyBiffRunning.jpg
635,http://farm1.static.flickr.com/59/193303837_f98f21aaf1.jpg
636,http://farm1.static.flickr.com/79/221040754_f60ed449ed.jpg
637,http://farm2.static.flickr.com/1099/1377386583_ec5c7568a2.jpg
638,http://breton-freek.com/20041.5%20033.jpg
639,http://farm1.static.flickr.com/34/117258856_a44785487b.jpg
640,http://farm1.static.flickr.com/93/234189865_f9ae3cbc5e.jpg
641,http://farm1.static.flickr.com/5/5142931_066ce3ab76.jpg
642,http://farm1.static.flickr.com/11/16852572_574424d2d5.jpg
643,http://www.hayeshappydog.com/Images/britspaniel.jpg
644,http://farm1.static.flickr.com/16/20849097_65b274a16f.jpg
645,http://farm1.static.flickr.com/90/246232465_f826aa2c5d.jpg
646,http://farm1.static.flickr.com/204/440465121_1147400e66.jpg
647,http://www.hiddencreekbrittanys.com/images/muskoka_dog.jpg
648,http://farm1.static.flickr.com/136/320217824_8a4516ddb0.jpg
649,http://www3.telus.net/bragdonbrittanys/images/ambergang.jpg
650,http://farm1.static.flickr.com/49/116584941_9a32c95e42.jpg
651,http://www.dovehunt.com/images/bird_dogs/brittany_007.jpg
652,http://www.warofthering.net/photoforum/data/500/medium/breton02.jpg
653,http://farm3.static.flickr.com/2078/2109237844_8f8e2ee0bf.jpg
654,http://breton-freek.com/image5.jpg
655,http://farm1.static.flickr.com/32/90899869_6e7bf69221.jpg
656,http://www.ataboy.ca/images/maggie4.jpg
657,http://farm1.static.flickr.com/21/31777461_cacf88e5c0.jpg
658,http://upload.wikimedia.org/wikipedia/commons/thumb/e/e7/Brittany_dog_liver.jpg/800px-Brittany_dog_liver.jpg
659,http://farm2.static.flickr.com/1399/558336613_c930dbff42.jpg
660,http://www.ataboy.ca/images/chpatti.jpg
661,http://farm1.static.flickr.com/25/37947244_b92ec1bc1e.jpg
662,http://www.ataboy.ca/images/shpggeniebpig.jpg
663,http://breton-freek.com/Misty%20Long%20Hills%20Loustic%20Astell3.jpg
664,http://www.jayhawkerbrittanys.com/photogal/tripley1stmajorcropped.jpg
665,http://www.jayhawkerbrittanys.com/pict0003.jpg
666,http://farm2.static.flickr.com/1273/530932977_5a011de279.jpg
667,http://breton-freek.com/Loustic%20Orphen%20du%20Adachi%20Sekiya.jpg
668,http://farm1.static.flickr.com/181/460341488_3c9cafdef8.jpg
669,http://farm2.static.flickr.com/1073/1378311370_11d27c3131.jpg
670,http://www.loveyourdog.com/britgirl2.jpg
671,http://farm1.static.flickr.com/23/33056525_9331425806.jpg
672,http://farm1.static.flickr.com/237/460349149_244216f227.jpg
673,http://www.portaldoscaes.com/images/caes-brittany.jpg
674,http://www.brittanyspaniel.co.uk/images/rustyBubbles.jpg
675,http://farm1.static.flickr.com/231/460339628_92d0f93578.jpg
676,http://farm2.static.flickr.com/1040/1172171533_a1a70cd3cb.jpg
677,http://www.dogfan.jp/zukan/sports/BrittanySpaniel/IMG_3738.jpg
678,http://www.pointinggundogs.com/httpdocs/picture_files/OpeyFirstPheasant.jpg
679,http://farm2.static.flickr.com/1159/1129984622_8afafc8806.jpg
680,http://farm1.static.flickr.com/91/215515429_b6ee1ac6f0.jpg
681,http://farm1.static.flickr.com/23/28607593_2237f600e2.jpg
682,http://farm1.static.flickr.com/127/333148085_bea0ad192d.jpg
683,http://farm1.static.flickr.com/19/23652859_6ecd46a00a.jpg
684,http://farm1.static.flickr.com/186/440463646_065e6f1de6.jpg
685,http://www.bucksbrittanys.com/image/2456826.jpg
686,http://www.drivendogs.com/student_Seeker_Jump.jpg
687,http://farm1.static.flickr.com/105/316402784_eb2bf4daa7.jpg
688,http://breton-freek.com/3dai1.jpg
689,http://farm1.static.flickr.com/6/11388011_812ae47ebb.jpg
690,http://farm1.static.flickr.com/24/90899870_d7f9533d6a.jpg
691,http://breton-freek.com/Takarazuka-Dog_Run=Do-151.jpg
692,http://pupcity.com/images/adpics/07040135753280_1.jpg
693,http://farm2.static.flickr.com/1336/1440920842_0398ab5d0c.jpg
694,http://farm1.static.flickr.com/53/178483732_9885360331.jpg
695,http://farm2.static.flickr.com/1253/1484340249_d1c06dc2db.jpg
696,http://farm2.static.flickr.com/1299/1129200373_0480a3f7e1.jpg
697,http://farm1.static.flickr.com/53/110670993_4cde2178b0.jpg
698,http://farm3.static.flickr.com/2059/2051352671_eadb76d502.jpg
699,http://www.ataboy.ca/images/nellyxmas.jpg
700,http://farm2.static.flickr.com/1093/1129984650_e45e9de0f4.jpg
701,http://farm3.static.flickr.com/2188/2192096008_a07823d766.jpg
702,http://www.puppydogweb.com/gallery/brittanyspaniels/brittanyspaniel_turner.jpg
703,http://farm1.static.flickr.com/157/374174038_628b03ca49.jpg
704,http://www.bucksbrittanys.com/image/2456658.jpg
705,http://www.pupcity.com/images/adpics/06311102327084_1.jpg
706,http://www.dogtraining-sy.com/ashranwa/imgs/Brittany.jpg
707,http://farm3.static.flickr.com/2377/2213284798_f34cd8067e.jpg
708,http://www.jayhawkerbrittanys.com/caseyfirstduckhunt.jpg
709,http://farm1.static.flickr.com/239/516633140_0d5735051e.jpg
710,http://farm3.static.flickr.com/2343/2208939773_0bd90c4806.jpg
711,http://www.brittanyspanielclub.on.ca/ruffwoodfrogs.jpg
712,http://www.victoriabenda.com/images/tuckerTX_061704_1.jpg
713,http://farm1.static.flickr.com/136/330053357_cc49c4d3dc.jpg
714,http://www.bucksbrittanys.com/image/2456806.jpg
715,http://farm1.static.flickr.com/6/11387995_eb69d8f1fd.jpg
716,http://farm1.static.flickr.com/37/86658468_a97acc7895.jpg
717,http://farm1.static.flickr.com/135/325619754_eda5345190.jpg
718,http://www.huntersheart.com/images/gallery/g1/max_450x305.jpg
719,http://farm1.static.flickr.com/140/330053320_c46d4f0d65.jpg
720,http://farm3.static.flickr.com/2297/2188397320_89a2ba3f2a.jpg
721,http://www.ataboy.ca/images/shpgmercedeschamp.jpg
722,http://www.mycanadawest.com/andreas/Lucky_cropped.jpg
723,http://farm3.static.flickr.com/2379/2191300491_9ffab7ef12.jpg
724,http://www.ataboy.ca/images/baili2.jpg
725,http://farm3.static.flickr.com/2117/2180329928_a6eb5738f7.jpg
726,http://www.ataboy.ca/images/DuchessGrouse2.jpg
727,http://farm1.static.flickr.com/95/327359439_eff64cafc1.jpg
728,http://www.puppydogweb.com/gallery/brittanyspaniels/brittanyspaniel_sheron.jpg
729,http://data.photos-animaux.com/photos/93/927/92613.jpg
730,http://www.pupcity.com/images/adpics/200475162516.jpg
731,http://www.jayhawkerbrittanys.com/images/willowhead.jpg
732,http://farm3.static.flickr.com/2098/2226705519_93e0d9debb.jpg
733,http://farm1.static.flickr.com/60/177777102_d413964ef5.jpg
734,http://farm3.static.flickr.com/2205/2167824873_179d034c05.jpg
735,http://www.jayhawkerbrittanys.com/photogal/tjeblighterusachampion.jpg
736,http://www.breederretriever.com/photopost/data/501/coop11.jpg
737,http://www.usbrittany.com/images/dogs/100_0105.JPG
738,http://farm1.static.flickr.com/103/302599256_477e22578c.jpg
739,http://www.jayhawkerbrittanys.com/chase_ourdogs.jpg
740,http://farm1.static.flickr.com/23/90898334_ae5137af58.jpg
741,http://farm1.static.flickr.com/79/246232429_f012a91e5f.jpg
742,http://farm1.static.flickr.com/17/20602735_297ca2582b.jpg
743,http://server.hund.ch/fotos/fepagbreton5.jpg
744,http://www.jayhawkerbrittanys.com/jebbooster.jpg
745,http://farm3.static.flickr.com/2140/1752730384_3def51b71b.jpg
746,http://www.coscentralbark.com/images/Banditcheer1.jpg
747,http://www.ataboy.ca/images/lucycanjar1.jpg
748,http://farm3.static.flickr.com/2355/2187313175_08ff9b24d6.jpg
749,http://www.drvet.com.au/images/pets/kelsey.jpg
750,http://farm2.static.flickr.com/1265/1304310532_977c5eeb7e.jpg
751,http://farm2.static.flickr.com/1039/1446489356_21600e9d67.jpg
752,http://farm1.static.flickr.com/10/14418297_c8866d8597.jpg
753,http://cdn-www.dailypuppy.com/images/07/gu/ripley_brittany_spaniel_04.jpg
754,http://farm2.static.flickr.com/1080/1145146632_5ae7e8e411.jpg
755,http://www.favorite-puppy-names.com/images/brittany-spanial-puppy-picture-thm.jpg
756,http://www.ataboy.ca/images/basil5.jpg
757,http://www.maessr.org/edit/ViewDogImage.php/Maessr2008Thumbnail.jpg
758,http://breton-freek.com/Tr.%20Dorik%20de%20Sous%20les%20Viviers.jpg
759,http://www.valhallahuntclub.com/dogs/dexter_brittany2_sm.jpg
760,http://farm2.static.flickr.com/1063/1353804012_5eed128aeb.jpg
761,http://farm1.static.flickr.com/212/517056819_60a0b212f5.jpg
762,http://farm1.static.flickr.com/177/460340802_a12ffa108b.jpg
763,http://www.k9gifts.com/ss/adbrittany.jpeg
764,http://www.ataboy.ca/images/darrenpage2.jpg
765,http://www.riversidek9.com/images/agility_01.jpg
766,http://puppyintraining.com/wp-content/uploads/2008/01/brittanys.jpg
767,http://farm1.static.flickr.com/111/293861836_7286ca2a9f.jpg
768,http://www.jayhawkerbrittanys.com/maxwinsbcfallderby2005.jpg
769,http://www.brittanygrooming.com/images/toweled.jpg
770,http://www.perfectpedigrees.com/pedigreepics/628.jpg
771,http://jayhawkerbrittanys.com/photogal/tmaxwaterretreive.jpg
772,http://www.dogtimes.com.br/imagens/berniept1.jpg
773,http://farm1.static.flickr.com/70/162102914_c78316d5ea.jpg
774,http://content.answers.com/main/content/wp/en/thumb/0/0b/180px-Timba_arret.jpg
775,http://www.puppydogweb.com/kennels/images/brittanyspaniel_mcbride5247.jpg
776,http://www.usbrittany.com/images/dogs/100_0064_2.JPG
777,http://farm1.static.flickr.com/138/330053040_128de61eba.jpg
778,http://farm1.static.flickr.com/196/491484184_ea32a24c74.jpg
779,http://farm3.static.flickr.com/2254/2073893438_f9599b1694.jpg
780,http://farm1.static.flickr.com/36/121584779_bd9be5262b.jpg
781,http://farm1.static.flickr.com/175/418317864_8bff99d3b4.jpg
782,http://farm1.static.flickr.com/9/14418451_98897d189e.jpg
783,http://www.puppydogweb.com/gallery/brittanyspaniels/brittanyspaniel_bennett.jpg
784,http://www.warofthering.net/photoforum/data/500/breton03.jpg
785,http://farm3.static.flickr.com/2302/1582942447_2a5bef5540.jpg
786,http://farm2.static.flickr.com/1326/578311903_d724a8121b.jpg
787,http://farm3.static.flickr.com/2064/2028115111_6ca3e4bffa.jpg
788,http://farm3.static.flickr.com/2386/2104074706_167f662826.jpg
789,http://www.puppydogweb.com/breeders/pic_images/brittanyspaniel_sherlock55.jpg
790,http://centralpets.com/critter_images/mammals/dogs/DOG_0000087_20010803230058.jpg
791,http://www.harlemfur.com/images/Honey_InThePark.jpg
792,http://farm1.static.flickr.com/30/64884932_134489783a.jpg
793,http://farm2.static.flickr.com/1078/616911694_eca82f68f6.jpg
794,http://farm1.static.flickr.com/56/193303838_98884e456e.jpg
795,http://www.goldenmemoriesstudio.com/Assets/product_images/jpg/BritniesB.jpg
796,http://farm1.static.flickr.com/27/48492009_d6fdc24ec2.jpg
797,http://static.flickr.com/66/157653340_b103467bf6.jpg
798,http://www.qctimes.com/classifieds/art/8645x331.jpg
799,http://www.fairmountanimal.com/Copy%20of%20andrea&m;_small1.JPG
800,http://farm1.static.flickr.com/192/440466242_2751988b73.jpg
801,http://farm1.static.flickr.com/79/250140850_b86d1e4aa1.jpg
802,http://www.amrt.net/siskiyou/Brittany%20Harper%20face%20resized.jpg
803,http://farm1.static.flickr.com/252/460340600_d961468050.jpg
804,http://farm1.static.flickr.com/4/5831437_4a879636d5.jpg
805,http://farm2.static.flickr.com/1037/527106868_d13bbb50c9.jpg
806,http://farm1.static.flickr.com/170/460349435_cad733f3a8.jpg
807,http://farm1.static.flickr.com/54/129172345_f38c5092c4.jpg
808,http://farm3.static.flickr.com/2285/2230505307_da262c2837.jpg
809,http://farm3.static.flickr.com/2410/2078961069_11d5e0e152.jpg
810,http://farm1.static.flickr.com/153/330052791_aa8a0499dc.jpg
811,http://farm3.static.flickr.com/2176/2126688796_f80bfe0127.jpg
812,http://www.gotpetsonline.com/pictures-gallery/dog-pictures-breeders-puppies-rescue/brittany-pictures-breeders-puppies-rescue/pictures/brittany-0002.jpg
813,http://www.archibald-siberians.com/scan0002.jpg
814,http://farm1.static.flickr.com/75/178458860_cc80637651.jpg
815,http://farm1.static.flickr.com/64/193303836_0f7da5af9a.jpg
816,http://www.ataboy.ca/images/chginger.jpg
817,http://farm3.static.flickr.com/2387/2041893880_39da35dbb4.jpg
818,http://farm1.static.flickr.com/194/460341558_77701a78f1.jpg
819,http://www.ataboy.ca/images/gunner10.jpg
820,http://farm3.static.flickr.com/2390/2164668267_7b2a3f69c9.jpg
821,http://www.ataboy.ca/images/shpgmaggie.jpg
822,http://www.jagdspaniel.de/s2.jpg
823,http://farm1.static.flickr.com/154/330053238_5c2fb2f84c.jpg
824,http://www.coasttocoastam.com/timages/page/Georgie082106a.jpg
825,http://farm1.static.flickr.com/29/35570756_c1cacdf7a6.jpg
826,http://puppydogweb.com/gallery/brittanyspaniels/brittanyspaniel_sokol.jpg
827,http://breton-freek.com/Takarazuka-Dog_Run=Do-121.jpg
828,http://www.rickkentgolf.com/images/2007pics/6.tmb.jpg
829,http://puppydogweb.com/gallery/brittanyspaniels/brittanyspaniel_liebig.jpg
830,http://farm3.static.flickr.com/2380/2208941615_cb97acd803.jpg
831,http://farm1.static.flickr.com/71/178458859_663e6685ec.jpg
832,http://farm1.static.flickr.com/52/129176485_9480e7cc38.jpg
833,http://www.caninecrib.com/dog/images/brittany.jpg
834,http://farm3.static.flickr.com/2087/2078495855_eb0900b52e.jpg
835,http://farm2.static.flickr.com/1042/1129174161_f7a17dc179.jpg
836,http://farm1.static.flickr.com/8/9828552_eb66195517.jpg
837,http://www.innocentenglish.com/funny-pics/cute-puppy-kitten-pics/brittany-spaniel-puppy.jpg
838,http://farm1.static.flickr.com/136/330052965_26aea76322.jpg
839,http://farm2.static.flickr.com/1341/541502296_f300b941ef.jpg
840,http://www.lacetoleather.com/tyler1.jpg
841,http://www.ataboy.ca/images/shpgflashchamp.jpg
842,http://secure.terrificpets.com/images/uploads/31442004168161432.jpg
843,http://www.breederretriever.com/photopost/data/501/medium/ccop.jpg
844,http://data.photos-animaux.com/photos/207/2066/206549.jpg
845,http://www.goofydogs.net/Brittany_files/img2.jpg
846,http://www.glendraneknives.com/Charlie.JPG
847,http://www.animalsbestfriends.org/images/dog-brandy-large.jpg
848,http://farm1.static.flickr.com/94/249081689_5f27fbc4e1.jpg
849,http://www.ataboy.ca/images/shpicgidget.jpg
850,http://farm1.static.flickr.com/67/195853144_8a7365825e.jpg
851,http://farm3.static.flickr.com/2232/2232889977_39334b816d.jpg
852,http://farm1.static.flickr.com/159/330052607_c05763643d.jpg
853,http://www.painetworks.com/photos/fk/fk1543.JPG
854,http://farm1.static.flickr.com/109/252987989_71b676339c.jpg
855,http://pets-place.net/Breeds/BrittanyPhoto1.jpg
856,http://farm3.static.flickr.com/2205/2114459376_31aebcf40b.jpg
857,http://farm2.static.flickr.com/1234/584757181_55995944a2.jpg
858,http://www.ataboy.ca/images/sienna2.jpg
859,http://www.puppydogweb.com/breeders/pic_images/brittanyspaniel_yates101405.jpg
860,http://www.quincytrojans.com/Web%20Design/Petopia%20Web/Petopia%20Front%20page/Pictures/800px-Breton.jpg
861,http://www.lovemypet.com.au/images/29_kid_picture.gif
862,http://farm1.static.flickr.com/12/13868148_8235ff14fa.jpg
863,http://www.huntersheart.com/images/show_photos/national_specialty/brace_natnl_specialty_02_lg.jpg
864,http://farm2.static.flickr.com/1081/594362159_978196ebb6.jpg
865,http://puppydogweb.com/breeders/pic_images/brittanyspaniel_johnson427.jpg
866,http://farm1.static.flickr.com/30/37947643_f6ff644ce9.jpg
867,http://www.jayhawkerbrittanys.com/hankamateurwinlsda03.jpg
868,http://hubpages.com/u/63925_100.jpg
869,http://www.ataboy.ca/images/shpgmercedesgrp1sanction.jpg
870,http://farm3.static.flickr.com/2301/2101140763_2fb017f4b3.jpg
871,http://www.bucksbrittanys.com/image/2793276_scaled_499x338.JPG
872,http://www.ataboy.ca/images/images/chili1.jpg
873,http://farm1.static.flickr.com/219/460340132_25d2da6d48.jpg
874,http://puppydogweb.com/breeders/pic_images/brittanyspaniel_jefferson4237.jpg
875,http://www.jayhawkerbrittanys.com/mirror.jpg
876,http://farm3.static.flickr.com/2064/2128520490_7a70f75893.jpg
877,http://www.pupforum.com/pics_/torg_945_12252007185745.jpg
878,http://www.naturvet.com/images/contest/lola.jpg
879,http://www.acclaimimages.com/_gallery/_SM/0033-0404-0809-3355_SM.jpg
880,http://www.gregenzo.com/Barker/Barker%20Past%20Issues/Barker%2011/Dog-park-Enzo-running.jpg
881,http://farm3.static.flickr.com/2410/2213471876_ee0305c5cf.jpg
882,http://www.gundogbreeders.com/logoImages/211.jpg
883,http://farm1.static.flickr.com/216/519013428_b3cdc6818d.jpg
884,http://www.jayhawkerbrittanys.com/images/jayhawkerssieniameriner.jpg
885,http://bp0.blogger.com/_qPltsxO5658/RiU4HjrrigI/AAAAAAAAAB0/WE3uPJL-ass/s200/pics+for+email+051.JPE
886,http://farm1.static.flickr.com/117/286973269_5db041b867.jpg
887,http://www.jayhawkerbrittanys.com/photogal/twillowbestofwinners.jpg
888,http://www.palouse.net/finchranch/dog4body.jpg
889,http://farm1.static.flickr.com/79/221794176_299252312e.jpg
890,http://farm2.static.flickr.com/1338/1129902314_1abbf97f1d.jpg
891,http://www.ataboy.ca/images/shpgtaffy.jpg
892,http://jayhawkerbrittanys.com/photogal/tmaxalertorange.jpg
893,http://farm3.static.flickr.com/2110/2219130051_38f59cb2a5.jpg
894,http://pupcity.com/images/adpics/06186225706234_1.jpg
895,http://www.ataboy.ca/images/zetanewchamp.jpg
896,http://centralpets.com/critter_images/mammals/dogs/DOG_0000087_20010803232524.jpg
897,http://farm1.static.flickr.com/38/74943854_94e7ad4dd4.jpg
898,http://farm1.static.flickr.com/180/393641001_6b8cb46e9a.jpg
899,http://farm1.static.flickr.com/141/327621401_91073b9a7b.jpg
900,http://www.ataboy.ca/images/genie6.jpg
901,http://www.jayhawkerbrittanys.com/nationalspecialty6.gif
902,http://shooterspages.com/articles/images/dotd/060313b.jpg
903,http://farm3.static.flickr.com/2006/2129028007_444ea8dc7c.jpg
904,http://farm1.static.flickr.com/10/12904597_4d2897dec2.jpg
905,http://farm1.static.flickr.com/145/426078351_e3ef24c671.jpg
906,http://www.canadasguidetodogs.com/customergraphics/brittany2b.jpg
907,http://farm3.static.flickr.com/2245/2191292179_b36226dd73.jpg
908,http://server.hund.ch/fotos/fepagbreton39.jpg
909,http://farm3.static.flickr.com/2214/2155575492_2ceb2be29f.jpg
910,http://farm1.static.flickr.com/43/74943358_6832ba1844.jpg
911,http://farm3.static.flickr.com/2286/2208939325_fc1c80bcd4.jpg
912,http://farm1.static.flickr.com/168/440463091_735125d6d3.jpg
913,http://farm1.static.flickr.com/32/60042057_587cf2db1c.jpg
914,http://www.jayhawkerbrittanys.com/images/rexbooster.jpg
915,http://www.palouse.net/finchranch/dog5closeup.jpg
916,http://jayhawkerbrittanys.com/photogal/tmaxwatcheschukkar.jpg
917,http://farm1.static.flickr.com/31/64884981_e13aea3002.jpg
918,http://www.ataboy.ca/images/skipper2.jpg
919,http://farm1.static.flickr.com/122/271859032_95405358a1.jpg
920,http://www.catbreedinfo.net/art/BrittanyArt.jpg
921,http://www.bigforklaw.com/db2/00153/bigforklaw.com/_uimages/Ginger2
922,http://shooterspages.com/articles/images/dotd/060313a.jpg
923,http://www.ataboy.ca/images/duchess6.jpg
924,http://www.charlesbest.sd43.bc.ca/students02_03/infotech9/mmcdonald/spaniel.jpg
925,http://www.jayhawkerbrittanys.com/photogal/tfreestackmbandit2003cropped.jpg
926,http://farm3.static.flickr.com/2098/2191469528_1af6afb2dd.jpg
927,http://www.thehendrys.freeserve.co.uk/brittany.jpg
928,http://farm2.static.flickr.com/1203/1377299285_a537b9304f.jpg
929,http://www.ataboy.ca/images/skipper1.jpg
930,http://www.mlmbrittany.com/new/img/wia04.jpg
931,http://www.puppyforsale.com/img/brit_daleleaf67.jpg
932,http://www.mlmbrittany.com/new/img/wia01.jpg
933,http://farm3.static.flickr.com/2136/2129462714_a6cbf4b594.jpg
934,http://farm1.static.flickr.com/50/116578397_d1f5ed31d9.jpg
935,http://farm1.static.flickr.com/42/86977631_97e0ba1841.jpg
936,http://farm1.static.flickr.com/35/63884573_ba7547e0dc.jpg
937,http://www.warriorsmark.com/sally002R.jpg
938,http://farm1.static.flickr.com/205/460347625_aef57ea4c3.jpg
939,http://www.jayhawkerbrittanys.com/images/jacshow.jpg
940,http://farm1.static.flickr.com/158/333151730_4381f2bff1.jpg
941,http://img344.imageshack.us/img344/9227/marleynb1.jpg
942,http://cache.viewimages.com/xc/56850408.jpg?v=1&c;=ViewImages&k;=2&d;=17A4AD9FDB9CF1939847EC77F5F8D1CEF92579B136498B4EA40A659CEC4C8CB6
943,http://farm1.static.flickr.com/32/62802579_3e29618e73.jpg
944,http://farm1.static.flickr.com/59/213938469_6a10161731.jpg
945,http://farm2.static.flickr.com/1266/1378204108_c1f772a12b.jpg
946,http://www.canadasguidetodogs.com/images/spaniel/brittany.jpg
947,http://farm2.static.flickr.com/1334/1377187527_2ecfc9f4df.jpg
948,http://www.ataboy.ca/images/starrkirkwood3.jpg
949,http://farm2.static.flickr.com/1161/1148027955_65055a44e5.jpg
950,http://farm2.static.flickr.com/1115/626688449_bb1206e83e.jpg
951,http://www.perrosderastro.com/images/Camadas/spanielbreton.jpg
952,http://farm3.static.flickr.com/2009/2101016074_2fdbbc1cf4.jpg
953,http://www.givennet.net/sasha%2072dpi.JPG
954,http://www.ataboy.ca/images/shpgdreamergrp1bredby.jpg
955,http://farm1.static.flickr.com/44/182440240_699464b1bd.jpg
956,http://farm3.static.flickr.com/2068/1968968778_5e137d4e24.jpg
957,http://jayhawkerbrittanys.com/photogal/trangeronpointsharpened.jpg
958,http://www.valhallahuntclub.com/dogs/dexter_brittany_sm.jpg
959,http://www.ataboy.ca/images/puppyandkitten.jpg
960,http://www.fordogonly.net/alldog/b22.jpg
961,http://farm3.static.flickr.com/2086/2154765761_d64a770208.jpg
962,http://www.ataboy.ca/images/copperftapr26a1.jpg
963,http://pupcity.com/images/adpics/07040135645237_1.jpg
964,http://farm1.static.flickr.com/224/507156506_84705a37db.jpg
965,http://farm3.static.flickr.com/2349/2187313185_20a1a35f20.jpg
966,http://farm3.static.flickr.com/2058/2192084276_079f8aed46.jpg
967,http://farm1.static.flickr.com/36/74944091_94d99147fe.jpg
968,http://farm1.static.flickr.com/23/28607597_b54cf326c9.jpg
969,http://pupcity.com/images/adpics/06192210901798_1.jpg
970,http://centralpets.com/critter_images/mammals/dogs/DOG_0000087_20010816084725.jpg
971,http://jayhawkerbrittanys.com/photogal/tmaxclosepoint.jpg
972,http://farm1.static.flickr.com/12/69692418_1ab01e3925.jpg
973,http://www.ataboy.ca/images/candicebestoveralljr.jpg
974,http://www.ataboy.ca/images/photogallery4.jpg
975,http://www.sandiegonavhda.com/images/brittany2.jpg
976,http://farm1.static.flickr.com/153/330053077_3eb2142b34.jpg
977,http://www.ataboy.ca/images/candicepage3.jpg
978,http://breton-freek.com/ch30211.jpg
979,http://farm1.static.flickr.com/139/330838742_15127eff8a.jpg
980,http://www.hiddencreekbrittanys.com/images/fp_abby.jpg
981,http://www.bucksbrittanys.com/image/2456825.jpg
982,http://animalcaresupplements.com/charlie_shaded.jpg
983,http://farm1.static.flickr.com/21/28607594_b6887499e3.jpg
984,http://farm1.static.flickr.com/59/193302650_06dd67b2ed.jpg
985,http://darwen.us/darrell/blographics/tildapinkcollar.jpg
986,http://farm1.static.flickr.com/247/460350387_14cef0fb48.jpg
987,http://www.jayhawkerbrittanys.com/photogal/t1mbanditspcropped.jpg
988,http://farm3.static.flickr.com/2061/1712697628_b9c57c6efb.jpg
989,http://farm1.static.flickr.com/194/460339860_9dad63e31a.jpg
990,http://site.animalden.com/images/cj/mousbrit.jpg
991,http://www.marineparkdogs.com/images/mpd-845.jpg
992,http://farm1.static.flickr.com/68/182934061_e23134b1cf.jpg
993,http://www.cyberpet.com/dogs/1dogimages/ranchbrittany1.jpg
994,http://farm1.static.flickr.com/157/357162568_dafdc0439d.jpg
995,http://server.hund.ch/fotos/fepagbreton7.jpg
996,http://farm3.static.flickr.com/2299/2090819646_999a31ea63.jpg
997,http://farm3.static.flickr.com/2231/2213284780_77ef0938f3.jpg
998,http://www.puppydogweb.com/gallery/brittanyspaniels/brittanyspaniel_leon.jpg
999,http://puppydogweb.com/breeders/pic_images/brittanyspaniel_gipson387.jpg
1000,http://farm1.static.flickr.com/75/178483730_3d22601059.jpg
1001,http://farm1.static.flickr.com/154/330053212_91231ade5c.jpg
1002,http://farm1.static.flickr.com/39/74942305_16decacd88.jpg
1003,http://www.ataboy.ca/images/chivana.jpg
1004,http://www.kateconnick.com/postcards/brittany.jpg
1005,http://www.dogsindepth.com/sporting_dog_breeds/images/brittany_spaniel_v05.jpg
1006,http://www.brucevanpatter.com/bvp_images/dog_breeds/brittany-spaniel.jpg
1007,http://farm3.static.flickr.com/2330/1749699030_a3b4ecb579.jpg
1008,http://farm1.static.flickr.com/98/234189941_12128bb5d6.jpg
1009,http://www.wrtc.com/padgett/roccotoppoint.jpg
1010,http://www.jayhawkerbrittanys.com/photogal/tmollystacktrialmay2004.jpg
1011,http://dogdetective.com/photos/lost_dog2.jpg
1012,http://www.maessr.org/edit/ViewDogImage.php/Maessr810Thumbnail.jpg
1013,http://server.hund.ch/fotos/fepagbreton40.jpg
1014,http://www.lovemypet.com.au/images/29_body_picture.gif
1015,http://jayhawkerbrittanys.com/photogal/tripfacepoint.jpg
1016,http://www.dogsinduds.com/pictures/gunrox1.jpg
1017,http://farm1.static.flickr.com/219/460341146_4f94169289.jpg
1018,http://www.bucksbrittanys.com/image/2456755.jpg
1019,http://farm1.static.flickr.com/120/276641294_c223dc39fc.jpg
1020,http://cache.eb.com/eb/image?id=79606&rendTypeId;=4
1021,http://farm3.static.flickr.com/2005/2074405571_f9fa768d8b.jpg
1022,http://www.ataboy.ca/images/chjessi.jpg
1023,http://www.dogsindepth.com/sporting_dog_breeds/images/brittany_spaniel_v06.jpg
1024,http://farm1.static.flickr.com/1/599187_a2180ea494.jpg
1025,http://www.ataboy.ca/images/shpggunnergrp2b.jpg
1026,http://farm1.static.flickr.com/43/82881621_6f88652247.jpg
1027,http://farm3.static.flickr.com/2228/2153012670_2838855ab3.jpg
1028,http://farm1.static.flickr.com/246/460342116_6a46f89008.jpg
1029,http://www.jayhawkerbrittanys.com/photogal/tkiddylori2ndretrieve.jpg
1030,http://www.ataboy.ca/images/pennyncandice.jpg
1031,http://farm2.static.flickr.com/1003/1329626281_88ebcec42c.jpg
1032,http://www.eves-best.com/Jessie.jpg
1033,http://farm1.static.flickr.com/185/440463205_545b66ecc3.jpg
1034,http://www.jayhawkerbrittanys.com/mbanditcroppedhead.jpg
1035,http://farm3.static.flickr.com/2102/2192094296_10fdde9abb.jpg
1036,http://www.bucksbrittanys.com/image/2456829.jpg
1037,http://farm2.static.flickr.com/1145/1409049210_56645c595f.jpg
1038,http://farm3.static.flickr.com/2008/2055593727_2324c631c8.jpg
1039,http://www.jayhawkerbrittanys.com/siennaindusfriday.jpg
1040,http://farm1.static.flickr.com/236/523869207_4d0526e302.jpg
1041,http://www.viarural.com.uy/ganaderia/mascotas/fotografias-perros/spaniel-breton-08.jpg
1042,http://farm1.static.flickr.com/125/330052934_0a666c6396.jpg
1043,http://puppydogweb.com/gallery/brittanyspaniels/brittanyspaniel_drake.jpg
1044,http://www.doglovergoodies.com/images/index.14.jpg
1045,http://dogoftheday.com/archive/2005/November/06.jpg
1046,http://www.pupcity.com/images/adpics/07288205840285_1.jpg
1047,http://farm1.static.flickr.com/73/178480884_878b8edc65.jpg
1048,http://farm3.static.flickr.com/2159/2109271118_ba7d308de8.jpg
1049,http://farm1.static.flickr.com/7/8928967_fb36b1c7cf.jpg
1050,http://centralpets.com/critter_images/mammals/dogs/DOG_0000087_20010227071341.jpg
1051,http://farm2.static.flickr.com/1214/1417495291_71319723d1.jpg
1052,http://www.warriorsmark.com/gspsjerry.jpg
1053,http://www.prescriptionpets.org/teams/pictures/Rick_Penny.jpg
1054,http://farm2.static.flickr.com/1394/795675482_9502801379.jpg
1055,http://www.ataboy.ca/images/tessa2.jpg
1056,http://farm3.static.flickr.com/2266/2155414288_e22eedde4e.jpg
1057,http://farm1.static.flickr.com/65/183750605_883852f3ea.jpg
1058,http://www.bucksbrittanys.com/image/2456632.jpg
1059,http://farm2.static.flickr.com/1378/755274234_92ab8b5792.jpg
1060,http://www.durubay1.netfirms.com/avsayfalari/FrenchSpaniels/brittany.jpg
1061,http://www.petsplace.co.za/Springer_Spaniel_2.jpg
1062,http://www.ataboy.ca/images/images/coppershow1.jpg
1063,http://breton-freek.com/image12.jpg
1064,http://www.shelttany.ca/photogal/t1boscannatspecialty2002.jpg
1065,http://www.acvim.org/uploadedImages/public/04PetSurvivor4.jpg
1066,http://www.jayhawkerbrittanys.com/banditworkinbirds1.jpg
1067,http://www.natureartists.com/art/resized/65_003_3%20(2).JPG
1068,http://www.mollyjones.com/bbreeds/bbreed%20pics/brittany2.jpg
1069,http://farm2.static.flickr.com/1297/1343972179_cd92ebbeca.jpg
1070,http://farm1.static.flickr.com/169/389192506_2086fe7fa3.jpg
1071,http://farm1.static.flickr.com/77/178458857_322eb4fba9.jpg
1072,http://www.jayhawkerbrittanys.com/photogal/tkandiesart%20009.jpg
1073,http://www.ataboy.ca/images/images/ginffun.jpg
1074,http://www.jayhawkerbrittanys.com/dixiegabrieltogether.jpg
1075,http://farm1.static.flickr.com/230/519057489_b8008167fb.jpg
1076,http://breton-freek.com/Takarazuka-Dog_Run=Do-221.jpg
1077,http://farm1.static.flickr.com/160/330053294_622b4ab80b.jpg
1078,http://farm1.static.flickr.com/193/460341254_fba75804bd.jpg
1079,http://farm1.static.flickr.com/216/488979639_3cb374e3c1.jpg
1080,http://farm1.static.flickr.com/11/14668172_b678d15b0a.jpg
1081,http://farm1.static.flickr.com/36/74942457_5336d31d6d.jpg
1082,http://farm2.static.flickr.com/1363/1465252418_63e30cf4b3.jpg
1083,http://www.jayhawkerbrittanys.com/tessshow.gif
1084,http://farm3.static.flickr.com/2383/2182360996_301b34c13a.jpg
1085,http://www.ataboy.ca/images/shpgtwister.jpg
1086,http://farm1.static.flickr.com/225/460349785_37e576392b.jpg
1087,http://www.ataboy.ca/images/roxyandcindy2.jpg
1088,http://farm2.static.flickr.com/1191/1129984602_2c2514cec8.jpg
1089,http://www.fordogtrainers.com/ProductImages/dog-breeds-muzzles/Brittany-muzzle-Brittany.jpg
1090,http://farm1.static.flickr.com/69/177781919_a624162e51.jpg
1091,http://breton-freek.com/Takarazuka-Dog_Run=Do-181.jpg
1092,http://farm1.static.flickr.com/120/252988263_56295d937e.jpg
1093,http://farm1.static.flickr.com/244/460555159_ddaca430ee.jpg
1094,http://www.switchingtoraw.com/paige2.jpg
1095,http://farm2.static.flickr.com/1052/1378313234_646bc25d05.jpg
1096,http://jayhawkerbrittanys.com/images/picture_0185.jpg
1097,http://farm1.static.flickr.com/100/300240981_93a2e97276.jpg
1098,http://www.bucksbrittanys.com/image/2456824.jpg
1099,http://www.dogbreedinfo.com/images/brittanypupsmell.jpg
1100,http://www.bucksbrittanys.com/image/2793198_scaled_578x384.JPG
1101,http://farm1.static.flickr.com/69/178468446_b774be81ca.jpg
1102,http://farm1.static.flickr.com/209/460347265_302155d79b.jpg
1103,http://www.ataboy.ca/images/shpgunobestpupspec1.jpg
1104,http://www.ataboy.ca/images/images/Dutchess.jpg
1105,http://www.copleybrittanys.com/images/ZoroGroup2%20Trim%20Web.jpg
1106,http://farm1.static.flickr.com/22/28342121_53524d4194.jpg
1107,http://www.jayhawkerbrittanys.com/photogal/tjetto.jpg
1108,http://farm2.static.flickr.com/1325/732650349_362ed006b1.jpg
1109,http://www.jayhawkerbrittanys.com/photogal/tquinnsept406c.jpg
1110,http://www.gundogbreeders.com/logoImages/576.jpg
1111,http://farm1.static.flickr.com/92/222183620_2ee391bc09.jpg
1112,http://farm1.static.flickr.com/124/397562574_bd4471083b.jpg
1113,http://huntersheart.com/images/orig_best_wr/st_and_sp_on_dogbed.jpg
1114,http://server.hund.ch/fotos/fepagbreton34.jpg
1115,http://www.ataboy.ca/images/aboutshelley2.jpg
1116,http://www.gotpetsonline.com/pictures-gallery/dog-pictures-breeders-puppies-rescue/brittany-pictures-breeders-puppies-rescue/pictures/brittany-0050.jpg
1117,http://farm3.static.flickr.com/2197/2051352869_27e82f2995.jpg
1118,http://farm1.static.flickr.com/28/36241328_0e77ab5606.jpg
1119,http://farm3.static.flickr.com/2016/2108503149_cbd5aabd34.jpg
1120,http://farm3.static.flickr.com/2001/2082382305_1bb7ff5587.jpg
1121,http://www.ataboy.ca/images/shchili.jpg
1122,http://farm1.static.flickr.com/166/339807355_ac57e0fa9c.jpg
1123,http://www.jayhawkerbrittanys.com/maskedbandiungroomed.jpg
1124,http://www.yourhumanesociety.org/Images/Success%20Images/Cody.jpg
1125,http://farm1.static.flickr.com/224/500159663_eac3ea2597.jpg
1126,http://farm3.static.flickr.com/2014/2192097848_c8b452319b.jpg
1127,http://www.jayhawkerbrittanys.com/gunner.jpg
1128,http://farm1.static.flickr.com/65/178460850_e8dd8be274.jpg
1129,http://deseretnews.com/photos/1868259.jpg
1130,http://farm1.static.flickr.com/27/64884838_01b79f624a.jpg
1131,http://farm2.static.flickr.com/1407/754509183_0ae4807618.jpg
1132,http://farm3.static.flickr.com/2278/2187313181_5a9294529f.jpg
1133,http://farm1.static.flickr.com/45/178468445_0e8892b132.jpg
1134,http://www.capitaldogsupply.com/images/brittany-calendar-2006.jpg
1135,http://farm1.static.flickr.com/100/252988539_b343f60853.jpg
1136,http://dog-dogs.com/images/BreedPics/bdogs/Brittanyspaniel-typ01.jpg
1137,http://www.bucksbrittanys.com/image/2456663.jpg
1138,http://farm1.static.flickr.com/22/25209538_30a2bed098.jpg
1139,http://huntersheart.com/images/gallery/pup038.jpg
1140,http://farm1.static.flickr.com/56/129174449_5250ea9218.jpg
1141,http://farm1.static.flickr.com/192/489002749_9f5cc14dc6.jpg
1142,http://farm1.static.flickr.com/54/182440241_944f6a1d45.jpg
1143,http://breton-freek.com/Sep23112.jpg
1144,http://centralpets.com/critter_images/mammals/dogs/DOG_0000087_20010803225813.jpg
1145,http://www.jayhawkerbrittanys.com/photogal/tkiddycpdcpuppystake4th.jpg
1146,http://farm2.static.flickr.com/1137/1123943556_527c708507.jpg
1147,http://farm1.static.flickr.com/188/460348931_56293317b5.jpg
1148,http://farm1.static.flickr.com/38/97360055_d10ade7807.jpg
1149,http://farm2.static.flickr.com/1113/1177961621_76c5c79d2f.jpg
1150,http://www.millercountrydogs.com/images/flags/bob_brittany_80071_flagt.jpg
1151,http://farm1.static.flickr.com/25/49011263_8f12645abc.jpg
1152,http://farm2.static.flickr.com/1195/1078973270_f03025acf9.jpg
1153,http://site.animalden.com/images/cj/4240.jpg
1154,http://farm3.static.flickr.com/2160/2154768281_e1e8530db1.jpg
1155,http://www.warriorsmark.com/dukebritt.jpg
1156,http://www.ataboy.ca/images/chflash.jpg
1157,http://farm1.static.flickr.com/40/86659486_4678f3d502.jpg
1158,http://farm1.static.flickr.com/39/82881725_37c4cd1f5c.jpg
1159,http://www2.bc.edu/~rubingr/spaniel_(brittany).jpg
1160,http://farm3.static.flickr.com/2054/2052138322_7c3e934984.jpg
1161,"http://69.90.174.253/photos/thumb_large/56723/56723,1162872094,4.jpg"
1162,http://farm1.static.flickr.com/125/344160568_ee6bea9f43.jpg
1163,http://farm1.static.flickr.com/3/11387991_fa30634942.jpg
1164,http://farm1.static.flickr.com/41/120600967_3ce5e8e727.jpg
1165,http://farm3.static.flickr.com/2094/1543571584_312d123d80.jpg
1166,http://farm1.static.flickr.com/44/153157453_191fd97fc2.jpg
1167,http://farm2.static.flickr.com/1273/1377396755_f14431327d.jpg
1168,http://farm1.static.flickr.com/117/314697729_6b6343553d.jpg
1169,http://puppydogweb.com/breeders/pic_images/brittanyspaniel_leavens437.jpg
1170,http://farm1.static.flickr.com/97/234189907_30553d296f.jpg
1171,http://server.hund.ch/fotos/fepagbreton53.jpg
1172,http://farm3.static.flickr.com/2204/2155417408_726df918cd.jpg
1173,http://farm2.static.flickr.com/1384/1132351261_057d80d927.jpg
1174,http://farm3.static.flickr.com/2078/1524158210_d9f9e646b5.jpg
1175,http://farm1.static.flickr.com/181/431927954_7ffdd964a6.jpg
1176,http://www.jayhawkerbrittanys.com/photogal/thanajimbob3point.jpg
1177,http://farm1.static.flickr.com/141/330052823_c72cb80ff1.jpg
1178,http://farm2.static.flickr.com/1131/1363812845_be4bafc544.jpg
1179,http://farm1.static.flickr.com/17/22925076_cea0d6bea8.jpg
1180,http://www.pupcity.com/images/adpics/07253021025339_1.jpg
1181,http://www.dave-and-maggies-dog-family.com/images/Epagneul-Breton-Dog-1.jpg
1182,http://farm2.static.flickr.com/1254/1378095344_96dc7e99ff.jpg
1183,http://farm3.static.flickr.com/2207/2191290101_aca8317823.jpg
1184,http://farm2.static.flickr.com/1089/690548021_40c423a1bc.jpg
1185,http://www.dogpack.com/breeds/britannyspaniel.jpg
1186,http://www.bucksbrittanys.com/image/2790890.jpg
1187,http://www.breedersonline.co.uk/photos/3a/1046x1_1.jpg
1188,http://www.caninepsychologycenter.com/britanny.jpg
1189,http://www.ataboy.ca/images/porschebpis.jpg
1190,http://www.free-dogs-info.com/Brittanys.jpg
1191,http://farm2.static.flickr.com/1139/1123734928_1060a6590c.jpg
1192,http://www1.istockphoto.com/file_thumbview_approve/420191/2/istockphoto_420191_dog_running.jpg
1193,http://farm1.static.flickr.com/22/25204968_fa7c28a7f5.jpg
1194,http://farm1.static.flickr.com/231/519057455_c73218900d.jpg
1195,http://farm4.static.flickr.com/3333/3548237037_e60a1d5af4.jpg
1196,http://farm4.static.flickr.com/3198/2681670562_73ff3c0fb1.jpg
1197,http://farm4.static.flickr.com/3543/3333658064_35a5def5fd.jpg
1198,http://farm4.static.flickr.com/3493/3734759464_b964bbcd22.jpg
1199,http://farm4.static.flickr.com/3013/2969327461_3d816e6f6f.jpg
1200,http://farm4.static.flickr.com/3156/2638617459_451c701f02.jpg
1201,http://farm4.static.flickr.com/3561/3772147061_3e25c06802.jpg
1202,http://farm4.static.flickr.com/3522/4003799258_96b12981e3.jpg
1203,http://farm4.static.flickr.com/3234/2941712876_444784a510.jpg
1204,http://farm4.static.flickr.com/3661/3320327372_3f13c13ee2.jpg
1205,http://farm3.static.flickr.com/2155/3544240374_b2cbe07196.jpg
1206,http://farm4.static.flickr.com/3183/3017708126_1767d743c9.jpg
1207,http://farm3.static.flickr.com/2469/3748284354_1ca92a36ea.jpg
1208,http://farm4.static.flickr.com/3070/2765843391_f3154e7d02.jpg
1209,http://farm3.static.flickr.com/2192/2337970822_236de93309.jpg
1210,http://farm3.static.flickr.com/2326/2390464435_7b295d29fb.jpg
1211,http://farm4.static.flickr.com/3144/2726537205_f411b04d12.jpg
1212,http://farm5.static.flickr.com/4045/4299535566_0498b2ac84.jpg
1213,http://farm5.static.flickr.com/4049/4238893547_4d838cb349.jpg
1214,http://farm3.static.flickr.com/2670/3959072791_b2abde02c0.jpg
1215,http://farm4.static.flickr.com/3014/3112865719_abe557d4b4.jpg
1216,http://farm4.static.flickr.com/3013/2885801774_1de6ecdd6c.jpg
1217,http://farm4.static.flickr.com/3448/3832459872_dd3cc7d452.jpg
1218,http://farm4.static.flickr.com/3096/3186808045_9f34cc25b9.jpg
1219,http://farm3.static.flickr.com/2737/4084847284_f392b571f7.jpg
1220,http://farm4.static.flickr.com/3493/3216339260_9196f9d86b.jpg
1221,http://farm3.static.flickr.com/2578/4145421775_5e107e9991.jpg
1222,http://farm4.static.flickr.com/3243/3119400110_1bec8a60cb.jpg
1223,http://farm5.static.flickr.com/4022/4303758430_94caeca1d2.jpg
1224,http://farm3.static.flickr.com/2686/4186159313_978e412d3e.jpg
1225,http://farm4.static.flickr.com/3121/2884966693_39bae3552d.jpg
1226,http://farm4.static.flickr.com/3066/2937203728_70e158fd70.jpg
1227,http://farm4.static.flickr.com/3089/2696156723_770ec75dff.jpg
1228,http://farm4.static.flickr.com/3159/2653198666_cc8786372d.jpg
1229,http://farm4.static.flickr.com/3563/3513903423_b925dd4b10.jpg
1230,http://farm4.static.flickr.com/3277/2467228213_ea574bb705.jpg
1231,http://farm4.static.flickr.com/3026/2390462839_85eb2f3b2e.jpg
1232,http://farm4.static.flickr.com/3357/3647733449_e03235e25e.jpg
1233,http://farm3.static.flickr.com/2416/2188322004_6778834299.jpg
1234,http://farm3.static.flickr.com/2518/4240900221_c0d448b083.jpg
1235,http://farm3.static.flickr.com/2462/3838231868_d403dd76ac.jpg
1236,http://farm4.static.flickr.com/3346/3582453544_dd4b5fcc02.jpg
1237,http://farm4.static.flickr.com/3009/3106503841_e738734a8b.jpg
1238,http://farm4.static.flickr.com/3630/3612004487_7c8fb8fa3b.jpg
1239,http://farm4.static.flickr.com/3206/4039836536_f3f2e23d33.jpg
1240,http://farm3.static.flickr.com/2057/2503292630_759a639e67.jpg
1241,http://farm3.static.flickr.com/2317/2276314274_32ff9ea4ca.jpg
1242,http://farm4.static.flickr.com/3308/3473501864_a094e39a9b.jpg
1243,http://farm4.static.flickr.com/3134/2884216190_6be9de4fa6.jpg
1244,http://farm5.static.flickr.com/4006/4263470327_5278b5746a.jpg
1245,http://farm3.static.flickr.com/2047/2311085269_6903fb2161.jpg
1246,http://farm4.static.flickr.com/3408/3665486915_fec115f7ce.jpg
1247,http://farm4.static.flickr.com/3169/3052984230_d6e7a4f6fe.jpg
1248,http://farm4.static.flickr.com/3121/2638621137_0d475d0ffa.jpg
1249,http://farm3.static.flickr.com/2011/3875751069_19e038db9b.jpg
1250,http://farm4.static.flickr.com/3410/3656101062_e07daf8ca8.jpg
1251,http://farm4.static.flickr.com/3256/3194882552_d8fa38869b.jpg
1252,http://farm4.static.flickr.com/3117/2337135897_314839ac4a.jpg
1253,http://farm3.static.flickr.com/2572/3838231458_df8f9925fe.jpg
1254,http://farm4.static.flickr.com/3075/3212723593_90f3796488.jpg
1255,http://farm3.static.flickr.com/2436/3670669484_ed9ebffea8.jpg
1256,http://farm5.static.flickr.com/4011/4195420043_2f5530cfc5.jpg
1257,http://farm4.static.flickr.com/3085/3152647144_a4175fcf64.jpg
1258,http://farm4.static.flickr.com/3523/3471220192_5945b5d22b.jpg
1259,http://farm5.static.flickr.com/4004/4182253384_dabb7ceaa7.jpg
1260,http://farm3.static.flickr.com/2235/2187535871_29f2ae2d93.jpg
1261,http://farm4.static.flickr.com/3254/2986789661_48544d0c41.jpg
1262,http://farm4.static.flickr.com/3143/2633981437_9672be2dc1.jpg
1263,http://farm3.static.flickr.com/2465/3733961717_03a55b49ed.jpg
1264,http://farm4.static.flickr.com/3125/2605832120_1d04bf738e.jpg
1265,http://farm3.static.flickr.com/2426/3648564191_254ca3b838.jpg
1266,http://farm4.static.flickr.com/3648/3470405253_3b02a8c2a3.jpg
1267,http://farm3.static.flickr.com/2544/3823280713_2de7936c1f.jpg
1268,http://farm3.static.flickr.com/2204/2188324102_61b4df9ea7.jpg
1269,http://farm3.static.flickr.com/2212/2307248814_30fcbfb7dc.jpg
1270,http://farm4.static.flickr.com/3068/3651713194_947c8f17c5.jpg
1271,http://farm3.static.flickr.com/2353/2153051223_d9abf8c618.jpg
1272,http://farm4.static.flickr.com/3422/3697132971_51261ae265.jpg
1273,http://farm3.static.flickr.com/2089/2307251566_fb8b59814d.jpg
1274,http://farm4.static.flickr.com/3601/3463447038_2040e290ca.jpg
1275,http://farm4.static.flickr.com/3155/2970635814_c9a9b7a793.jpg
1276,http://farm4.static.flickr.com/3274/3035618243_a7f7529853.jpg
1277,http://farm3.static.flickr.com/2564/3913187059_b6b54043f4.jpg
1278,http://farm4.static.flickr.com/3169/2306175491_9e7de32d05.jpg
1279,http://farm3.static.flickr.com/2169/2188317724_2c888377ab.jpg
1280,http://farm3.static.flickr.com/2517/4183314070_31dbed2b8d.jpg
1281,http://farm3.static.flickr.com/2492/3733962319_2f937d2563.jpg
1282,http://farm4.static.flickr.com/3638/3362885703_77faed3e4c.jpg
1283,http://farm3.static.flickr.com/2656/3966840116_35e034ec59.jpg
1284,http://farm3.static.flickr.com/2159/2311896518_48f2786698.jpg
1285,http://farm4.static.flickr.com/3261/3194062269_5fe6a6fd38.jpg
1286,http://farm4.static.flickr.com/3198/2337988560_86d98e4c4c.jpg
1287,http://farm3.static.flickr.com/2730/4148076868_21c6d97119.jpg
1288,http://farm4.static.flickr.com/3499/3747975642_14cc4c2f6a.jpg
1289,http://farm4.static.flickr.com/3492/3935253469_f9ff58e7a5.jpg
1290,http://farm3.static.flickr.com/2509/4225303579_3df1c82860.jpg
1291,http://farm3.static.flickr.com/2160/2390459291_3391faf4e3.jpg
1292,http://farm3.static.flickr.com/2583/4217829902_5feff7517b.jpg
1293,http://farm3.static.flickr.com/2570/3714681625_201c19afde.jpg
1294,http://farm3.static.flickr.com/2252/2337133341_e1d0f6f34b.jpg
1295,http://farm3.static.flickr.com/2570/3876676172_d11267bffa.jpg
1296,http://farm4.static.flickr.com/3074/2621279440_5da418b5ec.jpg
1297,http://farm3.static.flickr.com/2590/4084819290_2c3f960e56.jpg
1298,http://farm4.static.flickr.com/3270/2969794913_a09e86d8ca.jpg
1299,http://farm4.static.flickr.com/3102/2639458638_77465c22e1.jpg
1300,http://farm4.static.flickr.com/3457/3253890970_a6e177b92f.jpg
1301,http://farm4.static.flickr.com/3071/3113696154_50339c2949.jpg
1302,http://farm4.static.flickr.com/3290/3077722265_9a1f1d139f.jpg
1303,http://farm3.static.flickr.com/2339/2307250064_7fbdb6b790.jpg
1304,http://farm3.static.flickr.com/2130/2311086309_607a1301cd.jpg
1305,http://farm4.static.flickr.com/3006/2947162334_b9db9381e7.jpg
1306,http://farm3.static.flickr.com/2171/2249297899_d0b61eda03.jpg
1307,http://farm3.static.flickr.com/2104/2293598962_1cb81a5d20.jpg
1308,http://farm4.static.flickr.com/3414/3194914522_d8245cefd2.jpg
1309,http://farm4.static.flickr.com/3367/3665868328_8afb69f784.jpg
1310,http://farm4.static.flickr.com/3485/3199001685_542db5d500.jpg
1311,http://farm4.static.flickr.com/3121/3187645782_2618e4d257.jpg
1312,http://farm4.static.flickr.com/3130/3209577329_cfb776c2bf.jpg
1313,http://farm4.static.flickr.com/3178/2306447047_a53b711d2e.jpg
1314,http://farm4.static.flickr.com/3260/2586155428_16d41fd989.jpg
1315,http://farm1.static.flickr.com/33/49011262_caaa09319b.jpg
1316,http://farm4.static.flickr.com/3567/3470411575_8447e70f66.jpg
1317,http://farm5.static.flickr.com/4062/4238894615_463daac329.jpg
1318,http://farm3.static.flickr.com/2785/4142219800_70550d1034.jpg
1319,http://farm4.static.flickr.com/3048/2391293800_5fd33c2da7.jpg
1320,http://farm4.static.flickr.com/3365/3406946995_8495f769d0.jpg
1321,http://farm4.static.flickr.com/3502/3733507905_334ef2556d.jpg
1322,http://farm4.static.flickr.com/3235/2969794081_6ebb17b0ba.jpg
1323,http://farm4.static.flickr.com/3200/2970635976_f4b90a4019.jpg
1324,http://farm4.static.flickr.com/3411/3579410444_c34dd917b6.jpg
1325,http://farm4.static.flickr.com/3641/3399845133_65f82f4239.jpg
1326,http://farm3.static.flickr.com/2623/4242543121_2778be7b29.jpg
1327,http://farm4.static.flickr.com/3072/2987646904_72525dd9f4.jpg
1328,http://farm4.static.flickr.com/3247/2986910274_1925e23d15.jpg
1329,http://farm3.static.flickr.com/2161/2293599064_90988e7cbf.jpg
1330,http://farm4.static.flickr.com/3033/2880468663_fb9b06176d.jpg
1331,http://farm5.static.flickr.com/4030/4293416073_31721ce23d.jpg
1332,http://farm4.static.flickr.com/3023/2827442387_3c861a7e3d.jpg
1333,http://farm4.static.flickr.com/3429/3210425168_1af736668d.jpg
1334,http://farm4.static.flickr.com/3401/3659068001_aa5e26f0fb.jpg
1335,http://farm4.static.flickr.com/3219/2337988092_e65d8b0122.jpg
1336,http://farm4.static.flickr.com/3261/2884961959_40c0052fde.jpg
1337,http://farm3.static.flickr.com/2113/2469975130_17b9b13baf.jpg
1338,http://farm4.static.flickr.com/3635/3655313169_08b13ea0b8.jpg
1339,http://farm4.static.flickr.com/3001/2638624847_18b40dd071.jpg
1340,http://farm4.static.flickr.com/3462/3233319429_9cb3577198.jpg
1341,http://farm3.static.flickr.com/2034/2306974944_33fe8eea0f.jpg
1342,http://farm3.static.flickr.com/2055/3713187718_c50e7b13f8.jpg
1343,http://farm3.static.flickr.com/2454/3892283893_9da62b0e00.jpg
1344,http://farm3.static.flickr.com/2648/4137240850_d9523c5b8d.jpg
1345,http://farm4.static.flickr.com/3192/2954445749_3bc68c32ff.jpg
1346,http://farm3.static.flickr.com/2064/2029216288_2e6dc26307.jpg
1347,http://farm4.static.flickr.com/3468/3203625497_a1e7480679.jpg
1348,http://farm3.static.flickr.com/2222/2276279821_85bc365461.jpg
1349,http://farm3.static.flickr.com/2473/3583186420_71ea4a73e8.jpg
1350,http://farm3.static.flickr.com/2582/3692950673_8b06f8dd96.jpg
1351,http://farm3.static.flickr.com/2607/3964551126_6c4940b622.jpg
1352,http://farm3.static.flickr.com/2011/2503293610_6d9e5f6a20.jpg
1353,http://farm3.static.flickr.com/2389/2461043916_32054a938c.jpg
1354,http://farm4.static.flickr.com/3284/3035327356_e067480a64.jpg
1355,http://farm4.static.flickr.com/3538/3368512015_7060cafd71.jpg
1356,http://farm4.static.flickr.com/3570/3471219522_6ca2eca235.jpg
1357,http://farm4.static.flickr.com/3637/3359884680_1fe93b19ec.jpg
1358,http://farm3.static.flickr.com/2327/2266492934_60e83738dc.jpg
1359,http://farm4.static.flickr.com/3472/3261315262_02309f8842.jpg
1360,http://farm4.static.flickr.com/3052/2639459630_d6ec1d4b4b.jpg
1361,http://farm5.static.flickr.com/4048/4249903806_72ec4bba7f.jpg
1362,http://farm3.static.flickr.com/2323/2238559900_9b356938f3.jpg
1363,http://farm3.static.flickr.com/2399/2305346961_1f9ceb448a.jpg
1364,http://farm4.static.flickr.com/3327/3199860493_799de2b838.jpg
1365,http://farm3.static.flickr.com/2545/3721841810_9767e74105.jpg
1366,http://farm3.static.flickr.com/2775/4086796552_5901e935ce.jpg
1367,http://farm3.static.flickr.com/2652/3913974616_5f8f901fcc.jpg
1368,http://farm4.static.flickr.com/3576/3406847669_69896c2768.jpg
1369,http://farm4.static.flickr.com/3348/3406967493_85ee476183.jpg
1370,http://farm4.static.flickr.com/3543/3406067520_07360f83b5.jpg
1371,http://farm4.static.flickr.com/3183/2633104597_f99fc6cd52.jpg
1372,http://farm3.static.flickr.com/2540/3848527432_34ffcb39b1.jpg
1373,http://farm3.static.flickr.com/2495/3848530726_d136951a1f.jpg
1374,http://farm3.static.flickr.com/2552/3910586781_1ef37d57dd.jpg
1375,http://farm3.static.flickr.com/2053/2695927450_b5823e77c4.jpg
1376,http://farm4.static.flickr.com/3169/3023036078_121190269c.jpg
1377,http://farm5.static.flickr.com/4012/4240907441_aa7e2738fb.jpg
1378,http://farm3.static.flickr.com/2289/3637157303_2ee41f2996.jpg
1379,http://farm3.static.flickr.com/2444/3709864761_d84171938a.jpg
1380,http://farm4.static.flickr.com/3563/3385850994_b853f39f05.jpg
1381,http://farm4.static.flickr.com/3020/3058045632_715b92450e.jpg
1382,http://farm4.static.flickr.com/3295/2753998869_74d6862a7e.jpg
1383,http://farm3.static.flickr.com/2642/3715486342_d5011e3915.jpg
1384,http://farm4.static.flickr.com/3096/3113696966_65a6cab61e.jpg
1385,http://farm4.static.flickr.com/3162/2661636062_322de922b2.jpg
1386,http://farm5.static.flickr.com/4036/4215029584_1320e37a27.jpg
1387,http://farm4.static.flickr.com/3157/2638618815_fbd89c543a.jpg
1388,http://farm3.static.flickr.com/2048/2257449710_38eaab321e.jpg
1389,http://farm4.static.flickr.com/3300/3234167982_6d5fcd3af5.jpg
1390,http://farm4.static.flickr.com/3270/3036454268_cc9842d752.jpg
1391,http://farm4.static.flickr.com/3585/3431266597_7f2a48580a.jpg
1392,http://farm4.static.flickr.com/3180/3023036256_fe5ef83cfe.jpg
1393,http://farm3.static.flickr.com/2553/4211284630_fbc3757cb1.jpg
1394,http://farm4.static.flickr.com/3009/2879065214_ee46339108.jpg
1395,http://farm3.static.flickr.com/2150/2029571358_3ec7ad6f1b.jpg
1396,http://farm3.static.flickr.com/2055/2029226574_72e2d97f84.jpg
1397,http://farm3.static.flickr.com/2683/4080986912_68ce1441cd.jpg
1398,http://farm3.static.flickr.com/2589/4200740336_0615c34c03.jpg
1399,http://farm4.static.flickr.com/3484/3178646780_b6ba77f1a4.jpg
1400,http://farm3.static.flickr.com/2070/2029379736_359674f5a2.jpg
1401,http://farm5.static.flickr.com/4012/4280448844_580bf57388.jpg
1402,http://farm4.static.flickr.com/3240/2885801448_c1d0ceb50d.jpg
1403,http://farm3.static.flickr.com/2248/2028575957_039c95ae17.jpg
1404,http://farm3.static.flickr.com/2391/2307250530_280d9606e9.jpg
1405,http://farm3.static.flickr.com/2332/2335627882_ecb082286d.jpg
1406,http://farm3.static.flickr.com/2742/4261389960_d6126e5822.jpg
1407,http://farm3.static.flickr.com/2211/2028416829_684b50e833.jpg
1408,http://farm4.static.flickr.com/3477/3253888840_ecfc82ec71.jpg
1409,http://farm3.static.flickr.com/2246/2490828624_e8854627f3.jpg
1410,http://farm3.static.flickr.com/2486/3847237988_7b283fa700.jpg
1411,http://farm3.static.flickr.com/2519/3688925812_93662a4a8c.jpg
1412,http://farm4.static.flickr.com/3311/3633880879_746edfd66e.jpg
1413,http://farm4.static.flickr.com/3097/2926767688_8e51a94b9f.jpg
1414,http://farm4.static.flickr.com/3546/3446319394_18e224b656.jpg
1415,http://farm3.static.flickr.com/2087/2181775101_bcfebd4bc5.jpg
1416,http://farm4.static.flickr.com/3568/3415556939_ba8590ba75.jpg
1417,http://farm4.static.flickr.com/3155/2285456416_e45f93b7cc.jpg
1418,http://farm4.static.flickr.com/3364/3655299481_03188d26fc.jpg
1419,http://farm4.static.flickr.com/3548/3375916548_66d670bb7c.jpg
1420,http://farm3.static.flickr.com/2426/3800781899_27c478ebda.jpg
1421,http://farm3.static.flickr.com/2784/4303759118_d54d8d29e6.jpg
1422,http://farm4.static.flickr.com/3287/2725932141_d30d92a260.jpg
1423,http://farm5.static.flickr.com/4002/4298788225_a0c4a3d399.jpg
1424,http://farm3.static.flickr.com/2279/2337132781_10e3440f9b.jpg
1425,http://farm4.static.flickr.com/3155/3106515745_0ecd17a915.jpg
1426,http://farm4.static.flickr.com/3584/3824085722_ef9084b422.jpg
1427,http://farm3.static.flickr.com/2412/2410546239_12e0191d76.jpg
1428,http://farm3.static.flickr.com/2347/2302408045_2ef8428c3b.jpg
1429,http://farm4.static.flickr.com/3158/2885800462_35f7f6ff22.jpg
1430,http://farm4.static.flickr.com/3664/3583186126_89d6f91a10.jpg
1431,http://farm3.static.flickr.com/2203/2391293722_428e95e68e.jpg
1432,http://farm4.static.flickr.com/3125/2554142067_b8d8e38dd8.jpg
1433,http://farm4.static.flickr.com/3145/2391297146_923e8ce9aa.jpg
1434,http://farm3.static.flickr.com/2384/2256651065_551052f0a5.jpg
1435,http://farm4.static.flickr.com/3222/2391294032_265a209539.jpg
1436,http://farm4.static.flickr.com/3289/2337152599_353eca84ec.jpg
1437,http://farm4.static.flickr.com/3555/3468972094_e7cd39f640.jpg
1438,http://farm3.static.flickr.com/2473/4059816382_b349a1488c.jpg
1439,http://farm4.static.flickr.com/3019/2705180580_b4664427cd.jpg
1440,http://farm3.static.flickr.com/2711/4192101853_d5f1f311ea.jpg
1441,http://farm4.static.flickr.com/3310/3649269562_60459cbb56.jpg
1442,http://farm4.static.flickr.com/3005/2726500054_048a1fd407.jpg
1443,http://farm3.static.flickr.com/2297/2390466749_198dff2b5d.jpg
1444,http://farm4.static.flickr.com/3179/2880471179_d4d4a87ea4.jpg
1445,http://farm4.static.flickr.com/3105/2316418096_25e0993157.jpg
1446,http://farm4.static.flickr.com/3387/3524674462_2290d9722d.jpg
1447,http://farm4.static.flickr.com/3427/3263329310_fe35fbc2cd.jpg
1448,http://farm5.static.flickr.com/4018/4238891965_285927e33c.jpg
1449,http://farm4.static.flickr.com/3555/3772954792_a44e7952e0.jpg
1450,http://farm3.static.flickr.com/2757/4154234323_880ce0006a.jpg
1451,http://farm4.static.flickr.com/3345/3204263812_5bd893a26e.jpg
1452,http://farm3.static.flickr.com/2378/2249181019_b8ab2ffe66.jpg
1453,http://farm4.static.flickr.com/3084/2638619957_7be0141460.jpg
1454,http://farm3.static.flickr.com/2803/4033274109_69fa9754eb.jpg
1455,http://farm4.static.flickr.com/3226/3085253435_0c3537d551.jpg
1456,http://farm3.static.flickr.com/2550/3887608477_38df0e2f86.jpg
1457,http://farm3.static.flickr.com/2032/2306129590_186f9b9c6d.jpg
1458,http://farm3.static.flickr.com/2716/4220756140_11d3153e8f.jpg
1459,http://farm3.static.flickr.com/2750/4034712492_1e13f5d419.jpg
1460,http://farm4.static.flickr.com/3174/2331629099_6637e51671.jpg
1461,http://farm4.static.flickr.com/3004/2639456564_6e48a038f3.jpg
1462,http://farm4.static.flickr.com/3228/2302407683_feb6fab148.jpg
1463,http://farm3.static.flickr.com/2666/4196173590_ebd67535b0.jpg
1464,http://farm4.static.flickr.com/3175/3815040165_e0c3f4d71b.jpg
1465,http://farm4.static.flickr.com/3008/2311893180_30071e14ba.jpg
1466,http://farm3.static.flickr.com/2228/2307251006_a0601ed4e1.jpg
1467,http://farm4.static.flickr.com/3313/3523675070_0096f64a0b.jpg
1468,http://farm4.static.flickr.com/3223/2957711769_6fab0ec25f.jpg
1469,http://farm5.static.flickr.com/4003/4249354233_ed0a2f64ea.jpg
1470,http://farm4.static.flickr.com/3335/3629961182_46ffa18a31.jpg
1471,http://farm3.static.flickr.com/2471/4182254628_690e68d437.jpg
1472,http://farm3.static.flickr.com/2267/2306165547_62056267aa.jpg
1473,http://farm4.static.flickr.com/3488/3471225586_bbd840afcf.jpg
1474,http://farm3.static.flickr.com/2718/4323580083_8f812c1fef.jpg
1475,http://farm3.static.flickr.com/2146/2337968156_dc23296276.jpg
1476,http://farm4.static.flickr.com/3118/2885801352_fd2d14cd1e.jpg
1477,http://farm4.static.flickr.com/3508/3815040389_b35aaceb41.jpg
1478,http://farm4.static.flickr.com/3154/2664338725_f4d2bb40b2.jpg
1479,http://farm4.static.flickr.com/3154/3038029117_1739ecd1b9.jpg
1480,http://farm3.static.flickr.com/2187/2352656929_f19f8a8431.jpg
1481,http://farm4.static.flickr.com/3147/3145862825_6558745880.jpg
1482,http://farm5.static.flickr.com/4036/4302760202_65b935b03d.jpg
1483,http://farm3.static.flickr.com/2470/3650911825_230cfa8f7c.jpg
1484,http://farm3.static.flickr.com/2790/4230938669_ce1953524b.jpg
1485,http://farm4.static.flickr.com/3568/3581643339_fcd62f4c5e.jpg
1486,http://farm4.static.flickr.com/3148/2581968116_655dab6a93.jpg
1487,http://farm3.static.flickr.com/2313/2263787721_e1e4d14d35.jpg
1488,http://farm3.static.flickr.com/2528/4182254828_cf6b060c7b.jpg
1489,
