0,http://farm1.static.flickr.com/45/120406289_4351fa6b24.jpg
1,http://static.flickr.com/76/213326446_c2296a5b16.jpg
2,http://farm1.static.flickr.com/70/197360876_b0ed7bb096.jpg
3,http://farm1.static.flickr.com/70/196324291_09ae29cc3e.jpg
4,http://farm3.static.flickr.com/2024/2120780329_2284491d76.jpg
5,http://farm3.static.flickr.com/2250/2120778045_fbd4b080c6.jpg
6,http://farm3.static.flickr.com/2030/2139978593_9d1b891439.jpg
7,http://farm1.static.flickr.com/49/113505990_8942cd4197.jpg
8,http://farm1.static.flickr.com/202/503952094_10b7bc3695.jpg
9,http://farm1.static.flickr.com/52/153412189_22857909e6.jpg
10,http://farm3.static.flickr.com/2231/2042256605_81e2128480.jpg
11,http://farm1.static.flickr.com/26/48884938_5954a1c234.jpg
12,http://static.flickr.com/2167/1558773203_c5a767b1b5.jpg
13,http://www.fidofinder.com/dogpics/35460.jpg
14,http://farm1.static.flickr.com/23/31849349_09fa34dfb0.jpg
15,http://farm3.static.flickr.com/2124/2122956625_181f6ccc7c.jpg
16,http://farm3.static.flickr.com/2278/2242122481_1ddb3027bc.jpg
17,http://farm1.static.flickr.com/119/288522715_c30f836746.jpg
18,http://static.flickr.com/27/56446143_f30cb32812.jpg
19,http://bowkids.hmc6.net/inuzukan/_img/belgiangriffon_002.jpg
20,http://farm2.static.flickr.com/1084/599437439_193691ca7f.jpg
21,http://farm2.static.flickr.com/1078/542864533_aeed206b1e.jpg
22,http://farm3.static.flickr.com/2262/2076553113_a5785ec7fc.jpg
23,http://www.gingersnapbrusselsgriffon.com/GriffonGang.jpg
24,http://farm2.static.flickr.com/1437/613647601_3c44019799.jpg
25,http://static.flickr.com/2213/1552067565_e35fd6eff8.jpg
26,http://farm3.static.flickr.com/2221/2062926022_7852a77671.jpg
27,http://www.petnet.com.au/dogs/doggif/D143.jpg
28,http://www.365calendar.net/images/entry/101/5a54a8e4afdfaa887e3838c4b5f28bfe.jpeg
29,http://farm3.static.flickr.com/2160/2184906126_129c6f806e.jpg
30,http://farm1.static.flickr.com/171/430368802_566c15c51a.jpg
31,http://farm3.static.flickr.com/2385/1681448998_745263e742.jpg
32,http://farm1.static.flickr.com/108/303213040_7e8147beb0.jpg
33,http://farm1.static.flickr.com/204/472960955_899ddef190.jpg
34,http://farm1.static.flickr.com/154/356183981_9f3e1ca2e4.jpg
35,http://farm3.static.flickr.com/2092/1736911499_ae100cc210.jpg
36,http://farm1.static.flickr.com/216/520951716_8e6776e8c6.jpg
37,http://farm1.static.flickr.com/50/375142143_64408057aa.jpg
38,http://www.puppypurebred.com/images/sammay51.JPG
39,http://farm1.static.flickr.com/26/45010786_870b91f1cd.jpg
40,http://static.flickr.com/28/56033539_3550d86074.jpg
41,http://farm3.static.flickr.com/2075/2044113908_959271357f.jpg
42,http://breederinfocenter.com/images2/20040803163927_131044_4.jpg
43,http://static.flickr.com/2276/1829488286_c1f26e739a.jpg
44,http://farm2.static.flickr.com/1311/538905019_9991bb86e0.jpg
45,http://www.marksbassetacres.com/puppie_pics/Jubal%20Anderson%20Early.jpg
46,http://farm1.static.flickr.com/45/141748014_917e8660f8.jpg
47,http://farm3.static.flickr.com/2402/2155826882_d712af69aa.jpg
48,http://farm3.static.flickr.com/2192/2196179475_81a5289934.jpg
49,http://farm1.static.flickr.com/225/516225151_494c5be9c9.jpg
50,http://farm1.static.flickr.com/24/50851378_7aceabffb7.jpg
51,http://farm1.static.flickr.com/224/458695428_b443143246.jpg
52,http://www.dog-breeds.name/pictures/brussels-griffon/brussels-griffon-4tn.jpg
53,http://farm2.static.flickr.com/1268/817979232_c9691301d7.jpg
54,http://static.flickr.com/65/197360706_fe08a57fd8.jpg
55,http://farm1.static.flickr.com/168/480706790_a2621492fd.jpg
56,http://www.grizzlyrun.com/Files/Images/Image_Gallery/brussels_griffon_picture.jpg
57,http://farm1.static.flickr.com/55/141748059_ae48706f0f.jpg
58,http://farm2.static.flickr.com/1014/1233806624_ca7f64fd45.jpg
59,http://static.flickr.com/182/472945086_b5ba3b75f9.jpg
60,http://media.petster.com/photos/26078/304-601-978-752-53210-m575.jpg
61,http://farm1.static.flickr.com/141/383912404_8495c164d7.jpg
62,http://farm3.static.flickr.com/2249/2242123221_8a687eb1d3.jpg
63,http://farm3.static.flickr.com/2135/2078208120_a8a0e9b7e7.jpg
64,http://farm2.static.flickr.com/1205/1139062731_a20873f2e5.jpg
65,http://www.dogchannel.com/images/articles/breed_profile_images/Brussels%20Griffon%20Rough%202.jpg
66,http://farm3.static.flickr.com/2373/2221898778_408058aaf8.jpg
67,http://farm3.static.flickr.com/2043/2090376760_7beea205a1.jpg
68,http://farm3.static.flickr.com/2002/2139978753_b76cf27244.jpg
69,http://dogs-puppies.dogs-central.com/brussels-griffon-puppy/miraclebg4.jpg
70,http://farm1.static.flickr.com/83/263981281_c75c5ed095.jpg
71,http://farm1.static.flickr.com/163/421154168_2cdf43c97a.jpg
72,http://farm1.static.flickr.com/173/453143306_424528a30c.jpg
73,http://www.dogbreedinfo.com/images17/BRUGOskarFullGrown2.JPG
74,http://user194394.websitewizard.com/images/OscarLucy_small.JPG
75,http://farm1.static.flickr.com/109/264616520_e0e1181b67.jpg
76,http://www.gotpetsonline.com/pictures-gallery/dog-pictures-breeders-puppies-rescue/brussels-griffon-pictures-breeders-puppies-rescue/pictures-photos/brussels-griffon-0011.jpg
77,http://static.flickr.com/118/260376222_3e0eebfe28.jpg
78,http://farm3.static.flickr.com/2347/2098211346_6129b08144.jpg
79,http://farm1.static.flickr.com/195/485607039_dad3bf63e9.jpg
80,http://www.hua.org/Dog-Photos-Large/AnikaB.jpg
81,http://farm2.static.flickr.com/1230/1200462950_a6ad01b033.jpg
82,http://farm2.static.flickr.com/1414/1139062713_55c97c548d.jpg
83,http://farm1.static.flickr.com/68/197360973_79b9d1338c.jpg
84,http://farm2.static.flickr.com/1122/537615727_c2a1c9c3af.jpg
85,http://farm3.static.flickr.com/2142/2149830649_f374b7f4e2.jpg
86,http://farm1.static.flickr.com/175/472961121_9907cb67bf.jpg
87,http://farm3.static.flickr.com/2035/1540340070_1a96dc7777.jpg
88,http://farm2.static.flickr.com/1266/538899573_63470e58b8.jpg
89,http://farm1.static.flickr.com/171/469479087_1edf6b45c5.jpg
90,http://farm2.static.flickr.com/1222/538578852_28d0fcd6e0.jpg
91,http://farm3.static.flickr.com/2192/2097433893_136ffff302.jpg
92,http://farm1.static.flickr.com/183/472966553_8f2ceb1fb7.jpg
93,http://farm3.static.flickr.com/2383/2204609014_194101cd7e.jpg
94,http://farm1.static.flickr.com/183/417087980_67366ae91a.jpg
95,http://farm1.static.flickr.com/46/160604984_a3e233cc0f.jpg
96,http://farm2.static.flickr.com/1215/748801623_a02e27293b.jpg
97,http://farm1.static.flickr.com/169/422639604_4fc766c320.jpg
98,http://farm3.static.flickr.com/2265/1681719973_95f78adc64.jpg
99,http://www.dogbreedinfo.org/images16/BrugsLouisCIMG0005.JPG
100,http://farm3.static.flickr.com/2020/2098211590_5496a95f2c.jpg
101,http://farm1.static.flickr.com/28/65818922_45053346ac.jpg
102,http://farm1.static.flickr.com/178/477051472_4c9b83bc30.jpg
103,http://www.breederretriever.com/photopost/data/596/thumbs/griffon2.jpg
104,http://farm1.static.flickr.com/66/179184232_8512f59c9e.jpg
105,http://farm1.static.flickr.com/71/197367377_283fb6a676.jpg
106,http://farm1.static.flickr.com/30/42436315_38e7d7d9b0.jpg
107,http://farm2.static.flickr.com/1013/538579132_10ea0873a0.jpg
108,http://www.puppypoopy.com/griffon30.jpg
109,http://farm1.static.flickr.com/175/472963191_7b2a040159.jpg
110,http://farm1.static.flickr.com/21/25204943_c44fc7bc3d.jpg
111,http://files.dogster.com/pix/dogs/51/136351/136351_1112919581.jpg
112,http://farm1.static.flickr.com/124/317776121_b53c718943.jpg
113,http://farm3.static.flickr.com/2001/1861957022_d1297010b5.jpg
114,http://farm1.static.flickr.com/203/495957187_bfd34204a2.jpg
115,http://farm1.static.flickr.com/162/373607676_b00985715a.jpg
116,http://www.dogbreedinfo.com/images16/SniffonPup3Months3.jpg
117,http://farm1.static.flickr.com/206/516202210_9887e672db.jpg
118,http://farm3.static.flickr.com/2351/1792483923_31ce57d24b.jpg
119,http://farm1.static.flickr.com/136/317774116_924409af9d.jpg
120,http://www.moderndogmagazine.com/images/summer05/photocontest/chewie_sm.jpg
121,http://farm1.static.flickr.com/120/301975997_1cb236b9a2.jpg
122,http://www.montoutou.com/GriffonBruxellois.jpg
123,http://farm1.static.flickr.com/69/197340030_8f7d8473b9.jpg
124,http://static.flickr.com/229/472946396_842546c036.jpg
125,http://farm2.static.flickr.com/1419/868430013_bf59afa475.jpg
126,http://farm1.static.flickr.com/54/141747993_e246b84eb5.jpg
127,http://farm1.static.flickr.com/214/475508505_6058b40f14.jpg
128,http://www.ryoshida.com/wendysweb/ark/images/Fosters/DSCN6385.JPG
129,http://hubpages.com/u/69675_100.jpg
130,http://www.wrinkydinks.com/familytreeimaging/brussels.jpg
131,http://toydogs.cyberbree.com/images/img_0079_250x187.jpg
132,http://www.belgianbuddies.com/FAQ.ht8.jpg
133,http://farm2.static.flickr.com/1059/1233818006_491e633bcb.jpg
134,http://farm3.static.flickr.com/2084/2062382409_2cfa6a201d.jpg
135,http://www.brusselsgriffonrescue.org/missing/photos/11-21-05barbie1.jpg
136,http://farm1.static.flickr.com/75/178401201_6ae082b731.jpg
137,http://farm1.static.flickr.com/238/453146340_7bb5ad3f64.jpg
138,http://farm3.static.flickr.com/2278/2196963384_82f366f954.jpg
139,http://www.123dog.net/pictures/pages/2378/front.jpg
140,http://farm3.static.flickr.com/2066/1809207348_2a1200f5c8.jpg
141,http://gibsonsgriffons.com/sitebuilder/images/Picture_001-224x271.jpg
142,http://static.flickr.com/237/453147081_f440216ab8.jpg
143,http://farm2.static.flickr.com/1027/741574551_d4d1574dc2.jpg
144,http://farm3.static.flickr.com/2404/2077416697_dccd0ee7f1.jpg
145,http://farm2.static.flickr.com/1004/537882628_e855f4d404.jpg
146,http://farm3.static.flickr.com/2404/2096050461_21822774b3.jpg
147,http://pets-place.net/Breeds/BelgianGriffonPhoto8.jpg
148,http://farm2.static.flickr.com/1002/613652055_378d80d792.jpg
149,http://static.flickr.com/33/45083793_5e614f0d74.jpg
150,http://farm3.static.flickr.com/2212/1736894795_b27cd4d5fa.jpg
151,http://farm1.static.flickr.com/190/453162179_3bee28de0a.jpg
152,http://farm3.static.flickr.com/2236/2123775224_201407bd17.jpg
153,http://farm3.static.flickr.com/2156/2122953199_d1cb42d5ea.jpg
154,http://adogslife.net/gallery_images/thumbnail/093007215516.jpg
155,http://farm1.static.flickr.com/43/98115619_b9c0f3233b.jpg
156,http://farm1.static.flickr.com/174/424165315_2c69406b4a.jpg
157,http://farm1.static.flickr.com/110/265437179_ffe37240af.jpg
158,http://farm1.static.flickr.com/101/312843577_5c62f1768e.jpg
159,http://www.gotpetsonline.com/pictures-gallery/dog-pictures-breeders-puppies-rescue/brussels-griffon-pictures-breeders-puppies-rescue/pictures/brussels-griffon-0012.jpg
160,http://farm1.static.flickr.com/124/384250756_88040fa1c7.jpg
161,http://farm1.static.flickr.com/46/141748081_bd21f0f89f.jpg
162,http://farm1.static.flickr.com/35/65818986_96552a8b2a.jpg
163,http://farm1.static.flickr.com/101/301598263_421539b80b.jpg
164,http://static.flickr.com/229/516227015_66ce2354e6.jpg
165,http://static.flickr.com/1303/1200462246_8a0f59f7b4.jpg
166,http://farm1.static.flickr.com/221/472962985_015e29cd1e.jpg
167,http://static.flickr.com/210/472966379_8f55cce09e.jpg
168,http://static.flickr.com/2284/1861951104_85fd8a25d4.jpg
169,http://puppydogweb.com/breeders/pic_images/brusselsgriffon_ringler2227.jpg
170,http://farm1.static.flickr.com/52/153410963_e76f6ad57b.jpg
171,http://farm3.static.flickr.com/2051/1970421375_00e2a94704.jpg
172,http://farm3.static.flickr.com/2060/2114362669_4ecb9070f4.jpg
173,http://www.dogbreedinfo.com/images18/GriffichonNutmegPuppy4MonthsOld.JPG
174,http://farm2.static.flickr.com/1335/860262837_b0c53f6e02.jpg
175,http://farm1.static.flickr.com/174/472951660_2b4daf09bc.jpg
176,http://farm2.static.flickr.com/1195/1232971945_534f3db21e.jpg
177,http://farm3.static.flickr.com/2095/2122798639_e7f9910d3c.jpg
178,http://farm2.static.flickr.com/1312/799754845_a1afd2bcb5.jpg
179,http://farm3.static.flickr.com/2108/2095941287_6c08ff6ffe.jpg
180,http://farm2.static.flickr.com/1110/1410053585_c5c868661d.jpg
181,http://static.flickr.com/2302/1770381097_b275041ebf.jpg
182,http://image34.webshots.com/35/5/29/44/2312529440101732597CagvGl_ph.jpg
183,http://critterartwork.com/Gallery/albums/Thru-The-Christmas-Window/brussels_griffon_Xmas_thru_window_cr.sized.jpg
184,http://static.flickr.com/202/496999938_124d9a47bf.jpg
185,http://farm3.static.flickr.com/2276/2042254367_2237de392e.jpg
186,http://www.bluecross.org.uk/web/MultimediaFiles/GANCROP.JPG
187,http://farm2.static.flickr.com/1330/746399032_2cc121108a.jpg
188,http://farm1.static.flickr.com/226/520989531_13981ec592.jpg
189,http://farm1.static.flickr.com/69/208351046_3d3f7f4245.jpg
190,http://farm2.static.flickr.com/1209/538780578_9b249c2099.jpg
191,http://farm1.static.flickr.com/219/506045517_836b76f9f7.jpg
192,http://farm2.static.flickr.com/1031/546883921_d4f9947b02.jpg
193,http://farm1.static.flickr.com/118/295598914_d9cdbb65f3.jpg
194,http://static.flickr.com/76/160613498_21d7bfa1d3.jpg
195,http://farm3.static.flickr.com/2337/2136059850_c736c30ec8.jpg
196,http://www.dogbreedinfo.com/images16/BrugLouisOskarPICT0005.JPG
197,http://farm1.static.flickr.com/244/458695440_28a71aaf41.jpg
198,http://farm2.static.flickr.com/1266/731793521_0fb2f5bbf2.jpg
199,http://static.flickr.com/178/389369700_c8a93ebfaf.jpg
200,http://farm1.static.flickr.com/172/383912396_47935570f2.jpg
201,http://static.flickr.com/90/267418119_5ae044b639.jpg
202,http://www.pedigree.com.au/breeds/images/griffon_bruxellois.jpg
203,http://static.flickr.com/136/334749691_6066002e90.jpg
204,http://farm1.static.flickr.com/116/313692401_5170f606b6.jpg
205,http://www.puppypoopy.com/griffon3.jpg
206,http://farm3.static.flickr.com/2356/2123012893_59ab49759b.jpg
207,http://www.dogs-central.com/dogs-puppies/brussels-griffon-puppy/griffon.jpg
208,http://farm2.static.flickr.com/1097/614400528_f8e98c2d11.jpg
209,http://farm1.static.flickr.com/101/304254188_d6cc1857d5.jpg
210,http://www.dogbreedinfo.com/images20/BrusselranianDigit2.JPG
211,http://farm2.static.flickr.com/1129/1465290357_3ad444064c.jpg
212,http://www.shihtzusandfurbabies.com/dogs/phoebe_pugmixface.jpg
213,http://farm3.static.flickr.com/2081/2221930256_c7b939a717.jpg
214,http://farm2.static.flickr.com/1076/825976398_ddfd7a04f2.jpg
215,http://farm3.static.flickr.com/2286/2077409394_53ac540ed2.jpg
216,http://farm1.static.flickr.com/23/30154143_32a790726f.jpg
217,http://farm2.static.flickr.com/1113/674684865_d9eba620b6.jpg
218,http://www.puppydogweb.com/gallery/brusselsgriffons/brusselsgriffon_burroughs.jpg
219,http://farm1.static.flickr.com/183/472962575_f5c9002823.jpg
220,http://farm3.static.flickr.com/2287/2122942953_266846bf3f.jpg
221,http://www.andreaharner.com/archives/BrusselsGriffonChelsea4.jpg
222,http://farm2.static.flickr.com/1348/1165263365_28a8eb7f3b.jpg
223,http://www.breederretriever.com/photopost/data/596/thumbs/brussels.jpg
224,http://farm2.static.flickr.com/1041/542484076_69f720ef82.jpg
225,http://www.puppydogweb.com/gallery/brusselsgriffons/brusselsgriffon_daniel.jpg
226,http://www.catbreedinfo.net/images4/brusselsgriffonkleineUmberto.jpg
227,http://static.flickr.com/2102/1861954106_a1bcaf8339.jpg
228,http://farm3.static.flickr.com/2066/2204610034_96a4274555.jpg
229,http://farm1.static.flickr.com/197/472951166_a84923a521.jpg
230,http://farm1.static.flickr.com/179/472963593_f2442abd0b.jpg
231,http://static.flickr.com/2222/2004746145_cf04b032f5.jpg
232,http://www.dogbreedinfo.com/images20/SniffonMaxPower2YearsOld.JPG
233,http://farm3.static.flickr.com/2282/1497021791_a567d5aceb.jpg
234,http://www.ceridwen-griffon-bruxellois.co.uk/Ruby%20with%20bluebells%20web.JPG
235,http://farm3.static.flickr.com/2209/2045984159_ed39a4f532.jpg
236,http://farm1.static.flickr.com/164/347037038_395a748ecf.jpg
237,http://farm1.static.flickr.com/207/453012133_3f3479d53f.jpg
238,http://farm3.static.flickr.com/2149/2078210544_86530eb407.jpg
239,http://image.blingee.com/images11/content/output/2007/6/21/4754970_201a948c.gif
240,http://farm1.static.flickr.com/90/268617909_24d445da51.jpg
241,http://farm3.static.flickr.com/2056/1861953134_350f1acb7c.jpg
242,http://www2.dogbreedinfo.com/images21/BrusselranianBrusselsPomHybridDogFudgeGrown.jpg
243,http://farm1.static.flickr.com/166/434853814_e01b09ee43.jpg
244,http://www.calgaryvets.com/images/superstars/dog_photos/cheech_brussels_mini_schnaz.jpg
245,http://secure.terrificpets.com/images/uploads/06002162313689_1.jpg
246,http://static.flickr.com/199/516533694_bc084fbc8a.jpg
247,http://farm1.static.flickr.com/108/263981235_3ea7d8b69c.jpg
248,http://farm3.static.flickr.com/2185/2115157184_baf0cc489d.jpg
249,http://farm2.static.flickr.com/1235/1232905121_6e00d4a9ce.jpg
250,http://farm1.static.flickr.com/203/472965549_5fdeb3b6ce.jpg
251,http://farm2.static.flickr.com/1333/752251134_cc4f5e508b.jpg
252,http://farm1.static.flickr.com/222/495957171_f657c33d24.jpg
253,http://www.viarural.com.py/ganaderia/mascotas/fotografias-perros/grifon-de-bruselas-02.jpg
254,http://farm3.static.flickr.com/2013/2120486957_0f15e611b2.jpg
255,http://farm3.static.flickr.com/2368/2096718428_0fa26d13e3.jpg
256,http://farm1.static.flickr.com/25/55702792_ea7565370a.jpg
257,http://farm3.static.flickr.com/2324/2221903272_9e0808e788.jpg
258,http://farm2.static.flickr.com/1368/1490465473_413d480187.jpg
259,http://farm3.static.flickr.com/2393/2221936564_0edcbb28b6.jpg
260,http://farm1.static.flickr.com/72/196325058_7c63f804d1.jpg
261,http://farm1.static.flickr.com/206/516540802_0b42c6e7d0.jpg
262,http://www.allentownsuperads.com/images/i/Pennsylvania%5Cb260607083904C-004F.jpg
263,http://farm2.static.flickr.com/1026/613649827_e115f0117e.jpg
264,"http://ecx.images-amazon.com/images/I/51T7M5ZKB0L._BO2,204,203,200_PIsitb-dp-500-arrow,TopRight,45,-64_OU01_AA240_SH20_.jpg"
265,http://farm1.static.flickr.com/57/178658863_a311888e85.jpg
266,http://www.brusselsgriffonrescue.org/rescued/03-03-07jack3.jpg
267,http://static.flickr.com/208/520890044_3296c80dbd.jpg
268,http://farm1.static.flickr.com/191/506045341_31e929d757.jpg
269,http://farm3.static.flickr.com/2036/2076548945_b8d64e8782.jpg
270,http://farm3.static.flickr.com/2151/2113309366_ec8d78d145.jpg
271,http://us.iams.com/iams/en_US/data_root/image/dog_breed/brusgrif.jpg
272,http://farm1.static.flickr.com/104/255228037_c4dcffdd75.jpg
273,http://static.flickr.com/2340/2115115982_3d03b72a09.jpg
274,http://www.dogbreedinfo.com/images19/GriffonshireMacy3MonthsOld.JPG
275,http://static.flickr.com/1042/1179339200_0b1f6ecfa3.jpg
276,http://farm2.static.flickr.com/1133/554057728_b6160eb0eb.jpg
277,http://www.dogbreedinfo.com/images11/Brussels%20Griffonbugs%20in%20desk_edited.JPG
278,http://www.brusselsgriffonrescue.org/rescued/07-26-05gidget.jpg
279,http://farm2.static.flickr.com/1071/879939887_bd8528bbf6.jpg
280,http://static.flickr.com/184/485577704_12e15a6ffd.jpg
281,http://farm1.static.flickr.com/24/55609197_e951ce907b.jpg
282,http://farm3.static.flickr.com/2010/2155830176_e0750b29cc.jpg
283,http://farm1.static.flickr.com/227/475496918_acb2defab3.jpg
284,http://student.nu.ac.th/pets/dog2111.jpg
285,http://farm2.static.flickr.com/1212/860273483_64e2a5eceb.jpg
286,http://farm1.static.flickr.com/118/301598029_b8b10323b7.jpg
287,http://www.hua.org/Dog-Photos-Small/KatA.jpg
288,http://farm3.static.flickr.com/2082/2217409031_79d28814be.jpg
289,http://farm1.static.flickr.com/99/312841832_84bf4d2545.jpg
290,http://farm3.static.flickr.com/2194/2098212002_9409c74a5d.jpg
291,http://farm3.static.flickr.com/2245/2158534915_80917150a6.jpg
292,http://farm1.static.flickr.com/37/118963719_1eeeca165d.jpg
293,http://farm3.static.flickr.com/2162/2062819784_c73ca172eb.jpg
294,http://static.flickr.com/17/22720131_5ab3ae8012.jpg
295,http://www.gotpetsonline.com/pictures-gallery/dog-pictures-breeders-puppies-rescue/brussels-griffon-pictures-breeders-puppies-rescue/pictures-photos/brussels-griffon-0027.jpg
296,http://farm3.static.flickr.com/2322/2203820067_9594568305.jpg
297,http://farm1.static.flickr.com/24/42435316_1c15bbec16.jpg
298,http://bp0.blogger.com/_OgFDBk-kca0/RrNye4oEvnI/AAAAAAAAAB0/Rs1GifqwSzQ/s320/IGGY.jpg
299,http://static.flickr.com/70/185830700_489b74beaf.jpg
300,http://www.gotpetsonline.com/pictures-gallery/dog-pictures-breeders-puppies-rescue/brussels-griffon-pictures-breeders-puppies-rescue/pictures/brussels-griffon-0001.jpg
301,http://farm1.static.flickr.com/27/42332936_2bf0482246.jpg
302,http://farm2.static.flickr.com/1331/1466146950_0b73d9b265.jpg
303,http://static.flickr.com/1154/1070120605_cb8c4123f9.jpg
304,http://static.flickr.com/25/55702791_95cea78156.jpg
305,http://static.flickr.com/47/185840319_98f6035030.jpg
306,http://farm1.static.flickr.com/193/485604301_d615522aa5.jpg
307,http://farm3.static.flickr.com/2296/1552067561_9387139659.jpg
308,http://farm3.static.flickr.com/2033/1809215564_6838e6ed7c.jpg
309,http://farm3.static.flickr.com/2189/1495983235_399bad78ba.jpg
310,http://farm3.static.flickr.com/2158/2125644492_eeeb4b2554.jpg
311,http://farm1.static.flickr.com/232/506006228_d6b29436aa.jpg
312,http://www.dogbreedinfo.com/images16/BrugLouisOskarPICT0034.JPG
313,http://upload.wikimedia.org/wikipedia/commons/thumb/c/cb/Gryfonik_144.jpg/100px-Gryfonik_144.jpg
314,http://farm2.static.flickr.com/1370/1200463330_456f273a74.jpg
315,http://farm2.static.flickr.com/1390/748817975_ad451cdc2b.jpg
316,http://www.dallasnews.com/sharedcontent/dws/img/10-07/1023iggy.jpg
317,http://farm1.static.flickr.com/87/237154551_9602f88540.jpg
318,http://farm2.static.flickr.com/1338/538000789_8a3fc2d0a5.jpg
319,http://farm3.static.flickr.com/2288/2062031075_4549c15dc1.jpg
320,http://farm3.static.flickr.com/2319/2061934131_f1ddc09cd0.jpg
321,http://farm1.static.flickr.com/114/286327610_cf7c2d1ede.jpg
322,http://farm1.static.flickr.com/208/453168157_6b969d12bd.jpg
323,http://farm1.static.flickr.com/52/153410962_baf7e3bda8.jpg
324,http://farm3.static.flickr.com/2001/2155824954_d2697106c2.jpg
325,http://farm2.static.flickr.com/1262/538001687_61df4f3bef.jpg
326,http://farm2.static.flickr.com/1186/538905813_df5f15f0a2.jpg
327,http://farm1.static.flickr.com/115/265437184_278c1e456c.jpg
328,http://farm1.static.flickr.com/58/185899780_4034204b8b.jpg
329,http://farm2.static.flickr.com/1408/1233789334_9b48657da2.jpg
330,http://farm1.static.flickr.com/118/301598120_e4c6add7c5.jpg
331,http://cache.boston.com/bonzai-fba/Third_Party_Photo/2005/06/24/1119627746_6547.jpg
332,http://static.flickr.com/2317/2095947325_4f0e1a0b01.jpg
333,http://farm1.static.flickr.com/185/389375956_04a2e838ce.jpg
334,http://www.dog-breeds.name/pictures/griffon-bruxellois/griffon-bruxellois-3.jpg
335,http://farm1.static.flickr.com/91/279416562_e7579b679d.jpg
336,http://farm3.static.flickr.com/2418/2095946383_094d9e8e06.jpg
337,http://www.petpop.com/pictures/97621192037663_sm.jpg
338,http://farm2.static.flickr.com/1399/1209617436_faebd9e2c7.jpg
339,http://farm3.static.flickr.com/2145/1795035610_a85e9baed5.jpg
340,http://www.infoabout.ca/images/smalldogbreeds/Brussels%20Griffon.jpg
341,http://static.flickr.com/1402/991846240_f1de7ca2a8.jpg
342,http://farm3.static.flickr.com/2225/1529757375_8270587bc9.jpg
343,http://static.flickr.com/243/516199616_d8504ccb5f.jpg
344,http://www.brusselsgriffonrescue.org/missing/photos/10-10-05simon2.jpg
345,http://farm1.static.flickr.com/92/256014456_10b4da77eb.jpg
346,http://farm3.static.flickr.com/2393/2156080306_b23fea8b60.jpg
347,http://farm1.static.flickr.com/228/476263235_ff9fdf318a.jpg
348,http://farm1.static.flickr.com/153/424164472_3c21e463a4.jpg
349,http://farm1.static.flickr.com/87/219670054_15ef86265d.jpg
350,http://farm1.static.flickr.com/231/469467702_7a4328c16c.jpg
351,http://farm3.static.flickr.com/2212/2146045715_89affc5756.jpg
352,http://www.pedigree.com.au/breeds/images/griffon_bruxellois_03.jpg
353,http://farm1.static.flickr.com/233/518027999_5cd9afc4da.jpg
354,http://www.puppypoopy.com/griffon28.jpg
355,http://www.dooziedog.com/dog_breeds/images/thumbs/tn_Griffon.jpg
356,http://farm2.static.flickr.com/1070/1199591719_e147006330.jpg
357,http://farm3.static.flickr.com/2151/2044111656_4daebdd7b8.jpg
358,http://farm2.static.flickr.com/1148/730665456_36cc744a8a.jpg
359,http://farm3.static.flickr.com/2406/2064514196_99c12984a5.jpg
360,http://www.westbendpups.com/dog%20kennel%20photos%20133.jpg
361,http://farm1.static.flickr.com/62/153412192_97fd88f3a1.jpg
362,http://farm2.static.flickr.com/1376/538901609_e6c024ae37.jpg
363,http://static.flickr.com/178/364228539_f63e5b80db.jpg
364,http://farm3.static.flickr.com/2328/1897344614_daa1c5813f.jpg
365,http://farm1.static.flickr.com/201/516408996_63aab0a12e.jpg
366,http://gibsonsgriffons.com/sitebuilder/images/Picture_0022-251x261.jpg
367,http://www.puppydogweb.com/gallery/brusselsgriffons/brusselsgriffon_taylor2.jpg
368,http://farm1.static.flickr.com/118/268618476_0725c8d615.jpg
369,http://farm2.static.flickr.com/1150/730626424_64968736b6.jpg
370,http://farm1.static.flickr.com/127/424257639_586ddb81f5.jpg
371,http://www.dogguide.net/blog/wp-content/uploads/2008/01/57805050_072d305894.jpg
372,http://farm3.static.flickr.com/2023/2076519715_cae11f5b58.jpg
373,http://www.dollydoghouse.com/customer_images/dollydoghouse_com_0056_29_4_img1_2822.jpg
374,http://farm1.static.flickr.com/110/288523091_e896a00a33.jpg
375,http://www.puppypoopy.com/griffon10.jpg
376,http://farm3.static.flickr.com/2078/1794193703_f5c7cba597.jpg
377,http://farm3.static.flickr.com/2270/2242122829_20dbf99d8c.jpg
378,http://www.terrystwobytwo.com/images/North%20Carolina%20and%20New%20York%20-%202005%20110.jpg
379,http://farm2.static.flickr.com/1343/877264341_b994845c1f.jpg
380,http://farm3.static.flickr.com/2034/2079189048_473c4e0f26.jpg
381,http://farm3.static.flickr.com/2350/2184903730_97bd4d928e.jpg
382,http://farm3.static.flickr.com/2038/2155037971_f66c71bb72.jpg
383,http://static.flickr.com/202/472946746_4ae7fa658a.jpg
384,http://farm1.static.flickr.com/198/458871070_d99d2de790.jpg
385,http://www.petstyle.com/images/breed_profiles/dogs/Brussels_Griffon.jpg
386,http://farm3.static.flickr.com/2181/2205518290_7a1e6b8899.jpg
387,http://farm2.static.flickr.com/1271/762549109_3dec9d45e0.jpg
388,http://farm2.static.flickr.com/1436/1161034286_4855b5ff65.jpg
389,http://farm1.static.flickr.com/80/265614632_3b9a688a8d.jpg
390,http://farm2.static.flickr.com/1260/825884964_897956309c.jpg
391,http://www.pethabitat.com/dogpics/brussels_3.JPG
392,http://farm3.static.flickr.com/2161/2095941075_cfbdb05956.jpg
393,http://farm3.static.flickr.com/2344/2114362741_d44efdfd84.jpg
394,http://static.flickr.com/59/188443167_11fdd1022e.jpg
395,http://farm1.static.flickr.com/216/516223619_150e2bbb87.jpg
396,http://www.allcalendars.net/images/97428214.jpg
397,http://farm1.static.flickr.com/82/281072491_54177113fe.jpg
398,http://www.puppypictures.org/main.php?g2_view=core.DownloadItem&g2;_itemId=1099&g2;_serialNumber=7
399,http://farm1.static.flickr.com/71/436250681_ebcd815969.jpg
400,http://farm1.static.flickr.com/85/237154552_cae3ddf14b.jpg
401,http://farm2.static.flickr.com/1440/614395264_a5c4f3f4e8.jpg
402,http://farm1.static.flickr.com/109/285255222_8604f5836d.jpg
403,http://files.dogster.com/pix/dogs/12/16012/3.jpg
404,http://farm1.static.flickr.com/169/437646197_f2e9e184bc.jpg
405,http://farm1.static.flickr.com/37/118969786_59f4b9a19c.jpg
406,http://static.flickr.com/244/515147363_7cedfc05c2.jpg
407,http://farm1.static.flickr.com/175/427506614_b9f512510f.jpg
408,http://farm3.static.flickr.com/2273/2221130633_47ec382aed.jpg
409,http://farm1.static.flickr.com/33/42793963_6f59ce2953.jpg
410,http://farm1.static.flickr.com/117/364171897_9f69cccce7.jpg
411,http://www.dogbreedinfo.com/images17/EskifonEmma11Weeks2.jpg
412,http://farm1.static.flickr.com/183/392145511_6daf526469.jpg
413,http://farm3.static.flickr.com/2399/2082245531_e841fcf998.jpg
414,http://farm2.static.flickr.com/1327/1362965199_2a56853e52.jpg
415,http://farm3.static.flickr.com/2081/2123731806_3797396172.jpg
416,http://static.flickr.com/220/516562305_472bbb4653.jpg
417,http://farm1.static.flickr.com/109/260896061_f3d8b55572.jpg
418,http://static.flickr.com/168/418637002_271b8de8fb.jpg
419,http://farm3.static.flickr.com/2049/2096050989_0e594cb99d.jpg
420,http://www.pet1616.com/zukan/dog/photo/brussel.jpg
421,http://www.dogbreedinfo.com/images17/GriffonMia13Weeks.JPG
422,http://static.flickr.com/1249/980074645_09236c2e13.jpg
423,http://farm3.static.flickr.com/2203/2098210798_ec52c14607.jpg
424,http://farm1.static.flickr.com/202/506345928_210b74b10d.jpg
425,http://farm1.static.flickr.com/199/460921792_700db9e531.jpg
426,http://farm1.static.flickr.com/218/472961657_cde4b080d0.jpg
427,http://farm3.static.flickr.com/2376/2076551647_511929cc58.jpg
428,http://farm1.static.flickr.com/192/472950118_c0ef27da51.jpg
429,http://www.iwantabrusselsgriffon.com/sitebuilder/images/DSC_0273-197x323.jpg
430,http://farm3.static.flickr.com/2273/2060224922_760c6b32c7.jpg
431,http://farm3.static.flickr.com/2003/2204611232_42988bbe64.jpg
432,http://farm1.static.flickr.com/93/242949280_b89d7a3fc2.jpg
433,http://static.flickr.com/38/119236472_e930c9a52b.jpg
434,http://farm2.static.flickr.com/1400/1479971448_7d3daf97b6.jpg
435,http://farm1.static.flickr.com/236/514778638_b56cd3614b.jpg
436,http://www.andreaharner.com/archives/BrusselsGriffonChelsea1.jpg
437,http://farm3.static.flickr.com/2076/2184121549_2f25d1a938.jpg
438,http://farm3.static.flickr.com/2105/2122991705_7ff8e19b9b.jpg
439,http://farm3.static.flickr.com/2405/2242915192_0706e8f488.jpg
440,http://farm3.static.flickr.com/2017/2242916282_c90800dff6.jpg
441,http://farm3.static.flickr.com/2381/1793320076_0f95542e8a.jpg
442,http://www.allpetbreeds.com/poze/dog/dog-38.jpg
443,http://jerry-reynolds.com/Sleepy_Griffon.jpg
444,http://farm1.static.flickr.com/213/485604027_c86df28718.jpg
445,http://farm1.static.flickr.com/35/120412982_bfaf310a74.jpg
446,http://farm3.static.flickr.com/2338/1736918239_70815cf586.jpg
447,http://farm1.static.flickr.com/131/419513038_36d993d6d9.jpg
448,http://farm2.static.flickr.com/1140/538783498_b23697b62f.jpg
449,http://farm2.static.flickr.com/1279/614405416_cce6a0bb41.jpg
450,http://www.tinytracks.net/media/pediapics/brussels-griffon.jpg
451,http://static.flickr.com/223/485576968_a88bad0946.jpg
452,http://www.mollyjones.com/bbreeds/bbreed%20pics/bgriffon.jpg
453,http://farm3.static.flickr.com/2103/2077436070_2461a3425d.jpg
454,http://farm2.static.flickr.com/1361/546883811_1e99f07140.jpg
455,http://farm1.static.flickr.com/201/472965031_44bcaab162.jpg
456,http://farm1.static.flickr.com/224/496999784_d8132fcc3c.jpg
457,http://farm2.static.flickr.com/1415/1459906830_aef3a5bdc3.jpg
458,http://www.dollydoghouse.com/customer_images/dollydoghouse_com_0056_29_7_img1_3147.jpg
459,http://farm1.static.flickr.com/178/424165102_d8f5d5ec12.jpg
460,http://www.puppypoopy.com/griffon27.jpg
461,http://farm1.static.flickr.com/179/475497692_496f0154b6.jpg
462,http://www.leashesbylyndale.com/Canine%20couture%20Images/Abby%20lg.jpg
463,http://farm1.static.flickr.com/114/312840795_0e29abf8bb.jpg
464,http://farm2.static.flickr.com/1379/1483918907_8fbae94ee6.jpg
465,http://cesar.com/images/two_of_us/breed_lg_8.jpg
466,http://www.chiens-des-champs.com/Griffon%20Belge%202.jpg
467,http://farm1.static.flickr.com/75/165868230_0d675d3a9d.jpg
468,http://farm3.static.flickr.com/2340/2123725084_c2641cd4a5.jpg
469,http://www.clifflinsgriffs.com/images/119-1958_IMG.JPG
470,http://hubpages.com/u/69675_f260.jpg
471,http://farm1.static.flickr.com/114/301597993_bccb012ba1.jpg
472,http://farm1.static.flickr.com/39/102633280_0463622949.jpg
473,http://static.flickr.com/1250/1410053493_67d307e5c2.jpg
474,http://www.pets4you.com/pages/images/gorgeousgriffons1.jpg
475,http://farm1.static.flickr.com/89/273898722_03d4e2c781.jpg
476,http://farm3.static.flickr.com/2053/2051548218_77f6a55dd5.jpg
477,http://farm1.static.flickr.com/65/166518688_c8854fae01.jpg
478,http://files.dogster.com/pix/dogs/16/169616/169616_1121448420.jpg
479,http://farm2.static.flickr.com/1315/729640108_7384ea54bf.jpg
480,http://www.dooziedog.com/dog_breeds/images/full/Griffon.jpg
481,http://www.brookglenfarm.com/Graphics/brusselsgriffon2.jpg
482,http://farm1.static.flickr.com/34/73296904_a9691f9732.jpg
483,http://farm2.static.flickr.com/1313/1232968871_e33f4021be.jpg
484,http://farm2.static.flickr.com/1164/821055078_4d5b1646bb.jpg
485,http://farm1.static.flickr.com/138/428746490_d37b806e08.jpg
486,http://farm3.static.flickr.com/2200/1829499912_4715f659ab.jpg
487,http://farm2.static.flickr.com/1312/900224204_72db713ccd.jpg
488,http://static.flickr.com/2147/2115157320_162453e0a8.jpg
489,http://farm3.static.flickr.com/2041/2112555115_69502fa2f4.jpg
490,http://farm1.static.flickr.com/110/301597903_7e17fb077e.jpg
491,http://www.puppydogweb.com/breeders/pic_images/brusselsgriffon_holler447.jpg
492,http://farm1.static.flickr.com/204/516228377_80a8397ff7.jpg
493,http://farm1.static.flickr.com/175/472949544_b49381078b.jpg
494,http://farm1.static.flickr.com/67/179184233_6b280ccf9b.jpg
495,http://farm2.static.flickr.com/1024/1232924213_e94916bfa8.jpg
496,http://www.dogchannel.com/images/blog/8e2418fd-e55a-4b7f-81ab-c660bd5bc70c.jpg
497,http://farm2.static.flickr.com/1087/538903945_58617501d6.jpg
498,http://farm2.static.flickr.com/1159/1233804776_a9612cc6e4.jpg
499,http://farm3.static.flickr.com/2379/2077434716_0ce1459a9c.jpg
500,http://www.puppydogweb.com/breeders/pic_images/brusselsgriffon_lampley5.jpg
501,http://www.brusselsgriffonrescue.org/memorials/01-30-05lil_red.jpg
502,http://farm3.static.flickr.com/2117/2235324696_820309baed.jpg
503,http://farm3.static.flickr.com/2096/2096721364_4020efee16.jpg
504,http://farm2.static.flickr.com/1421/688686535_11148a79b7.jpg
505,http://static.flickr.com/77/179172566_8b6b5cbd87.jpg
506,http://static.flickr.com/174/472965709_af9dc773fb.jpg
507,http://farm2.static.flickr.com/1211/543047252_0823caef31.jpg
508,http://farm2.static.flickr.com/1350/688651319_f94166dd0d.jpg
509,http://server.hund.ch/fotos/fgriffonbelge1.gif
510,http://www.sherway-griffons.co.uk/redr.jpg
511,http://www.puppyfind.com/breed/brussels_griffon/l_415051.jpg
512,http://farm1.static.flickr.com/131/407270269_460df3ff00.jpg
513,http://farm3.static.flickr.com/2194/1950863281_6efcbdc53e.jpg
514,http://farm1.static.flickr.com/27/100320738_a97e9aad2f.jpg
515,http://farm3.static.flickr.com/2397/2122978461_881e885ec1.jpg
516,http://farm1.static.flickr.com/119/282406794_8f7afd3259.jpg
517,http://l.yimg.com/us.yimg.com/i/us/pets/brgd/brussels-griffon.jpg
518,http://farm3.static.flickr.com/2089/2082234055_2903acb1af.jpg
519,http://static.flickr.com/215/453120102_0354eddcdb.jpg
520,http://farm1.static.flickr.com/174/429346186_3bad9c97f9.jpg
521,http://farm1.static.flickr.com/121/264701930_eb6a93e798.jpg
522,http://farm1.static.flickr.com/205/475508267_a63cbd8160.jpg
523,http://static.flickr.com/118/308125594_0311b7745c.jpg
524,http://static.flickr.com/2086/1515955468_2bcc9337a2.jpg
525,http://farm1.static.flickr.com/51/184572936_340ceb99bc.jpg
526,http://farm1.static.flickr.com/151/358533331_88d48e79d1.jpg
527,http://farm1.static.flickr.com/47/170284999_a0c92eb6f2.jpg
528,http://farm3.static.flickr.com/2307/2112537243_8c79f88c97.jpg
529,http://farm2.static.flickr.com/1020/1232959487_d997fcf72b.jpg
530,http://farm1.static.flickr.com/69/197118721_c987fb2c57.jpg
531,http://farm3.static.flickr.com/2401/1794196407_8844b15080.jpg
532,http://farm3.static.flickr.com/2142/1992426232_39bb37c197.jpg
533,http://farm2.static.flickr.com/1403/537343572_9f5ecdc51b.jpg
534,http://petsfact.com/images/brussels%20griffon.jpg
535,http://farm3.static.flickr.com/2291/2120490449_9f54d8c948.jpg
536,http://farm1.static.flickr.com/56/141748155_faa9d75cc6.jpg
537,http://farm1.static.flickr.com/121/281072489_4e3129e268.jpg
538,http://farm3.static.flickr.com/2049/2062836532_c1c4a016f1.jpg
539,http://farm1.static.flickr.com/1/185830738_739c762fe5.jpg
540,http://farm2.static.flickr.com/1066/538786712_bfc07a8f9c.jpg
541,http://charms.jumora.net/picture/big9608.jpg
542,http://static.flickr.com/74/160600587_eb975ad680.jpg
543,http://breeders.dogbreedinfo.com/images2/20051028090031_182642_1.jpg
544,http://farm3.static.flickr.com/2328/2130942047_e2079465eb.jpg
545,http://upload.wikimedia.org/wikipedia/commons/thumb/2/2c/Gryfonik22.jpg/250px-Gryfonik22.jpg
546,http://farm1.static.flickr.com/167/469483967_bcb5cf6aa2.jpg
547,http://farm2.static.flickr.com/1360/538578296_1d232df952.jpg
548,http://farm3.static.flickr.com/2153/1625348929_7a3a9db514.jpg
549,http://static.flickr.com/73/196326818_42af429984.jpg
550,http://www.sherway-griffons.co.uk/giggsy-sm.jpg
551,http://mysite.verizon.net/vze91fyp/sitebuildercontent/sitebuilderpictures/needle_felted_brussels_griffon_dog_puppy_red_brown_black.jpg
552,http://static.flickr.com/211/516226637_06af4f30a3.jpg
553,http://photos1.meetupstatic.com/photos/member/1/5/1/f/member_1325407.jpeg
554,http://static.flickr.com/70/192566627_e927a420a9.jpg
555,http://farm2.static.flickr.com/1419/538004059_8ff7a595d5.jpg
556,http://farm2.static.flickr.com/1021/537881780_052b9d227d.jpg
557,http://farm2.static.flickr.com/1272/912629182_154efbccfe.jpg
558,http://www.boazvet.com/Images/Dogs/Toys/griffon_(brussels).jpg
559,http://www.bloomington.in.us/~stopcrop/breeds/jill3.jpg
560,http://www.dogtron.com/dog/pictures/brussels_griffon.jpg
561,http://farm3.static.flickr.com/2302/2077544341_d0ee57ddfd.jpg
562,http://pets-place.net/Breeds/BelgianGriffonPhoto7.jpg
563,http://farm1.static.flickr.com/46/141747816_88ee926c92.jpg
564,http://farm2.static.flickr.com/1305/613642661_9935f0d9c2.jpg
565,http://farm1.static.flickr.com/97/237154554_f7f2e61d07.jpg
566,http://farm3.static.flickr.com/2006/2125644012_9c9587e004.jpg
567,http://files.dogster.com/pix/dogs/16/169616/169616_1133379003.jpg
568,http://farm2.static.flickr.com/1176/1317506086_6c436998c8.jpg
569,http://www.puppyfind.com/breed/brussels_griffon/m_415051.jpg
570,http://farm3.static.flickr.com/2139/2095944387_5a9e2d26bd.jpg
571,http://farm3.static.flickr.com/2095/2112518081_361c85dff1.jpg
572,http://farm1.static.flickr.com/178/422172908_e79705e087.jpg
573,http://farm1.static.flickr.com/116/306085159_71c5eb7075.jpg
574,http://www.kyhorsepark.com/images/lg_Brussels_Griffon(croppedsmall).jpg
575,http://static.flickr.com/164/402855950_9ead61eb1a.jpg
576,http://www.brusselsgriffonrescue.org/missing/photos/11-04-06chewy.jpg
577,http://farm1.static.flickr.com/36/119236471_f79e6d296e.jpg
578,http://static.flickr.com/211/472963757_345d460244.jpg
579,http://www.wrinkydinks.com/yahoo/jcimousepads/1758.jpg
580,http://www.pedigreedpups.com/images/brussels_griffon.jpg
581,http://farm1.static.flickr.com/81/241604248_93ac188f22.jpg
582,http://farm2.static.flickr.com/1178/825976618_233e681cd0.jpg
583,http://farm1.static.flickr.com/249/453121634_d8d13f8c20.jpg
584,http://farm3.static.flickr.com/2336/1967797433_0d7f17735d.jpg
585,http://static.flickr.com/209/472946250_178d76d36f.jpg
586,http://zveri.net/dog/img/porody/belgiumgriffon.jpg
587,http://farm1.static.flickr.com/240/516203604_aa148bb915.jpg
588,http://farm3.static.flickr.com/2231/2061938047_311f64a01e.jpg
589,http://farm1.static.flickr.com/194/472963915_950723dcee.jpg
590,http://static.flickr.com/1371/537615729_5a1e518609.jpg
591,http://farm3.static.flickr.com/2256/2096720094_4dcfefe2f1.jpg
592,http://farm3.static.flickr.com/2119/2158930207_46421ff103.jpg
593,http://farm1.static.flickr.com/223/516408658_758cdf37d0.jpg
594,http://www.puppydogweb.com/gallery/brusselsgriffons/brusselsgriffon_johnson.jpg
595,http://www.brusselsgriffonrescue.org/rescued/05-30-06herbie1.jpg
596,http://farm3.static.flickr.com/2215/2145921868_c2a0bef238.jpg
597,http://farm3.static.flickr.com/2085/2155270625_6a84280c49.jpg
598,http://farm1.static.flickr.com/155/429346169_9a994a24ae.jpg
599,http://www.marksbassetacres.com/puppie_pics/000_3499.jpg
600,http://www.pedigreesroyal.com/images/toyshoppe/Nickle_small.jpg
601,http://farm3.static.flickr.com/2345/2217408971_b1333fb835.jpg
602,http://farm3.static.flickr.com/2005/2238116160_04c48e5cc6.jpg
603,http://farm3.static.flickr.com/2238/2184117815_1e432cf4a5.jpg
604,http://farm1.static.flickr.com/154/344934283_12b39ed36f.jpg
605,http://farm1.static.flickr.com/71/176680672_3c50cc8383.jpg
606,http://farm1.static.flickr.com/106/301976236_c985e43ef3.jpg
607,http://www.newyearsgriffons.com/images/joeyheadshot.jpg
608,http://farm3.static.flickr.com/2255/2037270836_4c32a51319.jpg
609,http://www.puppydogweb.com/gallery/brusselsgriffons/brusselsgriffon_carroll.JPG
610,http://farm2.static.flickr.com/1371/1133270888_0c78e0b502.jpg
611,http://farm1.static.flickr.com/86/237154549_6e8ef49a5b.jpg
612,http://farm3.static.flickr.com/2096/2122948497_60b4fef8ca.jpg
613,http://farm1.static.flickr.com/226/520992091_6de9c49c3f.jpg
614,http://www.brusselsgriffonrescue.org/rescued/11-21-06sweet-baby2.jpg
615,http://static.flickr.com/2244/2095945111_8305de45b6.jpg
616,http://files.dogster.com/pix/dogs/78/22378/22378_1150606468.jpg
617,http://www.pets4you.com/images/brusselswillowriver.jpg
618,http://www.dooziedog.com/dog_breeds/brussels_griffon/main.jpg
619,http://farm1.static.flickr.com/205/520922849_3990b1a149.jpg
620,http://farm2.static.flickr.com/1206/566286245_58181a3893.jpg
621,http://farm3.static.flickr.com/2081/2044110836_affa71ddb1.jpg
622,http://farm1.static.flickr.com/129/392159170_d246799653.jpg
623,http://farm1.static.flickr.com/163/340006856_2d9e3fe67b.jpg
624,http://farm1.static.flickr.com/219/520984241_8981652ce3.jpg
625,http://farm3.static.flickr.com/2052/2055546265_0c8f5716dd.jpg
626,http://www.dogpage.us/images/0763196517.01._SCMZZZZZZZ_.jpg
627,http://www.latenightprinters.com/business-cards/stock/show-dogs/659030.jpg
628,http://farm1.static.flickr.com/119/363412307_6c95184fdc.jpg
629,http://static.flickr.com/2103/2097433195_30f6dbd014.jpg
630,http://www.wooflife.com/mm5/graphics/00000001/WedgieVest250x250.jpg
631,http://farm1.static.flickr.com/64/196325794_fdf684e9ae.jpg
632,http://farm1.static.flickr.com/247/516226211_5458d0683b.jpg
633,http://www.agilityrules.com/brussels%20griffon.jpg
634,http://farm1.static.flickr.com/33/241604164_dacaa5fed6.jpg
635,http://static.flickr.com/1356/543047300_b54606ff37.jpg
636,http://files.dogster.com/pix/dogs/16/169616/169616_1133378927.jpg
637,http://farm2.static.flickr.com/1084/1233835262_a7657c9571.jpg
638,http://static.flickr.com/55/150763323_b1e94f1c9f.jpg
639,http://farm2.static.flickr.com/1093/538783976_57c24e1ef9.jpg
640,http://static.flickr.com/240/516228033_0c32b97586.jpg
641,http://www.messybeast.com/history/poodlelapdogs.jpg
642,http://bp2.blogger.com/_O8kKYVwrg0I/RwF8zEmbzfI/AAAAAAAAACc/4Sipw5MY12s/s400/89900.jpg
643,http://farm3.static.flickr.com/2137/2062835320_9db9217a7c.jpg
644,http://farm2.static.flickr.com/1047/582632332_6535e0e6fb.jpg
645,http://farm3.static.flickr.com/2383/2122986733_52d6bb87d7.jpg
646,http://farm1.static.flickr.com/93/246781113_6c799bc9d3.jpg
647,http://farm3.static.flickr.com/2231/1569026173_d34bf949f4.jpg
648,http://www.dog-breeders.biz/pics/63017_1.jpg
649,http://files.dogster.com/pix/dogs/09/98509/5.jpg
650,http://farm1.static.flickr.com/109/301597959_3b15bde01f.jpg
651,http://farm2.static.flickr.com/1365/641091817_83a671cbee.jpg
652,http://www1.istockphoto.com/file_thumbview_approve/4367594/2/istockphoto_4367594_brussels_griffon.jpg
653,http://static.flickr.com/2260/2091291400_117693a6a5.jpg
654,http://farm1.static.flickr.com/106/312841135_a0883f44b3.jpg
655,http://static.flickr.com/2305/2115115610_bceaca9ee1.jpg
656,http://static.flickr.com/94/264701943_b4a210a7ef.jpg
657,http://farm2.static.flickr.com/1268/1241552094_50624fd54f.jpg
658,http://farm1.static.flickr.com/191/520990437_1592c04703.jpg
659,http://static.flickr.com/218/485576664_0f8f7f2f84.jpg
660,http://farm3.static.flickr.com/2187/2044884402_9f9409aaa7.jpg
661,http://www.tias.com/stores/doxette/pictures/bdgqca.jpg
662,http://farm2.static.flickr.com/1228/1233784684_a7c04aae08.jpg
663,http://www.dogbreedinfo.com/images16/GriffonOscar3YearsOld.JPG
664,http://farm3.static.flickr.com/2374/2122961965_9cb0c41300.jpg
665,http://www.wheatenterrierbreeder.com/sitebuilder/images/darkgriffpups-109x111.jpg
666,http://www.doggroomingschool.net/images/doggroomingschool02_clip_image003.jpg
667,http://farm1.static.flickr.com/34/65818957_ad7a27d506.jpg
668,http://farm2.static.flickr.com/1200/538790716_4106e48d3d.jpg
669,http://farm1.static.flickr.com/194/475497108_58cb115a02.jpg
670,http://farm1.static.flickr.com/155/431064136_1691a19964.jpg
671,http://farm1.static.flickr.com/27/56033530_6de84cc662.jpg
672,http://www.sherway-griffons.co.uk/smooth.jpg
673,http://static.flickr.com/1350/1466130497_3fc70fd233.jpg
674,http://farm1.static.flickr.com/104/301598063_378bb04ab8.jpg
675,http://breederinfocenter.com/images2/20040803163927_191123_2.jpg
676,http://farm1.static.flickr.com/129/384968094_75fa0c3555.jpg
677,http://farm1.static.flickr.com/191/475499870_dd55c7f467.jpg
678,http://www.desertsageagility.com/sitebuilder/images/IMG_4105-225x149.jpg
679,http://farm3.static.flickr.com/2207/2196964504_ce8baae60a.jpg
680,http://farm1.static.flickr.com/117/268618101_e3a21552fc.jpg
681,http://farm1.static.flickr.com/190/480708436_b23cf18113.jpg
682,http://leaderofthepak.com/images/samantharelaxing.jpg
683,http://farm1.static.flickr.com/70/193064886_a5d355af83.jpg
684,http://www.thefrenchconnectionkennel.com/images/griffo16.jpg
685,http://static.flickr.com/128/318134167_a3cd767aea.jpg
686,http://farm1.static.flickr.com/77/160607200_d6305305dc.jpg
687,http://farm1.static.flickr.com/218/506006302_cbb5538a13.jpg
688,http://farm1.static.flickr.com/101/268617407_0949029305.jpg
689,http://farm1.static.flickr.com/218/501583739_ffc2cf4241.jpg
690,http://www.brusselsgriffonrescue.org/in-the-news/herbie-home2.jpg
691,http://farm2.static.flickr.com/1358/538907443_e00c95df87.jpg
692,http://static.flickr.com/175/453168935_0011cc96cd.jpg
693,http://www.holisticjunction.com/picturefiles/6BTZHP5S.jpg
694,http://farm1.static.flickr.com/75/197360753_e174e2673d.jpg
695,http://farm2.static.flickr.com/1437/538004849_fcf7993b8c.jpg
696,http://www.brookglenfarm.com/2006pics/DSCN0303.JPG
697,http://farm2.static.flickr.com/1433/537343576_5d4340cb0f.jpg
698,http://static.flickr.com/2156/1808358899_969be44c46.jpg
699,http://files.dogster.com/pix/dogs/69/61669/61669_1138580403.jpg
700,http://www.dogbreedinfo.com/images17/EskifonEmma17WeeksOld05.JPG
701,http://farm1.static.flickr.com/123/374103040_693bae32be.jpg
702,http://www.gifts-for-dog-lovers.com/images/animalden-brusselsgriffon.jpg
703,http://www.latenightprinters.com/business-cards/stock/pedigree-dogs/415051.jpg
704,http://static.flickr.com/170/453157887_e1482e3de8.jpg
705,http://farm1.static.flickr.com/212/516262939_a314797aa0.jpg
706,http://farm3.static.flickr.com/2314/2062818568_2ed602202e.jpg
707,http://farm3.static.flickr.com/2320/2113329582_9a49cf08ec.jpg
708,http://www.breederinfocenter.com/images2/20070107144224_181654_4.jpg
709,http://static.flickr.com/2401/1691062702_786eac6089.jpg
710,http://farm3.static.flickr.com/2022/2078332878_df5d85af39.jpg
711,http://farm1.static.flickr.com/72/197342601_5f25a9209d.jpg
712,http://farm3.static.flickr.com/2334/2164980750_1177cdaf7d.jpg
713,http://images.usatoday.com/Wires2Web/20071019/4131113680_People_DeGeneresx.jpg
714,http://farm1.static.flickr.com/111/266295413_b152f25cab.jpg
715,http://farm1.static.flickr.com/50/163237373_a718371c26.jpg
716,http://static.flickr.com/75/220650748_bbb668c677.jpg
717,http://www.brusselsgriffonrescue.org/rescued/03-14-05baxter1.jpg
718,http://www.catbreedinformation.com/images19/EskifonEskimoBrusselsGriffonEmma1Year.JPG
719,http://static.flickr.com/202/453149210_0d10189393.jpg
720,http://www.featurepics.com/FI/Thumb/20060813/BelgianGriffon62353.jpg
721,http://www.pupcity.com/images/adpics/06095162150026_1.jpg
722,http://farm2.static.flickr.com/1314/825884798_9f68a11b6b.jpg
723,http://static.flickr.com/238/520891732_ec979f572a.jpg
724,http://farm3.static.flickr.com/2353/2062918522_517c5d293f.jpg
725,http://farm2.static.flickr.com/1181/538660589_9577a8222c.jpg
726,http://static.flickr.com/8/12467624_264f250010.jpg
727,http://www.dog-breeds-infosite.com/images/briard.jpg
728,http://farm3.static.flickr.com/2254/2052461431_0892b83742.jpg
729,http://farm3.static.flickr.com/2184/1626876058_cb3fa325cb.jpg
730,http://farm1.static.flickr.com/182/420477253_8977274510.jpg
731,http://www.dogguide.net/images/breeds/brusselsgriffon1.jpg
732,http://farm1.static.flickr.com/49/119236470_d43cdd5992.jpg
733,http://farm1.static.flickr.com/168/475504583_3312bb7e50.jpg
734,http://www.small-breed-dogs.com/images/brusselsgriffon.jpg
735,http://farm1.static.flickr.com/228/475504791_dc3e489200.jpg
736,http://farm3.static.flickr.com/2162/2077409615_82d09ab82c.jpg
737,http://static.flickr.com/175/485578084_142ad7f305.jpg
738,http://farm1.static.flickr.com/62/191108618_7655afc43b.jpg
739,http://farm1.static.flickr.com/44/163237372_25eac016cb.jpg
740,http://farm3.static.flickr.com/2072/2159735656_0df5b04006.jpg
741,http://farm3.static.flickr.com/2088/2123757130_0df4faa574.jpg
742,http://static.flickr.com/95/241616461_9c6b4d423e.jpg
743,http://farm2.static.flickr.com/1259/1233769944_f32e08e722.jpg
744,http://farm2.static.flickr.com/1253/1232947891_0a1f7b59f8.jpg
745,http://farm3.static.flickr.com/2285/1569974614_5e0b141a04.jpg
746,http://farm3.static.flickr.com/2314/2096829062_cda3c72ec4.jpg
747,http://farm1.static.flickr.com/99/268617790_ca38d94655.jpg
748,http://static.flickr.com/59/154414282_bc1f0e4471.jpg
749,http://files.dogster.com/pix/dogs/64/73064/1.jpg
750,http://www.mybuddydog.com/brusgrif1.jpg
751,http://farm3.static.flickr.com/2040/1497011369_0cb1e979d6.jpg
752,http://static.flickr.com/172/480707354_4f4f3a4cfb.jpg
753,http://farm2.static.flickr.com/1316/538785632_97e7e0824f.jpg
754,http://www.encore-editions.com/dogs/misc/misc4/thumb/thm_edmundzaiiksmoothbrusselsgriffon.jpg
755,http://www.brusselsgriffonrescue.org/rescued/05-27-04charlie2.jpg
756,http://static.flickr.com/210/476686230_b7e31d9f4b.jpg
757,http://farm1.static.flickr.com/102/270552050_31ffb7e14c.jpg
758,http://www.delawareonline.com/blogs/uploaded_images/blog.walk-737571.jpg
759,http://farm1.static.flickr.com/120/312838170_0c93fc6d9c.jpg
760,http://static.flickr.com/231/453144863_62c425e787.jpg
761,http://farm1.static.flickr.com/175/424164871_197ab6c583.jpg
762,http://farm1.static.flickr.com/102/267419972_d812d7aed9.jpg
763,http://farm1.static.flickr.com/109/282401357_7b697ec453.jpg
764,http://farm3.static.flickr.com/2238/2077406182_b86046858f.jpg
765,http://farm1.static.flickr.com/108/260373398_0b27606eeb.jpg
766,http://farm1.static.flickr.com/118/301595076_8070e8be2a.jpg
767,http://blogs.msdn.com/blogfiles/not_only_technology/WindowsLiveWriter/BizTalkServer2006R2Available_8645/ahhhEddie.jpg
768,http://images-jp.amazon.com/images/P/1421606437.09.MZZZZZZZ.jpg
769,http://farm1.static.flickr.com/193/516200696_24e3bcfb99.jpg
770,http://farm1.static.flickr.com/121/383905010_473eb7b295.jpg
771,http://farm2.static.flickr.com/1382/1300180715_02c4275be7.jpg
772,http://secure.terrificpets.com/images/uploads/06002162152672_1.jpg
773,http://farm1.static.flickr.com/27/56446071_623aad0c32.jpg
774,http://static.flickr.com/201/453136766_27d33bd65b.jpg
775,http://breeders.dogbreedinfo.com/images2/20060321005600_015259_1.jpg
776,http://www.sidyboysfoolin.com/Drawing2brusselsannie.jpg
777,http://farm3.static.flickr.com/2400/2122964353_1913bba2a1.jpg
778,http://farm1.static.flickr.com/90/260898132_0e00e79209.jpg
779,http://static.flickr.com/48/160600551_47cbefe3ae.jpg
780,http://farm1.static.flickr.com/54/129885502_c10310d430.jpg
781,http://farm3.static.flickr.com/2052/2136041726_65bc2dab4e.jpg
782,http://www.silkyterrier-toydog-webclub.com/griffon/griffon33.jpg
783,http://farm1.static.flickr.com/89/276764896_0e1147ae82.jpg
784,http://www.iwantabrusselsgriffon.com/sitebuilder/images/DSC_0263-163x253.jpg
785,http://farm1.static.flickr.com/68/170284998_5a91ccd87d.jpg
786,http://farm1.static.flickr.com/24/56446091_3c6b26e87e.jpg
787,http://farm2.static.flickr.com/1293/908193679_ef9c6922c1.jpg
788,http://farm3.static.flickr.com/2317/2096718684_0e73962b5e.jpg
789,http://www.acantus.be/datamanager/afbeeldingen_producten/daisy.jpg
790,http://farm2.static.flickr.com/1375/1232922173_47b089dba8.jpg
791,http://www.cyberdogfashions.com/images/ninja2.jpg
792,http://www.lorinet.com/images/Shiksa/shiksa6.jpg
793,http://www.brusselsgriffonrescue.org/rescued/04-09-05hero3.jpg
794,http://www.puppydogweb.com/gallery/brusselsgriffons/brusselsgriffon_kimber.jpg
795,http://www.fishcreekvets.com/images/superstars/dog_photos/Rocky_BGriffon.jpg
796,http://farm3.static.flickr.com/2326/2062028697_9b6195ca20.jpg
797,http://www.petnet.com.au/pethints/images/dog143.gif
798,http://farm2.static.flickr.com/1080/537343550_e7080c1006.jpg
799,http://farm3.static.flickr.com/2245/2136061420_4a539d11ce.jpg
800,http://www.small-breed-dogs.com/images/brussels2.jpg
801,http://farm3.static.flickr.com/2190/2077336894_5f4815e37e.jpg
802,http://www.anypet.com/breeds/brussels.gif
803,http://farm2.static.flickr.com/1332/1233808250_b10c883d01.jpg
804,http://farm1.static.flickr.com/105/312837767_8aa57440c6.jpg
805,http://farm3.static.flickr.com/2100/2242123325_21ee15c892.jpg
806,http://farm2.static.flickr.com/1097/538001977_989b10a03e.jpg
807,http://www.puppypoopy.com/griffon31.jpg
808,http://farm3.static.flickr.com/2309/1625605623_b94489b9fd.jpg
809,http://farm1.static.flickr.com/60/186478950_8b29a257a6.jpg
810,http://farm1.static.flickr.com/195/472949038_c8baaf194e.jpg
811,http://static.flickr.com/181/453140541_805842ca6d.jpg
812,http://farm1.static.flickr.com/27/50851628_b35719401a.jpg
813,http://farm3.static.flickr.com/2081/2209055216_e1d7b523e7.jpg
814,http://www.clifflinsgriffs.com/images/121-2117_IMG.JPG
815,http://farm2.static.flickr.com/1179/1139062695_28e2ff67dc.jpg
816,http://farm3.static.flickr.com/2174/2242915596_58c9a553a1.jpg
817,http://farm2.static.flickr.com/1193/831867115_4c255f1b7b.jpg
818,http://farm3.static.flickr.com/2092/2136055924_daacaf2358.jpg
819,http://farm3.static.flickr.com/2060/1732402356_08ccf0339e.jpg
820,http://farm2.static.flickr.com/1041/749682124_d6327c601e.jpg
821,http://files.dogster.com/pix/dogs/16/169616/169616_1135105040.jpg
822,http://static.flickr.com/24/58591088_567128bb76.jpg
823,http://www.blacksilhouette.administratori.net/data/griffon.jpg
824,http://farm1.static.flickr.com/193/442785663_a42182a6b2.jpg
825,http://personal.inet.fi/koti/rita.makineste/omasivusto/images/iitihyppy.JPG
826,http://static.flickr.com/69/197360723_9079aefb59.jpg
827,http://static.flickr.com/170/453131400_e68e7c6ae0.jpg
828,http://farm2.static.flickr.com/1054/1233771710_91ebbb3e18.jpg
829,http://www.dog-breeds.name/pictures/brussels-griffon/brussels-griffon-1tn.jpg
830,http://farm3.static.flickr.com/2242/2078404693_cba1e3ccc4.jpg
831,http://farm1.static.flickr.com/63/165520057_4d7751f960.jpg
832,http://farm2.static.flickr.com/1079/539895123_c87e9226d4.jpg
833,http://www.lkhopkins.com/farm/images/sukey2.jpg
834,http://farm1.static.flickr.com/181/480718977_4b8e5240ce.jpg
835,http://static.flickr.com/193/516200310_f62d35c04d.jpg
836,http://farm1.static.flickr.com/202/476686426_d1d3489840.jpg
837,http://chinadaily.com.cn/photo/2006-10/23/xin_021003230958887214026.jpg
838,http://farm1.static.flickr.com/127/318776131_6037b887e4.jpg
839,http://farm1.static.flickr.com/82/233540306_e5064ab145.jpg
840,http://farm1.static.flickr.com/79/220037738_f3838ca9ac.jpg
841,http://www.dogpatchpets.com/images/116BRUSSELLSGRIFFON.jpg
842,http://farm3.static.flickr.com/2310/2077432236_182802691b.jpg
843,http://www.dogsofnyc.com/wp-content/uploads/2007/10/brusselsgriffon.jpg
844,http://static.flickr.com/191/485607363_b0928372b6.jpg
845,http://static.flickr.com/197/516199192_8612487e32.jpg
846,http://farm1.static.flickr.com/70/155075684_7c2317e645.jpg
847,http://farm1.static.flickr.com/112/301597930_72ef5190fb.jpg
848,http://farm3.static.flickr.com/2254/1731566899_2e1529cf46.jpg
849,http://farm2.static.flickr.com/1253/932525565_5313cbf5b8.jpg
850,http://farm3.static.flickr.com/2153/2204610164_399407a552.jpg
851,http://farm3.static.flickr.com/2394/2077540471_0022c9b789.jpg
852,http://static.flickr.com/2135/2115115874_2b9e0a6bd2.jpg
853,http://farm1.static.flickr.com/219/520964428_1d510a9e89.jpg
854,http://farm1.static.flickr.com/41/77224934_87549a43aa.jpg
855,http://student.nu.ac.th/pets/dog2112.jpg
856,http://www.hua.org/Dog-Photos-Large/TildaB.jpg
857,http://farm3.static.flickr.com/2229/2196177953_23f64dbf7a.jpg
858,http://www.nsdtc.com/meshach1.jpg
859,http://farm1.static.flickr.com/68/179184231_260e1e46b2.jpg
860,http://puppydogweb.com/breeders/pic_images/brusselsgriffon_sharp10246.jpg
861,http://farm3.static.flickr.com/2196/2113325300_6408127645.jpg
862,http://farm3.static.flickr.com/2409/2123742556_2cc20533e8.jpg
863,http://farm3.static.flickr.com/2158/2062045819_bb67dda3d5.jpg
864,http://farm2.static.flickr.com/1122/921797872_113bb55fe5.jpg
865,http://static.flickr.com/248/453154850_e7660f4230.jpg
866,http://farm1.static.flickr.com/236/516537728_0de087e136.jpg
867,http://farm1.static.flickr.com/167/472964535_6462be8744.jpg
868,http://farm3.static.flickr.com/2257/2155837244_9213733fb7.jpg
869,http://farm2.static.flickr.com/1016/1233819650_a602ce9d95.jpg
870,http://farm3.static.flickr.com/2325/2185701589_90ddde62a6.jpg
871,http://farm3.static.flickr.com/2233/1625607989_ad02a71f1c.jpg
872,http://static.flickr.com/2153/2096723294_e99673c940.jpg
873,http://farm2.static.flickr.com/1375/860885320_e21d91376d.jpg
874,http://static.flickr.com/28/45010762_47633ae9b3.jpg
875,http://www.hunde-verzeichnis.de/hund/griffonbelge.jpg
876,http://www.hua.org/Dog-Photos-Small/DooA.jpg
877,http://static.flickr.com/220/506376763_6771349206.jpg
878,http://www.kleinhunde-franken.de/rassen/griffon.jpg
879,http://farm1.static.flickr.com/228/496999978_2995ff950c.jpg
880,http://www.dog-breed-facts.com/ylang/ru/images/brussels-griffon-02.jpg
881,http://farm2.static.flickr.com/1164/817979328_504f2d7555.jpg
882,http://www.champion-puppies.com/images/brussels%20griffon.jpg
883,http://farm3.static.flickr.com/2046/2122999115_0935cf7491.jpg
884,http://farm1.static.flickr.com/147/431219482_47fe76de6e.jpg
885,http://farm1.static.flickr.com/37/100320737_53cde7dfe6.jpg
886,http://dailycookie.files.wordpress.com/2007/08/photo_022407_001.jpg
887,http://farm1.static.flickr.com/98/268618250_6f69ce6d56.jpg
888,http://farm1.static.flickr.com/23/34786710_973f3bf010.jpg
889,http://farm1.static.flickr.com/179/424272103_ca7fa49e6b.jpg
890,http://farm3.static.flickr.com/2129/2221436976_8f5352af15.jpg
891,http://farm1.static.flickr.com/249/516229093_1f71dbcf1a.jpg
892,http://farm3.static.flickr.com/2406/1530727512_27c430e704.jpg
893,http://www.cbsnews.com/images/2006/02/13/image1312460.jpg
894,http://static.flickr.com/1205/1403740071_d6b808dc87.jpg
895,http://www.gotpetsonline.com/pictures-gallery/dog-pictures-breeders-puppies-rescue/brussels-griffon-pictures-breeders-puppies-rescue/pictures/brussels-griffon-0024.jpg
896,http://farm1.static.flickr.com/38/103962037_5dfc10521a.jpg
897,http://farm1.static.flickr.com/109/278053655_7e8082d8c1.jpg
898,http://farm1.static.flickr.com/72/220037098_8645b1df55.jpg
899,http://static.flickr.com/228/514810259_5e7857a018.jpg
900,http://farm1.static.flickr.com/227/453175219_d74e637ca1.jpg
901,http://www.pet-dog-magazine.com/image-files/rosario-shihtzu-1.jpg
902,http://farm2.static.flickr.com/1242/813057437_4360ddd46d.jpg
903,http://farm2.static.flickr.com/1371/980081615_54c3fa6b15.jpg
904,http://farm3.static.flickr.com/2246/2186484964_40e6783778.jpg
905,http://farm2.static.flickr.com/1164/543226324_4d5381fe27.jpg
906,http://toydogs.cyberbree.com/images/img_7096.jpg
907,http://farm2.static.flickr.com/1267/538001107_61efb122e8.jpg
908,http://farm3.static.flickr.com/2122/2113299080_ce8e7bfe80.jpg
909,http://farm1.static.flickr.com/216/495957183_99e516ce88.jpg
910,http://farm3.static.flickr.com/2325/2115116064_b4fe6bbb5e.jpg
911,http://farm1.static.flickr.com/55/188819968_8df7ae9af6.jpg
912,http://static.flickr.com/2245/1809221328_22781ed751.jpg
913,http://www.pet-dog-magazine.com/image-files/rosario-shihtzu-2.jpg
914,http://farm3.static.flickr.com/2158/1690209149_0b005fca1a.jpg
915,http://farm2.static.flickr.com/1207/821055144_76ca1da2c7.jpg
916,http://farm1.static.flickr.com/248/516536160_0302dcd902.jpg
917,http://farm2.static.flickr.com/1024/537884636_87453387cc.jpg
918,http://static.flickr.com/99/260376282_f5e7b89409.jpg
919,http://farm1.static.flickr.com/89/237154556_82c8ebf3df.jpg
920,http://farm2.static.flickr.com/1405/1297625536_8cc5dbaca4.jpg
921,http://farm3.static.flickr.com/2110/2122954973_ba4a4e4e66.jpg
922,http://farm2.static.flickr.com/1117/1055331960_b0377254c7.jpg
923,http://farm2.static.flickr.com/1311/1233781526_af446fe005.jpg
924,http://farm1.static.flickr.com/49/141748178_9dbcd2af17.jpg
925,http://www.tinydogclothes.com/catalog/Puppy%20Cupcake%20tan%20toy_thumb.jpg
926,http://farm1.static.flickr.com/131/384616821_a98585f085.jpg
927,http://static.flickr.com/169/472944884_d9dd5a6217.jpg
928,http://farm2.static.flickr.com/1001/1233776682_45c71828ff.jpg
929,http://files.dogster.com/pix/dogs/16/169616/169616_1133501926.jpg
930,http://farm3.static.flickr.com/2369/2167229286_7b41a76bc6.jpg
931,http://www.buypuppiesdirect.com/images/front-page-puppies/brussels-griffon.jpg
932,http://farm1.static.flickr.com/196/475394515_8086424df6.jpg
933,http://farm3.static.flickr.com/2385/2123769816_b005e79af1.jpg
934,http://farm3.static.flickr.com/2133/2221939488_93e5ed49c3.jpg
935,http://members.tripod.com/teresa_m2/sitebuildercontent/sitebuilderpictures/.pond/needle_felted_belgian_griffon.jpg.w180h199.jpg
936,http://farm1.static.flickr.com/190/475497300_929730d3bb.jpg
937,http://farm2.static.flickr.com/1122/1240691373_6b3fe3da8b.jpg
938,http://www.pets4you.com/ABC/images/brusselsbdp_belgianbuddies.jpg
939,http://farm3.static.flickr.com/2315/2122848050_65a48333d0.jpg
940,http://www.dogpicture.mypetdogs.com/images/brussels_griffon/SibermoonChewbacca_JoshAndPetaSalmon_Australia2.JPG
941,http://farm2.static.flickr.com/1141/673364127_68a822f5a9.jpg
942,http://farm3.static.flickr.com/2157/2043106691_cfd71bd52f.jpg
943,http://farm3.static.flickr.com/2293/2204609922_fb72c0b4aa.jpg
944,http://farm2.static.flickr.com/1439/860061911_1057ac9924.jpg
945,http://members.tripod.com/teresa_m2/sitebuildercontent/sitebuilderpictures/.pond/needle_felted_brussels_griffon_dog.jpg.w180h138.jpg
946,http://farm3.static.flickr.com/2018/2121251908_2774a93541.jpg
947,http://farm2.static.flickr.com/1146/860068331_529f6fcce4.jpg
948,http://farm1.static.flickr.com/35/65818896_2096bcad59.jpg
949,http://farm1.static.flickr.com/92/246781093_71c79969f3.jpg
950,http://www.dogbreedinfo.com/images19/GriffichonNutmeg6MonthsOld.JPG
951,http://farm1.static.flickr.com/54/188763909_18ee406ad3.jpg
952,http://www.zooclub.com.ua/img/1/3/14/126/662/888.jpg
953,http://farm1.static.flickr.com/130/317774712_0d9488c760.jpg
954,http://farm2.static.flickr.com/1137/1466142782_0f1c506520.jpg
955,http://farm3.static.flickr.com/2326/2123747340_eca1683183.jpg
956,http://farm1.static.flickr.com/218/478991572_25dc91199b.jpg
957,http://farm2.static.flickr.com/1147/956512393_264bb769ba.jpg
958,http://farm2.static.flickr.com/1123/860087405_085316d04e.jpg
959,http://farm3.static.flickr.com/2089/1495964193_15b4c0cf99.jpg
960,http://farm1.static.flickr.com/245/520988693_b0d61331e2.jpg
961,http://farm3.static.flickr.com/2141/1713286169_b40364d210.jpg
962,http://farm2.static.flickr.com/1044/980088609_981ec95ebe.jpg
963,http://www.canadogs.com/images/GriffonAdGiordano.jpg
964,http://farm3.static.flickr.com/2275/2122989213_9cc247f630.jpg
965,http://farm3.static.flickr.com/2042/2096718932_7283447469.jpg
966,http://www.dogsindepth.com/toy_dog_breeds/images/brussels_griffon_h02.jpg
967,http://www.dogbreedinfo.com/images11/Brussels%20Griffoncloseup%20cutie_edited.JPG
968,http://www.chooseyourpuppy.com/catimages/img_105-BRUSSELSGRIFFON.jpg
969,http://farm1.static.flickr.com/146/422613778_e853ca66c7.jpg
970,http://cache.boston.com/bonzai-fba/Globe_Photo/2006/12/07/1165527954_6926.jpg
971,http://farm3.static.flickr.com/2412/1854894515_cb6f7a4f09.jpg
972,http://www.moderndogmagazine.com/images/winter06-07/photocontest/rocky_sm.jpg
973,http://farm1.static.flickr.com/103/265437182_f8d865f0a7.jpg
974,http://farm3.static.flickr.com/2346/2171754440_8611ca25f5.jpg
975,http://farm1.static.flickr.com/209/472949756_200d85d691.jpg
976,http://farm2.static.flickr.com/1098/538904641_128061d1fc.jpg
977,http://farm3.static.flickr.com/2305/2076524043_314f133d24.jpg
978,http://farm1.static.flickr.com/63/179184237_5e4d6c34f5.jpg
979,http://farm3.static.flickr.com/2369/2130119470_945b74d38b.jpg
980,http://farm3.static.flickr.com/2018/2167225862_fcbd21ddfc.jpg
981,http://static.flickr.com/188/453136639_649347ce4c.jpg
982,http://files.dogster.com/pix/dogs/07/38607/38607_1138580275.jpg
983,http://farm1.static.flickr.com/74/201250708_ead32eb51d.jpg
984,http://farm1.static.flickr.com/183/429346192_6f2320e57d.jpg
985,http://www.centralpets.com/critter_images/mammals/dogs/DOG_0003149_20010126154232.jpg
986,http://farm3.static.flickr.com/2130/1558774205_9d043752da.jpg
987,http://www.pattern-maker.co.uk/images/d%20brussels%20griffon.jpg
988,http://farm3.static.flickr.com/2060/1854867063_37c7c6bed9.jpg
989,http://static.flickr.com/22/27234168_2236e46edf.jpg
990,http://farm1.static.flickr.com/118/301976474_28f12a67cf.jpg
991,http://farm3.static.flickr.com/2066/2242915246_8edfdd91e5.jpg
992,http://farm1.static.flickr.com/94/241604148_709a420b70.jpg
993,http://farm3.static.flickr.com/2044/1793368838_3ec7a9e393.jpg
994,http://farm1.static.flickr.com/155/434496203_28e90fc273.jpg
995,http://www.griffon-dog.narod.ru/pup/6.jpg
996,http://farm1.static.flickr.com/200/497000008_669ab77c46.jpg
997,http://farm1.static.flickr.com/83/263987498_06b20b51f0.jpg
998,http://farm1.static.flickr.com/212/480718333_2a61abc455.jpg
999,http://farm3.static.flickr.com/2127/2112544471_40c235a643.jpg
1000,http://www.greghabstritt.com/wp-content/uploads/2006/11/sophie.gif
1001,http://farm1.static.flickr.com/164/358509835_596410eaf8.jpg
1002,http://static.flickr.com/58/185840347_88619f1edc.jpg
1003,http://farm1.static.flickr.com/28/65819010_de1e8c34e6.jpg
1004,http://farm2.static.flickr.com/1211/1170922665_cfe39ee00e.jpg
1005,http://farm1.static.flickr.com/190/506346452_e4eddc56e8.jpg
1006,http://farm1.static.flickr.com/86/233666475_b1ae6c6db4.jpg
1007,http://farm3.static.flickr.com/2399/2242122895_54f2d2fa6c.jpg
1008,http://www.bridgewaterkennels.com/images/FalChor.jpg
1009,http://www.brusselsgriffonrescue.org/missing/photos/thumper1-05-30-03.jpg
1010,http://farm3.static.flickr.com/2350/2155033467_042437bb83.jpg
1011,http://www.hua.org/Dog-Photos-Large/TildaC.JPG
1012,http://farm1.static.flickr.com/218/485611355_5933885dd2.jpg
1013,http://www.rowlettanimaladoption.com/images/2-brussels-griffon.jpg
1014,http://farm3.static.flickr.com/2298/2146045893_3bb330bd79.jpg
1015,http://farm3.static.flickr.com/2351/1552067609_7703e22951.jpg
1016,http://farm2.static.flickr.com/1193/813011615_e2abfcc86c.jpg
1017,http://farm1.static.flickr.com/200/485604643_dad0c9accc.jpg
1018,http://static.flickr.com/210/453127424_109eb109d6.jpg
1019,http://farm1.static.flickr.com/29/58591086_1cfba28689.jpg
1020,http://farm1.static.flickr.com/41/100320731_7fe0619d8c.jpg
1021,http://farm3.static.flickr.com/2222/1808366791_c8533faa56.jpg
1022,http://www.snifnycdogs.com/wp-content/uploads/2007/11/cimg2281.JPG
1023,http://farm3.static.flickr.com/2150/2042255093_37b4c77bd1.jpg
1024,http://farm3.static.flickr.com/2365/2044107134_e261b65631.jpg
1025,http://farm3.static.flickr.com/2161/2220402486_f25eeae1a9.jpg
1026,http://farm2.static.flickr.com/1428/730701768_ed88de9ad6.jpg
1027,http://static.flickr.com/90/281072483_ed1b2928e1.jpg
1028,http://www.brusselsgriffon.com/groucho-eustis.jpg
1029,http://farm1.static.flickr.com/152/380008924_76c59e6e26.jpg
1030,http://farm1.static.flickr.com/24/65818909_603c7fcb22.jpg
1031,http://seattlepetcare.com/media/griffon2.jpg
1032,http://farm1.static.flickr.com/207/520985175_34dc351736.jpg
1033,http://photocache.petfinder.com/fotos/AL154/AL154.8675761-1-pn.jpg
1034,http://farm3.static.flickr.com/2171/1630696333_f88486b8fb.jpg
1035,http://static.flickr.com/1233/543047264_04aee12217.jpg
1036,http://www3.dogbreedinfo.com/images16/RattleGriffonScamperPuppy.jpg
1037,http://farm2.static.flickr.com/1229/566378421_5933f6fc6c.jpg
1038,http://farm1.static.flickr.com/28/42436338_0635702547.jpg
1039,http://farm3.static.flickr.com/2058/2062864638_f01a9e2dc9.jpg
1040,http://farm3.static.flickr.com/2202/2077314460_29926c0549.jpg
1041,http://farm3.static.flickr.com/2389/1808372357_c23b3da7a5.jpg
1042,http://farm2.static.flickr.com/1110/1155594260_462f6b99ce.jpg
1043,http://farm2.static.flickr.com/1263/1132760104_6ca71e9e11.jpg
1044,http://farm3.static.flickr.com/2121/2043057530_84d5eb588a.jpg
1045,http://static.flickr.com/169/453153569_2a6d28664b.jpg
1046,http://conniebowen.homestead.com/gabbysmall.jpg
1047,http://i6.photobucket.com/albums/y231/DewDropPony/dads_nick_01_lg.jpg
1048,http://static.flickr.com/194/453151095_f2c24bbe9b.jpg
1049,http://farm3.static.flickr.com/2316/2123015995_0c84201123.jpg
1050,http://static.flickr.com/186/453152234_8c93c841ce.jpg
1051,http://www.gotpetsonline.com/pictures-gallery/dog-pictures-breeders-puppies-rescue/carlin-pinscher-pictures-breeders-puppies-rescue/pictures-photos/carlin-pinscher-0001.jpg
1052,http://farm1.static.flickr.com/134/401509963_fb4ddadc53.jpg
1053,http://farm3.static.flickr.com/2351/2114337445_89a55e9ab7.jpg
1054,http://farm2.static.flickr.com/1288/538900353_64c07303f5.jpg
1055,http://farm3.static.flickr.com/2380/1794195581_94afda2b3f.jpg
1056,http://farm3.static.flickr.com/2074/2220330463_2258c4f629.jpg
1057,http://farm3.static.flickr.com/2341/2123723538_e19bdeeed1.jpg
1058,http://farm2.static.flickr.com/1434/857512008_c00f8174e4.jpg
1059,http://farm1.static.flickr.com/108/268618623_836585d179.jpg
1060,http://farm2.static.flickr.com/1209/531732328_f19dabec3a.jpg
1061,http://farm1.static.flickr.com/172/453189115_2b6210c003.jpg
1062,http://farm3.static.flickr.com/2349/1732444418_ab845bf385.jpg
1063,http://farm3.static.flickr.com/2054/2242122683_764f156a86.jpg
1064,http://farm3.static.flickr.com/2193/2155824096_eb8128b872.jpg
1065,http://farm1.static.flickr.com/102/312838963_8e201e2de1.jpg
1066,http://www.dogzonline.com.au/images/feature/rosndae_45.jpg
1067,http://farm1.static.flickr.com/35/73510496_45a0510942.jpg
1068,http://farm1.static.flickr.com/94/282774218_d435ae9938.jpg
1069,http://static.flickr.com/228/480718645_d78d30a21f.jpg
1070,http://farm3.static.flickr.com/2017/2112535307_447b2173c7.jpg
1071,http://farm1.static.flickr.com/232/453150395_d3c40edaa6.jpg
1072,http://farm1.static.flickr.com/114/276260617_d2027f0200.jpg
1073,http://farm3.static.flickr.com/2374/2052461003_db2d23cb16.jpg
1074,http://farm1.static.flickr.com/11/15705673_b27acad53c.jpg
1075,http://farm3.static.flickr.com/2185/2238116136_0a3dfe2b61.jpg
1076,http://www.groomattheinn.com/jessiesandsmall.jpg
1077,http://farm3.static.flickr.com/2032/2120504373_bed8dcd86a.jpg
1078,http://l.yimg.com/us.yimg.com/i/us/pets/brgd/affenpinscher.jpg
1079,http://farm3.static.flickr.com/2256/2113318328_1976429c59.jpg
1080,http://static.flickr.com/2391/1515101777_66a437adba.jpg
1081,http://farm1.static.flickr.com/172/384677267_eaf88a0a8a.jpg
1082,http://farm3.static.flickr.com/2363/2076609563_ebab4b33ea.jpg
1083,http://www.cutie-house.com/image/link-banner/yama-01.gif
1084,http://static.flickr.com/1195/1344501463_8da66c59fb.jpg
1085,http://farm3.static.flickr.com/2286/2073667047_347bbd64ff.jpg
1086,http://www.brusselsgriffonrescue.org/missing/photos/11-21-05barbie2.jpg
1087,http://static.flickr.com/77/191956147_f52bc14417.jpg
1088,http://www.cinofilionline.it/images/griffone-di-bruxellesbuono.jpg
1089,http://www.brunotausz.com/images/Griffon_Bruxellois.jpg
1090,http://www.dogbreedinfo.com/images19/BeaGriffonPuppy3monthsSleep.JPG
1091,http://www.thepetdirectory.us/Dogbreeds/griffon.jpg
1092,http://files.dogster.com/pix/dogs/80/14280/14280_1109214567.jpg
1093,http://farm1.static.flickr.com/82/268618184_ca29a9a44b.jpg
1094,http://static.flickr.com/1011/1199591063_3a855701d0.jpg
1095,http://farm2.static.flickr.com/1154/1170977871_62680e2af3.jpg
1096,http://farm1.static.flickr.com/110/295598835_c8c1466464.jpg
1097,http://farm3.static.flickr.com/2270/1496933150_fe08366bda.jpg
1098,http://farm3.static.flickr.com/2042/2005501786_c910d6a8a4.jpg
1099,http://farm3.static.flickr.com/2111/2044109906_1bc7a2eb00.jpg
1100,http://farm1.static.flickr.com/78/196327859_1f7b60ae6c.jpg
1101,http://farm1.static.flickr.com/66/194864683_42be20b796.jpg
1102,http://farm1.static.flickr.com/48/179211622_ef694bdf18.jpg
1103,http://farm1.static.flickr.com/51/161054562_8c71648fc7.jpg
1104,http://files.dogster.com/pix/dogs/75/37775/11.jpg
1105,http://farm1.static.flickr.com/151/390839484_1a6b2448df.jpg
1106,http://farm1.static.flickr.com/143/384258252_a7b9274f68.jpg
1107,http://farm2.static.flickr.com/1047/537887798_a1f6c77a72.jpg
1108,http://farm3.static.flickr.com/2008/1888520923_a7f9519456.jpg
1109,http://www.small-business-guru.com/wp-content/uploads/bubba_small_still.gif
1110,http://farm2.static.flickr.com/1172/1383770727_0d1f72b4ae.jpg
1111,http://www.h7.dion.ne.jp/~tairaman/LOVELOG_IMG/Brussels20Griffon.bmp
1112,http://farm2.static.flickr.com/1123/1387757248_0e7478b418.jpg
1113,http://farm3.static.flickr.com/2380/2124868685_73f51fdf3e.jpg
1114,http://farm3.static.flickr.com/2377/2051265873_9a4735d2db.jpg
1115,http://farm1.static.flickr.com/35/73510508_bc83312c9b.jpg
1116,http://farm2.static.flickr.com/1009/641097737_e9ea872c73.jpg
1117,http://farm1.static.flickr.com/213/472965865_cf06b14eb4.jpg
1118,http://farm3.static.flickr.com/2254/2125630842_9c8e9d353b.jpg
1119,http://farm2.static.flickr.com/1287/1086281589_126c45fed4.jpg
1120,http://www.dogpicture.mypetdogs.com/images/brussels_griffon/SibermoonChewbacca_JoshAndPetaSalmon_Australia.JPG
1121,http://farm1.static.flickr.com/48/147761681_71e2f9e506.jpg
1122,http://www.groenegids.be/Link/Website/Bedrijf/petcenter/images/produkten/braba_on.jpg
1123,http://farm1.static.flickr.com/35/119236467_06399d53f4.jpg
1124,http://farm2.static.flickr.com/1428/1479114349_11df70cf74.jpg
1125,http://farm1.static.flickr.com/110/288522038_24974cd60f.jpg
1126,http://farm1.static.flickr.com/176/430368786_533a241a26.jpg
1127,http://farm1.static.flickr.com/65/154414367_f771c8d282.jpg
1128,http://farm1.static.flickr.com/62/178401251_8d5edb385c.jpg
1129,http://farm1.static.flickr.com/190/450947153_a877152283.jpg
1130,http://farm3.static.flickr.com/2088/2093980893_b6b44f39f2.jpg
1131,http://www.findthatpet.com/resources/large_img_0130.JPG
1132,http://www.dogbreedinfo.com/images16/SniffonPup3Months2.JPG
1133,http://farm1.static.flickr.com/175/472947268_cc54cc81d2.jpg
1134,http://dog-breeds.net/BrusselsHickman1.jpg
1135,http://farm1.static.flickr.com/212/485608081_9994b74ece.jpg
1136,http://farm2.static.flickr.com/1039/1391794543_9c480da486.jpg
1137,http://farm1.static.flickr.com/182/477051470_f68fb253f4.jpg
1138,http://farm2.static.flickr.com/1104/877264357_dd110c6d8d.jpg
1139,http://farm3.static.flickr.com/2099/1731553781_18bfd656cb.jpg
1140,http://farm3.static.flickr.com/2081/2076550377_e32868fd3a.jpg
1141,http://www.dogbreedinfo.com/images19/BrusselsGriffonGeorge4MonthsOld.JPG
1142,http://farm1.static.flickr.com/31/56446111_f4c31c5a5f.jpg
1143,http://farm2.static.flickr.com/1272/1233811344_2674239097.jpg
1144,http://farm1.static.flickr.com/179/443057040_521cb795ac.jpg
1145,http://farm1.static.flickr.com/206/472946878_b0623837d7.jpg
1146,http://www.brusselsgriffonrescue.org/rescued/08-05-06max-home-1.jpg
1147,http://www.pupcity.com/images/adpics/06325155040313_1.jpg
1148,http://farm1.static.flickr.com/30/50851491_dbad43fb94.jpg
1149,http://farm1.static.flickr.com/111/307061108_07e940be0f.jpg
1150,http://bp0.blogger.com/_-ynDn1zA2F0/RtOssZD6-yI/AAAAAAAAAtU/eJqWXAugM8A/s400/DSC05953.JPG
1151,http://farm1.static.flickr.com/109/268618397_d9417263cf.jpg
1152,http://farm3.static.flickr.com/2069/2058184386_effba2e58d.jpg
1153,http://farm1.static.flickr.com/210/498530983_935a178618.jpg
1154,http://farm1.static.flickr.com/155/424257647_eb813de5e1.jpg
1155,http://files.dogster.com/pix/dogs/09/38609/1.jpg
1156,http://farm3.static.flickr.com/2329/2062029937_2f3273ffb4.jpg
1157,http://furrever.com.au/img/small/Griffon_thumb.jpg
1158,http://farm1.static.flickr.com/231/498536349_8e07b623df.jpg
1159,http://www.dogsrus.com.au/images/griffonbruxellois_l.jpg
1160,http://farm1.static.flickr.com/196/453156510_011c0e3b7a.jpg
1161,http://farm3.static.flickr.com/2243/1691063136_6c6666523b.jpg
1162,http://proudpup.com/images/Griffon_bruxellois_head.jpg
1163,http://farm2.static.flickr.com/1038/860903782_fd8bd86cf3.jpg
1164,http://farm2.static.flickr.com/1181/562723905_43226323d4.jpg
1165,http://farm2.static.flickr.com/1138/537615735_c47a0c0075.jpg
1166,
