0,http://www.opalplast-bullterrier.com/Oskar1.jpg
1,http://www.bullterrier.kiev.ua/photo30/006.jpg
2,http://www.bullterrier.kiev.ua/photo27/009.jpg
3,http://farm2.static.flickr.com/1386/1204596458_53c0c375f4.jpg
4,http://farm3.static.flickr.com/2317/2235596226_df6bfac709.jpg
5,http://static.flickr.com/40/102179176_f9e9d2d9b6.jpg
6,http://farm1.static.flickr.com/43/78565237_6d6b41f418.jpg
7,http://farm1.static.flickr.com/45/177123350_4bfde99eee.jpg
8,http://farm1.static.flickr.com/151/357393529_1d8cac8696.jpg
9,http://img.adoosimg.com/876426e9e111cac9e077f567228b-1-3.jpg
10,http://farm3.static.flickr.com/2307/2080609107_dbbccb648d.jpg
11,http://farm3.static.flickr.com/2176/2052947161_f63139178a.jpg
12,http://farm2.static.flickr.com/1255/531321379_04e23eef24.jpg
13,http://farm1.static.flickr.com/52/159470629_bc8ad4a9ea.jpg
14,http://www.clubbullterrier.cl/imagenes/nikki.jpg
15,http://farm2.static.flickr.com/1383/880889343_2c1f80b8a7.jpg
16,http://www.mundoanuncio.com/img/2007/10/30/11557695531.jpg
17,http://farm1.static.flickr.com/81/247764546_6573b5879e.jpg
18,http://farm1.static.flickr.com/187/455671773_5eb4ef7c86.jpg
19,http://oglasi.netgrupa.com/images/957_rzLqfNTsL0.JPG
20,http://farm3.static.flickr.com/2381/2152734463_064f235475.jpg
21,http://farm1.static.flickr.com/141/373013405_1b28902c3c.jpg
22,http://www.bullterrier.kiev.ua/photo53/023.jpg
23,http://www.bullterrier.kiev.ua/photo32/007.jpg
24,http://farm1.static.flickr.com/35/119577251_389345b477.jpg
25,http://farm2.static.flickr.com/1212/559925403_e0f3dacf0e.jpg
26,http://farm1.static.flickr.com/107/294151133_a2dd07914f.jpg
27,http://siradella.at/img/fckeditor/Image/02.jpg
28,http://farm1.static.flickr.com/41/98364640_2465c351fa.jpg
29,http://www.bullterrier.kiev.ua/photo32/005.jpg
30,http://www.bullterrier.kiev.ua/photo19/003.jpg
31,http://static.flickr.com/137/348435253_8eef77d6c6.jpg
32,http://farm1.static.flickr.com/36/99560618_1e999fb3e2.jpg
33,http://www.mercadolibre.com.co/jm/img?s=MCO&f;=4449245_5100.jpg&v;=P
34,http://farm2.static.flickr.com/1041/528205605_6728bb9090.jpg
35,http://farm1.static.flickr.com/139/323190176_66651c2896.jpg
36,http://farm1.static.flickr.com/4/4669581_eb333bda78.jpg
37,http://www.wrl.org/kids/images/targedog.jpg
38,http://farm1.static.flickr.com/42/110509002_9656ff61a6.jpg
39,http://farm3.static.flickr.com/2372/2189879260_363fcd39bf.jpg
40,http://www.bullterrier.kiev.ua/photo56/011.jpg
41,http://www.bullterrier.kiev.ua/photo19/005.jpg
42,http://edco.com/images/willie6.jpg
43,http://www.mercadolibre.com.co/jm/img?s=MCO&f;=4878270_3218.jpg&v;=P
44,http://www.razabullterrier.com/Fotos_Bull_Terrier_Bolivia/Indiana/Indiana1.jpg
45,http://www.razabullterrier.com/Fotos_Bull_Terrier_Mexico/Akiles/DSC00097.JPG
46,http://farm2.static.flickr.com/1277/1341748905_cfc50bdaf8.jpg
47,http://farm3.static.flickr.com/2210/2189171293_dc0e5a3878.jpg
48,http://www.dcbt.de/standard/bildsta/markus.gif
49,http://farm1.static.flickr.com/96/215984307_743ee2357b.jpg
50,http://farm1.static.flickr.com/80/225256412_fd981113ce.jpg
51,http://farm1.static.flickr.com/106/306866045_2ef80dc231.jpg
52,http://farm1.static.flickr.com/135/325186595_77b1f2109c.jpg
53,http://farm1.static.flickr.com/56/150621583_015f209458.jpg
54,http://farm2.static.flickr.com/1072/810120563_c3764e4a5d.jpg
55,http://farm3.static.flickr.com/2048/1935781323_991b9ad279.jpg
56,http://farm1.static.flickr.com/183/412413254_40dcb88f97.jpg
57,http://www.viarural.com.uy/ganaderia/mascotas/fotografias-perros/bullterrier-04.jpg
58,http://img.adoosimg.com/1cd405168cb3da11fb9d6aca1091-1-4.jpg
59,http://www.gotpetsonline.com/pictures-gallery/dog-pictures-breeders-puppies-rescue/bull-terrier-pictures-breeders-puppies-rescue/pictures/bull-terrier-0009.jpg
60,http://www.bullterrier.kiev.ua/photo30/024.jpg
61,http://farm1.static.flickr.com/103/288697744_959abe0661.jpg
62,http://hunde.dyregalleri.dk/uploads_large_wm/145229.jpg
63,http://farm1.static.flickr.com/38/118472319_666a6d2df6.jpg
64,http://www.razabullterrier.com/Fotos_Bull_Terrier_Bolivia/Jak/Jack6meses03.jpg
65,http://static.flickr.com/81/206348099_c10e75ecb8.jpg
66,http://farm1.static.flickr.com/171/391191381_a1acf11ba0.jpg
67,http://farm1.static.flickr.com/47/189952158_07808c7dfe.jpg
68,http://farm2.static.flickr.com/1119/1042899668_05550c4cb5.jpg
69,http://farm3.static.flickr.com/2251/1517405193_0ae7a9fd0e.jpg
70,http://farm1.static.flickr.com/35/122355308_5a64116df1.jpg
71,http://www.razabullterrier.com/Fotos_Bull_Terrier_Espana/Yoda/Parejita_en_la_cama_de_Yoda_2.jpg
72,http://www.bullterrier.kiev.ua/photo37/017.jpg
73,http://farm1.static.flickr.com/80/255494834_b8e2d850df.jpg
74,http://farm2.static.flickr.com/1094/800650292_5edecde8f9.jpg
75,http://farm1.static.flickr.com/75/214890779_4344993de3.jpg
76,http://www.caini-ham.ro/descrieri/07terrieri/bullterrier-(8).jpg
77,http://farm1.static.flickr.com/62/153286084_9da903eb52.jpg
78,http://www.mercattel.com/fotos_new/0611a/bull-terrier-monta-197163a.jpg
79,http://farm2.static.flickr.com/1014/1250843905_aef24f8c3b.jpg
80,http://www.tridacna.republika.pl/am1.jpg
81,http://farm3.static.flickr.com/2302/1875629005_aff04497db.jpg
82,http://farm1.static.flickr.com/170/432664381_0e9eb4492e.jpg
83,http://farm1.static.flickr.com/209/466227404_8909a732bf.jpg
84,http://farm1.static.flickr.com/40/87484379_4391b388d6.jpg
85,http://farm1.static.flickr.com/72/200400263_21b9c62fd1.jpg
86,http://farm3.static.flickr.com/2357/1733750348_7df5577bca.jpg
87,http://farm2.static.flickr.com/1048/1007370501_e9c0e396ea.jpg
88,http://www.bullterrier.kiev.ua/photo49/007.jpg
89,http://www.razabullterrier.com/Fotos_Bull_Terrier_Colombia/Sir_Lancelot/DosAutenticasJoyasMariaPaulaySirLancelot.jpg
90,http://farm2.static.flickr.com/1429/559424635_5377d07213.jpg
91,http://farm2.static.flickr.com/1389/544389421_2f048eb389.jpg
92,http://www.bullterrier.kiev.ua/photo28/009.jpg
93,http://farm1.static.flickr.com/135/359353671_e7331469d5.jpg
94,http://farm3.static.flickr.com/2364/1671863763_fc92e1dc8e.jpg
95,http://farm1.static.flickr.com/178/369706757_5c26ee384f.jpg
96,http://www.bullterrier.kiev.ua/photo27/004.jpg
97,http://www.bullterrier.kiev.ua/photo22/004.jpg
98,http://farm1.static.flickr.com/34/98364527_5bce555a70.jpg
99,http://farm2.static.flickr.com/1282/543707553_b49ece3d27.jpg
100,http://farm1.static.flickr.com/142/325186603_aea8fe0de9.jpg
101,http://www.bigbulldogs.com/todds_funnies/bullterrier_waterbowl.jpg
102,http://farm2.static.flickr.com/1217/984039083_f91a07aa96.jpg
103,http://farm1.static.flickr.com/185/438952722_a1696a3afb.jpg
104,http://farm1.static.flickr.com/51/151986056_5eeb10b7a1.jpg
105,http://farm2.static.flickr.com/1386/571067427_efc0f37bde.jpg
106,http://static.flickr.com/1171/1007210151_7d74bd80ed.jpg
107,http://www.thebigwhitebulls.com/img/camada/bullterrier-bree5.jpg
108,http://farm2.static.flickr.com/1131/1256934638_b2ddec999c.jpg
109,http://www.bullterrier.kiev.ua/photo39/015.jpg
110,http://www.bullterrier.kiev.ua/photo19/021.jpg
111,http://farm1.static.flickr.com/121/283736557_b32a8dba87.jpg
112,http://usa.cittys.com/picanuncio/pic_new_york-venta-animales-mascotas-Z--1954307745.jpg
113,http://farm1.static.flickr.com/96/247615772_f9ed83be65.jpg
114,http://farm1.static.flickr.com/19/120490528_dd718b29ec.jpg
115,http://www.ssminibull.narod.ru/pictures/WIN3.JPG
116,http://farm1.static.flickr.com/133/374399835_afb3ae62e8.jpg
117,http://farm3.static.flickr.com/2183/2174043767_41c44d1e38.jpg
118,http://farm2.static.flickr.com/1307/776636344_d0fd7b8fc0.jpg
119,http://farm1.static.flickr.com/17/92664417_832ba4e6b1.jpg
120,http://farm2.static.flickr.com/1035/536722920_f4fb41aab7.jpg
121,http://www.razabullterrier.com/Fotos_Bull_Terrier_Espana/Thor/CIMG0885.JPG
122,http://farm1.static.flickr.com/40/84862563_6b3ba912e7.jpg
123,http://farm1.static.flickr.com/24/99296968_a18be9eaf4.jpg
124,http://farm2.static.flickr.com/1312/619017927_4784027e9b.jpg
125,http://www.monteoscuro.com/ch%20boromir%20bootleg%20rom.JPG
126,http://farm3.static.flickr.com/2379/2153526784_05d3923d63.jpg
127,http://farm1.static.flickr.com/29/47835779_9b3ecb9c28.jpg
128,http://farm1.static.flickr.com/85/277134157_ef4e7ecf28.jpg
129,http://farm1.static.flickr.com/29/38983214_e5dd6db69c.jpg
130,http://www.perrosdelaargentina.com.ar/iesp-imgth/dogscomb43-5495.JPG
131,http://farm3.static.flickr.com/2122/2083956889_586a391e30.jpg
132,http://farm1.static.flickr.com/74/203101044_59cef3cefe.jpg
133,http://farm1.static.flickr.com/18/88053745_1013976a8b.jpg
134,http://farm3.static.flickr.com/2127/2023029091_0adef01e13.jpg
135,http://farm2.static.flickr.com/1007/962427220_813f316c52.jpg
136,http://www.bullterrier.kiev.ua/photo40/023.jpg
137,http://static.flickr.com/19/112466776_11dc94b847.jpg
138,http://farm3.static.flickr.com/2366/2207083620_f5791fa1a2.jpg
139,http://www.westminsterkennelclub.org/2006/photos/group/RM30817201.jpg
140,http://farm2.static.flickr.com/1089/985591875_b511b289cd.jpg
141,http://farm3.static.flickr.com/2243/2109098436_75faa9ec5b.jpg
142,http://static.flickr.com/187/369706751_dcaed615e5.jpg
143,http://farm2.static.flickr.com/1280/1248540879_9a49ce7a83.jpg
144,http://www.bullterrier.kiev.ua/photo19/010.jpg
145,http://farm3.static.flickr.com/2272/2153526170_48198cbc61.jpg
146,http://farm1.static.flickr.com/49/145496585_5acf5e1fe5.jpg
147,http://farm3.static.flickr.com/2129/2081380754_7caade2681.jpg
148,http://farm2.static.flickr.com/1322/1391199040_5c152755cc.jpg
149,http://farm1.static.flickr.com/92/225988520_83d5badea7.jpg
150,http://farm1.static.flickr.com/225/470228117_22947a92a2.jpg
151,http://www.mascotamigos.com.ar/azteca/galeria4.jpg
152,http://www.razabullterrier.com/Fotos_Bull_Terrier_Espana/Xena/xena0.jpg
153,http://farm3.static.flickr.com/2383/2176453432_1807aa3f7f.jpg
154,http://www.razabullterrier.com/Fotos_Bull_Terrier_Mexico/Mambo/mambo2.jpg
155,http://www.foroswebgratis.com/imagenes_foros/0/5/7/2/1/166101panzerpecho.jpg
156,http://www.canadogs.com/images/BullTerrierpup5.jpg
157,http://farm2.static.flickr.com/1417/607621560_b33b836485.jpg
158,http://farm1.static.flickr.com/40/102738346_406b4c9ca5.jpg
159,http://www.bullterrier.kiev.ua/photo49/006.jpg
160,http://farm3.static.flickr.com/2323/2097970578_28e1d38890.jpg
161,http://farm3.static.flickr.com/2124/2132235324_94c27e4bf9.jpg
162,http://amores-perros.com/modules/PN_zClassifieds/myimages/thumb/11917.jpg
163,http://farm1.static.flickr.com/93/240910066_c04c078ae1.jpg
164,http://farm2.static.flickr.com/1185/1352614903_9750e8b73f.jpg
165,http://farm1.static.flickr.com/24/61650861_fb457b12ca.jpg
166,http://farm1.static.flickr.com/40/88621437_9bcc4185bb.jpg
167,http://farm1.static.flickr.com/62/204270522_e9f1702dca.jpg
168,http://www.bullis.de/daten/wmuench.jpg
169,http://farm3.static.flickr.com/2286/2206111347_cff5970f0e.jpg
170,http://www.vam-rott.hu/galeria/ston_kapcs/ston_anya_.jpg
171,http://www.bullterrier.kiev.ua/photo49/017.jpg
172,http://farm1.static.flickr.com/47/116369876_71b0fc5c2d.jpg
173,http://www.europuppy.de/images/europu_refimages/1441_kicsi.jpg
174,http://farm1.static.flickr.com/163/392695504_ad23015115.jpg
175,http://farm3.static.flickr.com/2397/2220087057_cafa1ff1c6.jpg
176,http://static.flickr.com/203/485073803_c47cea0d7b.jpg
177,http://farm1.static.flickr.com/42/104624744_c066a7e742.jpg
178,http://www.bullterrier.kiev.ua/photo37/008.jpg
179,http://farm1.static.flickr.com/40/85905042_a5dac930d1.jpg
180,http://farm1.static.flickr.com/118/288698017_30149d9b3e.jpg
181,http://www.razabullterrier.com/Fotos_Bull_Terrier_Peru/Bandida/bandida.atenta.mirada.5.meses.jpg
182,http://www.bullterrier.kiev.ua/photo56/014.jpg
183,http://server.hund.ch/zuechter/zpages/z6814.jpg
184,http://farm1.static.flickr.com/22/30746777_a16ca4730e.jpg
185,http://home.planet.nl/~weber439/DreamHC/Pagina1_IMG_OBJ11.jpg
186,http://www.bullterrier.kiev.ua/photo55/006.jpg
187,http://farm2.static.flickr.com/1040/1262711783_2ba0968e47.jpg
188,http://www.hunde-gutachter.de/images/dogs/bull-terr_kl.jpg
189,http://www.bullterrier.kiev.ua/photo23/013.jpg
190,http://www.imperecheri.ro/images/poze_0/49/pic49888_caine_Bullterrier.jpg
191,http://farm1.static.flickr.com/96/264953519_d5e965d412.jpg
192,http://farm1.static.flickr.com/45/140530692_cc645891f8.jpg
193,http://www.avisos-gratuitos.com/imagenes_anuncios/imagen_10892.jpg
194,http://farm2.static.flickr.com/1208/1079781745_18447c7317.jpg
195,http://farm3.static.flickr.com/2213/2181357103_7816967850.jpg
196,http://www.razabullterrier.com/Fotos_Bull_Terrier_Chile/Morin_Yuyin/1(3).JPG
197,http://farm1.static.flickr.com/76/220154926_ec9a863c01.jpg
198,http://farm1.static.flickr.com/140/328565061_79698c3258.jpg
199,http://www.razabullterrier.com/Fotos_Bull_Terrier_Espana/Yoda/2_-_Anda_venga_porfa_siii.jpg
200,http://img.adoosimg.com/4513c41b202de14298f5122013cb-1-3.jpg
201,http://www.bullterrier.kiev.ua/photo19/016.jpg
202,http://static.flickr.com/28/40950298_04021824a4.jpg
203,http://farm3.static.flickr.com/2159/2063116966_05ed9e54cd.jpg
204,http://bullterier.org/files/bull-terrier.jpg
205,http://farm3.static.flickr.com/2176/2232674069_41eda7b684.jpg
206,http://www.bullterrier.kiev.ua/photo20/048.jpg
207,http://farm3.static.flickr.com/2014/1816717103_c6288cbaf2.jpg
208,http://farm1.static.flickr.com/31/57174548_afba7b611c.jpg
209,http://farm1.static.flickr.com/192/491356731_d5f19ac921.jpg
210,http://www.razabullterrier.com/Fotos_Bull_Terrier_Espana/Diva/P1010057.JPG
211,http://farm3.static.flickr.com/2356/2039050352_af12182c82.jpg
212,http://farm1.static.flickr.com/98/252410600_c2871a27e6.jpg
213,http://farm1.static.flickr.com/178/371250920_4292796b85.jpg
214,http://static.flickr.com/70/178659118_ac5668dc4b.jpg
215,http://farm3.static.flickr.com/2326/2152736001_d8cfd826ed.jpg
216,http://farm3.static.flickr.com/2394/2127508341_2040a8ce78.jpg
217,http://www.bullterrier.kiev.ua/photo30/021.jpg
218,http://farm3.static.flickr.com/2156/2186344922_079a6482b9.jpg
219,http://www.razabullterrier.com/Fotos_Bull_Terrier_Espana/Thor/CIMG0883.JPG
220,http://farm1.static.flickr.com/19/106391796_d50859bf1d.jpg
221,http://www.iespana.es/perrosdearg/iesp-imag1/bullterrier24-4546.jpg
222,http://farm1.static.flickr.com/174/392102396_f05915ba33.jpg
223,http://farm1.static.flickr.com/137/337275371_86e5882afa.jpg
224,http://www.breedersonline.net/dogs/photos/Bull-Terrier.jpg
225,http://farm1.static.flickr.com/30/38983217_d24c7c6c4f.jpg
226,http://farm2.static.flickr.com/1100/1355222785_a133e221b6.jpg
227,http://www.bullterrier.kiev.ua/photo21/020.jpg
228,http://farm1.static.flickr.com/173/412413257_99f7041673.jpg
229,http://www.bullterrier.kiev.ua/photo29/010.jpg
230,http://farm1.static.flickr.com/226/505789045_4a6cb5fb8d.jpg
231,http://farm3.static.flickr.com/2411/2206686374_370335b1b0.jpg
232,http://amandil.beepworld.de/files/bullterrier.jpg
233,http://www.razabullterrier.com/Fotos_Bull_Terrier_Puerto-Rico/Bud/Bud-2meses.JPG
234,http://www.bullterrier.kiev.ua/photo21/010.jpg
235,http://farm2.static.flickr.com/1018/768005756_c8c292c4ed.jpg
236,http://farm1.static.flickr.com/114/295996155_54533370f7.jpg
237,http://www.avisos-gratuitos.com/imagenes_anuncios/imagen_10891.jpg
238,http://www.justusdogs.com.au/images/bull-terrier.jpg
239,http://farm3.static.flickr.com/2263/2062328617_5b52a0b502.jpg
240,http://farm1.static.flickr.com/40/89012245_389caab40b.jpg
241,http://farm1.static.flickr.com/207/492769770_b3767392a2.jpg
242,http://www.kassiopeia-airedale-terrier.de/devil.jpg
243,http://www.bullterrier.kiev.ua/photo29/004.jpg
244,http://www.razabullterrier.com/Fotos_Bull_Terrier_Colombia/lorenzo/7a90re2.jpg
245,http://static.flickr.com/1438/801560127_a5b4bddffa.jpg
246,http://farm1.static.flickr.com/26/96857564_a77a5930e7.jpg
247,http://farm1.static.flickr.com/34/113561693_c0f0c75fbd.jpg
248,http://farm1.static.flickr.com/36/120490464_dfa08dde17.jpg
249,http://farm3.static.flickr.com/2102/2113976870_666cd5d7a6.jpg
250,http://www.petsymas.com/imagenes/revista/imagenes/e79/bullterrier.jpg
251,http://farm1.static.flickr.com/49/141002065_280b86edc3.jpg
252,http://img.dereto.com.mx/user/images/1700/17006559.jpg
253,http://farm1.static.flickr.com/29/94363209_37b1ba2b01.jpg
254,http://farm1.static.flickr.com/42/85905047_6b5f4c8dda.jpg
255,http://static.flickr.com/33/53009243_a909cad54d.jpg
256,http://farm1.static.flickr.com/51/189704218_63cd369347.jpg
257,http://static.flickr.com/57/166812125_ca63e50b1f.jpg
258,http://farm1.static.flickr.com/22/30744241_9749c0fe92.jpg
259,http://farm1.static.flickr.com/148/375404725_9f7bcc9d3c.jpg
260,http://farm3.static.flickr.com/2284/2206293459_16fd0776e2.jpg
261,http://farm1.static.flickr.com/177/412413253_a4487069ec.jpg
262,http://rushnbey.ru/_i/cats/b/mike.jpg
263,http://farm3.static.flickr.com/2199/2153526018_fa9f3bc2ee.jpg
264,http://farm1.static.flickr.com/25/101894334_1f95db26df.jpg
265,http://www.bullterrier.kiev.ua/photo3/21_t.jpg
266,http://static.flickr.com/56/109487829_dfc2199054.jpg
267,http://www.razabullterrier.com/Fotos_Bull_Terrier_Peru/Lolo/ijito.jpg
268,http://farm3.static.flickr.com/2294/2225601276_c458849c97.jpg
269,http://static.flickr.com/165/361558847_3472ae4759.jpg
270,http://farm1.static.flickr.com/138/359353854_3accaecc3e.jpg
271,http://farm1.static.flickr.com/215/482360106_95e087cdf4.jpg
272,http://farm3.static.flickr.com/2337/2075936841_ae3b188440.jpg
273,http://www.bullterrier.kiev.ua/photo/Brazil%20Ana%20Pimentinha8_t.jpg
274,http://static.flickr.com/83/278369873_1b34e88808.jpg
275,http://www.urukondabullterriers.nl/Images/Memorie/BobofSeriousdesirefront1.jpg
276,http://farm1.static.flickr.com/46/124256925_05942d77f9.jpg
277,http://farm1.static.flickr.com/56/145492816_6d840bc130.jpg
278,http://static.flickr.com/188/434950439_da18d8f0c8.jpg
279,http://farm1.static.flickr.com/130/318060868_a172957d34.jpg
280,http://www.razabullterrier.com/Fotos_Bull_Terrier_Argentina/Tajo_Umma/Imagen010.jpg
281,http://farm1.static.flickr.com/164/414220389_bb6d49f5bd.jpg
282,http://images.jupiterimages.com/common/detail/86/84/23198486.jpg
283,http://farm1.static.flickr.com/79/243181551_d30e6fb78b.jpg
284,http://static.flickr.com/29/58222632_5ebddadaa9.jpg
285,http://www.hondenhok.com/rassen/bullterrier/mozes/images/luna2.jpg
286,http://farm1.static.flickr.com/76/202113661_0775486923.jpg
287,http://farm1.static.flickr.com/166/357382065_a16e134ba4.jpg
288,http://farm1.static.flickr.com/34/104582916_c71004a81d.jpg
289,http://www.tropicalmanises.com/images/perros/bullt/bullt22.jpg
290,http://farm1.static.flickr.com/118/305127762_0e13edf99b.jpg
291,http://vovve.net/i/Galleri/5/5974.jpg
292,http://artykuly.animalia.pl/zdjecia_art/med/__1174580731.jpg
293,http://static.flickr.com/1123/1464887678_663932ee6d.jpg
294,http://www.anuncios-gratuitos.com/imagenes_anuncios/imagen_28860.jpg
295,http://farm3.static.flickr.com/2382/1665284718_cb25eb067e.jpg
296,http://www.perrosdelaargentina.com.ar/iesp-imgth/bullterrier20-322.JPG
297,http://www.bullterrier.kiev.ua/photo30/003.jpg
298,http://farm1.static.flickr.com/112/305127654_59cbc6d275.jpg
299,http://farm1.static.flickr.com/160/379864887_5e8d047936.jpg
300,http://farm1.static.flickr.com/19/104815070_75a6e63947.jpg
301,http://www.bullterrier.kiev.ua/photo21/004.jpg
302,http://www.gotpetsonline.com/pictures-gallery/dog-pictures-breeders-puppies-rescue/bull-terrier-pictures-breeders-puppies-rescue/pictures/bull-terrier-0031.jpg
303,http://www.bullterrier.kiev.ua/photo26/010.jpg
304,http://farm2.static.flickr.com/1080/896348721_aa4282e7fd.jpg
305,http://farm3.static.flickr.com/2213/2153527544_2221436cd3.jpg
306,http://www.razabullterrier.com/Fotos_Bull_Terrier_Espana/snow/fotos-snow.jpg
307,http://farm1.static.flickr.com/66/200228267_4ac1714626.jpg
308,http://farm1.static.flickr.com/90/252410718_5c514527ae.jpg
309,http://farm1.static.flickr.com/52/118781317_2b1a1e2627.jpg
310,http://static.flickr.com/37/82580277_171709303e.jpg
311,http://farm1.static.flickr.com/1/123776191_18bfa6c5d1.jpg
312,http://static.flickr.com/4/4825776_7765dd90f5.jpg
313,http://www.estbullterrier.narod.ru/pictures/bullterrier3.jpg
314,http://farm1.static.flickr.com/42/102864743_f79e153600.jpg
315,http://farm1.static.flickr.com/49/182505082_1e1c320571.jpg
316,http://farm1.static.flickr.com/139/328077278_dee7c24919.jpg
317,http://farm1.static.flickr.com/167/417594977_e0ed8efe0b.jpg
318,http://farm1.static.flickr.com/49/145496586_844b6afdbc.jpg
319,http://www.dogs4sale.com.au/Breeds/Bull_Terrier/Fact_Sheets/Vogueabull_Haines.jpg
320,http://www.bullterrier.kiev.ua/photo55/005.jpg
321,http://farm3.static.flickr.com/2312/2186957416_9217406af7.jpg
322,http://www.perroschilenos.cl/fondos/bullterrier.jpg
323,http://farm1.static.flickr.com/112/293460865_040f2b9d74.jpg
324,http://farm1.static.flickr.com/153/359352734_c5ded1aa1c.jpg
325,http://farm1.static.flickr.com/152/373442269_9259c5e7d9.jpg
326,http://www.hundegalleri.dk/uploads_large_wm/90904.jpg
327,http://farm1.static.flickr.com/240/449810527_6a3ef3db58.jpg
328,http://farm1.static.flickr.com/189/478418604_a02d1b9543.jpg
329,http://farm1.static.flickr.com/193/495007278_a7126524ef.jpg
330,http://farm1.static.flickr.com/31/44790672_81a4a8c7a2.jpg
331,http://farm1.static.flickr.com/45/124743812_905ca93535.jpg
332,http://farm1.static.flickr.com/73/198491216_e259398187.jpg
333,http://www.mailxmail.com/cursos/imagenes/3061-12-1.png
334,http://www.comch.ru/~brava/Memory/01a.jpg
335,http://www.freewebs.com/bullsierra/IMGP0554.JPG
336,http://www.iespana.es/perrosdearg/iesp-imag1/bullterrier32-5511.JPG
337,http://static.flickr.com/196/485633863_1cf914145f.jpg
338,http://www.bullterrier.kiev.ua/photo24/024.jpg
339,http://www.bullterrier.net.pl/gfx/meimei/meimei1.jpg
340,http://www.hundesport-ostermeier.homepage.t-online.de/assets/images/bullterrier1.jpg
341,http://www.razabullterrier.com/Fotos_Bull_Terrier_Espana/Cani/239.jpg
342,http://farm1.static.flickr.com/54/130551269_c94618c960.jpg
343,http://static.flickr.com/31/55772941_f0cddddfbc.jpg
344,http://farm3.static.flickr.com/2417/2128285626_a3bae64604.jpg
345,http://www.razabullterrier.com/Fotos_Bull_Terrier_Mexico/Akiles/DSC00056.JPG
346,http://farm2.static.flickr.com/1227/1371842868_9824516da7.jpg
347,http://farm3.static.flickr.com/2295/2152736139_6e0bdddeb0.jpg
348,http://farm1.static.flickr.com/37/112700300_463de07718.jpg
349,http://static.flickr.com/106/258443810_032a275c29.jpg
350,http://farm2.static.flickr.com/1108/1121312099_cfb1cf4c61.jpg
351,http://www.lojaanimals.com.br/images/raca/bullterrier.jpg
352,http://www.yemy-hund.de/LHV/Bullterrier.JPG
353,http://farm2.static.flickr.com/1291/775764921_6d5e2d86d5.jpg
354,http://i63.photobucket.com/albums/h127/sepacan/RUMBA1.jpg
355,http://static.flickr.com/86/214890950_cdce2515ed.jpg
356,http://static.flickr.com/47/174472252_ccc8fc253f.jpg
357,http://www.razabullterrier.com/Fotos_Bull_Terrier_Espana/Tora/5meses.JPG
358,http://farm1.static.flickr.com/12/88049090_04d6cd771c.jpg
359,http://farm1.static.flickr.com/83/258440530_3c9fc5838a.jpg
360,http://pets.academ.org/files/u9/bullterrier_Strong_Style_Duke_White.jpg
361,http://farm1.static.flickr.com/45/106484439_21720a61a3.jpg
362,http://farm1.static.flickr.com/29/120879216_730e5b6915.jpg
363,http://farm1.static.flickr.com/34/99415238_64f52d7102.jpg
364,http://www.bullterrier.kiev.ua/photo31/017.jpg
365,http://farm2.static.flickr.com/1111/1008140512_93b9252256.jpg
366,http://www.bullterrier.kiev.ua/photo33/014.jpg
367,http://www.razabullterrier.com/Fotos_Bull_Terrier_Espana/Yera/Yera1.jpg
368,http://static.flickr.com/183/419226813_07123e76b7.jpg
369,http://farm2.static.flickr.com/1139/565103720_e4136a7e6d.jpg
370,http://farm1.static.flickr.com/179/466348368_817c867777.jpg
371,http://farm3.static.flickr.com/2420/2186345442_b217250e18.jpg
372,http://farm2.static.flickr.com/1108/1449402688_5238597ae2.jpg
373,http://farm1.static.flickr.com/28/56738745_12468f8bd9.jpg
374,http://farm1.static.flickr.com/120/295995865_b27e2fde50.jpg
375,http://farm1.static.flickr.com/53/156858573_ccf7c81f67.jpg
376,http://static.flickr.com/54/108254085_140b3f8529.jpg
377,http://hunde.dyregalleri.dk/uploads_large_wm/178297.jpg
378,http://farm3.static.flickr.com/2299/2118310614_47aca5de41.jpg
379,http://www.bullterrier.kiev.ua/photo29/024.jpg
380,http://farm1.static.flickr.com/20/73543989_6d6787f16c.jpg
381,http://www.viedmense.com.ar/perros/fotos-dogo/bullterrier.jpg
382,http://farm1.static.flickr.com/111/298840920_278219d912.jpg
383,http://farm1.static.flickr.com/188/460456792_f83fd19e60.jpg
384,http://farm1.static.flickr.com/170/407702146_759067cd4d.jpg
385,http://farm2.static.flickr.com/1395/538786649_2d8dc08f03.jpg
386,http://farm1.static.flickr.com/45/105965534_e691f22b1b.jpg
387,http://www.bullterrier.kiev.ua/photo20/037.jpg
388,http://www.bullterrier.kiev.ua/photo20/045.jpg
389,http://web.comhem.se/~u96400043/Erkki.jpg
390,http://farm1.static.flickr.com/178/402643799_c304a2885b.jpg
391,http://www.welpensuche.com/rassen/rassen/images/BullterrierPowolny.JPG
392,http://farm2.static.flickr.com/1312/560332107_2ca2582fae.jpg
393,http://farm1.static.flickr.com/124/334219655_cd70d7b1d3.jpg
394,http://farm1.static.flickr.com/75/221151162_8f9631934f.jpg
395,http://farm2.static.flickr.com/1411/921556480_e582509e47.jpg
396,http://farm1.static.flickr.com/9/77005557_7776dabfd8.jpg
397,http://farm1.static.flickr.com/187/415556323_a30a14d0dd.jpg
398,http://farm1.static.flickr.com/44/146223003_9ee087aafd.jpg
399,http://www.bullterrier.kiev.ua/photo28/012.jpg
400,http://farm1.static.flickr.com/52/171291204_775f42c836.jpg
401,http://farm1.static.flickr.com/45/155841266_26eb223af1.jpg
402,http://farm3.static.flickr.com/2079/1569115514_03f5dc38cd.jpg
403,http://farm1.static.flickr.com/52/144274956_696744b31a.jpg
404,http://www.perrosdelaargentina.com.ar/iesp-imgth/bullterrier18-336.JPG
405,http://fejermegye.herosz.hu/galeriak/cac_kiallitas/bullterrier.jpg
406,http://content.expressen.se/blog/17/47/81/ninnibeth/images/SammiChevysideview.jpg
407,http://farm1.static.flickr.com/42/122663222_2707782a45.jpg
408,http://farm3.static.flickr.com/2100/2229855425_9c7482d7c5.jpg
409,http://www.mooncraft.ee/pildid/Esti-%20nov06.jpg
410,http://www.andbb.com/handbook/dog/images/bull-terrier-3.jpg
411,http://farm3.static.flickr.com/2167/2175660351_5808db37fb.jpg
412,http://farm1.static.flickr.com/24/90676999_f57915d91e.jpg
413,http://farm2.static.flickr.com/1238/1488656633_1eca7849fc.jpg
414,http://www.kasbad.com/ajax/Ajaxtalk5.gif
415,http://thumb13.webshots.net/s/thumb2/7/74/44/113977444zGKJSv_th.jpg
416,http://farm1.static.flickr.com/27/52126235_29f46cfd90.jpg
417,http://static.flickr.com/40/80255917_227ec64f3c.jpg
418,http://farm3.static.flickr.com/2122/2113976056_2fc6128368.jpg
419,http://static.flickr.com/9/86691537_79fc9ba7bf.jpg
420,http://www.bullterrier.kiev.ua/photo31/007.jpg
421,http://farm1.static.flickr.com/189/518944432_d840e512a5.jpg
422,http://static.flickr.com/1072/914824038_c9c87e99ae.jpg
423,http://farm3.static.flickr.com/2038/1816719293_78f16da23b.jpg
424,http://www.bullterrier.kiev.ua/photo24/020.jpg
425,http://farm3.static.flickr.com/2211/1570881030_3c196652dc.jpg
426,http://thumb16.webshots.net/s/thumb1/8/51/89/43985189ZqjnFK_th.jpg
427,http://farm1.static.flickr.com/84/249678140_367690d7f2.jpg
428,http://www.dog-breed-facts.com/images/bull-terrier-1-small.jpg
429,http://farm1.static.flickr.com/35/153285928_87171aa212.jpg
430,http://farm1.static.flickr.com/103/298841044_552ffd4061.jpg
431,http://farm1.static.flickr.com/101/288198422_1ef50c9ee5.jpg
432,http://static.flickr.com/101/293078266_6373899099.jpg
433,http://www.razabullterrier.com/Fotos_Bull_Terrier_Bolivia/Tequila/Parada.jpg
434,http://farm1.static.flickr.com/44/139453469_7a33a385bf.jpg
435,http://farm1.static.flickr.com/56/135972588_ab1a040ec7.jpg
436,http://bp1.blogger.com/_07TDeRbO2EY/RyTkAHjD--I/AAAAAAAACQA/7m3Wi1gtSYM/s320/00.jpg
437,http://farm2.static.flickr.com/1165/1065129878_e3e5d68684.jpg
438,http://farm1.static.flickr.com/37/102864812_15d1d4f76c.jpg
439,http://www.bullterrier.kiev.ua/photo25/024.jpg
440,http://www.bull-terrier.com/discuses/messages/1/13.jpg
441,http://farm1.static.flickr.com/168/410232615_1213813257.jpg
442,http://www.hanau.de/imperia/md/images/rathaus/ordnungsamt/ordnungsrecht/hunde/15ghbullt.jpeg
443,http://farm1.static.flickr.com/61/214918999_4e2d9f5c05.jpg
444,http://www.swanmodels.com/hunde/bullterrier_304/profil.jpg
445,http://farm1.static.flickr.com/177/410124605_40620ed410.jpg
446,http://farm2.static.flickr.com/1347/967170698_612344bd09.jpg
447,http://static.flickr.com/93/246603372_87897831b9.jpg
448,http://farm2.static.flickr.com/1084/1460248788_5893587af6.jpg
449,http://farm3.static.flickr.com/2144/2238271985_4928becec0.jpg
450,http://farm2.static.flickr.com/1129/1341748537_6388d78279.jpg
451,http://www.english-bullterrier.com/images/durin/eric_durin1.jpg
452,http://farm3.static.flickr.com/2297/2127509139_7429d33e73.jpg
453,http://farm1.static.flickr.com/151/386840495_95ce59d8d4.jpg
454,http://www.puppysites.com/deluxe/bulliepup.jpg
455,http://www.encore-editions.com/dogs/wardlecigcards450/thumb/thm_bullterrier.jpg
456,http://static.flickr.com/17/92173248_122fa67452.jpg
457,http://farm1.static.flickr.com/30/90998003_6c667d738e.jpg
458,http://farm3.static.flickr.com/2278/2190394506_7108217ef9.jpg
459,http://www.bullterrier.kiev.ua/photo29/006.jpg
460,http://farm3.static.flickr.com/2080/2152736843_718d21b25b.jpg
461,http://farm1.static.flickr.com/28/64627314_2068158ec0.jpg
462,http://farm1.static.flickr.com/68/206375592_4dd369db49.jpg
463,http://farm1.static.flickr.com/19/118472383_f2afea8524.jpg
464,http://www.bullterrier.co.nz/_borders/zep.jpg
465,http://farm3.static.flickr.com/2206/1733749888_d695f44394.jpg
466,http://farm1.static.flickr.com/32/62597223_da7bb9f8fe.jpg
467,http://farm1.static.flickr.com/75/167763937_19735e5ae9.jpg
468,http://farm1.static.flickr.com/36/123776189_dd4292a31b.jpg
469,http://farm1.static.flickr.com/117/253335516_85ce0770a1.jpg
470,http://www.bullterrier.kiev.ua/photo24/017.jpg
471,http://farm1.static.flickr.com/26/98364655_6059c26881.jpg
472,http://www.bullterrier.kiev.ua/photo27/023.jpg
473,http://farm1.static.flickr.com/80/211813357_f1d79ecbdd.jpg
474,http://farm1.static.flickr.com/35/94363210_593746e1d8.jpg
475,http://farm1.static.flickr.com/85/227507007_fd4c77b361.jpg
476,http://farm3.static.flickr.com/2215/2081381446_2669375ef6.jpg
477,http://farm1.static.flickr.com/175/468664654_4bd4108117.jpg
478,http://farm1.static.flickr.com/56/113571099_981c36d755.jpg
479,http://farm1.static.flickr.com/29/63761539_60ecb36b70.jpg
480,http://www.bullterrier.kiev.ua/photo35/015.jpg
481,http://farm1.static.flickr.com/127/322464867_442b4a61c3.jpg
482,http://img56.imageshack.us/img56/1316/mejorjovenbullstandard4yx.jpg
483,http://www.bullterrier.kiev.ua/photo30/004.jpg
484,http://farm1.static.flickr.com/55/150341489_fb153eb0af.jpg
485,http://farm1.static.flickr.com/73/196252729_319cacee43.jpg
486,http://farm1.static.flickr.com/44/112928178_5409a2f18d.jpg
487,http://www.razabullterrier.com/Fotos_Bull_Terrier_Espana/Nero/9.JPG
488,http://farm1.static.flickr.com/33/58708540_e4af5802e5.jpg
489,http://farm2.static.flickr.com/1170/535190516_bf148125c2.jpg
490,http://farm1.static.flickr.com/206/508501113_9123d52e7a.jpg
491,http://www.bullterrier.kiev.ua/photo54/002.jpg
492,http://farm3.static.flickr.com/2384/1817543950_2ca8153f58.jpg
493,http://farm3.static.flickr.com/2372/1540494300_6dd3804107.jpg
494,http://farm1.static.flickr.com/107/289845029_2c5647fd00.jpg
495,http://farm1.static.flickr.com/140/349124185_3db4e8c2ff.jpg
496,http://farm2.static.flickr.com/1210/549084258_d65febebce.jpg
497,http://farm1.static.flickr.com/51/106142771_f40492cb2e.jpg
498,http://farm3.static.flickr.com/2384/1816687205_2ce7148ff1.jpg
499,http://farm2.static.flickr.com/1299/1010628688_151428cf4f.jpg
500,http://farm1.static.flickr.com/130/410127599_5c4f1d2963.jpg
501,http://farm1.static.flickr.com/30/259895208_319d208308.jpg
502,http://farm1.static.flickr.com/120/277138947_d2a2cda96d.jpg
503,http://farm1.static.flickr.com/221/477348831_8950070b32.jpg
504,http://farm1.static.flickr.com/49/127221188_61191e2713.jpg
505,http://cuisyjf.free.fr/imagesch/bullterrier_pixelle3.jpg
506,http://www.bullterrier.kiev.ua/photo55/020.jpg
507,http://www.razabullterrier.com/Fotos_Bull_Terrier_Puerto-Rico/Bud/Bud-1mes.jpg
508,http://farm1.static.flickr.com/105/305754280_be5b12224c.jpg
509,http://farm2.static.flickr.com/1322/640224839_56fdbd6918.jpg
510,http://farm2.static.flickr.com/1388/1346243391_790069b607.jpg
511,http://farm1.static.flickr.com/192/447423974_949418c8d6.jpg
512,http://www.bullterrier.kiev.ua/photo40/008.jpg
513,http://farm1.static.flickr.com/46/164537044_a63b852af2.jpg
514,http://www.bullterrier.kiev.ua/photo30/016.jpg
515,http://www.razabullterrier.com/Fotos_Bull_Terrier_Colombia/shanthal/Imagen123.jpg
516,http://farm2.static.flickr.com/1013/547106998_0416564806.jpg
517,http://static.flickr.com/2400/2019662011_0746c2dd26.jpg
518,http://farm1.static.flickr.com/81/243181617_933c8551f1.jpg
519,http://farm1.static.flickr.com/151/430621554_4816828790.jpg
520,http://farm1.static.flickr.com/38/104582769_63f7dcb4ff.jpg
521,http://www.bullterrier.kiev.ua/photo27/020.jpg
522,http://www.stamforddogpark.com/images/bullterrier_forde.jpg
523,http://www.tierklinik-rostock.de/tierheim/hunderassen/rassehunde/bullterrier.jpg
524,http://www.razabullterrier.com/Fotos_Bull_Terrier_Espana/Diva/P1010002.JPG
525,http://farm2.static.flickr.com/1416/984812346_9c3f595860.jpg
526,http://static.flickr.com/1399/1158189170_9796f22ba0.jpg
527,http://www.vgem-gemuenden.de/assets/images/bullterrier.jpg
528,http://www.zza-online.de/artikel/bilder/000814-a.jpg
529,http://www.bullterrier-in-not.de/hunde/suchen/bart1.jpg
530,http://www.dogoargentino.com.uy/web/images/bullterrier1.jpg
531,http://farm1.static.flickr.com/28/62302191_19c32ace3e.jpg
532,http://farm1.static.flickr.com/182/440103249_49d0aac2c8.jpg
533,http://farm2.static.flickr.com/1237/741935575_ea8f4fa2f0.jpg
534,http://farm1.static.flickr.com/87/241074401_f70f57b7c7.jpg
535,http://farm2.static.flickr.com/1311/1256075217_203217487d.jpg
536,http://farm3.static.flickr.com/2154/1841003554_73c5b48849.jpg
537,http://www.bullterrier.kiev.ua/photo3/Argosha5_t.jpg
538,http://www.old-tailors.de/bullterrier/miniatur/lola_rahmen.jpg
539,http://farm1.static.flickr.com/32/99296828_7b41cd3ad1.jpg
540,http://farm3.static.flickr.com/2242/1853664335_1833e6c35e.jpg
541,http://farm1.static.flickr.com/131/357392394_4e09517cf6.jpg
542,http://farm1.static.flickr.com/84/241078633_95a06c4d59.jpg
543,http://www.ringsurf.com/pictures/bullterrier_840.gif
544,http://farm1.static.flickr.com/39/112672117_47b3cabf2f.jpg
545,http://farm1.static.flickr.com/181/372824806_e1bb4474b0.jpg
546,http://farm2.static.flickr.com/1210/1477695102_0bb3b9a4e3.jpg
547,http://farm2.static.flickr.com/1395/651434376_1bcef14242.jpg
548,http://www.bullterrier.kiev.ua/photo29/012.jpg
549,http://farm2.static.flickr.com/1313/531327271_d2caff2fb3.jpg
550,http://www.bullterrier.kiev.ua/photo49/023.jpg
551,http://farm3.static.flickr.com/2154/1935783631_02e56d277f.jpg
552,http://farm1.static.flickr.com/40/81745978_4131011702.jpg
553,http://www.bullterrier.kiev.ua/photo27/011.jpg
554,http://static.flickr.com/228/508325579_484371929f.jpg
555,http://farm2.static.flickr.com/1073/1408950839_ee151018d7.jpg
556,http://www.bullterrier.kiev.ua/photo20/028.jpg
557,http://www.bullterrier.kiev.ua/photo56/024.jpg
558,http://www.bullterrier.kiev.ua/photo26/020.jpg
559,http://www.bullterrier.kiev.ua/photo54/005.jpg
560,http://www.bullterrier.kiev.ua/photo44/018.jpg
561,http://farm1.static.flickr.com/64/178403684_bc96a60a71.jpg
562,http://farm1.static.flickr.com/197/463954372_18c1f203f9.jpg
563,http://farm1.static.flickr.com/220/508305794_85e184727c.jpg
564,http://farm1.static.flickr.com/20/73164023_55c38425e7.jpg
565,http://www.bullterrier.kiev.ua/photo37/001.jpg
566,http://static.flickr.com/1258/673568365_6e6ab53044.jpg
567,http://static.flickr.com/1143/571074989_08b996bb6a.jpg
568,http://farm1.static.flickr.com/46/106135977_ecd399aa27.jpg
569,http://farm3.static.flickr.com/2383/2100951183_a56dcf5b26.jpg
570,http://farm2.static.flickr.com/1338/544284330_174df8aeff.jpg
571,http://farm1.static.flickr.com/164/386840503_4a2755e860.jpg
572,http://farm1.static.flickr.com/95/278057085_2569ede081.jpg
573,http://www.bullterrier.kiev.ua/photo55/011.jpg
574,http://farm3.static.flickr.com/2019/2121014605_2d1a6d34be.jpg
575,http://farm1.static.flickr.com/46/150151804_612bab94ce.jpg
576,http://farm2.static.flickr.com/1060/1250164731_1cd1d97722.jpg
577,http://farm1.static.flickr.com/1/2634780_29f70901a2.jpg
578,http://farm1.static.flickr.com/210/459843191_974cfd0478.jpg
579,http://farm1.static.flickr.com/213/477004009_c511a22317.jpg
580,http://farm2.static.flickr.com/1292/877018223_76b80116fe.jpg
581,http://farm1.static.flickr.com/53/188809211_3b921e31ef.jpg
582,http://www.bullterrier.kiev.ua/photo42/016.jpg
583,http://farm1.static.flickr.com/61/220130408_fd16fafda2.jpg
584,http://www.bullterrier.kiev.ua/photo22/010.jpg
585,http://www.thecolouredbullterrierclub.co.uk/images/show_r8.jpg
586,http://farm1.static.flickr.com/21/29484868_b1ba80eb7f.jpg
587,http://www.razabullterrier.com/Fotos_Bull_Terrier_Espana/Rocky/CIMG0329.JPG
588,http://www.bullterrier.kiev.ua/photo26/011.jpg
589,http://farm2.static.flickr.com/1261/1316933577_c835d804ff.jpg
590,http://farm1.static.flickr.com/173/476983222_41f62678c9.jpg
591,http://www.bullterrier.kiev.ua/photo28/022.jpg
592,http://static.flickr.com/66/197648693_f262167cd2.jpg
593,http://farm3.static.flickr.com/2228/1816702897_b14b68f793.jpg
594,http://farm1.static.flickr.com/35/72113394_0efe3ac679.jpg
595,http://www.bullterrier.kiev.ua/photo45/006.jpg
596,http://www.bullterrier.kiev.ua/photo24/004.jpg
597,http://farm1.static.flickr.com/14/17972198_c238055f52.jpg
598,http://www.bullterrier.kiev.ua/photo30/015.jpg
599,http://farm3.static.flickr.com/2193/2063120552_936f32d8ce.jpg
600,http://www.bullterrier.kiev.ua/photo35/002.jpg
601,http://www.bullterrier.kiev.ua/photo25/003.jpg
602,http://www.bullterrier.kiev.ua/photo55/019.jpg
603,http://www.bullterrier.nl/Foto's%20cacuitslage/White%20Attraction%20of%20Serious%20Desire%20e.jpg
604,http://www.bullterrier.kiev.ua/photo29/009.jpg
605,http://farm2.static.flickr.com/1291/967166106_9b72505bf3.jpg
606,http://www.bullterrier.kiev.ua/photo26/021.jpg
607,http://www.bullterrier.kiev.ua/photo30/012.jpg
608,http://farm1.static.flickr.com/6/85630235_d467a93fa5.jpg
609,http://www.relatingtodogs.com/about-dogs/images/250px-Rg.jpg
610,http://farm2.static.flickr.com/1022/531332665_379dca0aaf.jpg
611,http://farm1.static.flickr.com/26/88621294_b6de4999b0.jpg
612,http://farm3.static.flickr.com/2007/2215333834_4323dc0e7c.jpg
613,http://www.corsini.co.uk/fineart/images/prints/bull%20terrier%20jsa.jpg
614,http://farm1.static.flickr.com/130/357385393_1dd627bc4c.jpg
615,http://farm1.static.flickr.com/46/129819136_f440042ccf.jpg
616,http://farm2.static.flickr.com/1024/1367394846_f047aa230c.jpg
617,http://www.bullterrier.kiev.ua/photo36/017.jpg
618,http://farm1.static.flickr.com/31/39897525_0332514f2a.jpg
619,http://farm3.static.flickr.com/2349/2216181334_9452d06c03.jpg
620,http://www.bullterrier.kiev.ua/photo36/012.jpg
621,http://farm1.static.flickr.com/50/151529281_785af91871.jpg
622,http://farm1.static.flickr.com/170/495014968_2a553c35bf.jpg
623,http://farm2.static.flickr.com/1313/793666193_ea7e82c3c7.jpg
624,http://farm3.static.flickr.com/2233/2116074334_da4451ac4a.jpg
625,http://encyclopedia.jrank.org/Cambridge/entries/images/bull%20terrier%201.jpg
626,http://farm3.static.flickr.com/2199/1555637646_82104b440d.jpg
627,http://www.bullterrier-club.at/bilderdeckrueden/ozzy.jpg
628,http://farm1.static.flickr.com/217/481259411_2be6025d55.jpg
629,http://farm1.static.flickr.com/218/460763222_3f1b00b0c8.jpg
630,http://farm3.static.flickr.com/2398/1792835504_f1aff8039b.jpg
631,http://www.huisdiereninfo.nl/content/miniatuurbullterrier/5.jpg
632,http://www.gotpetsonline.com/pictures-gallery/dog-pictures-breeders-puppies-rescue/american-pit-bull-terrier-pictures-breeders-puppies-rescue/pictures-photos/american-pit-bull-terrier-0369.jpg
633,http://farm1.static.flickr.com/34/110590452_aeab181edf.jpg
634,http://farm3.static.flickr.com/2138/2189607781_21f287d76c.jpg
635,http://farm3.static.flickr.com/2139/1569990795_858b4d3e05.jpg
636,http://www.bullterrier.co.nz/images/china_web_front.JPG
637,http://farm1.static.flickr.com/84/258442235_e4f92622fe.jpg
638,http://www.bullterrier.kiev.ua/photo31/019.jpg
639,http://farm1.static.flickr.com/138/347002118_9e782c7fba.jpg
640,http://terrificpets.com/images/uploads/dogbreedsadv111.jpg
641,http://www.hunde-gutachter.de/images/dogs2/buterr.jpg
642,http://www.bullterrier.kiev.ua/photo22/006.jpg
643,http://www.bullterrier.kiev.ua/photo21/019.jpg
644,http://farm1.static.flickr.com/108/312502795_437e48d245.jpg
645,http://www.bullterrier.kiev.ua/photo23/022.jpg
646,http://www.masterdog.it/cgi-bin/images/rbull.jpg
647,http://www.bullterrier.kiev.ua/photo33/024.jpg
648,http://farm3.static.flickr.com/2005/2116916043_ebf475342c.jpg
649,http://www.bullterrier.kiev.ua/photo26/023.jpg
650,http://farm1.static.flickr.com/51/151988579_cde6f4e6c9.jpg
651,http://farm1.static.flickr.com/189/466174630_453cc4521a.jpg
652,http://farm1.static.flickr.com/139/325295368_efa4d42a02.jpg
653,http://farm1.static.flickr.com/62/265401096_b9f22cfc0f.jpg
654,http://farm3.static.flickr.com/2371/2081395184_8a47c10bb4.jpg
655,http://farm1.static.flickr.com/154/424287255_e1e322f5f8.jpg
656,http://farm1.static.flickr.com/198/477012436_bb3296ef65.jpg
657,http://farm1.static.flickr.com/40/98364687_cb572a9a92.jpg
658,http://www.bullterrier.kiev.ua/photo28/011.jpg
659,http://farm1.static.flickr.com/124/349134325_e0b9a72296.jpg
660,http://www.bullterrier.kiev.ua/photo54/024.jpg
661,http://www.bullterrier.kiev.ua/photo20/034.jpg
662,http://www.bullterrier.kiev.ua/photo49/024.jpg
663,http://static.flickr.com/1343/810064452_39d84055a1.jpg
664,http://farm1.static.flickr.com/37/123535136_d75770fa5d.jpg
665,http://www.bullterrier.kiev.ua/photo55/010.jpg
666,http://www.bulldogbreeds.com/bullterrier/thumbs/percy2_t.jpg
667,http://farm1.static.flickr.com/157/376358289_e99c2c079f.jpg
668,http://farm1.static.flickr.com/117/295221187_60a9aa323b.jpg
669,http://static.flickr.com/26/92664906_f2e27ba435.jpg
670,http://farm3.static.flickr.com/2032/1518253426_eb1106be33.jpg
671,http://farm1.static.flickr.com/126/357514095_c49daa2d7f.jpg
672,http://farm3.static.flickr.com/2168/2189569821_54af2e9119.jpg
673,http://www.bullterrier.kiev.ua/photo21/021.jpg
674,http://www.bullterrier.kiev.ua/photo31/010.jpg
675,http://farm2.static.flickr.com/1265/1404775340_342cc87afe.jpg
676,http://farm3.static.flickr.com/2200/1975622232_48a06bdeda.jpg
677,http://personales.ciudad.com.ar/especifico/bullys.jpg
678,http://farm3.static.flickr.com/2181/2172724522_c4b37ccb54.jpg
679,http://farm2.static.flickr.com/1067/1341749323_7d7705c230.jpg
680,http://farm1.static.flickr.com/37/76578916_67559df73d.jpg
681,http://www.bullterrier.kiev.ua/photo43/003.jpg
682,http://farm1.static.flickr.com/42/89138424_420d92fe64.jpg
683,http://farm1.static.flickr.com/215/497818073_e0e7174cb4.jpg
684,http://farm1.static.flickr.com/116/295838920_897cf6f928.jpg
685,http://farm2.static.flickr.com/1420/571058943_bb2ad52bfe.jpg
686,http://farm3.static.flickr.com/2069/2094495172_4974c49c12.jpg
687,http://www.collectieharms-rolde.nl/harms.nsf/8261E92BB0093B95C1257363004DA5F5/$FILE/Pander%20Vincent%202%20400%20px.jpg
688,http://www.bullterrier.kiev.ua/photo40/018.jpg
689,http://farm1.static.flickr.com/226/524911597_d948297a91.jpg
690,http://farm1.static.flickr.com/51/151527999_17efc0676a.jpg
691,http://farm1.static.flickr.com/30/56738740_6b3c6bc672.jpg
692,http://www.bullterrier.kiev.ua/photo20/035.jpg
693,http://static.flickr.com/1375/862164624_3392441981.jpg
694,http://farm1.static.flickr.com/21/29798854_3f3ffa3271.jpg
695,http://farm3.static.flickr.com/2386/2093501044_7896e9f177.jpg
696,http://static.flickr.com/1042/1010813897_4242eb56fd.jpg
697,http://farm1.static.flickr.com/195/503637326_9639c041e9.jpg
698,http://www.bullterrier.kiev.ua/photo36/008.jpg
699,http://farm3.static.flickr.com/2385/2080610287_961e9e1580.jpg
700,http://static.flickr.com/124/358214613_09400feacd.jpg
701,http://static.flickr.com/54/153466228_e43d7f88df.jpg
702,http://www.bullterrier.kiev.ua/photo50/022.jpg
703,http://farm1.static.flickr.com/77/227771282_da77f053ee.jpg
704,http://farm3.static.flickr.com/2021/2075656500_50a4effbca.jpg
705,http://static.flickr.com/178/445371295_8c8fc756ba.jpg
706,http://farm1.static.flickr.com/153/351718065_8f63a93145.jpg
707,http://farm3.static.flickr.com/2076/2218442006_e1e90df88a.jpg
708,http://farm1.static.flickr.com/186/432906831_2d54a319cd.jpg
709,http://farm3.static.flickr.com/2131/2094255649_057e8fd1d0.jpg
710,http://farm2.static.flickr.com/1358/640209973_66b04e3cda.jpg
711,http://www.bullterrier.kiev.ua/photo49/004.jpg
712,http://farm3.static.flickr.com/2133/2145571686_a2fd740d4d.jpg
713,http://farm1.static.flickr.com/33/46610899_38301eaba2.jpg
714,http://upload.wikimedia.org/wikipedia/commons/thumb/8/83/Bull_Terrier_R_01.jpg/800px-Bull_Terrier_R_01.jpg
715,http://farm3.static.flickr.com/2405/1715745195_77e646890b.jpg
716,http://thebullterrierclub.ca/Pic_tmp/index.1.jpg
717,http://farm3.static.flickr.com/2206/2063119524_77777cca84.jpg
718,http://farm1.static.flickr.com/31/100946620_43ab1d9be9.jpg
719,http://www.bullterrier.kiev.ua/photo28/008.jpg
720,http://www.razabullterrier.com/Fotos_Bull_Terrier_Colombia/ARGOSBULLWHITE/argos075.jpg
721,http://farm1.static.flickr.com/31/98364605_65c5aa5edf.jpg
722,http://www.bullterrier.kiev.ua/photo21/003.jpg
723,http://www.dogs4sale.com.au/Breeds/Bull_Terrier/Fact_Sheets/Vogueabull_Haines2.jpg
724,http://www.bullterrier.kiev.ua/photo43/008.jpg
725,http://www.bullterrier.kiev.ua/photo47/008.jpg
726,http://www.geocities.com/bullveterrier/Beckythebull.jpg
727,http://farm1.static.flickr.com/4/3984141_a90a0c273a.jpg
728,http://farm2.static.flickr.com/1052/1390992268_cbcc47d7fe.jpg
729,http://farm3.static.flickr.com/2108/2067369722_285d4e5a25.jpg
730,http://farm1.static.flickr.com/156/357377539_f9f3633393.jpg
731,http://www.bullterrier.kiev.ua/photo39/013.jpg
732,http://farm1.static.flickr.com/122/258445330_2483258620.jpg
733,http://www.inkypaw.com/bull-terrier.jpg
734,http://www.undertakers-miniature.de/assets/images/Suslik2..JPG
735,http://farm1.static.flickr.com/43/77911479_06af97e25a.jpg
736,http://www.pannonszepe-bullterrier.hu/ikon.php?iw=200&img;=kepek_db_kutyak1/HJCH._Pannonszepe_Ice_Bomb_Jethro.jpg
737,http://farm1.static.flickr.com/192/460946921_cd466f8a62.jpg
738,http://farm1.static.flickr.com/26/44790629_8ed582660d.jpg
739,http://farm1.static.flickr.com/187/386857232_d2c833d862.jpg
740,http://farm1.static.flickr.com/85/258447279_df695dc486.jpg
741,http://farm2.static.flickr.com/1050/651435794_116045a221.jpg
742,http://farm1.static.flickr.com/39/77915184_960b22de31.jpg
743,http://www.bullterrier.kiev.ua/photo36/013.jpg
744,http://upload.wikimedia.org/wikipedia/commons/thumb/5/5f/Bullterrier.jpg/225px-Bullterrier.jpg
745,http://static.flickr.com/190/507889565_d34f39e8e0.jpg
746,http://farm1.static.flickr.com/192/460607606_6055d27d6f.jpg
747,http://static.flickr.com/42/118787620_698241eb54.jpg
748,http://farm1.static.flickr.com/215/491115203_ac81857a05.jpg
749,http://farm2.static.flickr.com/1302/776636754_f262433cd5.jpg
750,http://farm1.static.flickr.com/119/316013992_fffc6f1ac8.jpg
751,http://www.flodder-dierenwinkel.be/honden/foto/BT1.jpg
752,http://farm1.static.flickr.com/47/189139244_4ef5cea7d7.jpg
753,http://farm2.static.flickr.com/1035/908957139_0fb9c5f716.jpg
754,http://farm1.static.flickr.com/130/335606321_010904e4df.jpg
755,http://farm1.static.flickr.com/84/242451001_f6e0b011d4.jpg
756,http://farm1.static.flickr.com/49/126585013_0a3c304e41.jpg
757,http://farm1.static.flickr.com/110/258437680_bf24e85118.jpg
758,http://farm1.static.flickr.com/45/120490382_6f5d5b4787.jpg
759,http://farm1.static.flickr.com/37/77045090_b8434af2ca.jpg
760,http://farm1.static.flickr.com/113/310193227_acb10fa447.jpg
761,http://www.dogfriendly.com/server/general/gallery/images/00332.jpg
762,http://farm1.static.flickr.com/173/386873303_ecb496eed3.jpg
763,http://farm2.static.flickr.com/1184/1347113494_e61f67bb2d.jpg
764,http://farm1.static.flickr.com/152/373601826_be691aacfc.jpg
765,http://farm3.static.flickr.com/2207/2043786837_de435ab35b.jpg
766,http://www.bullterrier.kiev.ua/photo47/003.jpg
767,http://farm1.static.flickr.com/12/68371000_f913573ba9.jpg
768,http://farm1.static.flickr.com/220/460702161_4822e70557.jpg
769,http://farm1.static.flickr.com/24/88621072_274abb5e46.jpg
770,http://www.bullterrier.kiev.ua/photo36/023.jpg
771,http://farm1.static.flickr.com/71/167930683_510d68611e.jpg
772,http://img511.imageshack.us/img511/8544/dscf0026ahn0.jpg
773,http://farm1.static.flickr.com/30/98364505_78cd3080c2.jpg
774,http://www.razabullterrier.com/Fotos_Bull_Terrier_Colombia/Hagger/3.jpg
775,http://farm1.static.flickr.com/113/298840727_833b494b13.jpg
776,http://static.flickr.com/49/135972422_f7d2d844c7.jpg
777,http://static.flickr.com/20/70680867_5bab69b163.jpg
778,http://www.bullterrier.kiev.ua/photo27/012.jpg
779,http://farm1.static.flickr.com/141/373157938_1bc2b0331c.jpg
780,http://www.dogsindepth.com/terrier_dog_breeds/images/bull_terrier_v01.jpg
781,http://farm1.static.flickr.com/64/194257341_4f1f7e5125.jpg
782,http://static.flickr.com/112/308866628_82cf47a8d4.jpg
783,http://84.20.31.133/images/786/78668296337.jpg
784,http://farm1.static.flickr.com/147/386964983_aa0ac8ffb8.jpg
785,http://farm1.static.flickr.com/43/84453940_34eacb56ba.jpg
786,http://static.flickr.com/152/377222060_bb619443b1.jpg
787,http://farm1.static.flickr.com/35/71002743_b91cd7cfab.jpg
788,http://farm1.static.flickr.com/189/514733184_746cdc2a26.jpg
789,http://farm1.static.flickr.com/42/123535134_018f1d3f65.jpg
790,http://static.flickr.com/155/345896723_253fc57a91.jpg
791,http://farm1.static.flickr.com/119/302737754_819a1c749d.jpg
792,http://farm2.static.flickr.com/1150/531335517_9b96109fe6.jpg
793,http://static.flickr.com/5/8379580_49fae93880.jpg
794,"http://www.petsplace.co.za/Bull%20terrier,%20white.jpg"
795,http://farm1.static.flickr.com/94/254404839_5e346d8086.jpg
796,http://www.btca.com/rescue/images/bull_terrier.jpg
797,http://farm1.static.flickr.com/145/377222053_1f41370895.jpg
798,http://farm3.static.flickr.com/2130/2075834021_949d95325f.jpg
799,http://farm1.static.flickr.com/24/89012094_c396ed8f99.jpg
800,http://farm3.static.flickr.com/2188/1801094185_f18eb832c7.jpg
801,http://farm3.static.flickr.com/2041/1569114698_8f0730330e.jpg
802,http://farm1.static.flickr.com/167/414712721_8ef07e5f31.jpg
803,http://www.bullterrier.kiev.ua/photo28/002.jpg
804,http://farm3.static.flickr.com/2198/2103962418_d9bd425e6b.jpg
805,http://farm1.static.flickr.com/147/434398029_6b0b99e400.jpg
806,http://farm2.static.flickr.com/1198/1122130034_cf9243e43e.jpg
807,http://www.bullterrier.kiev.ua/photo54/022.jpg
808,http://www.bullterrier.kiev.ua/photo23/016.jpg
809,http://farm1.static.flickr.com/29/60106667_44c5928c3e.jpg
810,http://farm1.static.flickr.com/56/128816796_022f626c91.jpg
811,http://farm1.static.flickr.com/98/239597952_a8743127b1.jpg
812,http://www.bullterrier.kiev.ua/photo32/011.jpg
813,http://farm1.static.flickr.com/232/520154538_8bd9240002.jpg
814,http://farm1.static.flickr.com/29/63761540_3ff9eab903.jpg
815,http://www.laboutiquedumolosse.com/PHOTOS-CHIENS/PHOTO_BULL_TERRIER/photo_bull_terrier-128.jpg
816,http://farm1.static.flickr.com/40/81745976_31e8783bcd.jpg
817,http://static.flickr.com/17/124025318_c56eb97ed8.jpg
818,http://farm1.static.flickr.com/184/460698543_bf62d4d6e2.jpg
819,http://farm1.static.flickr.com/198/503743660_9c55dcd950.jpg
820,http://farm1.static.flickr.com/53/131851222_f6af1a96fe.jpg
821,http://farm1.static.flickr.com/39/87906478_ee479d39d8.jpg
822,http://www.uexplore.com/breeds/bullterrier.jpg
823,http://farm3.static.flickr.com/2224/1572432089_1847b76c23.jpg
824,http://farm2.static.flickr.com/1375/1309974943_81d0e5094b.jpg
825,http://www.bullterrier.kiev.ua/photo22/020.jpg
826,http://farm1.static.flickr.com/89/271717546_c1f89d576e.jpg
827,http://farm1.static.flickr.com/42/87828128_93e3e23082.jpg
828,http://www.selectsmart.com/DOG/bullterrier.jpg
829,http://farm3.static.flickr.com/2131/2186273516_dea32825de.jpg
830,http://farm1.static.flickr.com/228/473412363_448e7d2e87.jpg
831,http://farm2.static.flickr.com/1028/871849141_8e7cba2fd1.jpg
832,http://www.bullterrierphotovideos.com/fotos/imagenes/04_06_2004/04.jpg
833,http://www.razabullterrier.com/Fotos_Bull_Terrier_Chile/Morin_Yuyin/1.jpg
834,http://www.bullterrier.kiev.ua/photo25/006.jpg
835,http://farm1.static.flickr.com/22/29481271_b6fc748254.jpg
836,http://farm1.static.flickr.com/44/155245708_474c9b7a9e.jpg
837,http://farm2.static.flickr.com/1026/1134642967_02a5e366d2.jpg
838,http://www.dallasnews.com/sharedcontent/dws/img/02-06/0214rufus.jpg
839,http://farm1.static.flickr.com/41/113578889_acc7f806aa.jpg
840,http://farm2.static.flickr.com/1139/1193561921_319c04a3e9.jpg
841,http://farm1.static.flickr.com/116/366908541_e54efd2b90.jpg
842,http://farm3.static.flickr.com/2306/2190395846_ae33b9c1da.jpg
843,http://static.flickr.com/110/299818874_42b2cdeae7.jpg
844,http://web.comhem.se/~u96400043/Buddy008.JPG
845,http://farm3.static.flickr.com/2135/1817554794_97cf2f3827.jpg
846,http://farm3.static.flickr.com/2277/1492301764_9b0bc4e398.jpg
847,http://www.bullterrierclub-qld.com/2005_award_dog.jpg
848,http://farm1.static.flickr.com/30/99297215_4e951c5b8d.jpg
849,http://farm1.static.flickr.com/45/151529596_576967f3b9.jpg
850,http://www.ruh-privat.de/Bilder/mein%201%20tag%2000.gif
851,http://static.flickr.com/49/176832784_fb088d7d64.jpg
852,http://farm1.static.flickr.com/76/195119805_679fdd9c70.jpg
853,http://farm3.static.flickr.com/2239/2239608688_630c345eb0.jpg
854,http://farm1.static.flickr.com/227/524854213_17d71ee1ca.jpg
855,http://farm1.static.flickr.com/110/316015616_c609e84956.jpg
856,http://farm2.static.flickr.com/1158/895632160_6b07f82943.jpg
857,http://www.bullterrier.kiev.ua/photo23/023.jpg
858,http://farm1.static.flickr.com/60/222285600_0c00ae5633.jpg
859,http://www.bullterrier.kiev.ua/photo31/020.jpg
860,http://farm1.static.flickr.com/157/395543408_6d5a1c055e.jpg
861,http://203.89.255.42/pic/19s/2705418_1_md.jpg
862,http://farm1.static.flickr.com/231/456935167_01faeb40e9.jpg
863,http://farm1.static.flickr.com/71/167687274_9d33cf13f6.jpg
864,http://farm2.static.flickr.com/1123/559554176_7943ee854b.jpg
865,http://www.ramerie.com/images/1018.jpg
866,http://farm1.static.flickr.com/157/346025764_39e0a79e1b.jpg
867,http://static.flickr.com/1272/542365020_b64d4e0fe4.jpg
868,http://farm1.static.flickr.com/26/63445899_15f5ee1fc8.jpg
869,http://static.flickr.com/148/357386754_2c31b4f1bb.jpg
870,http://static.flickr.com/207/482125352_7ed9bad9c3.jpg
871,http://farm1.static.flickr.com/101/310193230_b7ddb981b9.jpg
872,http://www.perrosdelaargentina.com.ar/imagth/bullterrier02-419.JPG
873,http://farm2.static.flickr.com/1165/1278640068_c4754aca9c.jpg
874,http://farm2.static.flickr.com/1274/1117306597_292d052b55.jpg
875,http://farm1.static.flickr.com/145/347916429_c87acc5d86.jpg
876,http://farm1.static.flickr.com/228/453474722_b679572348.jpg
877,http://i209.photobucket.com/albums/bb246/Dragan_Z/9m.jpg
878,http://www.wagandfetch.com/images/breeds/breed_bull_terrier.jpg
879,http://farm1.static.flickr.com/135/388096061_6452afdaa3.jpg
880,http://www.bullterrier.kiev.ua/photo47/020.jpg
881,http://www.terrierman.com/pattonwithwillie1944-b.jpg
882,http://farm1.static.flickr.com/31/59402399_528a83426d.jpg
883,http://farm2.static.flickr.com/1327/1110095639_df5a538c2c.jpg
884,http://www.hondentips.com/kk_tn_bullterrier.jpg
885,http://farm1.static.flickr.com/146/436932529_bb132817ef.jpg
886,http://www.kennels.co.uk/images/Ter.BullTerrier.jpg
887,http://farm2.static.flickr.com/1201/1070850966_3903815789.jpg
888,http://www.bullterrier.kiev.ua/photo49/010.jpg
889,http://farm2.static.flickr.com/1426/800654696_94e6bd7f93.jpg
890,http://farm3.static.flickr.com/2369/2201217696_191cd8c7a7.jpg
891,http://farm2.static.flickr.com/1385/696055177_853366b985.jpg
892,http://farm1.static.flickr.com/13/88620528_db4a4fc25f.jpg
893,http://farm1.static.flickr.com/113/316013359_44234ce8ec.jpg
894,http://www.evcilkopekler.com/fotolar/kucuk1113492379bull_terrier_1.jpg
895,http://static.flickr.com/1252/640210779_a6cbb23ac2.jpg
896,http://farm3.static.flickr.com/2382/2083957377_56f5a44f3e.jpg
897,http://farm1.static.flickr.com/209/508291378_3fc7cd4eea.jpg
898,http://static.flickr.com/120/316013610_91d4e8499a.jpg
899,http://farm3.static.flickr.com/2059/2076725312_cc981262d0.jpg
900,http://farm2.static.flickr.com/1247/1403666072_a567d603cc.jpg
901,http://farm3.static.flickr.com/2354/1974796097_dad506df9c.jpg
902,http://farm1.static.flickr.com/135/324312207_ba9cfb55b4.jpg
903,http://farm1.static.flickr.com/129/394042738_931a5761da.jpg
904,http://farm2.static.flickr.com/1305/1150728601_e108ab8265.jpg
905,http://static.flickr.com/1139/762623924_3b568ca53f.jpg
906,http://thumb16.webshots.net/s/thumb2/5/68/72/25956872mpCmtlQGoa_th.jpg
907,http://farm3.static.flickr.com/2233/1634420715_3810fb2b8e.jpg
908,http://farm1.static.flickr.com/163/346996686_425cbad716.jpg
909,http://farm1.static.flickr.com/35/98364470_ae03797a11.jpg
910,http://farm1.static.flickr.com/49/174266187_c260384490.jpg
911,http://farm3.static.flickr.com/2202/2211045646_a3df4790b8.jpg
912,http://static.flickr.com/78/212398105_cf5d1c5e0d.jpg
913,http://farm1.static.flickr.com/79/258444576_feaeeb37e8.jpg
914,http://www.perrosdelaargentina.com.ar/iesp-imgth/bullterrier34-5529.JPG
915,http://farm1.static.flickr.com/163/372279384_6217df5bb6.jpg
916,http://cache.boston.com/bonzai-fba/AP_Photo/2006/02/15/1140013165_1792.jpg
917,http://farm3.static.flickr.com/2225/1573295142_fa728e581c.jpg
918,http://farm1.static.flickr.com/54/186737006_70ccfe584a.jpg
919,http://farm1.static.flickr.com/27/61356203_7897e5f54a.jpg
920,http://farm1.static.flickr.com/155/357384535_96adccb2fa.jpg
921,http://farm3.static.flickr.com/2090/1581260806_d9f93041f4.jpg
922,http://www.bullterrier.kiev.ua/photo31/006.jpg
923,http://farm1.static.flickr.com/130/372359111_9138a82ddf.jpg
924,http://farm3.static.flickr.com/2210/2076427287_a994973587.jpg
925,http://farm1.static.flickr.com/103/258438528_7113e57928.jpg
926,http://farm3.static.flickr.com/2382/2078809268_93744a38e4.jpg
927,http://farm3.static.flickr.com/2412/2180778158_702c36b7a1.jpg
928,http://farm1.static.flickr.com/45/140530110_0bb09c26ab.jpg
929,http://farm1.static.flickr.com/175/473393658_7151bffb76.jpg
930,http://static.flickr.com/102/270877043_81ab315040.jpg
931,http://farm1.static.flickr.com/151/349123402_2601a7223c.jpg
932,http://farm3.static.flickr.com/2001/2195893845_ed3338b4cc.jpg
933,http://farm3.static.flickr.com/2199/2105920637_f163a62b40.jpg
934,http://farm1.static.flickr.com/56/165572257_cfe6f1b08f.jpg
935,http://farm1.static.flickr.com/151/437973439_ae83ac2972.jpg
936,http://farm1.static.flickr.com/224/508289832_f2348fc3b5.jpg
937,http://www.wdr.de/online/news/kampfhunde_importverbot/img/bullterrier.jpg
938,http://static.flickr.com/1111/1257461444_9e06d2d3d9.jpg
939,http://farm1.static.flickr.com/104/293078086_90016b5416.jpg
940,http://farm1.static.flickr.com/40/78735477_5e75ebab54.jpg
941,http://static.flickr.com/1365/640211247_efe3fabff5.jpg
942,http://farm2.static.flickr.com/1169/544071974_fde6f60784.jpg
943,http://farm2.static.flickr.com/1076/1064268449_03c9bd8596.jpg
944,http://farm3.static.flickr.com/2024/2130069202_b96372602e.jpg
945,http://farm3.static.flickr.com/2246/1617407062_4dfe4572c2.jpg
946,http://farm1.static.flickr.com/232/524911375_c467a38ceb.jpg
947,http://farm1.static.flickr.com/33/91641764_1bc97bbdd2.jpg
948,http://www.gotdogsonline.com/bull-terrier-pictures-breeders-puppies-rescue/pictures/bull-terrier-0004.jpg
949,http://farm1.static.flickr.com/29/48223597_cfbc4f7c5e.jpg
950,http://farm1.static.flickr.com/34/73161148_72987a6a3a.jpg
951,http://farm3.static.flickr.com/2389/2138610767_fd8bd0372b.jpg
952,http://farm1.static.flickr.com/5/7710420_c97a8b36d8.jpg
953,http://farm2.static.flickr.com/1435/1225294759_ea1151cfff.jpg
954,http://static.flickr.com/92/258436778_ff008324da.jpg
955,http://farm1.static.flickr.com/208/512013254_5fb7606453.jpg
956,http://farm3.static.flickr.com/2062/1815272684_67eda92e04.jpg
957,http://farm2.static.flickr.com/1386/541486651_6a1b687e6e.jpg
958,http://farm1.static.flickr.com/202/508300918_ef73e12198.jpg
959,http://farm1.static.flickr.com/2/2696953_9d46689a51.jpg
960,http://farm1.static.flickr.com/32/64231073_3bed3b6a14.jpg
961,http://farm3.static.flickr.com/2062/2159665473_fa2314943e.jpg
962,http://static.flickr.com/40/87484228_ec15b30636.jpg
963,http://farm1.static.flickr.com/171/481259337_b0c5cf3cb9.jpg
964,http://www.hondenplaza.nl/page/miniatuurbullterrier/2.jpg
965,http://www.petnews.it/images/bullterrier.jpg
966,http://www.rudgeoriginals.com/imgs/bullterT.jpg
967,http://farm3.static.flickr.com/2141/2190382486_b98301fa15.jpg
968,http://www.gotpetsonline.com/pictures-gallery/dog-pictures-breeders-puppies-rescue/bull-terrier-pictures-breeders-puppies-rescue/pictures/bull-terrier-0038.jpg
969,http://farm1.static.flickr.com/78/213482891_d34194b4ca.jpg
970,http://farm2.static.flickr.com/1094/559581176_766679ddae.jpg
971,http://www.my-pet-medicine.com/wp-content/uploads/2006/11/Bull%20Terrier.jpg
972,http://farm1.static.flickr.com/45/258443052_e3fe699f55.jpg
973,http://farm1.static.flickr.com/155/384356035_90c20334ea.jpg
974,http://farm2.static.flickr.com/1009/1393916475_8008272b57.jpg
975,http://farm2.static.flickr.com/1308/559548926_7e1531821f.jpg
976,http://farm1.static.flickr.com/1/706263_3b37d18c86.jpg
977,http://farm3.static.flickr.com/2357/2066571653_b7f586da98.jpg
978,http://static.flickr.com/199/508330973_94fcee5b5c.jpg
979,http://farm1.static.flickr.com/33/49746225_a34a5fc309.jpg
980,http://www.bullterrier.kiev.ua/photo46/019.jpg
981,http://farm1.static.flickr.com/138/324285471_c61d8a8496.jpg
982,http://farm2.static.flickr.com/1042/543443625_cde56283c0.jpg
983,http://farm3.static.flickr.com/2224/2075833805_df13febeae.jpg
984,http://www.mascotamigos.com.ar/azteca/cachorros1.jpg
985,http://farm2.static.flickr.com/1041/1435319484_9b0115dc20.jpg
986,http://mothersagainstdomesticecoterrorism.com/sitebuildercontent/sitebuilderpictures/bull_terrier_flag_burnett.jpg
987,http://static.flickr.com/192/491099456_a2c60a53b2.jpg
988,http://farm1.static.flickr.com/221/470105410_b81411efd6.jpg
989,http://farm3.static.flickr.com/2351/2190373772_01c07df2a2.jpg
990,http://farm3.static.flickr.com/2412/2190388934_a7f91f214d.jpg
991,http://farm1.static.flickr.com/156/357379092_0252e7ada2.jpg
992,http://farm1.static.flickr.com/186/423392130_204829350f.jpg
993,http://www.secretsigns.de/gallery/fun/bullipolizei.gif
994,http://farm1.static.flickr.com/129/321276026_774f61c550.jpg
995,http://farm2.static.flickr.com/1076/1257468080_1f4acd4e1e.jpg
996,http://farm1.static.flickr.com/206/453496165_5d3d3504cc.jpg
997,http://farm1.static.flickr.com/146/347039235_c1d15d3ee1.jpg
998,http://farm1.static.flickr.com/28/46424489_02210f52d1.jpg
999,http://www.thebabysamshow.com/Critters_Stuff/Dogs/BullTerrier.jpg
1000,http://farm1.static.flickr.com/54/140530817_b293a4daa5.jpg
1001,http://farm2.static.flickr.com/1408/1010227699_5f95f28aa6.jpg
1002,http://static.flickr.com/28/38279418_67222e2134.jpg
1003,http://www.gotpetsonline.com/pictures-gallery/dog-pictures-breeders-puppies-rescue/bull-terrier-pictures-breeders-puppies-rescue/pictures/bull-terrier-0123.jpg
1004,http://farm1.static.flickr.com/104/310194554_f64137fb96.jpg
1005,http://www.housepetmagazine.com/contest3/gimli.jpg
1006,http://hunde.dyregalleri.dk/uploads_large_wm/216350.jpg
1007,http://www.petfriends.com.br/enciclopedia/images/Caes/bullterrier_2.gif
1008,http://farm3.static.flickr.com/2030/1935782643_713d76130d.jpg
1009,http://static.flickr.com/46/150618485_787e847a40.jpg
1010,http://www.laboutiquedumolosse.com/PHOTOS-CHIENS/PHOTO_BULL_TERRIER/photo_bull_terrier-138.jpg
1011,http://farm1.static.flickr.com/23/119374358_827cb80d76.jpg
1012,http://www.bullterrier.kiev.ua/photo23/017.jpg
1013,http://farm2.static.flickr.com/1082/541126243_3fcfb615dc.jpg
1014,http://farm1.static.flickr.com/164/347792932_43814aaec7.jpg
1015,http://www.dereto.com.mx/user/images/1620/16203951.jpg
1016,http://www.kampfkunstschulen-kastl.de/Kung_Fu/hunda_bullterrier.jpg
1017,http://farm3.static.flickr.com/2166/1717491400_6a88491b21.jpg
1018,http://farm1.static.flickr.com/206/482125268_ad73160df7.jpg
1019,http://static.flickr.com/117/256524388_9459af0634.jpg
1020,http://farm1.static.flickr.com/70/192619550_bc3b6e99dc.jpg
1021,http://farm1.static.flickr.com/35/120879394_0ee150762f.jpg
1022,http://farm1.static.flickr.com/108/298840426_970099af1a.jpg
1023,http://www.schulerothrist.ch/Archiv/1999-10PW/imgs/BULLTERRIER02.gif
1024,http://www.bullterrier.kiev.ua/photo53/022.jpg
1025,http://static.flickr.com/129/379502529_2448918c6c.jpg
1026,http://farm2.static.flickr.com/1179/1118186696_8a8a4a91b6.jpg
1027,http://www.laboutiquedumolosse.com/PHOTOS-CHIENS/PHOTO_BULL_TERRIER/photo_bull_terrier-63.JPG
1028,http://farm1.static.flickr.com/127/394039481_9ed0673d27.jpg
1029,http://farm2.static.flickr.com/1272/1342683052_a738f1d402.jpg
1030,http://farm1.static.flickr.com/108/295025820_22038b7b11.jpg
1031,http://farm1.static.flickr.com/140/319900299_25f6bfc3c0.jpg
1032,http://farm1.static.flickr.com/163/373591021_957c178b16.jpg
1033,http://farm1.static.flickr.com/85/245278429_c7445a5986.jpg
1034,http://farm1.static.flickr.com/35/91804811_fdf894eee2.jpg
1035,http://www.bullterrier.kiev.ua/photo25/009.jpg
1036,http://farm1.static.flickr.com/39/87068658_299120d0d5.jpg
1037,http://farm1.static.flickr.com/106/311051764_f5b76d8013.jpg
1038,http://farm1.static.flickr.com/109/283736459_e556344ea1.jpg
1039,http://www.puppydogweb.com/breeders/pic_images/bullterrier_progers4.jpg
1040,http://farm1.static.flickr.com/121/258441154_b52554af39.jpg
1041,http://farm1.static.flickr.com/148/350255572_6d42abc0e7.jpg
1042,http://farm1.static.flickr.com/185/447413263_a79196eefe.jpg
1043,http://farm3.static.flickr.com/2170/2068137843_5aed50c723.jpg
1044,http://farm1.static.flickr.com/28/56738743_ec73872a02.jpg
1045,http://mightybulls.at/img/fckeditor/Image/joeykl.jpg
1046,http://farm2.static.flickr.com/1116/544390511_5e566fcd59.jpg
1047,http://static.flickr.com/30/44790549_e61e258e98.jpg
1048,http://static.flickr.com/228/515827433_162f79020a.jpg
1049,http://static.flickr.com/65/173770132_4b390cb7b4.jpg
1050,http://www.eluniversal.com/estampas/img/120605/mascota_hog.jpg
1051,http://bp1.blogger.com/_07TDeRbO2EY/RyTkAHjD-_I/AAAAAAAACQI/9qG3xC98RyY/s320/0.jpg
1052,http://www.perrosdelaargentina.com.ar/iesp-imgth/bullterrier16-262.JPG
1053,http://farm1.static.flickr.com/51/150618259_b6f60d5f7a.jpg
1054,http://farm2.static.flickr.com/1177/775765483_aa7016dbf0.jpg
1055,http://www.infobae.com/adjuntos/imagenes/75/0047509B.jpg
1056,http://farm1.static.flickr.com/94/262525242_d8d6633754.jpg
1057,http://static.flickr.com/1243/1095833790_803e20f8bd.jpg
1058,http://farm1.static.flickr.com/225/506999091_94b4ecee2e.jpg
1059,http://farm1.static.flickr.com/142/328565067_ea636406fc.jpg
1060,http://farm1.static.flickr.com/185/424289910_f6a948c954.jpg
1061,http://farm2.static.flickr.com/1408/887261522_2e9e4e18aa.jpg
1062,http://farm1.static.flickr.com/46/111020735_2423e6824a.jpg
1063,http://www.weddingdog.com/img/category/wedog_BullTerrier.gif
1064,http://farm1.static.flickr.com/11/89136561_f2a6de398b.jpg
1065,http://farm1.static.flickr.com/25/64233887_97fd6d2e84.jpg
1066,http://www.mizzibull-bullterriers.com/Image3.jpg
1067,http://www.pedigreesearch.co.uk/breed_guides/graphics/bullterrier.jpg
1068,http://geoinfo.nmt.edu/staff/price/images/greer_dog.jpg
1069,http://farm2.static.flickr.com/1425/1171452456_6503d65f71.jpg
1070,http://farm3.static.flickr.com/2149/2155655473_4c66f9070a.jpg
1071,http://img.adoosimg.com/03004a53dfff1a42e5ba2a7d884a-1-3.jpg
1072,http://zergportal.de/files/zerg_7057_holly_bz_thumb.jpeg
1073,http://farm1.static.flickr.com/22/29482434_c977c62609.jpg
1074,http://www.bullterrier.kiev.ua/photo35/016.jpg
1075,http://farm1.static.flickr.com/166/394043325_3ab90eb5bf.jpg
1076,http://farm1.static.flickr.com/140/324281323_5bc6d5fa0f.jpg
1077,http://farm1.static.flickr.com/41/75969413_d8647062d5.jpg
1078,http://farm1.static.flickr.com/200/465897587_e789bda672.jpg
1079,http://farm3.static.flickr.com/2039/1590779627_e3b19f4bbd.jpg
1080,http://static.flickr.com/49/112513768_4a23412761.jpg
1081,http://farm3.static.flickr.com/2360/2170609028_906bb244c4.jpg
1082,http://farm2.static.flickr.com/1119/877013807_d2b42848bc.jpg
1083,http://farm1.static.flickr.com/47/112207186_689b92ad9a.jpg
1084,http://farm3.static.flickr.com/2161/2117504159_2861122953.jpg
1085,http://farm2.static.flickr.com/1056/860955174_37edb66665.jpg
1086,http://www.monteoscuro.com/cabeza-cachorro-bullterrier.jpg
1087,http://static.flickr.com/50/125978910_b425aad52e.jpg
1088,http://www.canaryzoo.com/Dog%20Species/miniature%20bull%20terrier.jpg
1089,http://farm1.static.flickr.com/69/171291243_22740133b5.jpg
1090,http://farm1.static.flickr.com/187/368206319_27ee6576cf.jpg
1091,http://farm1.static.flickr.com/232/447402504_ad9abfc8c3.jpg
1092,http://farm1.static.flickr.com/152/410120083_d199b5a9dd.jpg
1093,http://farm3.static.flickr.com/2044/1581460386_e2707a6bec.jpg
1094,http://farm1.static.flickr.com/88/261353152_928d65964e.jpg
1095,http://farm1.static.flickr.com/77/196252693_9e95825cb8.jpg
1096,http://www.mailboxranch.com/dogmantleclocks/bullterrier-th.jpg
1097,http://static.flickr.com/42/118663158_0ad48be39b.jpg
1098,http://farm1.static.flickr.com/65/201058125_b0de64ca72.jpg
1099,http://farm1.static.flickr.com/17/21194843_4634cf3b6d.jpg
1100,http://www.bullterrier.kiev.ua/photo46/017.jpg
1101,http://farm3.static.flickr.com/2045/2074865237_ec0e4b3bd9.jpg
1102,http://www.doglost.co.uk/data/Registered/myrtle.JPG
1103,http://farm2.static.flickr.com/1356/775762759_4a5050c653.jpg
1104,http://farm1.static.flickr.com/142/320955654_cb56579e47.jpg
1105,http://static.flickr.com/21/29796719_c6b5de3f65.jpg
1106,http://farm1.static.flickr.com/47/109205168_f3320438b5.jpg
1107,http://farm1.static.flickr.com/36/78735669_9c9077f033.jpg
1108,http://farm1.static.flickr.com/40/125218624_771c823c26.jpg
1109,http://farm2.static.flickr.com/1201/1476371016_4a14f82de0.jpg
1110,http://farm1.static.flickr.com/73/188021062_99484535ba.jpg
1111,http://farm3.static.flickr.com/2368/2081397396_0a9713f3f0.jpg
1112,http://static.flickr.com/24/44802412_7587db08d1.jpg
1113,http://farm1.static.flickr.com/137/386869274_deba3961f3.jpg
1114,http://static.flickr.com/38/79516598_33fad6dea3.jpg
1115,http://www.razabullterrier.com/Fotos_Bull_Terrier_Colombia/Dumas/martina_y_dumas.jpg
1116,http://farm1.static.flickr.com/196/512061371_5de75feeac.jpg
1117,http://farm1.static.flickr.com/38/99415202_c71773fb43.jpg
1118,http://www.bullterrier.net.pl/gfx/img_0752.jpg
1119,http://farm1.static.flickr.com/2/2387317_01375a4d42.jpg
1120,http://farm1.static.flickr.com/29/393987554_19cd4bb0c9.jpg
1121,http://molosse4.ifrance.com/image/bull%20terrier2.jpg
1122,http://www.redbullroyales.dk/DSC_03381.JPG-for-web-large.jpg
1123,http://farm3.static.flickr.com/2404/2143490719_cac5684916.jpg
1124,http://farm1.static.flickr.com/35/94792820_a21febab32.jpg
1125,http://farm1.static.flickr.com/70/227235392_3ba06b174f.jpg
1126,http://farm3.static.flickr.com/2024/1493303155_28861b41c4.jpg
1127,http://farm2.static.flickr.com/1032/1488662233_4000d00611.jpg
1128,http://farm1.static.flickr.com/162/339135971_1461dd33cc.jpg
1129,http://animals-and-pets.co.uk/dogs/thumbs/bull-terrier-dog.jpg
1130,http://img408.imageshack.us/img408/2315/bullterrier13ms.jpg
1131,http://static.flickr.com/201/508314145_5d1dd1c3f3.jpg
1132,http://farm1.static.flickr.com/229/508280932_c480bc8b77.jpg
1133,http://farm1.static.flickr.com/146/334592650_533d2ce330.jpg
1134,http://farm1.static.flickr.com/224/459799301_b65284eaba.jpg
1135,http://static.flickr.com/44/132592253_74ee0fd211.jpg
1136,http://farm3.static.flickr.com/2215/2076427143_a8a399c4d4.jpg
1137,http://farm1.static.flickr.com/117/305754331_de261f19df.jpg
1138,http://farm1.static.flickr.com/105/255188562_a4839f130f.jpg
1139,http://farm2.static.flickr.com/1323/1349589575_62c333123c.jpg
1140,http://farm3.static.flickr.com/2051/2139372222_1b00ae5580.jpg
1141,http://farm1.static.flickr.com/158/410111939_3f24ba9f75.jpg
1142,http://farm1.static.flickr.com/27/56739168_c359cfcd33.jpg
1143,http://farm1.static.flickr.com/176/447498154_9795769311.jpg
1144,http://static.flickr.com/29/58613303_c0308b4f25.jpg
1145,http://farm1.static.flickr.com/85/271720989_5f5b70b096.jpg
1146,http://farm2.static.flickr.com/1027/539565084_c0d7bec7da.jpg
1147,http://www.digitaldog.com/images/breeds/minbull.jpg
1148,http://www.elisanet.fi/red.rublev/kuvat/hinku11vko.jpg
1149,http://imalbum.aufeminin.com/album/D20061217/246283_2WJV3PN7FE4JDT31Y5Y1EU5VY22T84_bullterrier04_H221130_S.jpg
1150,http://farm1.static.flickr.com/64/174714996_2940b0546e.jpg
1151,http://farm1.static.flickr.com/53/140530472_62b174c68d.jpg
1152,http://static.flickr.com/53/152190029_7b7ccbca3a.jpg
1153,http://www.twistedfeather.com/store/media/5684l.jpg
1154,http://farm1.static.flickr.com/96/234048016_ba66602bde.jpg
1155,http://farm1.static.flickr.com/73/192080149_65962c7bf7.jpg
1156,http://farm2.static.flickr.com/1338/1487273099_0bd5005605.jpg
1157,http://farm2.static.flickr.com/1180/984812544_109fc3a396.jpg
1158,http://farm2.static.flickr.com/1440/1482580697_2c2d46c85f.jpg
1159,http://farm1.static.flickr.com/160/410113884_96906f3645.jpg
1160,http://farm2.static.flickr.com/1283/717425342_dea0e089d0.jpg
1161,http://www.bullterrier.kiev.ua/photo26/014.jpg
1162,http://farm1.static.flickr.com/174/410205051_5496b68515.jpg
1163,http://farm1.static.flickr.com/30/88620703_0117135058.jpg
1164,http://farm1.static.flickr.com/125/335606318_592475a2d4.jpg
1165,http://farm1.static.flickr.com/37/113902291_241fdde130.jpg
1166,http://farm1.static.flickr.com/157/403280964_dacb21e131.jpg
1167,http://farm2.static.flickr.com/1035/1383449809_06fefacd67.jpg
1168,http://farm1.static.flickr.com/39/124256832_f192716717.jpg
1169,http://farm3.static.flickr.com/2265/2115867548_0acb09f917.jpg
1170,http://farm3.static.flickr.com/2125/2200422669_4795fe274a.jpg
1171,http://farm3.static.flickr.com/2402/2216152535_0415e340a0.jpg
1172,http://farm2.static.flickr.com/1335/775763185_0edf8dd457.jpg
1173,http://newsday.typepad.com/photos/uncategorized/kirk_ruf_1.JPG
1174,http://www.gotpetsonline.com/pictures-gallery/dog-pictures-breeders-puppies-rescue/bull-terrier-pictures-breeders-puppies-rescue/pictures/bull-terrier-0041.jpg
1175,http://images.art.com/images/products/regular/12005000/12005835.jpg
1176,http://www.bullterrier.kiev.ua/photo24/007.jpg
1177,http://www.bullterrier.kiev.ua/photo40/017.jpg
1178,http://farm1.static.flickr.com/35/95167806_58de6ed5c3.jpg
1179,http://farm1.static.flickr.com/197/442571123_cd3f84e01b.jpg
1180,http://static.flickr.com/2136/1591666130_b4cdb8bed5.jpg
1181,http://farm1.static.flickr.com/134/344225055_6b612a853d.jpg
1182,http://farm1.static.flickr.com/147/357392056_3684e83f4a.jpg
1183,http://farm1.static.flickr.com/186/388474789_1c35ab56ef.jpg
1184,http://www.bullterrier.kiev.ua/photo44/013.jpg
1185,http://www.naturanimal.com/chiens/images/races/1/bull.jpg
1186,http://farm1.static.flickr.com/38/99959291_859acaaea2.jpg
1187,http://farm1.static.flickr.com/183/447410319_6e32fc93ca.jpg
1188,http://www.pragerrattler.ch/images/pragerrattlerw2_480.jpg
1189,http://farm1.static.flickr.com/154/357390189_c1e8d7cec2.jpg
1190,http://www.antik-leder.net/uploads/pics/Selim-Bullterrier.JPG
1191,http://farm1.static.flickr.com/9/82580117_ae2c10ba25.jpg
1192,http://farm2.static.flickr.com/1151/741018171_35229813f6.jpg
1193,http://farm1.static.flickr.com/56/186737007_c5e0210fc0.jpg
1194,http://farm2.static.flickr.com/1348/871779114_4060d66c9e.jpg
1195,http://www.bullterrier.kiev.ua/photo33/020.jpg
1196,http://static.flickr.com/3/3729359_bc3d78b536.jpg
1197,http://farm2.static.flickr.com/1003/877871994_e71026f696.jpg
1198,http://www.bullterrier.kiev.ua/photo32/017.jpg
1199,http://www.racedog.ws/bilder/23loAmigo1arBullterrier.jpg
1200,http://farm1.static.flickr.com/60/195488875_577b278556.jpg
1201,http://farm1.static.flickr.com/34/69740791_c3c778b3cc.jpg
1202,http://farm3.static.flickr.com/2118/2073962358_4f37bc8621.jpg
1203,http://farm2.static.flickr.com/1199/942210561_7b808940c7.jpg
1204,http://farm1.static.flickr.com/197/491113959_55c14aeb16.jpg
1205,http://farm3.static.flickr.com/2390/2068137731_9be1e81e08.jpg
1206,http://farm3.static.flickr.com/2128/1571777845_a87d1e6516.jpg
1207,http://farm1.static.flickr.com/23/94176325_96de071be6.jpg
1208,http://farm1.static.flickr.com/54/154120505_5f0cc82c5e.jpg
1209,http://farm3.static.flickr.com/2347/2016636136_8cb96b2608.jpg
1210,http://farm3.static.flickr.com/2393/1544516581_ff5ba2fffd.jpg
1211,http://static.flickr.com/36/83794634_80ca8bb2f4.jpg
1212,http://www.pupcity.com/images/adpics/07243171449173_1.jpg
1213,http://farm1.static.flickr.com/154/394043907_3b25830658.jpg
1214,http://farm2.static.flickr.com/1004/559581388_7083f78869.jpg
1215,http://farm1.static.flickr.com/176/385810982_8cae99b316.jpg
1216,http://farm2.static.flickr.com/1197/541505509_b1467c0002.jpg
1217,http://farm1.static.flickr.com/46/120105463_cbe5c41810.jpg
1218,http://farm3.static.flickr.com/2046/1816694327_9abf1d5f7c.jpg
1219,http://www.longdrive.org.uk/images/aboutus/Dog-in-the-Cot.jpg
1220,http://farm1.static.flickr.com/123/357392697_604e6aa640.jpg
1221,http://farm1.static.flickr.com/147/393978300_985b3ce858.jpg
1222,http://www.dogs-blog.finger-finder.com/terriers/_img/Bull_Terrier.jpg
1223,http://farm3.static.flickr.com/2297/2062496752_776ebfb4c2.jpg
1224,http://www.thegoldenelm.it/news/cuccioli1.jpg
1225,http://leicester.gumtree.com/posting_images/29/17361229__1197917056__1__1-19d57ff70e8d74ee46fd8c59cfe46b9a.__big__.jpg
1226,http://angleseycaninesociety.co.uk/resources/anglesey+show+Alfie+002.jpg
1227,http://www.cagliariannunci.it/img/annunci/annuncio_16436.JPG
1228,
