0,http://farm1.static.flickr.com/1/122131756_850af15cff.jpg
1,http://www.dogcoats.com/images/designs/d12.jpg
2,http://content.answers.com/main/content/wp/en/thumb/c/c2/180px-Pembroke_Welsh_Corgi_600.jpg
3,http://farm1.static.flickr.com/222/469611505_224eb32039.jpg
4,http://www.thewoofery.com/images/thumbs/cardigan-corgi-sm.jpg
5,http://dogwebs.net/CardiWest/images/getimage.asp?ID=16
6,http://farm1.static.flickr.com/41/106380642_e6c1b40f29.jpg
7,http://farm3.static.flickr.com/2284/1764243173_3f746d6501.jpg
8,http://static.flickr.com/2398/1815651251_3f86dfd951.jpg
9,http://farm1.static.flickr.com/82/239035135_e9abe21a19.jpg
10,http://static.flickr.com/2257/1765102916_1c89fcb366.jpg
11,http://farm1.static.flickr.com/129/320570009_dd13b8149f.jpg
12,http://farm1.static.flickr.com/99/296528414_242641e1dc.jpg
13,http://farm2.static.flickr.com/1385/698780438_1ddbb4e04f.jpg
14,http://farm3.static.flickr.com/2265/2076574805_ed916cca54.jpg
15,http://www.xtaceecwc.com/images/dscn3815_250x187.jpg
16,http://static.flickr.com/48/109939292_8f57c170ac.jpg
17,http://static.flickr.com/1132/1107962996_8815ac5d9b.jpg
18,http://farm2.static.flickr.com/1326/600097807_2279473e5b.jpg
19,http://farm3.static.flickr.com/2184/1764250969_07f9d56609.jpg
20,http://farm1.static.flickr.com/121/284413473_ded97ec076.jpg
21,http://static.flickr.com/44/178840643_2cdb326ac9.jpg
22,http://farm1.static.flickr.com/39/99095975_2023a1e7e0.jpg
23,http://static.flickr.com/2055/2042660392_acae2a780b.jpg
24,http://www.fordogonly.net/alldog/w2.jpg
25,http://farm1.static.flickr.com/35/122130761_2a58d8fbb9.jpg
26,http://static.flickr.com/2230/2117266740_282913a97c.jpg
27,http://static.flickr.com/35/116082480_60b2c871cb.jpg
28,http://aspenvalleyfilm.com/dogpix/jinkssmile.jpg
29,http://honden.vtsite.nl/foto/Welsh%20Corgi%20Pembroke.jpg
30,http://www.dogfriend.com/herding-corgi-card.jpg
31,http://static.flickr.com/1053/1108226318_bb7c444deb.jpg
32,http://farm1.static.flickr.com/131/357172839_ffdd6e5723.jpg
33,http://farm1.static.flickr.com/39/108785584_a738f02390.jpg
34,http://www.bluebonnetcardigancorgis.org/images/5corgis.jpg
35,http://www.calendars.com/images/012/1231/200500003826_hs.jpg
36,http://www.dogpage.us/images/steppenwolf/ch-tricreek-coedwig-zenith3-nap.jpg
37,http://server.hund.ch/fotos/fwelshcorgicardigan10.jpg
38,http://www.wakkee.nl/img/dftyrcdr/casperzit120407.jpg
39,http://farm3.static.flickr.com/2365/1509879946_5e99b9bb20.jpg
40,http://www.cardiganwelshcorgi.it/amantearose.jpg
41,http://farm1.static.flickr.com/83/245943814_92fce69d8a.jpg
42,http://static.flickr.com/55/147124569_467003559f_b.jpg
43,http://www.sobreperros.com/fotos/corgi_gales_cardigan/large/vCqju1Sp.jpg
44,http://static.flickr.com/1165/1245656454_d2eb833e5e.jpg
45,http://static.flickr.com/44/129603732_1d8448d1dd.jpg
46,http://farm3.static.flickr.com/2128/2041783845_c909ba0f86.jpg
47,http://www.garvincorgis.com/blugrasgaylesm.jpg
48,http://members.aol.com/marpardar/cookwrig.jpg
49,http://www.webfotoclub.nl/omegadogssubweb/Welsh%20Corgi%20Cardigans/thumbs/Welsh%20Corgi%20Cardigan%20Misty.jpg
50,http://www.geocities.com/bluetrixcardigans/rainbowcorgis.jpg
51,http://static.flickr.com/75/221236205_8fa5df93bb.jpg
52,http://farm1.static.flickr.com/142/402996435_e6903648b0.jpg
53,http://farm1.static.flickr.com/217/469611395_c7ed3ac79e.jpg
54,http://static.flickr.com/2353/2117268504_ec54dcfced.jpg
55,http://farm1.static.flickr.com/206/505683450_0b3819bccb.jpg
56,http://farm3.static.flickr.com/2067/2041741737_890f1c5776.jpg
57,http://farm3.static.flickr.com/2335/1491880482_f184aa2f8d.jpg
58,http://farm3.static.flickr.com/2074/2117266816_baeb137c19.jpg
59,http://www.alttilhundogkat.dk/6storage/579/3598/benya_jord_om_mund.jpg
60,http://farm3.static.flickr.com/2070/1509873412_816365939f.jpg
61,http://static.flickr.com/82/252643966_481a905a02.jpg
62,http://www.swanmodels.com/hunde/welsh_corgi_cardigan_134/1.jpg
63,http://content.answers.com/main/content/wp/en/thumb/0/0a/250px-Cardigan_Welsh_Corgi_600.jpg
64,http://hamayan.livedoor.biz/87257aa3.JPG
65,http://farm2.static.flickr.com/1278/969145447_61f33b6cef.jpg
66,http://farm3.static.flickr.com/2192/2042517404_ec7a3d864b.jpg
67,http://www.blkduckfarm.com/images/memocartoon060907-255x220.jpg
68,http://www.lupus.hjem.wanadoo.dk/racer2/Welsh%20corgi%20cardigan.JPG
69,http://www.walnutcreekfarm.net/images/449_10A.jpg
70,http://bluebonnetcardigancorgis.org/images/wd040715.jpg
71,http://www.playdogexcellent.com/images/Brags/Scout.jpg
72,http://farm3.static.flickr.com/2416/1491881256_c559115d2f.jpg
73,http://www.nzkc.org.nz/nds2005/images/5015.jpg
74,http://farm2.static.flickr.com/1390/1230320499_6a54336a76.jpg
75,http://farm2.static.flickr.com/1241/1429765659_910f3d7649.jpg
76,http://static.flickr.com/87/233658269_bd9befb504.jpg
77,http://gotpetsonline.com/pictures-gallery/dog-pictures-breeders-puppies-rescue/cardigan-welsh-corgi-pictures-breeders-puppies-rescue/pictures/cardigan-welsh-corgi-0006.jpg
78,http://pets-place.net/Breeds/CardiganWelshCorgiPhoto4.jpg
79,http://honden.dierenplanet.nl/images/welshcorgicardigan150_200.jpg
80,http://farm1.static.flickr.com/38/122131501_485ea36dce.jpg
81,http://www.jimmykellys.com/contest/rnd7/TobyMylls-400.jpg
82,http://www.welshcorgi.fr/francais/Galeries/photos_chiots/cardigan_male_noir.jpg
83,http://farm2.static.flickr.com/1018/1144949158_0e4a4c336a.jpg
84,http://farm3.static.flickr.com/2336/2042543256_12b8b71b38.jpg
85,http://www.dog-dogs.com/images/BreedPics/Wdogs/welshcorgi01.jpg
86,http://farm1.static.flickr.com/140/367748064_805e960d03.jpg
87,http://farm1.static.flickr.com/215/461030722_b0c65999c4.jpg
88,http://static.flickr.com/2330/2041721397_6c17c70e69.jpg
89,http://images.rescuegroups.org/fullsize/s148a30582m44967.jpg
90,http://www.welsh-corgi.ru/start/ru-eng-start_04.jpg
91,http://farm2.static.flickr.com/1087/600097669_7f2c665752.jpg
92,http://www.canis.no/oppdretter/rasebilder/rase_40_2.jpg
93,http://thumb15.webshots.net/t/64/64/7/38/21/424773821UPuUcA_th.jpg
94,http://www.fordogtrainers.com/ProductImages/dog-breeds-muzzles/Cardigan-Welsh-Corgi-muzzle-Cardigan-Welsh-Corgi.jpg
95,http://farm2.static.flickr.com/1418/1107310997_cfe70b84b4.jpg
96,http://www.welshcorgiclub.nl/Flanagen.jpg
97,http://www.tierfreundefrieswehde.de/hunderassen/w/images/hue26.jpg
98,http://static.flickr.com/184/432243802_1c79ea82f4.jpg
99,http://static.flickr.com/2209/2108929831_8daa9178da.jpg
100,http://static.flickr.com/226/483351222_b7e54c9d7f.jpg
101,http://www.tresordesvikings.ch/Images/Leika_1.jpg
102,http://www.firebirdarts.com/catalog/imagemagic.php?img=images/fur-d542bl.jpg&w;=100&h;=125&page;=
103,http://farm3.static.flickr.com/2102/2041787691_f208b6e832.jpg
104,http://farm2.static.flickr.com/1284/698791054_cea76ebc25.jpg
105,http://farm2.static.flickr.com/1287/863709539_41d4b8f72d.jpg
106,http://farm3.static.flickr.com/2318/1491025907_77d851587a.jpg
107,http://farm1.static.flickr.com/80/235959703_1361b7319e.jpg
108,http://farm1.static.flickr.com/50/108785798_c7fafdcb3a.jpg
109,http://www.silverliningsoriginals.com/cc/dogs/wscc1.jpg
110,http://www.pupsforsale.net/welsh_corgi_pembroke_02_puppies_for_sale.jpg
111,http://selfserve1.download.videoegg.com/gid369/cid1174/BI/L9/117907968407E79rYWFlBD8XHxjRoq_thumbnail.jpg
112,http://farm3.static.flickr.com/2091/2042586504_d9d277542c.jpg
113,http://farm1.static.flickr.com/85/251349386_f781ed253e.jpg
114,http://static.flickr.com/85/252644627_1dfbe4d72e.jpg
115,http://static.flickr.com/2019/2042519230_d8b97e3ba0.jpg
116,http://farm3.static.flickr.com/2181/1596176538_841c5db0aa.jpg
117,http://www.auction-success-tips.com/Dog%20Breed%20Books/Dog%20Ebook%20Covers/Ebook%20Covers/cardigan%20welsh%20corgi-small.jpg
118,http://farm1.static.flickr.com/125/421792417_bdc83252b2.jpg
119,http://www.leonberger.net/cms/immagini/immagini_cms/2007021912240542024129_1.jpg
120,http://farm3.static.flickr.com/2169/1491025497_8c5747e70c.jpg
121,http://www.greetingcarduniverse.com/images/csphoto/1107/00/00/13/14/20/55411_thmb.jpg
122,http://www.indypaws.com/photos/profile/28943.jpeg
123,http://farm2.static.flickr.com/1424/1355857537_c4864b3494.jpg
124,http://farm1.static.flickr.com/41/122093571_59a2fbdab6.jpg
125,http://www.charms-store.com/images/products_images/11P002100000068-L.jpg
126,http://www.renegaranimalhospital.com/images/Corgi_2.jpg
127,http://farm1.static.flickr.com/37/82326087_4838c25926.jpg
128,http://tigerrrkat.phoenixwing.com/albums/Corgi/Cardigan_Corgy_001.thumb.jpg
129,http://www.dog-breeds.name/pictures/cardigan-welsh-corgi/cardigan-welsh-corgi-3tn.jpg
130,http://static.flickr.com/2053/1815845955_1d06868197.jpg
131,http://static.flickr.com/80/271089882_fc94cac8cc.jpg
132,http://www.kgcf.co.kr/image/cardigan_welsh_corgi.jpg
133,http://farm2.static.flickr.com/1402/1250011666_cd1cd022bf.jpg
134,http://www.clapper.org/menagerie/basil-4-small.jpg
135,http://www.redrival.com/welshclans/images/faypups02.jpg
136,http://static.flickr.com/1429/1245635078_c43a55d534.jpg
137,http://farm2.static.flickr.com/1275/656820237_0f06db8fbe.jpg
138,http://www.mikatura.com/images/sallyrose/sraugust2007.jpg
139,http://www.abrahamfam.com/images/PBatDog2.jpg
140,http://www.huntinghorn.com/Jewelry/Thumbnails/CorgiThumbnails/Welsh-Corgi-Pembroke-LT-Enamel_jpg.jpg
141,http://farm1.static.flickr.com/5/7746818_d28430ee82.jpg
142,http://www.champdogs.co.uk/images/s453p1.jpg
143,http://www.lybertycardigans.com/images/Ad_photo_IMG_7628.jpg
144,http://www.puppydogweb.com/gallery/cardiganwelshcorgi/cardiganwelshcorig_jenawitschie.jpg
145,http://static.flickr.com/235/1513861503_9e81cf49fd.jpg
146,http://static.flickr.com/19/98847873_ff8511b798.jpg
147,http://farm1.static.flickr.com/90/235959700_2c4c61119a.jpg
148,http://farm1.static.flickr.com/162/345518102_4f2a2fe73c.jpg
149,http://farm1.static.flickr.com/174/433797247_aee792f525.jpg
150,http://www.hauva.com/files/images/corgi1.JPG
151,http://www.barneys-dog-guide.com/image-files/welshcorgicardigan1.gif
152,http://farm2.static.flickr.com/1279/600098685_c88247bc49.jpg
153,http://static.flickr.com/90/231977211_054b27254c.jpg
154,http://farm1.static.flickr.com/159/433797839_e46f8170e9.jpg
155,http://static.flickr.com/122/293926958_ac2bfb292c.jpg
156,http://www.viarural.com.ar/viarural.com.ar/ganaderia/mascotas/pets/perros9/welsh-corgi-cardigan01.jpg
157,http://farm3.static.flickr.com/2025/2116487471_8568e23067.jpg
158,http://static.flickr.com/182/433797111_d2b9f9eb2c.jpg
159,http://farm1.static.flickr.com/34/122131110_fd22c77c66.jpg
160,http://farm3.static.flickr.com/2285/1595263657_d8227576f2.jpg
161,http://www.deafdogsatlas.com/imgUSAad/picCABelle.jpg
162,http://www.breederretriever.com/photopost/data/608/thumbs/corgi.jpg
163,http://farm3.static.flickr.com/2069/1662181573_3cbacc5249.jpg
164,http://www.cfbrh-lg-bayern-nord.de/images/welsh_corgi1.jpg
165,http://farm1.static.flickr.com/68/164781465_389a65f818.jpg
166,http://farm1.static.flickr.com/92/241613391_7c0124d762.jpg
167,http://www.senri.ed.jp/departments/OISTech/OISDT/gr8dt/std_wk/rico/16.jpg
168,http://farm1.static.flickr.com/130/320569993_0a92960f54.jpg
169,http://farm1.static.flickr.com/37/100695222_bedfd453fa.jpg
170,http://www.freewebs.com/mylyncorgi/cFrankAug06.jpg
171,http://farm1.static.flickr.com/155/432243794_7f5525ba34.jpg
172,http://conchokennelclub.org/images/corgi%20small2.jpg
173,http://www.informacani.it/Cani_Razze/Foto/Fotocani_gruppi/welsh_corgie_cardigan.jpg
174,http://www.thriftyfun.com/images/petguides/Cardigan-Welsh-Corgi300x275.jpg
175,http://www.welshcorgicardigan.sk/wp-content/ClydeV2S.jpg
176,http://farm1.static.flickr.com/149/339706025_f399f8d2aa.jpg
177,http://farm1.static.flickr.com/23/34728298_b5fdbdc83b.jpg
178,http://www.ostergotlandskennelklubb.nu/skarlunda/corgi_4.jpg
179,http://www.o-sobakah.ru/images/site/151.jpg
180,http://www.kateconnick.com/postcards/scrappercardigan0605th.jpg
181,http://farm3.static.flickr.com/2215/1595276933_1632c99e89.jpg
182,http://www.swanmodels.com/hunde/welsh_corgi_cardigan_2/1.jpg
183,http://www.cardigan-welsh-corgi-dogs.com/pictures-images-photos/cardigan-welsh-corgis-04.jpg
184,http://static.flickr.com/243/453945432_6a1c2ae6b1.jpg
185,http://moonset.ca/hughie/rocks.jpg
186,http://farm3.static.flickr.com/2235/1509015639_8c63beb580.jpg
187,http://farm3.static.flickr.com/2211/2041766383_34cbd64c2b.jpg
188,http://www.cndog.net/dog_photo_big/2005-8/16/161099-6297.jpg
189,http://farm3.static.flickr.com/2311/2109655068_aa9e7beae5.jpg
190,http://farm1.static.flickr.com/47/129001938_f73bc04e8b.jpg
191,http://farm1.static.flickr.com/56/134313118_8f4c1400de.jpg
192,http://puppydogweb.com/gallery/cardiganwelshcorgi/cardiganwelshcorig_bolick.jpg
193,http://farm3.static.flickr.com/2350/1780521054_60ef20424e.jpg
194,http://farm2.static.flickr.com/1206/724986713_2afe1b0d63.jpg
195,http://farm3.static.flickr.com/2403/1595265099_d17a8f5a23.jpg
196,http://farm2.static.flickr.com/1224/1106894565_7a45f9f876.jpg
197,http://farm1.static.flickr.com/125/323053411_93c726590a.jpg
198,http://farm1.static.flickr.com/164/432243786_c433824f69.jpg
199,http://www.mypets.net.au/template_images/corgi.jpg
200,http://server.hund.ch/fotos/fwelshcorgicardigan17.jpg
201,http://farm3.static.flickr.com/2037/1509860378_e64ec5a5c4.jpg
202,http://farm3.static.flickr.com/2135/1509024821_3f7a09ebca.jpg
203,http://farm1.static.flickr.com/56/114796307_71e3c8a48e.jpg
204,http://www.dooziedog.com/dog_breeds/welsh_corgi_cardigan/main.jpg
205,http://www.sobreperros.com/fotos/corgi_gales_cardigan/large/fYXxkkx3.jpg
206,http://farm1.static.flickr.com/8/10489631_de6d15eca4.jpg
207,http://pets-place.net/Breeds/CardiganWelshCorgiPhoto5.jpg
208,http://farm2.static.flickr.com/1229/1107171826_c60b1f0fe4.jpg
209,http://www.hundeszene.de/int/images/rassen/welshcorgic/WCC1_300.jpg
210,http://farm1.static.flickr.com/138/390559876_bb50164fa8.jpg
211,http://farm1.static.flickr.com/51/134313076_e59c169cb9.jpg
212,http://welshclans.atspace.com/images/fellowfinch.jpg
213,http://www.keurmerkfokkers.homestead.com/Rassen/Fotos/Welsh_Corgi_Cardigan_Bitter.jpg
214,http://farm3.static.flickr.com/2128/1509000393_039af9c288.jpg
215,http://farm3.static.flickr.com/2211/2042627424_78c227f7ab.jpg
216,http://server.hund.ch/fotos/fwelshcorgicardigan15.jpg
217,http://farm1.static.flickr.com/66/164777752_4296d5edef.jpg
218,http://www.dogcafe.net/uploaded_images/Welsh-Corgi-Cardigan-705974.jpg
219,http://farm3.static.flickr.com/2363/1596190246_5e325bcca4.jpg
220,http://terrificpets.com/images/uploads/dogbreedsadv48.jpg
221,http://www.breederretriever.com/photopost/data/616/thumbs/cardigan_pup_2.jpg
222,http://67.15.62.77/_gallery/_TN/0262-0609-2420-5706_TN.jpg
223,http://farm1.static.flickr.com/211/483379193_eae0499814.jpg
224,http://abnormality.purpleflowers.net/crufts/pastoral/cardigan_welsh_corgi1.jpg
225,http://www.mazlicci.cz/files/images/10big_0.jpg
226,http://farm2.static.flickr.com/1218/1107862762_b3ef1c8c27.jpg
227,http://www.dogbreedinformation.com/images10/Cardigan%20Welsh%20Corgi4.jpg
228,http://farm2.static.flickr.com/1352/1107363427_c1f9aa5bcb.jpg
229,http://static.flickr.com/2175/2041842551_041972bfe1.jpg
230,http://static.flickr.com/1300/1106855043_f5897a4d67.jpg
231,http://static.flickr.com/50/129930920_f26c3d8ff8.jpg
232,http://www.waggerland.nl/afbeeldingen/Corgi's/Foster/003Fosterweb.jpg
233,http://www.puppydogweb.com/caninebreeds/dogimages/pembrokewelsh_pdw.jpg
234,http://farm2.static.flickr.com/1118/1107315243_ef280404e0.jpg
235,http://farm1.static.flickr.com/105/291831524_db25ddf09f.jpg
236,http://www.mvrcurlyhorses.com/images/corgi2.jpg
237,http://farm3.static.flickr.com/2237/1595257519_78e2d6c847.jpg
238,http://www.caninecrib.com/dog/images/CardiganCorgiBlack_s.jpg
239,http://www.dog-breeds-and-gifts.com/images/Cardigan-Welsh-Corgi-2.jpg
240,http://www.waggerland.nl/webimages/top_corgi.gif
241,http://farm1.static.flickr.com/254/516892326_d4c310dc95.jpg
242,http://www.dog-breeds-and-gifts.com/images/Cardigan-Welsh-Corgi-1.jpg
243,http://farm3.static.flickr.com/2162/1509869994_d5b892ef0e.jpg
244,http://farm1.static.flickr.com/197/469611537_037b50a27d.jpg
245,http://static.flickr.com/2152/2113264147_577a6f7cdf.jpg
246,http://www.wakkee.nl/img/dftyrcdr/clu1.jpg
247,http://farm3.static.flickr.com/2033/2116488299_dde619ec51.jpg
248,http://farm3.static.flickr.com/2076/2051587928_11d7dcffb0.jpg
249,http://www.freewebs.com/immes/Angel%20til%20web.JPG
250,http://farm1.static.flickr.com/221/469611521_1ec6441e4e.jpg
251,http://farm3.static.flickr.com/2256/1514733558_344913d559.jpg
252,http://www.gotcorgi.com/images/tn_UnknownDog1.jpg
253,http://farm3.static.flickr.com/2364/1595270213_4325e4276c.jpg
254,http://www.lap-kennel.com/newdad/newimages/WC011.jpg
255,http://upload.wikimedia.org/wikipedia/commons/thumb/0/04/NordJW-06_Mudpaws_Duke_Silver.jpg/120px-NordJW-06_Mudpaws_Duke_Silver.jpg
256,http://farm2.static.flickr.com/1334/1107019479_ed3fa0a6a9.jpg
257,http://static.flickr.com/2160/2077362846_ba98920486.jpg
258,http://static.flickr.com/140/326046899_a1d1e5ab0d.jpg
259,http://farm1.static.flickr.com/163/367748059_b7bd4a7a2d.jpg
260,http://www.lybertycardigans.com/images/legohead.jpg
261,http://farm3.static.flickr.com/2242/2110003170_0203df4a54.jpg
262,http://farm3.static.flickr.com/2208/1514730518_520817fb31.jpg
263,http://farm3.static.flickr.com/2240/2042572422_c078ca0295.jpg
264,http://farm2.static.flickr.com/1343/852695865_98a71ddc5b.jpg
265,http://farm1.static.flickr.com/175/429760569_aed86e6f0f.jpg
266,http://static.flickr.com/1306/1348670784_34a9bdbfaf.jpg
267,http://static.flickr.com/83/241614941_9b477403dc.jpg
268,http://www.sainthilairespark.com/image-027.jpg
269,http://farm2.static.flickr.com/1419/1108148968_acf713bca2.jpg
270,http://farm3.static.flickr.com/2398/2041484425_3e7cc37855.jpg
271,http://farm2.static.flickr.com/1323/807574077_7ba5d201e1.jpg
272,http://static.flickr.com/78/164775216_8cd3f276a0.jpg
273,http://farm3.static.flickr.com/2058/2089580947_4ee86e91ca.jpg
274,http://caninecoalition.com/img/Welsh-Corgi--0.jpg
275,http://www.pdxdogs.com/images/Brags/Bombur_s.JPG
276,http://farm2.static.flickr.com/1429/742939080_a8c56fc43c.jpg
277,http://farm3.static.flickr.com/2359/1596149866_9c79132985.jpg
278,http://farm1.static.flickr.com/63/229808352_6c27c73b08.jpg
279,http://www.gotpetsonline.com/pictures-gallery/dog-pictures-breeders-puppies-rescue/cardigan-welsh-corgi-pictures-breeders-puppies-rescue/pictures-photos/cardigan-welsh-corgi-0005.jpg
280,http://static.flickr.com/2203/2041861715_e2a74b4f9c.jpg
281,http://www.vomghei.ch/Images/Kosak.jpg
282,http://www2.dogbreedinfo.com/images5/MixSadie.jpg
283,http://farm3.static.flickr.com/2363/1596175238_cd3a042bcf.jpg
284,http://www.kaliteliresimler.com/data/media/1626/1113541001cardigan_welsh_corgi_8.jpg
285,http://farm3.static.flickr.com/2340/2110009214_02dab71448.jpg
286,http://farm1.static.flickr.com/100/302611862_1ace3045a9.jpg
287,http://farm3.static.flickr.com/2364/2117267908_f517025d4e.jpg
288,http://files.dogster.com/pix/dogs/30/1330/1.jpg
289,http://static.flickr.com/2160/2042621946_5cfbdf28e1.jpg
290,http://www.dogchannel.com/images/articles/breed_profile_images/welsh-corgi-cardigan2.jpg
291,http://www.dragonsgate.net/tirnanog/images/KasaiMorwynSit400.jpg
292,http://farm3.static.flickr.com/2352/2090367956_c2e8eb222b.jpg
293,http://www.doggiedealer.com/dogphotos/627-Sredmalefront.jpg
294,http://www.cwcorgi.com/Aragorn/Drummer%202.jpg
295,http://farm1.static.flickr.com/63/164775209_dbc6e8cd21.jpg
296,http://farm1.static.flickr.com/8/7746646_8c7394d37d.jpg
297,http://static.flickr.com/1074/1107184888_b137000563.jpg
298,http://farm3.static.flickr.com/2014/2155573921_458c29d1ef.jpg
299,http://www.dog-breeds.name/pictures/cardigan-welsh-corgi/cardigan-welsh-corgi-1tn.jpg
300,http://farm2.static.flickr.com/1263/542340799_5f7633f152.jpg
301,http://farm1.static.flickr.com/40/122130512_2ba7c61c32.jpg
302,http://farm2.static.flickr.com/1054/1107682356_ef9f18cf94.jpg
303,http://www.sainthilairespark.com/image-016.jpg
304,http://farm1.static.flickr.com/44/164781464_0d80054500.jpg
305,http://www.lovemypet.com.au/images/172_head_picture_small.gif
306,http://moonset.ca/hughie/sparkalert.jpg
307,http://www.animals-express.com/upl/i877.jpg
308,http://farm1.static.flickr.com/85/242852920_bb172beba2.jpg
309,http://farm1.static.flickr.com/122/304428683_03a3ca1bfa.jpg
310,http://farm3.static.flickr.com/2173/1595269053_a684959a37.jpg
311,http://farm1.static.flickr.com/23/30340219_a381c65c06.jpg
312,http://www.enci.it/rivista/200504/CARDIGAN1.jpg
313,http://www.cfbrh-bayern-nord.de/images/welsh_corgi2.jpg
314,http://farm1.static.flickr.com/142/326046833_c2d7fafee2.jpg
315,http://farm2.static.flickr.com/1342/698788268_c8b92851d1.jpg
316,http://farm2.static.flickr.com/1324/1107022865_eab975863b.jpg
317,http://pieskie-zycie.za.pl/owczarki_i_psy_pasterskie/_images/welsh_corgi_cardigan1.jpg
318,http://www.totaldogcare.com.au/images/welsh%20Corgi-1.gif
319,http://farm2.static.flickr.com/1098/1464951977_de2dd0ba5f.jpg
320,http://farm3.static.flickr.com/2281/2042593862_7fe33cef2f.jpg
321,http://www.thebestlinks.com/images/thumb/0/0b/150px-CardiganCorgiBlack_wb.jpg
322,http://farm1.static.flickr.com/121/291840809_fb21e79c80.jpg
323,http://farm2.static.flickr.com/1343/1245650556_df6a26b09e.jpg
324,http://farm3.static.flickr.com/2356/2109226875_8deee46ec1.jpg
325,http://farm1.static.flickr.com/228/495701176_380705edc8.jpg
326,http://static.flickr.com/1173/1250010870_fbe8a9e672.jpg
327,http://www.petol.net/FDog/Cardigan%20Welsh%20Corgi/Cardigan%20Welsh%20Corgi.jpg
328,http://www.champdogs.co.uk/images/s1055p1.jpg
329,http://farm3.static.flickr.com/2318/1596161978_209d851c7c.jpg
330,http://farm2.static.flickr.com/1100/1107977891_1bf1e0c715.jpg
331,http://www.avonaire.dk/images/Skipperlille.jpg
332,http://farm1.static.flickr.com/166/346921657_1171c945fd.jpg
333,http://farm1.static.flickr.com/4/7494733_4ab0cd131b.jpg
334,http://farm1.static.flickr.com/55/105644246_ba6ba48553.jpg
335,http://farm2.static.flickr.com/1300/1108037276_74d23227e6.jpg
336,http://static.flickr.com/2276/2041809671_d4790cd042.jpg
337,http://farm1.static.flickr.com/35/100019887_902d17d14a.jpg
338,http://farm1.static.flickr.com/42/90146686_1f98e885f7.jpg
339,http://farm3.static.flickr.com/2367/1596177552_31b2a2b914.jpg
340,http://www.sainthilairespark.com/image-029.jpg
341,http://static.flickr.com/1290/1364825542_01ae9c7404.jpg
342,http://petsmartbebettertogether.com/user/3821/1972/medium/37e219db640839649d2d0f8ac35db803.jpg
343,http://farm3.static.flickr.com/2019/2042519230_d8b97e3ba0.jpg
344,http://farm1.static.flickr.com/121/304428682_f9b6bb5908.jpg
345,http://farm1.static.flickr.com/45/108785820_f6f004e635.jpg
346,http://www.nzkc.org.nz/nds2007/images/5043.jpg
347,http://koti.terrieri.net/sennijaaida/kuvat/oivis.JPG
348,http://www.cardigan-welsh-corgi-dogs.com/pictures-images-photos/cardigan-welsh-corgis-07.jpg
349,http://farm2.static.flickr.com/1007/1041919091_4d9dc96205.jpg
350,http://farm3.static.flickr.com/2251/1595279555_dcf435e1a1.jpg
351,http://www.paradisevalleycomics.com/images/chester-scooter.jpg
352,http://www.justdogbreeds.com/images/breeds/pembroke-welsh-corgi.jpg
353,http://farm3.static.flickr.com/2403/2117268364_b90f28bb70.jpg
354,http://farm1.static.flickr.com/113/251571555_c9e3631291.jpg
355,http://farm3.static.flickr.com/2172/1509864042_c941ab9079.jpg
356,http://www.qualitydogs.com/qdaffil/0866225730.jpg
357,http://farm3.static.flickr.com/2192/1595274087_06fad9ce2c.jpg
358,http://farm3.static.flickr.com/2371/1509861064_82b1165a57.jpg
359,http://www.kerfriden.com/Elevage/welsh_corgi/photographies/chien%20187.jpg
360,http://www.andrewwerber.com/solomon/Resize%20of%20DSC01375.JPG
361,http://farm1.static.flickr.com/17/20624097_31a2ce8cb8.jpg
362,http://farm2.static.flickr.com/1366/1107955194_c7251fdb8a.jpg
363,http://farm1.static.flickr.com/49/172405046_f7dcefcd68.jpg
364,http://farm1.static.flickr.com/100/293927006_db787520f2.jpg
365,http://farm3.static.flickr.com/2140/2041862993_9ea3992288.jpg
366,http://farm2.static.flickr.com/1157/969787628_cd47da2356.jpg
367,http://farm3.static.flickr.com/2294/2090367924_85a94a56ec.jpg
368,http://farm1.static.flickr.com/49/134312990_c55111b139.jpg
369,http://www.mpwoodcarver.com/Images/DoorToppers/WelshCorgiCardigan_small.jpg
370,http://farm1.static.flickr.com/139/334519608_6935cc6d27.jpg
371,http://farm1.static.flickr.com/165/421792392_7bfd2ce6fe.jpg
372,http://www.cabalcaninecandids.com/assets/images/5cardi.jpg
373,http://farm2.static.flickr.com/1325/1106848071_81b89c6cdc.jpg
374,http://static.flickr.com/21/164772149_af09cf1dac.jpg
375,http://static.flickr.com/2128/2041783845_c909ba0f86.jpg
376,http://farm3.static.flickr.com/2031/2089582631_48dc9393a3.jpg
377,http://farm1.static.flickr.com/150/433778049_3c4f1d72b3.jpg
378,http://farm3.static.flickr.com/2160/2077362846_ba98920486.jpg
379,http://www.doggoneglamorous.com/photos/AugelloFlags/Corgi%20PembWelsh%20copy.jpg
380,http://farm1.static.flickr.com/224/516892352_4e19a19c2b.jpg
381,http://img112.imageshack.us/img112/1016/maja2no4.jpg
382,http://farm2.static.flickr.com/1182/987058192_22edce5c11.jpg
383,http://static.flickr.com/2163/2041803817_f067c55f49.jpg
384,http://www.petpeoplesplace.com/resources/gallery/dogs/images/corgi01.jpg
385,http://farm3.static.flickr.com/2341/1596171472_999158affe.jpg
386,http://farm1.static.flickr.com/45/164775214_9a81cbb1c9.jpg
387,http://farm1.static.flickr.com/37/113959462_61d0f02055.jpg
388,http://www.breedneeds.com/panel/photos/welshcorgi.jpg
389,http://farm2.static.flickr.com/1358/1324894455_a11fd91732.jpg
390,http://farm1.static.flickr.com/50/129001935_7e5f1b0724.jpg
391,http://farm1.static.flickr.com/228/497385181_2589cea45b.jpg
392,http://kotisivu.suomi.net/kaverikoirat/kuvat/Poseeraus/oiva_paa.jpg
393,http://farm3.static.flickr.com/2284/1796798052_bd4613aee6.jpg
394,http://farm1.static.flickr.com/111/304130981_2fb0b55faf.jpg
395,http://farm1.static.flickr.com/160/398757235_192e8506a3.jpg
396,http://farm3.static.flickr.com/2297/1816203597_224eafc610.jpg
397,http://farm1.static.flickr.com/36/85082591_51b05cae16.jpg
398,http://farm1.static.flickr.com/139/323056409_a3038b4d44.jpg
399,http://farm1.static.flickr.com/28/100019905_9e5d9defef.jpg
400,http://farm1.static.flickr.com/185/431771841_31c8396141.jpg
401,http://farm1.static.flickr.com/34/100286037_5e5cc618dc.jpg
402,http://farm3.static.flickr.com/2339/2193424963_d9153d8d5f.jpg
403,http://www.totalcorgis.com/forum/uploadedimages/1536-1.jpg
404,http://www.pohjanakka.net/hukpuk/napsun.jpg
405,http://farm1.static.flickr.com/55/116082476_f3953b65e2.jpg
406,http://farm3.static.flickr.com/2030/1594548768_93a30e4ee5.jpg
407,http://farm2.static.flickr.com/1316/1245615936_d9c70d3125.jpg
408,http://thebeardiespaw.com/Joker%20susans.JPG
409,http://vovve.net/i2/Fromax/FizzieoTina.jpg
410,http://www.dog-breeds-infosite.com/images/cardiganwelshcorgi2.jpg
411,http://static.flickr.com/116/316517004_6e8059afab.jpg
412,http://farm3.static.flickr.com/2099/1509868410_7e430748c3.jpg
413,http://farm3.static.flickr.com/2243/1509881898_7d3d3195c7.jpg
414,http://farm3.static.flickr.com/2186/1508995415_0cd754f3d9.jpg
415,http://farm2.static.flickr.com/1140/1108367668_d5d6b0d9b8.jpg
416,http://farm1.static.flickr.com/78/164775216_8cd3f276a0.jpg
417,http://farm1.static.flickr.com/136/341058403_8382c9b6ac.jpg
418,http://farm1.static.flickr.com/222/1509871306_f6a94a9107.jpg
419,http://files.dogster.com/pix/dogs/10/1010/1.jpg
420,http://farm1.static.flickr.com/133/322781564_95330b8095.jpg
421,http://farm1.static.flickr.com/39/122130974_b1054a0fa3.jpg
422,http://www.waggerland.nl/afbeeldingen/Corgi's/Foster/DSC00280rechtsweb.JPG
423,http://www.best-in.fi/koirakisa/kisakuvat/img_45dc45c9813bfonni_isokuva.jpg
424,http://www.corgiaid.org/rescued/pre2002/Jackson/JACKSON_9-8-01.JPG_1.jpg
425,http://scaura.htmlplanet.com/images/paigeandcosmo.jpg
426,http://farm1.static.flickr.com/187/469615242_9398679000.jpg
427,http://farm3.static.flickr.com/2156/1509869174_d8bc18242c.jpg
428,http://farm2.static.flickr.com/1200/536623227_93898b76b2.jpg
429,http://farm1.static.flickr.com/133/398757233_343f52e9ba.jpg
430,http://www.hund.ch/fotos/fwelshcorgicardigan3.jpg
431,http://farm1.static.flickr.com/37/122094039_4130b048db.jpg
432,http://farm1.static.flickr.com/80/271242134_d83ff7e4d1.jpg
433,http://farm3.static.flickr.com/2003/2006690850_1f711812a8.jpg
434,http://farm1.static.flickr.com/38/122130857_76d9470b6a.jpg
435,http://farm1.static.flickr.com/20/70919223_59594d2d1f.jpg
436,http://farm2.static.flickr.com/1053/1107407139_ba768e8e1e.jpg
437,http://www.dogsk.sk/kynologia/revue/foto2007/corgi09_07a.jpg
438,http://www.dogbreedinfo.org/images4/CarWelshCorgip7260051.jpg
439,http://static.flickr.com/2241/1520704102_df8f7c28d2.jpg
440,http://farm1.static.flickr.com/56/114696805_c16203cf2d.jpg
441,http://farm1.static.flickr.com/174/410369624_c080c98a61.jpg
442,http://farm1.static.flickr.com/71/164775211_880de1a934.jpg
443,http://farm1.static.flickr.com/37/122131270_488f6a1689.jpg
444,http://farm3.static.flickr.com/2175/1816530230_878d6bce0e.jpg
445,http://www.bluebonnetcardigancorgis.org/images/cardifest2005-12.jpg
446,http://farm2.static.flickr.com/1194/1107959082_5a35a185d9.jpg
447,http://farm1.static.flickr.com/35/122130772_e2aaa6bb10.jpg
448,http://www.animalinelmondo.com/images/cane/cardiganwelshcorgi.jpg
449,http://www.puppydogweb.com/gallery/cardiganwelshcorgi/cardiganwelshcorig_thorp.jpg
450,http://farm1.static.flickr.com/12/14792749_ec8eec5ace.jpg
451,http://farm3.static.flickr.com/2077/1509017081_ca7f5ee1d7.jpg
452,http://farm2.static.flickr.com/1098/1161350265_dee80dabc6.jpg
453,http://farm3.static.flickr.com/2141/1815663403_e188f26a6c.jpg
454,http://farm2.static.flickr.com/1011/1245601230_0fbe4728ed.jpg
455,http://farm3.static.flickr.com/2022/2185016620_526568b694.jpg
456,http://farm1.static.flickr.com/69/164759564_dc1e6a9472.jpg
457,http://www.hundeseite.eu/bilder/Welsh-Corgi-Cardigan.jpg
458,http://farm1.static.flickr.com/97/242966318_cd388b3646.jpg
459,http://farm1.static.flickr.com/35/122130889_21f9d27cd2.jpg
460,http://farm1.static.flickr.com/136/390694059_9c77523284.jpg
461,http://farm3.static.flickr.com/2175/1509858970_f7b4ecb95f.jpg
462,http://www.podajlape.pl/rasy_img/n/215_0.jpg
463,http://www.ashgrove.it/runningigio.jpg
464,http://farm3.static.flickr.com/2295/2050799943_eb11990df9.jpg
465,http://static.flickr.com/86/242851877_bd85b9f4cc.jpg
466,http://farm2.static.flickr.com/1187/1107221950_352fb56594.jpg
467,http://farm3.static.flickr.com/2177/2077366784_a8ea4b9ecd.jpg
468,http://static.flickr.com/2124/2042624168_48f95a0b3f.jpg
469,http://farm3.static.flickr.com/2319/2116487367_1c1b6e11d0.jpg
470,http://farm2.static.flickr.com/1006/600409864_39afab1780.jpg
471,http://static.flickr.com/84/233657086_251163a474.jpg
472,http://farm1.static.flickr.com/40/122131692_a90caaa969.jpg
473,http://farm1.static.flickr.com/1/122130414_81501c5fa7.jpg
474,http://www.fernbriar.com/sitebuilder/images/mac_happy_dandy_small_crop-296x380.jpg
475,http://www.ogdog.net/breed_img/sm_corgi.jpg
476,http://farm2.static.flickr.com/1379/1244760131_4767538995.jpg
477,http://static.flickr.com/130/321252489_6642b2e975.jpg
478,http://farm3.static.flickr.com/2179/2116486629_32985cf3f8.jpg
479,http://www.dog-breeds.name/pictures/cardigan-welsh-corgi/cardigan-welsh-corgi-1.jpg
480,http://farm1.static.flickr.com/4/4903716_394a209a96.jpg
481,http://foxxtrot.com/web7xZoomsit7.jpg
482,http://farm1.static.flickr.com/55/178840644_aeced31364.jpg
483,http://farm3.static.flickr.com/2122/2041484583_33e0c41021.jpg
484,http://static.flickr.com/2336/2042543256_12b8b71b38.jpg
485,http://www.legend-one-net.com/images/on/welshcorgicardigan/0823667617_070111920693.jpg
486,http://farm1.static.flickr.com/191/462786736_3566995939.jpg
487,http://www.uexplore.com/breeds/cardigancorgi.jpg
488,http://farm1.static.flickr.com/102/316516729_c2efdb3a4c.jpg
489,http://farm3.static.flickr.com/2187/2116488171_412d52c690.jpg
490,http://farm3.static.flickr.com/2008/2041833427_1cf8ac88d1.jpg
491,http://i15.tinypic.com/6f60yts.jpg
492,http://www.szarik.pl/adm/upload/min2_709.jpg
493,http://farm1.static.flickr.com/192/441750079_84c70cab6c.jpg
494,http://farm1.static.flickr.com/54/108785848_e0095bfaed.jpg
495,http://farm1.static.flickr.com/110/276382400_e986a80770.jpg
496,http://farm1.static.flickr.com/116/316517004_6e8059afab.jpg
497,http://farm1.static.flickr.com/173/398757227_69fad14a0a.jpg
498,http://static.flickr.com/170/433796208_6f90d8196c.jpg
499,http://farm1.static.flickr.com/53/114696816_d0460c5090.jpg
500,http://farm1.static.flickr.com/112/262758943_f7f0b41411.jpg
501,http://farm2.static.flickr.com/1005/1107859430_7af210dd6f.jpg
502,http://www.clapper.org/menagerie/basil-3-small.jpg
503,http://farm1.static.flickr.com/44/128999988_669065c654.jpg
504,http://www.merrickpetcare.com/upload/photos/225DeaconAngie.jpg
505,http://farm1.static.flickr.com/56/160423485_494970047b.jpg
506,http://farm3.static.flickr.com/2175/2041842551_041972bfe1.jpg
507,http://farm1.static.flickr.com/5/7580337_d4954032ec.jpg
508,http://farm1.static.flickr.com/131/403814234_7319b55a3b.jpg
509,http://www.welshcorgicardigan.sk/wp-content/themes/wcc/images/galery/01.jpg
510,http://farm3.static.flickr.com/2203/2155569679_c3c6a3159a.jpg
511,http://farm1.static.flickr.com/170/433797792_d80f80f107.jpg
512,http://farm1.static.flickr.com/44/164777751_378e76b523.jpg
513,http://farm1.static.flickr.com/164/365937769_b82bbb6969.jpg
514,http://www.dogsindepth.com/herding_dog_breeds/images/cardigan_welsh_corgi_v01.jpg
515,http://www.expert-dog-training.com/DogPics/Pembroke_Welsh_Corgi_photo.jpg
516,http://www.teokopek.net/cardigan_welsh_corgi.jpg
517,http://farm1.static.flickr.com/14/18101927_8288c15d15.jpg
518,http://infao5501.ag5.mpi-sb.mpg.de:8080/Wikipedia-Lip6-MM/images/2941880
519,http://farm2.static.flickr.com/1154/600098095_1a93b5d7af.jpg
520,http://static.flickr.com/92/242852248_8b4c252d12.jpg
521,http://farm3.static.flickr.com/2213/2041819815_ae474438e7.jpg
522,http://farm1.static.flickr.com/19/99975795_442bdd0a23.jpg
523,http://farm3.static.flickr.com/2022/2109233513_6aebbcc01e.jpg
524,http://farm1.static.flickr.com/141/318610374_0eaa02155f.jpg
525,http://static.flickr.com/2016/2077400940_d46bbad618.jpg
526,http://static.flickr.com/1208/1145051316_89951ff5dc.jpg
527,http://farm1.static.flickr.com/43/112590816_f2df7d3ee8.jpg
528,http://www.caninecrib.com/dog/images/Cardigan_Welsh_Corgi_s.jpg
529,http://farm2.static.flickr.com/1328/860415396_df37cb58df.jpg
530,http://farm1.static.flickr.com/131/345518164_5376d2ed4d.jpg
531,http://farm1.static.flickr.com/45/134313199_af03a3cec4.jpg
532,http://www.cardiganrescue.org/img143.jpg
533,http://www.mvrcurlyhorses.com/images/Corgi1.jpg
534,http://www.hund.ch/fotos/fwelshcorgicardigan20.jpg
535,http://farm1.static.flickr.com/37/76071692_accb904ca9.jpg
536,http://secure.terrificpets.com/images/uploads/07326192051551_1.jpg
537,http://farm1.static.flickr.com/17/90889311_6252783613.jpg
538,http://farm3.static.flickr.com/2071/1595252821_c0d9ce7b82.jpg
539,http://farm1.static.flickr.com/43/116411336_dd80312f8f.jpg
540,http://farm1.static.flickr.com/66/165869720_31ec6a687e.jpg
541,http://farm2.static.flickr.com/1150/863709549_8e0057b555.jpg
542,http://farm3.static.flickr.com/2051/2042625400_2c82652b57.jpg
543,http://static.flickr.com/2059/1752854998_ea09349c9a.jpg
544,http://farm1.static.flickr.com/234/461030672_c0d75b70d0.jpg
545,http://farm3.static.flickr.com/2020/2042628520_39a71e4fa1.jpg
546,http://farm3.static.flickr.com/2358/1508999207_750028a8b5.jpg
547,http://www.edog.net/breeds/imgs/m_415040.jpg
548,http://farm2.static.flickr.com/1343/1107199413_0c660d9019.jpg
549,http://farm1.static.flickr.com/63/160423483_36668cc5dd.jpg
550,http://farm2.static.flickr.com/1410/1429772859_4b018f15c8.jpg
551,http://farm2.static.flickr.com/1260/600410778_919ed55b45.jpg
552,http://farm2.static.flickr.com/1074/1107184888_b137000563.jpg
553,http://farm1.static.flickr.com/196/499592853_1cb1712af4.jpg
554,http://www.cokl.cz/public/Image/sekce-stanice-87/9694d371a33e61f77e46f574f59966e9.jpg
555,http://farm1.static.flickr.com/98/239035132_ce38aa14dc.jpg
556,http://farm1.static.flickr.com/223/516892344_384dc2a63e.jpg
557,http://farm3.static.flickr.com/2341/2042536508_e4a552eed3.jpg
558,http://farm1.static.flickr.com/210/507086369_fc26dfba58.jpg
559,http://www.hunduppfodare.se/UserFiles/Lilluka.jpg
560,http://farm1.static.flickr.com/172/433778085_bca4514d7b.jpg
561,http://farm3.static.flickr.com/2002/2041799299_2bec480da6.jpg
562,http://www.juliapriest.allk-9.com/images/Spencer%20track2.jpg
563,http://farm1.static.flickr.com/181/433796140_d44fa322a3.jpg
564,http://users.bigpond.net.au/Matfen/Images/Small%20Images/candy.jpg
565,http://static.flickr.com/59/164777753_fce3c2c00f.jpg
566,http://static.flickr.com/1230/1107374163_6831f95623.jpg
567,http://farm1.static.flickr.com/146/367748060_30e31c748a.jpg
568,http://www.welshcorgi.dk/picture.aspx?id=14040162
569,http://farm1.static.flickr.com/110/304428684_efdb719f18.jpg
570,http://farm1.static.flickr.com/39/122130665_d4d3a8766c.jpg
571,http://farm3.static.flickr.com/2339/1509884876_42ca5841f6.jpg
572,http://farm2.static.flickr.com/1306/656821947_2e39700950.jpg
573,http://farm3.static.flickr.com/2305/1509855886_5c3d9afb71.jpg
574,http://myspace-121.vo.llnwd.net/00620/12/12/620532121_l.jpg
575,http://www.andrewwerber.com/solomon/pic1.jpg
576,http://puppydogweb.com/gallery/cardiganwelshcorgi/cardiganwelshcorig_blotz.jpg
577,http://www.wakkee.nl/img/dftyrcdr/meaghan.jpg
578,http://www.kennelsalvador.com/cardigan3.jpg
579,http://farm1.static.flickr.com/35/350347846_172986c960.jpg
580,http://farm1.static.flickr.com/219/469967043_a2c71bb341.jpg
581,http://farm1.static.flickr.com/133/410335032_0025b6e421.jpg
582,http://vovve.net/i2/Carddicted/IM000010.jpg
583,http://static.flickr.com/164/341058405_f1c8cc6b03.jpg
584,http://www.handyhintsandtips.com/files/Pets/Dogs/Welsh_Corgi_Cardigan.jpg
585,http://farm1.static.flickr.com/35/122131346_e6c4d7c0b6.jpg
586,http://farm2.static.flickr.com/1291/1107920772_7a50b64f38.jpg
587,http://static.flickr.com/2017/2041713061_e1640f280a.jpg
588,http://www.geocities.com/bluetrixcardigans/loretri.jpg
589,http://farm1.static.flickr.com/95/241505829_568ea19eaa.jpg
590,http://farm3.static.flickr.com/2116/2042545324_9c43ed5a49.jpg
591,http://farm3.static.flickr.com/2280/2177824212_5bd238584b.jpg
592,http://farm1.static.flickr.com/80/242966422_8b05596e22.jpg
593,http://farm3.static.flickr.com/2112/2186127794_dd1918a8dc.jpg
594,http://farm3.static.flickr.com/2055/2239619567_d39a15d1db.jpg
595,http://farm3.static.flickr.com/2138/2042655520_79f3af0fef.jpg
596,http://farm3.static.flickr.com/2119/1595280839_831a15b7a6.jpg
597,http://farm3.static.flickr.com/2059/1816784054_e452a1f6c1.jpg
598,http://farm1.static.flickr.com/109/252644952_1d0eebcd60.jpg
599,http://farm1.static.flickr.com/89/245299214_e24c52069f.jpg
600,http://farm3.static.flickr.com/2402/1509863164_a7ca910079.jpg
601,http://users.bigpond.net.au/Matfen/Images/Cara.JPG
602,http://farm3.static.flickr.com/2041/1509871688_27386e34ab.jpg
603,http://farm2.static.flickr.com/1162/1107231000_8c4e448bf9.jpg
604,http://farm3.static.flickr.com/2418/1509868776_ab268ed04f.jpg
605,http://www.wagagility.com/images/InstrJoanC.jpg
606,http://farm2.static.flickr.com/1266/1245595680_962bdf0477.jpg
607,http://static.flickr.com/2238/2042645326_ae50eea3b9.jpg
608,http://www.evcilkopekler.com/fotolar/1113540979cardigan_welsh_corgi_1.jpg
609,http://farm2.static.flickr.com/1363/1245574164_3928b7ace9.jpg
610,http://farm1.static.flickr.com/214/497356864_5c8209a7ed.jpg
611,http://farm3.static.flickr.com/2117/2041747451_36d0e49384.jpg
612,http://www.apupforyou.com/corgileaves.jpg
613,http://farm1.static.flickr.com/150/410459535_a5dcb6e08f.jpg
614,http://farm1.static.flickr.com/102/274983215_ea853dcc3a.jpg
615,http://static.flickr.com/1186/1144160887_b4c71de4c2.jpg
616,http://farm1.static.flickr.com/96/241614413_5b5d99ee85.jpg
617,http://farm3.static.flickr.com/2044/2041753265_c3d7bb3edf.jpg
618,http://farm1.static.flickr.com/140/326046748_1907909365.jpg
619,http://shinystuff.us/indy_bluebonnets.jpg
620,http://farm3.static.flickr.com/2045/2109236373_5acb72bceb.jpg
621,http://farm1.static.flickr.com/35/106380811_f9c3ff0647.jpg
622,http://farm2.static.flickr.com/1439/1108152798_c26c8b874e.jpg
623,http://static.flickr.com/19/22924848_fa0ff420d5.jpg
624,http://farm2.static.flickr.com/1198/1108253654_e1287aef11.jpg
625,http://static.flickr.com/80/274983214_758411a773.jpg
626,http://static.flickr.com/193/456236326_8058d69c1a.jpg
627,http://farm2.static.flickr.com/1249/1325747060_a5f43a03c9.jpg
628,http://farm2.static.flickr.com/1064/675057383_8b6addf3a6.jpg
629,http://farm3.static.flickr.com/2399/2050905976_6493acf008.jpg
630,http://farm1.static.flickr.com/30/45697981_821c5a255a.jpg
631,http://farm2.static.flickr.com/1240/697897705_7c2454939d.jpg
632,http://farm1.static.flickr.com/1/128999982_6a6ea85922.jpg
633,http://www.divapetboutique.us/images/randyRoxie-s.jpg
634,http://farm3.static.flickr.com/2058/1765088096_d8f9f8b4ce.jpg
635,http://nickolson.net/images/Harper%201.jpg
636,http://farm1.static.flickr.com/37/122131182_66a277769c.jpg
637,http://farm1.static.flickr.com/13/14792760_28d99065cb.jpg
638,http://farm3.static.flickr.com/2317/2155810250_7c8aaa3192.jpg
639,http://home20.inet.tele.dk/corgi/images/forside140503.jpg
640,http://farm1.static.flickr.com/21/25463028_e05fcf0375.jpg
641,http://farm1.static.flickr.com/99/251349391_2337fff166.jpg
642,http://static.flickr.com/1267/1362993371_6567d5fd89.jpg
643,http://www.oakheart.com/art/poca1w.jpg
644,http://farm1.static.flickr.com/79/242852460_168758f694.jpg
645,http://farm1.static.flickr.com/56/106380848_03aa070f7b.jpg
646,http://farm2.static.flickr.com/1214/1162216260_d40dc41d49.jpg
647,http://farm1.static.flickr.com/29/45872658_3beb736570.jpg
648,http://farm3.static.flickr.com/2214/2041484269_9f9819c945.jpg
649,http://farm3.static.flickr.com/2230/1595255273_a8c71fc391.jpg
650,http://farm1.static.flickr.com/138/318610470_c3b4e16528.jpg
651,http://www.corgi.ch/Images/Dream_mini.jpg
652,http://www.rainbowshowdogs.com/cardigans/litter4/cider1wkawaysmall.jpg
653,http://farm3.static.flickr.com/2164/1816653422_24226d59de.jpg
654,http://farm3.static.flickr.com/2276/1509007143_6974fa3ae3.jpg
655,http://farm3.static.flickr.com/2186/2051580798_63ebe531a8.jpg
656,http://farm3.static.flickr.com/2413/2041840787_06ec131821.jpg
657,http://farm1.static.flickr.com/43/122131668_a138da0b83.jpg
658,http://farm3.static.flickr.com/2213/1594495416_de3def9412.jpg
659,http://farm1.static.flickr.com/36/122130536_5dac5fd24e.jpg
660,http://www.cndog.net/dog_photo_big/2005-8/16/16101011-1631.jpg
661,http://goto.glocalnet.net/smultronbacken/bilder/icorgismpi.jpg
662,http://www.dave-and-maggies-dog-family.com/images/Cardigan%20Welsh%20Corgi%202.jpg
663,http://farm3.static.flickr.com/2241/1595296811_c954919274.jpg
664,http://pets-place.net/Breeds/CardiganWelshCorgiPhoto1.jpg
665,http://www.breederretriever.com/photopost/data/609/cardigan_welsh_corgi_2.jpg
666,http://farm2.static.flickr.com/1440/600411462_11165c8ddf.jpg
667,http://farm2.static.flickr.com/1056/527250970_9ea92c0493.jpg
668,http://farm1.static.flickr.com/27/41628117_a1ed423ce6.jpg
669,http://www.westminsterdogshow.org/2007/photos/breed/DL83283301.jpg
670,http://farm1.static.flickr.com/218/481834306_1e659c75f1.jpg
671,http://farm2.static.flickr.com/1267/1324836071_ba2b3fa407.jpg
672,http://hyperinzerce.cz/inz/778248-welsh-corgi-cardigan-1.jpg
673,http://farm3.static.flickr.com/2117/1816115989_70abee484d.jpg
674,http://www.pets4you.com/ABC/images/cardigancorgi_cardomon.jpg
675,http://farm2.static.flickr.com/1175/1324831483_f7a49a8bb0.jpg
676,http://farm1.static.flickr.com/41/79511091_e9d3603c85.jpg
677,http://static.flickr.com/55/116082476_f3953b65e2.jpg
678,http://www.cardigan-welsh-corgi-dogs.com/pictures-images-photos/cardigan-welsh-corgis-05.jpg
679,http://farm3.static.flickr.com/2080/1509883618_f8e985c637.jpg
680,http://farm1.static.flickr.com/165/432243800_1ec43a51e0.jpg
681,http://farm1.static.flickr.com/8/7580340_add27179b4.jpg
682,http://farm2.static.flickr.com/1124/1244745353_dfb49edeb1.jpg
683,http://www.dierenplanet.nl/images/welshcardigan4.jpg
684,http://davidfrancey.typepad.com/photos/dog_photos/gregor.jpg
685,http://farm1.static.flickr.com/5/7746816_6b6ceb889b.jpg
686,http://farm3.static.flickr.com/2017/2041713061_e1640f280a.jpg
687,http://www.pedigreedatabase.com/dogs/classified_images/1583.jpg
688,http://farm1.static.flickr.com/104/252644284_7cb87fed77.jpg
689,http://farm1.static.flickr.com/193/481847433_7670c8ef8f.jpg
690,http://farm2.static.flickr.com/1146/1106832707_b5210668fd.jpg
691,http://www.123hjemmeside.dk/picture.aspx?id=9001065
692,http://farm1.static.flickr.com/180/469613312_4eeae0c73b.jpg
693,http://static.flickr.com/83/242851260_44974e6634.jpg
694,http://farm1.static.flickr.com/47/164781463_5005c8d805.jpg
695,http://farm3.static.flickr.com/2151/1509864934_63f6e5c752.jpg
696,http://farm3.static.flickr.com/2237/1514712788_710c2c45ff.jpg
697,http://static.flickr.com/113/271091044_ab2a5c2d25.jpg
698,http://farm2.static.flickr.com/1153/1042770064_98601df654.jpg
699,http://farm1.static.flickr.com/35/122131318_edf5fbc3b9.jpg
700,http://farm3.static.flickr.com/2088/1779673959_d0b51c4294.jpg
701,http://farm1.static.flickr.com/212/459153600_6b129cd57f.jpg
702,http://farm1.static.flickr.com/168/433796078_e1a1e8bae7.jpg
703,http://farm3.static.flickr.com/2043/1509847812_cbcc7970c3.jpg
704,http://farm2.static.flickr.com/1330/1106899509_9d0c2e0468.jpg
705,http://www.millercountrydogs.com/images/doormat/bob_corgi_85_matt.jpg
706,http://farm1.static.flickr.com/81/242853502_b7d0b4ed42.jpg
707,http://static.flickr.com/1228/1465807556_3f56d02a8a.jpg
708,http://www.puppywow.com/contents/img/welsh_corgi_cardigan_01.jpg
709,http://farm1.static.flickr.com/140/326046899_a1d1e5ab0d.jpg
710,http://members.fortunecity.com/theramshorn/croft/merphyn1.jpg
711,http://farm1.static.flickr.com/26/42454415_ef624f585e.jpg
712,http://farm3.static.flickr.com/2400/1509872774_457abe2721.jpg
713,http://farm1.static.flickr.com/73/164772150_d9a95733d2.jpg
714,http://www.ourdogs.co.uk/BreederDirectory/images/welshcorgicard-jazenta.jpg
715,http://farm1.static.flickr.com/38/122130739_4286f44a17.jpg
716,http://farm1.static.flickr.com/36/82326088_6f962a93a4.jpg
717,http://www.welsh-corgi.ru/avva/avva-top.jpg
718,http://farm3.static.flickr.com/2311/2041856679_3e4a21b7f2.jpg
719,http://farm1.static.flickr.com/218/483386065_d0c4b045bf.jpg
720,http://www.ntu.edu.sg/home/cykok/louisa/images/dogs/herd/cardigan_welsh_corgi.jpg
721,http://farm3.static.flickr.com/2254/1596185200_25d609abf0.jpg
722,http://farm1.static.flickr.com/151/393631912_41cf9ea921.jpg
723,http://farm2.static.flickr.com/1427/1107407789_1fb3d55b3c.jpg
724,http://farm1.static.flickr.com/117/302611382_2c8f61c606.jpg
725,http://farm3.static.flickr.com/2121/1509865346_25eb2b3faf.jpg
726,http://farm1.static.flickr.com/174/365937967_00bab530b1.jpg
727,http://farm2.static.flickr.com/1133/1107101789_18fb54774f.jpg
728,http://farm3.static.flickr.com/2006/1816541532_e456988826.jpg
729,http://farm3.static.flickr.com/2220/1509870322_90b13508b6.jpg
730,http://farm1.static.flickr.com/45/108786087_ccb6532469.jpg
731,http://www.kibblesnbits.com/dogcare/images/herding_16.gif
732,http://www.kirasoftware.com/images_hunderassen/Welsh_Corgi_Cardigan_.jpg
733,http://farm3.static.flickr.com/2372/2076577271_982cc35067.jpg
734,http://farm1.static.flickr.com/149/431771745_5587a9f41d.jpg
735,http://farm1.static.flickr.com/75/164775212_2f22c56597.jpg
736,http://farm3.static.flickr.com/2329/2042665868_48aed0d5c7.jpg
737,http://www.bodensbrukshundklubb.se/bbhk/agility/vidare/ekipage/wilda.jpg
738,http://farm1.static.flickr.com/35/122093410_791eff16d9.jpg
739,http://www.freedoglistings.com/pics/breeds/Blue-Merle-Cardigan-Welsh-Corgi.jpg
740,http://farm2.static.flickr.com/1313/1107808006_8087c0dce3.jpg
741,http://www.breederretriever.com/photopost/data/609/medium/9-8-06_Abby_helped_me_mow.JPG
742,http://farm2.static.flickr.com/1020/1108815666_30d861b62d.jpg
743,http://farm1.static.flickr.com/123/340773316_3bc6b3f183.jpg
744,http://i8.tinypic.com/4kkwxsy.jpg
745,http://upload.wikimedia.org/wikipedia/commons/thumb/6/62/PembrokeCorgiAgility_wb.jpg/200px-PembrokeCorgiAgility_wb.jpg
746,http://farm1.static.flickr.com/83/244552727_64af2cfb3c.jpg
747,http://www.bluebonnetcardigancorgis.org/images/cardifest2005-07.jpg
748,http://farm1.static.flickr.com/229/1508994821_2dc8207769.jpg
749,http://www.blkduckfarm.com/images/_memospotlight060907-280x223.jpg
750,http://static.flickr.com/181/432243782_6b9afedd45.jpg
751,http://static.flickr.com/112/262758943_f7f0b41411.jpg
752,http://www.corgi.ch/Images/Cardi_Mini.jpg
753,http://farm3.static.flickr.com/2123/2042591188_a951c25b4d.jpg
754,http://farm2.static.flickr.com/1162/1325790676_3c390679c8.jpg
755,http://farm1.static.flickr.com/39/122130848_708b394f96.jpg
756,http://www.calendars.com/images/066/6640/200700001060_hs.jpg
757,http://static.flickr.com/2186/2051583414_59458e0374.jpg
758,http://farm1.static.flickr.com/38/100283339_891a0babe8.jpg
759,http://www.reiten-rosen-relaxen.de/weblog/pix/1164738881_1.jpg
760,http://www.st-lucie.lib.fl.us/images/chipper.jpg
761,http://picche.net/vwcs/kuva_cardi.png
762,http://farm3.static.flickr.com/2152/1816665370_f156f5d364.jpg
763,http://farm3.static.flickr.com/2349/1595254161_54327b92cd.jpg
764,http://www.cynio.net/welshcorgis.gif
765,http://farm1.static.flickr.com/178/469611513_5ebe448220.jpg
766,http://www.pdxdogs.com/images/Brags/Scout_s.jpg
767,http://www.cadf.ca/dimages/Corgi-cardigan.jpg
768,http://home.planet.nl/~emnijhuis/Rustylinks.jpg
769,http://cache.eb.com/eb/image?id=8152&rendTypeId;=4
770,http://farm1.static.flickr.com/44/164772154_da4e1873a8.jpg
771,http://farm1.static.flickr.com/21/34728157_2f44ac43d5.jpg
772,http://www.petshealthsupplies.com/180px-CardiganCorgiBlack_wb.jpg
773,http://www.ntu.edu.sg/home/cykok/louisa/images/dogs/herd/pembroke_welsh_corgi.jpg
774,http://otcwf.com/agil6.gif
775,http://farm3.static.flickr.com/2377/2008713417_9b72d3933f.jpg
776,http://www.swck.org/images/hundreg/Lilla-Adabeda.jpg
777,http://farm1.static.flickr.com/39/122131097_f55b441497.jpg
778,http://pets-place.net/Breeds/CardiganWelshCorgiPhoto6.jpg
779,http://img.dogpublic.com/breedImages/482.jpg
780,http://farm1.static.flickr.com/66/164772152_954a2231c4.jpg
781,http://farm3.static.flickr.com/2241/2042602100_62315936db.jpg
782,http://farm1.static.flickr.com/113/362958689_67b10477e8.jpg
783,http://farm2.static.flickr.com/1222/1178653254_823d6dffd7.jpg
784,http://farm1.static.flickr.com/185/433778083_0cad4040c7.jpg
785,http://www.caprikodacroft.com/IMG_1730.JPG
786,http://farm3.static.flickr.com/2053/2095514455_14f854dbdd.jpg
787,http://z.about.com/d/dogs/1/0/0/G/1/pemcorgis.jpg
788,http://images.encarta.msn.com/xrefmedia/sharemed/targets/images/pho/t025/T025357A.jtn
789,http://farm2.static.flickr.com/1281/1108799806_d9f65692e2.jpg
790,http://farm1.static.flickr.com/110/262758945_4259c28b6e.jpg
791,http://www.macwallacecardigans.com/halcalender.jpg
792,http://farm3.static.flickr.com/2212/2042597576_ecf8034276.jpg
793,http://www.calendars.com/images/066/6640/200700001613_hs.jpg
794,http://farm1.static.flickr.com/114/297440762_f3e5c65628.jpg
795,http://farm1.static.flickr.com/13/14791310_24a9b19abe.jpg
796,http://www.showringnews.com/masterykuvat/syyswebbikuvat%20su/1-1cardi.jpg
797,http://static.flickr.com/2418/2041749317_cfcfa43307.jpg
798,http://www.rhydowen.com/img12.gif
799,http://farm3.static.flickr.com/2258/1815799657_f45a265753.jpg
800,http://farm3.static.flickr.com/2140/1509002473_99c9d40510.jpg
801,http://farm1.static.flickr.com/9/74859831_f2364016bb.jpg
802,http://farm3.static.flickr.com/2048/1509854720_777f7d5ecd.jpg
803,http://farm3.static.flickr.com/2400/1509875606_4f4b502e6c.jpg
804,http://farm1.static.flickr.com/63/172408598_9067dc9487.jpg
805,http://farm2.static.flickr.com/1044/697921743_7b1cc840e5.jpg
806,http://www.giveusahome.co.uk/breederspages/allbreedsphotosdog/CardiganWelshCorgi.jpg
807,http://www.welsh-corgi.ru/alastor/alastor.jpg
808,http://www.wanko-jp.com/wan/Corgi/Thumb/IMG_2741.JPG
809,http://farm1.static.flickr.com/56/134313025_0f4ecc48de.jpg
810,http://farm1.static.flickr.com/96/240507684_f3dee26695.jpg
811,http://farm1.static.flickr.com/111/258001158_4cf7fa34b3.jpg
812,http://farm2.static.flickr.com/1153/1441290978_07916955fb.jpg
813,http://farm3.static.flickr.com/2379/1491025835_9347c55c22.jpg
814,http://farm1.static.flickr.com/146/431771314_1e9eebe280.jpg
815,http://www.freewebs.com/highdesertpaints/TROUBLE.jpg
816,http://farm3.static.flickr.com/2107/1509021917_d638a6163d.jpg
817,http://farm1.static.flickr.com/43/86752169_817bff49df.jpg
818,http://farm1.static.flickr.com/43/122131886_037be14452.jpg
819,http://farm1.static.flickr.com/111/367748053_427ca9370c.jpg
820,http://farm1.static.flickr.com/175/365937690_f4f4772e5f.jpg
821,http://www.puppydogweb.com/gallery/pembrokewelshcorgis/pembrokewelshcorgi_cohen.jpg
822,http://static.flickr.com/5/4903730_0039fe195b.jpg
823,http://farm3.static.flickr.com/2306/2168512671_9f719705f6.jpg
824,http://farm2.static.flickr.com/1435/853561600_e1435c9e4c.jpg
825,http://farm1.static.flickr.com/51/106380881_21c5b0ffa5.jpg
826,http://www.puppy-kitten-sale.com/catimages/cardigansm.jpg
827,http://farm1.static.flickr.com/128/421800183_356715c073.jpg
828,http://farm3.static.flickr.com/2134/2042515342_13074401ed.jpg
829,http://farm3.static.flickr.com/2033/2042619190_6fadbfe3c4.jpg
830,http://farm3.static.flickr.com/2415/2041795787_36bcb53885.jpg
831,http://www.pedigree.com.sg/breeds/images/corgi_cardigan.jpg
832,http://animal.discovery.com/guides/dogs/selector/gallery/1160b.jpg
833,http://farm3.static.flickr.com/2204/1509016351_da633f3360.jpg
834,http://farm2.static.flickr.com/1227/1107070857_6db2109784.jpg
835,http://farm1.static.flickr.com/236/521501823_0083e18875.jpg
836,http://puppy.pedigree.com/assets/images/dogsandpuppies/breedGallery/resource142.jpg
837,http://farm2.static.flickr.com/1067/1106818203_6f3286cd54.jpg
838,http://www.dogchannel.com/images/blog/4c1f1878-6e42-4fc4-a8ec-28a366c646b4.jpg
839,http://www.welshcorgi.fr/francais/Cardigan/images/early_cardigan1.jpg
840,http://solo4.abac.com/diamond/breeders/welshcorgi.jpg
841,http://farm1.static.flickr.com/91/231977207_c5adb33d36.jpg
842,http://www.petshealthsupplies.com/180px-Kelsey_n_Penny.jpg
843,http://farm1.static.flickr.com/44/144402489_6d7548ef91.jpg
844,http://www.kujala.us/images/etusivu/1_moko.jpg
845,http://farm3.static.flickr.com/2326/2041764281_08c7c980a6.jpg
846,http://caninecystinuria.com/Images/Buster.jpg
847,http://static.flickr.com/2377/2008713417_9b72d3933f.jpg
848,http://farm1.static.flickr.com/167/412985252_1c866963f5.jpg
849,http://farm1.static.flickr.com/73/176703421_c02d22d998.jpg
850,http://farm2.static.flickr.com/1072/698777990_c286a96e9e.jpg
851,http://farm3.static.flickr.com/2329/2041757303_d837a9e813.jpg
852,http://www.pedigree.com.sg/breeds/images/corgi_cardigan_row2.jpg
853,http://farm1.static.flickr.com/155/351284826_d57b076616.jpg
854,http://static.flickr.com/22/25463029_35fa9fa6d2.jpg
855,http://farm3.static.flickr.com/2305/1508989527_eb48d34eb7.jpg
856,http://bluebonnetcardigancorgis.org/images/tn-biswps040715.jpg
857,http://www.bluebonnetcardigancorgis.org/images/cardifest2005-05.jpg
858,http://web.comhem.se/fromax/saga%20bir.jpg
859,http://farm3.static.flickr.com/2011/2051589426_97eccf4e4b.jpg
860,http://farm3.static.flickr.com/2298/2116487093_9d96e38a85.jpg
861,http://vermilionkennels.com/wp-content/uploads/2006/02/Jenny%20Peterson%20002.bmp
862,http://farm1.static.flickr.com/41/122130631_c38243e059.jpg
863,http://www.pats-pets.de/rassen/welsh-corgi/Carwche4.jpg
864,http://www.st-lucie.lib.fl.us/images/storm.jpg
865,http://farm2.static.flickr.com/1077/697908357_2bef54eb31.jpg
866,http://farm1.static.flickr.com/209/521501841_9e275fd3a3.jpg
867,http://web.tnics.com/mackeycardigans/mackey1.jpg
868,http://farm1.static.flickr.com/147/402997116_593dc02442.jpg
869,http://farm3.static.flickr.com/2353/2041484141_2c020e1eab.jpg
870,http://farm1.static.flickr.com/156/365938033_d9f6c4b44c.jpg
871,http://farm1.static.flickr.com/125/345518008_c083c075b1.jpg
872,http://files.dogster.com/pix/dogs/88/1588/1588_1137332692.jpg
873,http://farm1.static.flickr.com/104/316516803_615827cfba.jpg
874,http://moonset.ca/hughie/bed.jpg
875,http://www.dogfriendly.com/server/general/gallery/images/00061.jpg
876,http://www.sidyboysfoolin.com/999pembrokecorgi999.jpg
877,http://www.tierfotodatenbank.de/images/product_images/info_images/005-00139.jpg
878,http://www.ewe-topia.com/gallery/corgi%20jump.jpg
879,http://farm2.static.flickr.com/1278/1245568318_8f2c1f125e.jpg
880,http://farm3.static.flickr.com/2136/1815929577_a0f78db38a.jpg
881,http://farm1.static.flickr.com/50/129930919_13bcee94ab.jpg
882,http://farm3.static.flickr.com/2005/1509014299_0e37c746b2.jpg
883,http://farm3.static.flickr.com/2370/2051586260_70fcac0aaf.jpg
884,http://www.perfectpetrescue.com/dogpics/Lager127072.jpg
885,http://farm1.static.flickr.com/94/274996836_62cb0118b8.jpg
886,http://farm1.static.flickr.com/170/433778037_666f34809c.jpg
887,http://www.wakkee.nl/img/menu15.jpg
888,http://farm2.static.flickr.com/1279/986880946_b7631f82af.jpg
889,http://farm3.static.flickr.com/2247/1940862570_da9dc84002.jpg
890,http://www.piccospals.com/sitebuilder/images/Millyside21mo-339x214.jpg
891,http://www.clapper.org/menagerie/basil-1-small.jpg
892,http://www.petssecondchance.org/photos/baileyhome.jpg
893,http://farm3.static.flickr.com/2401/1509859704_ab803318fc.jpg
894,http://farm1.static.flickr.com/37/76071689_b28ba478d9.jpg
895,http://farm3.static.flickr.com/2051/1509878780_d74a2e3357.jpg
896,http://web.comhem.se/fromax/oodix.jpg
897,http://farm3.static.flickr.com/2027/2042648226_74b335ead0.jpg
898,http://farm1.static.flickr.com/159/421803527_4da971c77e.jpg
899,http://www.ebonwald.com/mac%20sadie%20playing.jpg
900,http://www.fromtheheartkennel.com/Graphics/DogPhotos/LaylaOPT.jpg
901,http://farm1.static.flickr.com/174/483378239_7ff5f8c4f6.jpg
902,http://farm3.static.flickr.com/2031/1780523058_fd1fd9fd58.jpg
903,http://www.cwcorgi.com/Aragorn/WatchingAnimal%20Planet.jpg
904,http://farm2.static.flickr.com/1082/1106939403_fa4bab28e8.jpg
905,http://hunde.dyregalleri.dk/uploads_large_wm/196579.jpg
906,http://farm1.static.flickr.com/108/276454129_c5c5967645.jpg
907,http://farm1.static.flickr.com/190/469613274_d2417e016e.jpg
908,http://farm1.static.flickr.com/39/122131957_60efc81141.jpg
909,http://www.2000dogs.com/photos/pembroke_pdw.jpg
910,http://www.milouchouchou.com/milannu/inc/im_cat/38.jpg
911,http://farm2.static.flickr.com/1420/1042771092_d5dc9ba081.jpg
912,http://www.koer.ee/Pildid/welsh_corgi_cardigan.jpg
913,http://farm3.static.flickr.com/2309/2193425273_74480269a0.jpg
914,http://farm2.static.flickr.com/1089/1244770339_bc0d1f93a8.jpg
915,http://farm2.static.flickr.com/1220/1358887244_7d8bf0251c.jpg
916,http://farm1.static.flickr.com/81/233061460_1fd966cf4d.jpg
917,http://farm3.static.flickr.com/2398/1491025719_222e0f6ee4.jpg
918,http://farm2.static.flickr.com/1200/1108576470_e98d175323.jpg
919,http://www.dog-breeds.name/pictures/cardigan-welsh-corgi/cardigan-welsh-corgi-2tn.jpg
920,http://www.dog-breed-facts.com/images/Cardigan-welsh-corgi-sm.jpg
921,http://www.welshcorgicardigan.eu/renia-mini1.jpg
922,http://farm1.static.flickr.com/92/242966181_1a887f18dc.jpg
923,http://static.flickr.com/111/316516929_dba8cd2557.jpg
924,http://www.dog-breeds-infosite.com/images/cardiganwelshcorgi3.jpg
925,http://farm3.static.flickr.com/2378/2109227323_bb50ee486a.jpg
926,http://static.flickr.com/201/495526069_4459f002ef.jpg
927,http://farm3.static.flickr.com/2256/2114053348_a03a011f9b.jpg
928,http://farm1.static.flickr.com/36/122131427_f3bc6436ae.jpg
929,http://www.fernbriar.com/sitebuilder/images/mac_di_w_dogs_11-07_o_small_crop-331x354.jpg
930,http://farm2.static.flickr.com/1432/1464951783_0a1621f01b.jpg
931,http://www.vca.org.au/assets/welsh-corgi-cardigan.gif
932,http://hotc.org/hotc/images/hotcDogs/Herding_Dogs/18_Dixie.jpg
933,http://farm3.static.flickr.com/2119/1509008551_94d970504d.jpg
934,http://farm1.static.flickr.com/136/403815516_deb6102eaf.jpg
935,http://www.cardigan-welsh-corgi-dogs.com/pictures-images-photos/cardigan-welsh-corgis-06.jpg
936,http://www.chiens.fr/images/races/welsh_corgi_cardigan.jpg
937,http://www.continentalkennelclub.com/Breeds/Images/WelshCorgiCardigan.jpg
938,http://farm1.static.flickr.com/47/164772148_9ad1f1cee4.jpg
939,http://farm2.static.flickr.com/1434/1107722373_7059cdea9b.jpg
940,http://farm3.static.flickr.com/2017/1802056606_f0a00b16d0.jpg
941,http://farm1.static.flickr.com/109/302613193_b52b27adc6.jpg
942,http://farm2.static.flickr.com/1320/1430641708_0748befdf5.jpg
943,http://farm1.static.flickr.com/53/115123884_d38bb17a81.jpg
944,http://farm1.static.flickr.com/56/105886348_165c505e97.jpg
945,http://www.hund.ch/fotos/fwelshcorgicardigan2.jpg
946,http://farm1.static.flickr.com/104/252642828_d5f0743169.jpg
947,http://farm3.static.flickr.com/2161/1509026617_ffca44d1a3.jpg
948,http://www.gotpetsonline.com/pictures-gallery/dog-pictures-breeders-puppies-rescue/cardigan-welsh-corgi-pictures-breeders-puppies-rescue/pictures-photos/cardigan-welsh-corgi-0004.jpg
949,http://farm1.static.flickr.com/147/345518225_1574ad72e2.jpg
950,http://media.petster.com/photos/15687/923-396-229-540-12687.jpg
951,http://dogoftheday.com/archive/2007/May/03.jpg
952,http://farm3.static.flickr.com/2221/1508995881_43187a7b52.jpg
953,http://farm1.static.flickr.com/177/365937834_bd6637d19f.jpg
954,http://www.kerfriden.com/Elevage/welsh_corgi/photographies/welsh_corgi.jpg
955,http://farm1.static.flickr.com/101/293926916_348f0ad15f.jpg
956,http://farm2.static.flickr.com/1310/542147260_0491f21cc1.jpg
957,http://farm3.static.flickr.com/2068/2117267022_ecd7ec75f8.jpg
958,http://www.hund.ch/fotos/fwelshcorgicardigan9.jpg
959,http://www.tegiet.onsi.pl/images/rasy/Cardigan_Welsh_Corgi.jpg
960,http://farm2.static.flickr.com/1188/844523705_a6996fade9.jpg
961,http://farm1.static.flickr.com/54/134313146_4904e8df7c.jpg
962,http://farm2.static.flickr.com/1003/698784208_d4119e9ccd.jpg
963,http://farm1.static.flickr.com/175/469967093_603f2e2f54.jpg
964,http://farm2.static.flickr.com/1214/1162183834_a773092ba0.jpg
965,http://farm3.static.flickr.com/2212/2077365258_19743daad0.jpg
966,http://farm1.static.flickr.com/112/276382408_e240ced639.jpg
967,http://www.playdogexcellent.com/images/Brags/Bombur.JPG
968,http://farm1.static.flickr.com/153/431771075_86f2f24738.jpg
969,http://static.flickr.com/203/453962333_eadcc7ffcc.jpg
970,http://www.sitheanfibers.com/images/quinn_in_sedum2.JPG
971,http://farm1.static.flickr.com/65/172400806_6f6c95cf29.jpg
972,http://farm3.static.flickr.com/2358/1816723438_4613299a86.jpg
973,http://farm1.static.flickr.com/110/302610661_fc378ae0b7.jpg
974,http://farm1.static.flickr.com/93/242966551_5f68a959d3.jpg
975,http://farm3.static.flickr.com/2173/1509847584_327c887f07.jpg
976,http://farm1.static.flickr.com/8/7580339_4c8de999c9.jpg
977,http://conchokennelclub.org/images/ZoomTeddyYELLOW%20copy.jpg
978,http://www.swedishvallhund.com/images/CHRIST~1.JPG
979,http://thumbnail.search.aolcdn.com/truveo/images/thumbnails/85/78/85784E9DC8C743.jpg
980,http://farm1.static.flickr.com/107/304428679_d1d00048b9.jpg
981,http://farm2.static.flickr.com/1255/697898877_c067381dca.jpg
982,http://www.petgroomer.com/Grooming101/Photos/0764105574%20corgis%20amazon.jpg
983,http://www.celysvet.cz/foto/velskorgi-corgi_2.jpg
984,http://static.flickr.com/81/242853239_40b2ea5e87.jpg
985,http://farm1.static.flickr.com/87/242851393_689ad0e1fb.jpg
986,http://farm1.static.flickr.com/36/122131366_09f10e70c1.jpg
987,http://farm3.static.flickr.com/2412/1509864356_02a2ec68ce.jpg
988,http://farm3.static.flickr.com/2300/1509849306_7e2366ca62.jpg
989,http://farm1.static.flickr.com/52/164767241_c43362736c.jpg
990,http://farm1.static.flickr.com/17/88620811_f9802bf444.jpg
991,http://www.zooworld.com.ua/img/dogs/velsh-korgi-kardigan.jpg
992,http://farm1.static.flickr.com/68/161850141_ebd68c8a6a.jpg
993,http://farm1.static.flickr.com/35/122093526_7b810c8409.jpg
994,http://farm3.static.flickr.com/2237/1509880506_dda976bd32.jpg
995,http://farm3.static.flickr.com/2076/2184231771_04dd65b39e.jpg
996,http://farm2.static.flickr.com/1017/1107127851_b2affd0784.jpg
997,http://www.gotcorgi.com/images/tn_Stall1.jpg
998,http://farm1.static.flickr.com/212/488645403_bd55dde387.jpg
999,http://farm3.static.flickr.com/2265/2041814549_3c49511ad5.jpg
1000,http://www.dogbreedinformation.com/images10/Cardigan%20Welsh%20Corgi2.jpg
1001,http://farm3.static.flickr.com/2091/1509023415_3ddb387d1b.jpg
1002,http://www.walking-canes.net/ProductImages/mpwoodcarver-welcome/WelshCorgiCardigan.jpg
1003,http://farm3.static.flickr.com/2055/2042559404_863b42d9a4.jpg
1004,http://www.pembrokecorgirescue.com/images/Img17.gif
1005,http://www.caninecrib.com/dog/pictures/images/corgi1_l.jpg
1006,http://farm2.static.flickr.com/1181/1108056102_28078f7bea.jpg
1007,http://farm1.static.flickr.com/248/521501855_a6820c79df.jpg
1008,http://farm1.static.flickr.com/87/241613940_c7a346e0ba.jpg
1009,http://www.cynio.net/img/11.jpg
1010,http://farm1.static.flickr.com/31/97112741_9e930a218b.jpg
1011,http://farm3.static.flickr.com/2350/1594553510_4b55277de7.jpg
1012,http://www.5stardog.com/gallery/images/Cardigan%20Welsh%20Corgi/254605401787.JPG
1013,http://farm3.static.flickr.com/2212/2194210622_d62eff13b1.jpg
1014,http://farm3.static.flickr.com/2404/1509849728_9eb8573a5d.jpg
1015,http://www.dog-breeds.name/pictures/cardigan-welsh-corgi/cardigan-welsh-corgi-2.jpg
1016,http://farm3.static.flickr.com/2187/2008843183_a1ad54289a.jpg
1017,http://farm2.static.flickr.com/1398/1107407675_dd9c1e0ee7.jpg
1018,http://www.breederretriever.com/photopost/data/609/thumbs/cardigan.jpg
1019,http://farm1.static.flickr.com/50/164777757_8c6b7ec926.jpg
1020,http://farm3.static.flickr.com/2181/2089649345_3a75924b5b.jpg
1021,http://www.pupcity.com/images/adpics/05327202055196_1.jpg
1022,http://farm3.static.flickr.com/2123/2041739875_14059dbbc9.jpg
1023,http://farm1.static.flickr.com/45/128999984_af9c5f5fdc.jpg
1024,http://farm1.static.flickr.com/34/114696809_76a139ccff.jpg
1025,http://static.flickr.com/94/256734982_b4135f44fe.jpg
1026,http://farm3.static.flickr.com/2404/2116486775_06957f9d02.jpg
1027,http://www.anatoliansinparadise.com/images/bobby-3corgi.jpg
1028,http://farm1.static.flickr.com/163/433797162_862b45d025.jpg
1029,http://web.tnics.com/mackeycardigans/Mackeypup.jpg
1030,http://www.corgi.com.pl/zagrzeb/DSC00223.JPG
1031,http://static.flickr.com/2220/1815868995_0cc1fc2c6f.jpg
1032,http://farm3.static.flickr.com/2115/2116487935_8524c7887c.jpg
1033,http://farm3.static.flickr.com/2029/2110006110_228e253bc2.jpg
1034,http://www.westminsterkennelclub.org/breedinformation/herding/images/pembrok.jpg
1035,http://www.gotcorgi.com/images/tn_CMysteBaledwrEskimoKisses.jpg
1036,http://farm1.static.flickr.com/142/398757231_359fed9985.jpg
1037,http://farm1.static.flickr.com/100/271870624_4de84f5a94.jpg
1038,http://www.zooland.ro/admin/_files/newsannounce/Cardigan_Welsh_Corgi.jpg
1039,http://farm1.static.flickr.com/223/495478343_38c8668045.jpg
1040,http://farm1.static.flickr.com/50/129930920_f26c3d8ff8.jpg
1041,http://farm1.static.flickr.com/139/367748062_dfedef1f0e.jpg
1042,http://farm3.static.flickr.com/2134/1509013623_b09a67a9e4.jpg
1043,http://farm1.static.flickr.com/42/122093470_00ecc8fb23.jpg
1044,http://farm1.static.flickr.com/82/224055517_aba0a0abda.jpg
1045,http://farm3.static.flickr.com/2089/1509013223_c1208d877c.jpg
1046,http://farm2.static.flickr.com/1014/1355857555_dfee86b241.jpg
1047,http://farm1.static.flickr.com/151/432128161_aa06f657fc.jpg
1048,http://farm3.static.flickr.com/2203/2041861715_e2a74b4f9c.jpg
1049,http://www.noblebreeds.com/photos/cris2yr.JPG
1050,http://www.arcturusgsd.com/patty_files/patty.jpg
1051,http://farm3.static.flickr.com/2081/2041831517_13dce2dc96.jpg
1052,http://farm1.static.flickr.com/222/483384287_6bbf804b25.jpg
1053,http://farm3.static.flickr.com/2275/1509873848_e80815781f.jpg
1054,http://farm1.static.flickr.com/35/122131224_2fbd0353c9.jpg
1055,http://www.thepetprofessor.com/images/breed_profiles/dogs/Cardigan_Welsh_Corgi.jpg
1056,http://farm2.static.flickr.com/1267/742939232_7b3d57c29a.jpg
1057,http://farm1.static.flickr.com/63/161852711_4a69dfa5c3.jpg
1058,http://www.interecho.com/~daroszal/corgie8.JPG
1059,http://www.headoverpaws.net/assets/images/IM001658.JPG
1060,http://farm1.static.flickr.com/114/296528470_61a9b89976.jpg
1061,http://www.kupnet.cz/foto/welsh-corgi-cardigan-45649-m.jpg
1062,http://farm2.static.flickr.com/1395/1250014608_9a4e17793d.jpg
1063,http://farm1.static.flickr.com/41/85336601_a9ff980d50.jpg
1064,http://farm3.static.flickr.com/2095/2041771141_5b10eebb7f.jpg
1065,http://www.perrilandia.com/photo/cz1/f415040.jpg
1066,http://farm1.static.flickr.com/87/233658269_bd9befb504.jpg
1067,http://farm1.static.flickr.com/108/302612244_fc1dc4c9c8.jpg
1068,http://farm2.static.flickr.com/1409/855660517_e26a2a6f9c.jpg
1069,http://farm3.static.flickr.com/2017/1509867660_d482585d37.jpg
1070,http://farm3.static.flickr.com/2343/2042579600_430fbc6ab1.jpg
1071,http://www.saca.caninenet.com/pictures/thumbs/596710616.jpg
1072,http://farm3.static.flickr.com/2032/1509021125_c7bfa07821.jpg
1073,http://farm2.static.flickr.com/1176/1145003898_331466660a.jpg
1074,http://farm1.static.flickr.com/10/14791334_f00f5dc936.jpg
1075,http://www.welsh-corgi.ru/oskar/oskar_top.jpg
1076,http://members.aol.com/_ht_a/ncunliffe/_borders/millylt.jpg
1077,http://farm3.static.flickr.com/2266/1509857806_10a4b5eae7.jpg
1078,http://farm1.static.flickr.com/170/431771793_f999b4e8d3.jpg
1079,http://www.dogtron.com/dog/img/cardigan.jpg
1080,http://static.flickr.com/1272/1145049636_71377984f9.jpg
1081,http://www.dogzonline.com.au/images/profiles/07/04/20792_762.jpg
1082,http://www.wrinkydinks.com/yahoo/mailboxcovers/Corgi-Pembroke.jpg
1083,http://farm3.static.flickr.com/2081/1491025595_2ff499bc6c.jpg
1084,http://static.flickr.com/111/304130981_2fb0b55faf.jpg
1085,http://farm1.static.flickr.com/189/450983842_d0b7ef5af4.jpg
1086,http://www.welsh-corgi.ru/avva/avva-rod.jpg
1087,http://farm1.static.flickr.com/42/101879273_de4db70353.jpg
1088,http://www.welshcorgi.co.kr/images/w_icp01.gif
1089,http://farm3.static.flickr.com/2237/2041734591_c4fb804ad8.jpg
1090,http://farm3.static.flickr.com/2203/2184998438_47b0f80b10.jpg
1091,http://www.welsh-corgi-cardigan.de/bilder/besstreppe.jpg
1092,http://www.welsh-corgi.ru/5.jpg
1093,http://farm1.static.flickr.com/97/242966381_c0b3a23a21.jpg
1094,http://farm2.static.flickr.com/1134/1107694234_9bda6fb1a0.jpg
1095,http://farm2.static.flickr.com/1377/1325722100_663caf3285.jpg
1096,http://farm1.static.flickr.com/176/463623474_ee07b81547.jpg
1097,http://farm3.static.flickr.com/2244/1509883016_2b989d1d4b.jpg
1098,http://farm2.static.flickr.com/1012/600410180_6266b9fab3.jpg
1099,http://www.4pawsembroidery.com/stock/thumbnails/Cardigan%20Welsh%20Corgi%20(body)_gif.jpg
1100,http://farm1.static.flickr.com/82/242852775_08f23f28e4.jpg
1101,http://farm3.static.flickr.com/2053/2160260860_14a71bc34e.jpg
1102,http://www.lovemypet.com.au/images/172_body_picture_small.gif
1103,http://farm1.static.flickr.com/92/271088382_b66ee08ae7.jpg
1104,http://farm2.static.flickr.com/1222/1245570966_f3700501ce.jpg
1105,http://static.flickr.com/95/252643349_f1e8c574d1.jpg
1106,http://www.cardiganwelshcorgi.it/faith.jpg
1107,http://www.tikaro.com/images/blog/sophieEars.jpg
1108,http://bluebonnetcardigancorgis.org/images/bow040715.jpg
1109,http://farm2.static.flickr.com/1180/1107796144_eeec8b90a5.jpg
1110,http://farm1.static.flickr.com/126/382325315_0e685ee697.jpg
1111,http://farm1.static.flickr.com/55/114696806_f541659beb.jpg
1112,http://farm2.static.flickr.com/1101/1362993339_79cc0d1c37.jpg
1113,http://www.petking.co.il/petking/MediaServer/AnimalGuides/Dogs/200X150/Welsh_Corgi_Cardigan.jpg
1114,http://farm1.static.flickr.com/195/469611517_d98006a1ba.jpg
1115,http://farm3.static.flickr.com/2126/1508998339_a3e06010bd.jpg
1116,http://farm1.static.flickr.com/133/410360134_901233f876.jpg
1117,http://www.c-dtags.com/flags/allflagsdir/newbobflags/largenewflagimg/Corgi-Cardigan-Welsh.gif
1118,http://www.petpoint.com/sms/photos/101/a3c734a2-bb13-458a-8288-db95a0bb54d4.jpg
1119,http://farm3.static.flickr.com/2329/1595267885_76b307b7d4.jpg
1120,http://www.dragonsgate.net/tirnanog/images/KasaiKivaRide400.jpg
1121,http://farm1.static.flickr.com/94/242966471_82e1ce1cdc.jpg
1122,http://thumbnail.search.aolcdn.com/truveo/images/thumbnails/37/6D/376D4F84937E03.jpg
1123,http://farm1.static.flickr.com/40/122130620_e6bc67f300.jpg
1124,http://farm1.static.flickr.com/40/116418866_549c66931a.jpg
1125,http://farm2.static.flickr.com/1165/1245656454_d2eb833e5e.jpg
1126,http://farm2.static.flickr.com/1295/1162216962_726206fdc8.jpg
1127,http://farm1.static.flickr.com/81/233656496_3102284422.jpg
1128,http://farm1.static.flickr.com/49/128999986_060eb33bca.jpg
1129,http://farm2.static.flickr.com/1109/1108253440_accf9bcef7.jpg
1130,http://farm3.static.flickr.com/2067/2041761725_c65a15201f.jpg
1131,http://farm3.static.flickr.com/2353/2041738101_1a40272c46.jpg
1132,http://farm2.static.flickr.com/1340/698745688_6f4ab94354.jpg
1133,http://farm2.static.flickr.com/1225/852715771_13ce431a0e.jpg
1134,http://farm1.static.flickr.com/95/276431693_3e149d7eaa.jpg
1135,http://www.vistruphus.dk/Billeder/PICT10008.JPG
1136,http://farm3.static.flickr.com/2184/2089649445_ddb597cddd.jpg
1137,http://farm1.static.flickr.com/15/22521363_9cc1e66039.jpg
1138,http://farm3.static.flickr.com/2238/1780523836_835ff81f04.jpg
1139,http://farm1.static.flickr.com/46/131623810_b1002b5423.jpg
1140,http://www.dogzonline.com.au/images/profiles/64/16159_802.jpg
1141,http://farm3.static.flickr.com/2036/2117268268_a097f0f82b.jpg
1142,http://static.flickr.com/142/323055667_4495553596.jpg
1143,http://www.llygedyncorgis.com/images/christmas.jpg
1144,http://i137.photobucket.com/albums/q209/kal8079/Izandmox1.jpg
1145,http://farm2.static.flickr.com/1294/1042770684_a6831b952a.jpg
1146,http://static.flickr.com/1104/915205342_8dab2a5bd8.jpg
1147,http://farm1.static.flickr.com/42/122131812_ad415abf4b.jpg
1148,http://farm1.static.flickr.com/37/122131937_6dfa969ed7.jpg
1149,http://dogs-puppies.dogs-central.com/images/corgi-photo-calendar_small.jpg
1150,http://farm1.static.flickr.com/208/481838963_cdd619c5a8.jpg
1151,http://di1.shopping.com/images/di/52/5a/52/756f665f6257436f36556e7358665762625651-100x100-0-0.jpg
1152,http://farm1.static.flickr.com/40/116408339_2cbc5d5402.jpg
1153,http://www.illbattingen.ax/gallery/Misc/slides/zmurfan.jpg
1154,http://www.petplanet.co.uk/petplanet/images/breeds/corgi_cardigan.jpg
1155,http://www.selectsmart.com/DOG/cardigan.jpg
1156,http://farm1.static.flickr.com/34/122130597_6a5a26eefd.jpg
1157,http://farm1.static.flickr.com/147/334519598_c461d68ddb.jpg
1158,http://farm2.static.flickr.com/1086/1430641028_bd7ca179bd.jpg
1159,http://www.nwcardigans.com/images/supported%20entry/zlewiston.jpg
1160,http://farm2.static.flickr.com/1335/1107803394_780173423f.jpg
1161,http://www.btanimaux.com/photos/annonces/chiens/photo1026837.jpg
1162,http://farm1.static.flickr.com/183/410364484_e10d965c9a.jpg
1163,http://farm3.static.flickr.com/2152/1596152216_976acf7310.jpg
1164,http://farm1.static.flickr.com/39/122130708_05899fa032.jpg
1165,http://corgicomics.com/files/mensab.jpg
1166,http://www.petyourdog.com/images/dog%20breeds/cardigan_welsh_corgi.jpg
1167,http://farm2.static.flickr.com/1242/569283984_de2351be92.jpg
1168,http://farm1.static.flickr.com/132/320570024_78f5321116.jpg
1169,http://farm2.static.flickr.com/1362/600098507_8e9152d299.jpg
1170,http://farm2.static.flickr.com/1287/1107237175_f9991b8f4c.jpg
1171,http://farm1.static.flickr.com/100/304428677_afa9339f29.jpg
1172,http://www.tunturisusi.com/koiralinkit/hitchhiker.jpg
1173,http://farm1.static.flickr.com/40/122093368_169bd60fc6.jpg
1174,http://www.totalcorgis.com/forum/uploadedimages/1654-1.jpg
1175,http://www.legend-one-net.com/images/on/welshcorgicardigan/0823667617_070111111174.jpg
1176,http://www.fiercetigress.fws1.com/honey_stand.jpg
1177,http://farm3.static.flickr.com/2072/1509018255_49269fa73e.jpg
1178,http://farm1.static.flickr.com/113/311505010_f1afdcfa75.jpg
1179,http://farm1.static.flickr.com/87/233484657_2860a0168c.jpg
1180,http://farm3.static.flickr.com/2255/2116487125_82184b29a2.jpg
1181,http://www.pet1616.com/zukan/dog/photo/welsh_corgi_cardigan.jpg
1182,http://farm3.static.flickr.com/2373/1509026187_849a09b84f.jpg
1183,http://farm1.static.flickr.com/153/399226649_63e3529c31.jpg
1184,http://www.worldexplorer.be/welsh_corgi_cardigan.gif
1185,http://www.infoabout.ca/images/smalldogbreeds/Cardigan_Welsh_Corgi.jpg
1186,http://farm3.static.flickr.com/2076/2041805743_9ffed07497.jpg
1187,http://www.morningstarcardigans.com/foster3.jpg
1188,http://farm1.static.flickr.com/42/129001939_460eb4218c.jpg
1189,http://farm3.static.flickr.com/2387/1508991385_42f9d134ae.jpg
1190,http://static.flickr.com/19/23598629_481d7faa2f.jpg
1191,http://www.dogsindepth.com/herding_dog_breeds/images/pembroke_welsh_corgi_h03.jpg
1192,http://static.flickr.com/50/129930919_13bcee94ab.jpg
1193,http://farm2.static.flickr.com/1300/1106855043_f5897a4d67.jpg
1194,http://farm1.static.flickr.com/144/323052725_d38e6ea9c7.jpg
1195,http://farm1.static.flickr.com/100/309045546_a991b914e3.jpg
1196,http://farm3.static.flickr.com/2320/2157629475_8a2504362b.jpg
1197,http://farm2.static.flickr.com/1318/1355904576_11fe7669bb.jpg
1198,http://farm3.static.flickr.com/2249/2042653354_e1b19dc6f7.jpg
1199,http://farm1.static.flickr.com/109/271093379_7c25e948d0.jpg
1200,http://www.petportofcall.com/images/swatches/10_23_2007_14_52_2.jpg
1201,http://farm2.static.flickr.com/1133/1044599758_917a8e3ce9.jpg
1202,http://farm1.static.flickr.com/95/252643349_f1e8c574d1.jpg
1203,http://farm1.static.flickr.com/90/231977211_054b27254c.jpg
1204,http://farm3.static.flickr.com/2375/2110004924_476dec2cc9.jpg
1205,http://023car.com/attachments/2006/08/2006828_65562648b56bb28673ded0c17cb9b5ac.jpg
1206,http://static.flickr.com/2391/2042582058_3058094a26.jpg
1207,http://www.caninecrib.com/dog/pictures/images/corgi3_l.jpg
1208,http://farm1.static.flickr.com/112/309047034_890e3c03d0.jpg
1209,http://farm2.static.flickr.com/1279/932207074_6fd208890f.jpg
1210,http://farm3.static.flickr.com/2339/1815638061_e51681633f.jpg
1211,http://www.pupsforsale.net/welsh_corgi_cardigan_02_puppies_for_sale.jpg
1212,http://static.flickr.com/63/172408598_9067dc9487.jpg
1213,http://puppylocator.com/uploads/thumbs/1156895907Cardigan-Welsh-Corgi.jpg
1214,http://farm1.static.flickr.com/126/367748057_e6d270323d.jpg
1215,http://farm2.static.flickr.com/1202/1108223060_84e2ce3387.jpg
1216,http://www.dog-breeds.name/pictures/cardigan-welsh-corgi/cardigan-welsh-corgi-6tn.jpg
1217,http://farm2.static.flickr.com/1410/1161330279_c7278eb0fd.jpg
1218,http://farm3.static.flickr.com/2045/2076575549_7cec88adee.jpg
1219,http://farm1.static.flickr.com/160/331066186_50abe7f360.jpg
1220,http://www.noahsanimalfigurines.com/catalog/images/cc/WelshCorgiCardigan_df51b.jpg
1221,http://farm1.static.flickr.com/156/374204099_565f181b47.jpg
1222,http://farm2.static.flickr.com/1339/1423011671_0b232cd18f.jpg
1223,http://farm1.static.flickr.com/80/271089882_fc94cac8cc.jpg
1224,http://farm1.static.flickr.com/187/481692796_6c0b3951d3.jpg
1225,http://farm1.static.flickr.com/43/122130721_37888a5366.jpg
1226,http://farm3.static.flickr.com/2162/1816124776_49ccc67bab.jpg
1227,http://www.cardigan-welsh-corgi-dogs.com/pictures-images-photos/cardigan-welsh-corgis-03.jpg
1228,http://colonialdogschool.com/images/Wiki_cardi_corgi.JPG
1229,http://static.flickr.com/82/233659498_37116affcc.jpg
1230,http://www.horses-n-dogs.com/images/Welsh%20corgi%20cardigan.jpg
1231,http://welshclans.atspace.com/images/finchhoofd.jpg
1232,http://www.dogsofthenorth.com/CorgiConference.jpg
1233,http://farm1.static.flickr.com/93/230687525_66c0a1e887.jpg
1234,http://www.cfbrh-sachsen.de/media/rassen/welsh.jpg
1235,http://farm1.static.flickr.com/148/345518319_d6bf236454.jpg
1236,http://farm3.static.flickr.com/2372/2108878757_ecaa8e3805.jpg
1237,http://www.thebabysamshow.com/Critters_Stuff/Dogs/CardiganWelshCorgi.jpg
1238,http://www.andrewwerber.com/solomon/Resize%20of%20DSC01332.JPG
1239,http://www.sandyman.fi/doghouse/minunkoirani/welshcorgi/santtu.jpg
1240,http://www.gotpetsonline.com/pictures-gallery/dog-pictures-breeders-puppies-rescue/cardigan-welsh-corgi-pictures-breeders-puppies-rescue/pictures-photos/cardigan-welsh-corgi-0003.jpg
1241,http://www.gotpetsonline.com/pictures-gallery/dog-pictures-breeders-puppies-rescue/cardigan-welsh-corgi-pictures-breeders-puppies-rescue/pictures-photos/cardigan-welsh-corgi-0001.jpg
1242,http://farm3.static.flickr.com/2154/2050797459_af8c70275e.jpg
1243,http://farm1.static.flickr.com/1/122093341_82b9ade310.jpg
1244,http://farm1.static.flickr.com/97/242851665_73e0d70686.jpg
1245,http://www.footfallcardigans.com/img24.jpg
1246,http://farm3.static.flickr.com/2119/1940900268_b1ad488517.jpg
1247,http://www.wagandfetch.com/images/breeds/breed_cardigan_welsh_corgi.jpg
1248,http://images.shortview.de/topicpics/xaeV4wHF3fk6PYf.jpg
1249,http://www.cfbrh-baden-pfalz.de/welsh-corgi/corgi1.jpg
1250,http://www.dogsindepth.com/herding_dog_breeds/images/pembroke_welsh_corgi_h02.jpg
1251,http://farm3.static.flickr.com/2254/2185017394_562a6b681e.jpg
1252,http://farm3.static.flickr.com/2069/2041751201_1675f6b568.jpg
1253,http://www.alltomhund.com/kennel/corgi3.gif
1254,http://farm3.static.flickr.com/2160/1595260779_deda822c0a.jpg
1255,http://cache.eb.com/eb/thumb?id=65016
1256,http://farm3.static.flickr.com/2152/1508989209_12e18864b8.jpg
1257,http://farm2.static.flickr.com/1216/1224587054_4efe873acb.jpg
1258,http://farm1.static.flickr.com/129/323647268_f5e290852e.jpg
1259,http://farm1.static.flickr.com/89/245943815_4fc195d0eb.jpg
1260,http://farm2.static.flickr.com/1352/1107409285_26d17b1917.jpg
1261,http://farm3.static.flickr.com/2227/2177825290_8abd8c2362.jpg
1262,http://www.mybuddydog.com/cardwc.jpg
1263,http://farm1.static.flickr.com/114/316517044_9065d4370f.jpg
1264,http://www.welsh-corgi-cardigan.de/bilder/corgi2a.jpg
1265,http://farm3.static.flickr.com/2354/1508997563_0ad657ad20.jpg
1266,http://farm1.static.flickr.com/18/88620157_b122e58f3c.jpg
1267,http://farm3.static.flickr.com/2310/2041829533_21db9f90f7.jpg
1268,http://media.petster.com/photos/22576/873-453-683-859-33400-m575.jpg
1269,http://farm2.static.flickr.com/1356/697924355_b3f145f839.jpg
1270,http://farm3.static.flickr.com/2337/2041846265_28c9b363c2.jpg
1271,http://farm2.static.flickr.com/1093/1362993347_9079f14f1f.jpg
1272,http://farm1.static.flickr.com/125/418421067_ed17529fcd.jpg
1273,http://www.petpoint.com/sms/photos/101/a12ad936-f6f5-4c0d-ab85-0d701d15e227.jpg
1274,http://www.ffpet.com/linkfile/welsh-corgi-cardigan.jpg
1275,http://www.silverdalen.se/stamps/bild/bhutan/bh97_dogs_m_05m.jpg
1276,http://www.hopesdreamgraphics.com/cgd_temp/customergraphics/bluetrix1.jpg
1277,http://farm1.static.flickr.com/87/231977209_86f5ea0755.jpg
1278,http://farm1.static.flickr.com/97/242853134_24d65882b9.jpg
1279,http://farm2.static.flickr.com/1014/1106333695_f1f2bb4f82.jpg
1280,http://farm3.static.flickr.com/2048/2042589840_5db18d66df.jpg
1281,http://farm2.static.flickr.com/1096/1108041582_8b72c67ad6.jpg
1282,http://image34.webshots.com/34/5/73/55/247457355GZbFTx_ph.jpg
1283,http://farm1.static.flickr.com/136/334519610_2b85be800b.jpg
1284,http://farm1.static.flickr.com/138/432128000_9f98279b4d.jpg
1285,http://www.steppenwolf-kennel.com/ryandemweb.jpg
1286,http://www.signs-etcetera.com/images/FlagCorgiPembWelshTW.jpg
1287,http://farm1.static.flickr.com/4/7746817_5af219a18d.jpg
1288,http://farm3.static.flickr.com/2083/2240414528_79a781e3df.jpg
1289,http://farm1.static.flickr.com/40/122131084_ea8ae966eb.jpg
1290,http://bluebonnetcardigancorgis.org/images/tn-bob040715.jpg
1291,http://farm3.static.flickr.com/2016/2077400940_d46bbad618.jpg
1292,http://farm3.static.flickr.com/2145/1779445991_12ed5db0a7.jpg
1293,http://farm3.static.flickr.com/2336/1509004895_201c1d4985.jpg
1294,http://farm1.static.flickr.com/41/103196472_11ef72ede6.jpg
1295,http://farm1.static.flickr.com/86/242853039_cf023f9cd1.jpg
1296,http://farm1.static.flickr.com/108/274983218_ffaf2dde12.jpg
1297,http://farm1.static.flickr.com/162/341058397_0fb1dd12a6.jpg
1298,http://farm1.static.flickr.com/93/241611213_02ec0f0695.jpg
1299,http://farm3.static.flickr.com/2013/2042568724_00c9359079.jpg
1300,http://www.fhv-online.nl/images/rassen/cardiganr.jpg
1301,http://www.puppydogweb.com/gallery/cardiganwelshcorgi/cardiganwelshcorig_glowacka.jpg
1302,http://farm1.static.flickr.com/48/109939292_8f57c170ac.jpg
1303,http://farm1.static.flickr.com/66/160423482_3529deb2f2.jpg
1304,http://farm1.static.flickr.com/42/122131032_32f24ee482.jpg
1305,http://www.breederretriever.com/photopost/data/616/thumbs/cardigan_pup.JPG
1306,http://dogs-world.net/web/graphic/Welsh_corgi_cardigan.jpg
1307,http://farm2.static.flickr.com/1301/1107951720_4be5220dc7.jpg
1308,http://farm2.static.flickr.com/1048/1108028592_823cb6adf9.jpg
1309,http://farm1.static.flickr.com/36/122130960_efbe60a597.jpg
1310,http://farm2.static.flickr.com/1262/698785646_b6628ef8cc.jpg
1311,http://www.whatsmydog.com/images/BreedImages/ProfileImages/Cardigan_welsh_corgi.jpg
1312,http://farm2.static.flickr.com/1101/600099765_66809438d5.jpg
1313,http://farm3.static.flickr.com/2190/1779672969_54e23f9e1b.jpg
1314,http://farm2.static.flickr.com/1271/1108349342_9b5636e0cd.jpg
1315,http://farm1.static.flickr.com/38/122130549_5ef1d9b13c.jpg
1316,http://www.devrolijkeviervoeters.org/images/welshcorgi_pembroke06.jpg
1317,http://farm3.static.flickr.com/2185/1509855612_0143d86ebe.jpg
1318,http://farm3.static.flickr.com/2064/2042577004_85c76610d1.jpg
1319,http://yanta.pair.com/stitcher/Designs/cardigan.jpg
1320,http://farm3.static.flickr.com/2384/1765096358_4b4fdeb318.jpg
1321,http://farm1.static.flickr.com/102/251354448_809152f95b.jpg
1322,http://lh3.google.com/_avCAGuNEm7o/Rg_3uxbMy5I/AAAAAAAAABQ/cQYRTDq9vRg/s800/IMG_0053.JPG
1323,http://farm1.static.flickr.com/59/164777753_fce3c2c00f.jpg
1324,http://farm1.static.flickr.com/214/469615244_dc504d56d4.jpg
1325,http://farm1.static.flickr.com/155/431771160_eed4913fe6.jpg
1326,http://farm3.static.flickr.com/2268/2051001711_a03fec7116.jpg
1327,http://farm2.static.flickr.com/1115/1464951623_0a7de81b0f.jpg
1328,http://farm1.static.flickr.com/76/164781462_dd644b3a57.jpg
1329,http://www.qwayntcwc.com/images/tucker.jpg
1330,http://farm1.static.flickr.com/129/392995894_fe3d380c4b.jpg
1331,http://farm1.static.flickr.com/159/410375265_2cf03ca556.jpg
1332,http://www.pups4sale.com.au/welsh_corgi_pembroke_03a.jpg
1333,http://www.petorama.com/showpic.php?p_id=2&i;_id=3&type;=1
1334,http://farm1.static.flickr.com/188/432243780_4d1e57d273.jpg
1335,http://static.flickr.com/66/164777752_4296d5edef.jpg
1336,http://farm3.static.flickr.com/2414/1595275683_8d943e12d9.jpg
1337,http://farm1.static.flickr.com/169/431771678_27c6b29fca.jpg
1338,http://pets-place.net/Breeds/CardiganWelshCorgiPhoto2.jpg
1339,http://farm1.static.flickr.com/120/276431689_18f0e4e320.jpg
1340,http://www.asimba.dk/gfx/simba_closeup2.jpg
1341,http://chien.ouest-atlantis.com/images/welsh-corgi.jpg
1342,http://farm1.static.flickr.com/37/86000496_a52f00054c.jpg
1343,http://farm2.static.flickr.com/1411/1107670658_fcde810d04.jpg
1344,http://www.vauhtitassu.net/virt/patu1.jpg
1345,http://farm1.static.flickr.com/43/122131294_cf93ddfeef.jpg
1346,http://rangeairevision.com/dogshows/working-dogs/Corgi-Pembroke-dog-stand.jpg
1347,http://farm2.static.flickr.com/1227/1107883884_94aa4d539d.jpg
1348,http://farm3.static.flickr.com/2228/1509007485_9800ff6e4a.jpg
1349,http://farm1.static.flickr.com/193/1509879486_5f1b1129bb.jpg
1350,http://farm1.static.flickr.com/92/221236249_d50ad29096.jpg
1351,http://farm3.static.flickr.com/2190/2200634593_ca996ffefa.jpg
1352,http://www.thestitchstudio.co.uk/images/LDK065Welsh-Cardigan_Corgi.jpg
1353,http://www.dog-breeds.name/pictures/cardigan-welsh-corgi/cardigan-welsh-corgi-5tn.jpg
1354,http://www.dog-breeds-infosite.com/images/cardiganwelshcorgi4.jpg
1355,http://server.hund.ch/zuechter/zpages/z1132.jpg
1356,http://farm1.static.flickr.com/73/214741644_ca65b984e0.jpg
1357,http://www.veryhappening.com/images/things/big/486.jpg
1358,http://farm3.static.flickr.com/2360/1509010631_1c5047994a.jpg
1359,http://farm1.static.flickr.com/41/122131005_621d40ab98.jpg
1360,http://farm1.static.flickr.com/37/122093505_0b8a22abcf.jpg
1361,http://otcwf.com/agil5.gif
1362,http://www.petyourdog.com/images/dog%20breeds/cardigan_welsh_corgi2.jpg
1363,http://farm2.static.flickr.com/1176/536597756_3d4a773b61.jpg
1364,http://farm3.static.flickr.com/2215/2194210496_def205c814.jpg
1365,http://farm2.static.flickr.com/1356/1244699681_5c45af4f7f.jpg
1366,http://farm1.static.flickr.com/42/122131637_f4eb310694.jpg
1367,http://farm2.static.flickr.com/1088/1244695281_c9da558a60.jpg
1368,http://www.sainthilairespark.com/image-026.jpg
1369,http://www.mascotas.com/razas/CardiganWelshCorgi.jpg
1370,http://farm2.static.flickr.com/1276/1107526519_abe870b29f.jpg
1371,http://www.splashdogspa.com/assets/images/Calendar/2007%20Calendar/PopcornDecember.jpg
1372,http://static.flickr.com/63/164781459_b8d68e2eea.jpg
1373,http://www.felixandfido.com/catalog/images/pt-d148rw.jpg
1374,http://farm1.static.flickr.com/68/164775213_fe9af69854.jpg
1375,http://www.cardicorgis.com/Telltails/dynamic/pics/tuffy1.jpg
1376,http://www.babarker.com/miva/graphics/00000001/rosabw71.jpg
1377,http://farm1.static.flickr.com/22/95558097_0130b81f64.jpg
1378,http://files.dogster.com/images/dogster/breeds/cardigan_welsh_corgi.jpg
1379,http://www.byrnecrest.com/PenReilWillow-8x10052007awe.gif
1380,http://farm1.static.flickr.com/90/239035136_af5a01017d.jpg
1381,http://www.kalordesigns.com/7CWC001WHT.jpg
1382,http://farm3.static.flickr.com/2055/2042660392_acae2a780b.jpg
1383,http://www.evcilkopekler.com/fotolar/1113541005cardigan_welsh_corgi_2.jpg
1384,http://farm1.static.flickr.com/213/453940254_61c20abfb2.jpg
1385,http://hotc.org/hotc/images/hotcDogs/Herding_Dogs/17_Tayler.jpg
1386,http://www.pupcity.com/images/adpics/200477145637.jpg
1387,http://www.fest.corgi.pl/welshcorgi/rodzina/foka2.jpg
1388,http://farm1.static.flickr.com/40/105885526_0bc092d2ec.jpg
1389,http://farm3.static.flickr.com/2235/1816983088_b8d543c304.jpg
1390,http://farm3.static.flickr.com/2154/1509858348_a648685784.jpg
1391,http://farm1.static.flickr.com/183/410462622_d78877af97.jpg
1392,http://www.digitaldog.com/images/breeds/cardi.jpg
1393,http://beheer.uwhondenkat.nl/pictures/doginterviews/20070910-5.jpg
1394,http://www.kmdogart.com/cardiweb.jpg
1395,http://www.babydognames.com/breeds/cardigan-welsh-corgi2.jpg
1396,http://farm3.static.flickr.com/2076/1590700828_e6fb6eb10a.jpg
1397,http://anwo.com/store/media/welsh_corgi_2007.JPG
1398,http://farm3.static.flickr.com/2401/1509855346_ee7c410810.jpg
1399,http://www.animalthemes.co.nz/Product%20Graphics/Canine%20Kingdom/df051b%20-%20Welsh%20Corgi%20Cardigan.jpg
1400,http://www.njgarden.net/images/166_Kane_PoolBoy.JPG
1401,http://www.sunnysidefarmusa.com/CorgiPupBlWhite.JPG
1402,http://www.perfectpetrescue.com/dogpics/Lager127074.jpg
1403,http://farm3.static.flickr.com/2345/2042651596_83d7b35c8e.jpg
1404,http://www.ourdogs.co.uk/acatalog/cardiint.jpg
1405,http://farm2.static.flickr.com/1401/1107120455_af468e5cbf.jpg
1406,http://www.silverdalen.se/stamps/bild/gambia/ga97_dogs_m_02m.jpg
1407,http://anti-dockingalliance.co.uk/BCorgPem1Reed.jpg
1408,http://images.art.com/images/products/regular/12209000/12209190.jpg
1409,http://farm3.static.flickr.com/2165/1757519059_50e896c78a.jpg
1410,http://bluebonnetcardigancorgis.org/images/ears.jpg
1411,http://www.podajlape.pl/rasy_img/n/214_0.jpg
1412,http://www.krismaimages.com/ccorgi1.jpg
1413,http://farm1.static.flickr.com/131/318612824_421f7f7cd9.jpg
1414,http://farm1.static.flickr.com/51/112590817_c0cf2f78db.jpg
1415,http://farm1.static.flickr.com/204/494616367_448bfccf0e.jpg
1416,http://www.enci.it/rivista/200504/CARDIGAN3.jpg
1417,http://dress-shoes.namf.co.uk/p/99/images/porcelain-funnel-cup-with-welsh-corgi-cardigan-6-inch-black-and-white.jpg
1418,http://www.dogzonline.com.au/images/mature/topdog_1800_1282.jpg
1419,http://www.puppysites.com/deluxe/walnutcreekfarms_cardigan.jpg
1420,http://farm2.static.flickr.com/1208/852571349_59ee10cb26.jpg
1421,http://farm1.static.flickr.com/148/350430007_9e454328e6.jpg
1422,http://farm1.static.flickr.com/62/180157322_17a3e49827.jpg
1423,http://farm1.static.flickr.com/132/345517935_da19733935.jpg
1424,http://www.pattern-maker.co.uk/images/d%20cardigan%20welsh%20corgi.JPG
1425,http://www.nzkc.org.nz/nds2004/images/5173.jpg
1426,http://farm1.static.flickr.com/41/122130877_6bc9fdca51.jpg
1427,http://www.k9breedlist.com/images/Kristi_Jacobs_Cardigan_Welsh_Corgi.jpg
1428,http://www.jewelsandtreasures.com/catalog/images/344_Corgi_checkbook_black.jpg
1429,http://cherishpet.com/wp-content/uploads/2007/09/welsh-corgi-cardigan.jpg
1430,http://www.enci.it/rivista/200504/CARDIGAN2.jpg
1431,http://farm3.static.flickr.com/2028/1595301469_ccd2e4fce3.jpg
1432,http://www.perfectpuppiesonline.com/breedimages/Cardigan_Welsh_Corgi.jpg
1433,http://farm1.static.flickr.com/92/266633305_d3091f0859.jpg
1434,http://www.fordoggylovers.com/images/Hot%20Plates/ZD50C.jpg
1435,http://farm1.static.flickr.com/41/251349400_e680dbbf09.jpg
1436,http://static.flickr.com/87/242851535_3da0cdce3d.jpg
1437,http://farm2.static.flickr.com/1302/1108212164_cbbe3a07ef.jpg
1438,http://www.dateboxx.com/images/csphoto/1107/00/00/13/14/20/55411_enlrg.jpg
1439,http://farm1.static.flickr.com/150/346940233_c085fded83.jpg
1440,http://farm1.static.flickr.com/36/109939297_ee95f3cef4.jpg
1441,http://www.merrickpetcare.com/upload/photos/304BLUEBOY!.png
1442,http://farm1.static.flickr.com/44/135449078_e09dabe215.jpg
1443,http://pets-place.net/Breeds/CardiganWelshCorgiPhoto7.jpg
1444,http://farm2.static.flickr.com/1216/1107243170_a47beb85d4.jpg
1445,http://www.dognews.com/pedigreegallery/2003/herding/thumbnails/Corgi%20-Cardigan.jpg
1446,http://farm3.static.flickr.com/2158/2041755335_34d45e6732.jpg
1447,http://www.123hjemmeside.dk/picture.aspx?id=9201153
1448,http://farm1.static.flickr.com/38/103255573_0da4ebbccc.jpg
1449,http://www.hunde-in-dresden.de/img/zucht_welsh_cardigan.jpg
1450,http://www.welsh-corgi.ru/pup/kardigan1/CYPRIAN-Corlan-Gi.jpg
1451,http://farm3.static.flickr.com/2354/2143216046_38a3e749dd.jpg
1452,http://www.haboshof.nl/images/haboh5756a.jpg
1453,http://farm1.static.flickr.com/129/323052208_9e7c1cf5c5.jpg
1454,http://farm1.static.flickr.com/42/90889314_f69a76f887.jpg
1455,http://farm3.static.flickr.com/2069/2041812743_7b38ecee0f.jpg
1456,http://farm1.static.flickr.com/201/516892318_ea8e1e265e.jpg
1457,http://www.vdh.de/mitgliedsvereine/images/99.jpg
1458,http://www.dogchannel.com/images/blog/536bdd8f-4e2b-4d9f-931e-0518673add03.jpg
1459,
