0,http://farm2.static.flickr.com/1068/752306723_cbc0728855.jpg
1,http://farm1.static.flickr.com/124/370639080_52c4b9581b.jpg
2,http://farm1.static.flickr.com/209/486087182_0f68bb0e7e.jpg
3,http://farm2.static.flickr.com/1176/569151911_a7e4e01f19.jpg
4,http://farm1.static.flickr.com/123/391872196_aa01b6328d.jpg
5,http://www.signs-etcetera.com/images/FlagDalmatian.jpg
6,http://farm3.static.flickr.com/2187/2132144385_0236f18ca1.jpg
7,http://farm1.static.flickr.com/178/452417203_dd1b79ddd9.jpg
8,http://farm3.static.flickr.com/2113/2232318276_b6a796f938.jpg
9,http://static.flickr.com/47/117869364_67056bc8ed.jpg
10,http://farm1.static.flickr.com/193/502722306_e76084003c.jpg
11,http://farm1.static.flickr.com/23/36914675_e4bec677cc.jpg
12,http://www.dalmatian.sk/fileadmin/Images/Wallpapers/12-1024x768.jpg
13,http://static.flickr.com/1373/1106906391_6b8b08d5f8.jpg
14,http://farm2.static.flickr.com/1238/1453352860_31f40bdf04.jpg
15,http://farm3.static.flickr.com/2046/1939809790_cc01d8441e.jpg
16,http://farm1.static.flickr.com/18/72844412_182e241850.jpg
17,http://www.dalrescue.net/DaisyJaneIV.JPG
18,http://farm2.static.flickr.com/1155/1473992922_042aed23c6.jpg
19,http://www.animalpicturesarchive.com/animal/PIX/Dalmatian.jpg
20,http://farm1.static.flickr.com/31/94943394_3db65063ed.jpg
21,http://farm2.static.flickr.com/1141/1410235417_7748a4e816.jpg
22,http://farm1.static.flickr.com/105/258461836_7c51d0521a.jpg
23,http://www.my-puppy.net/images/Dalmatian/Dalmatian-254.jpg
24,http://farm1.static.flickr.com/48/142899479_07dc256101.jpg
25,http://img.auctiva.com/imgdata/2/2/3/8/2/7/webimg/22786092_tp.jpg
26,http://graphics8.nytimes.com/images/2007/02/18/nyregion/600-deaf-01.jpg
27,http://farm1.static.flickr.com/169/410274244_e668726616.jpg
28,http://farm3.static.flickr.com/2208/2218064885_81f95c751a.jpg
29,http://static.flickr.com/1389/1250781015_65f758caa9.jpg
30,http://farm1.static.flickr.com/103/252005639_c63fa1ee5e.jpg
31,http://farm1.static.flickr.com/89/228885492_f778be1e98.jpg
32,http://www.aalberg.com/photos/peninsula/dalmatian.jpg
33,http://www.puppydogweb.com/gallery/dalmatians/dalmatian_wilson.JPG
34,http://farm1.static.flickr.com/173/425786469_a0256f4a09.jpg
35,http://www.gotpetsonline.com/pictures-gallery/dog-pictures-breeders-puppies-rescue/dalmatian-pictures-breeders-puppies-rescue/pictures/dalmatian-0038.jpg
36,http://farm1.static.flickr.com/65/182864788_acc98fefef.jpg
37,http://farm1.static.flickr.com/92/231652065_560327d31d.jpg
38,http://www.mypets.net.au/template_images/Dalmatian.jpg?0.17468525568438015
39,http://farm2.static.flickr.com/1214/1319045689_d32fc6de90.jpg
40,http://farm3.static.flickr.com/2236/2159653438_e8012da3ec.jpg
41,http://farm2.static.flickr.com/1049/1238866121_f9d79fd791.jpg
42,http://farm1.static.flickr.com/203/494208952_e86fde7c91.jpg
43,http://farm1.static.flickr.com/219/508573222_1090107699.jpg
44,http://farm3.static.flickr.com/2164/1986971537_0014db5fc9.jpg
45,http://farm2.static.flickr.com/1028/1443152659_23b66bac33.jpg
46,http://farm1.static.flickr.com/169/423715453_fa2575adb5.jpg
47,http://farm1.static.flickr.com/158/347609595_a05d528f2e.jpg
48,http://farm1.static.flickr.com/83/280101279_57bc2eed93.jpg
49,http://farm1.static.flickr.com/101/261909531_1233cd1d63.jpg
50,http://www.petproblemsolved.com/uploads/pics/dalmatian_begging.jpg
51,http://farm1.static.flickr.com/61/177937336_89aab51d11.jpg
52,http://farm1.static.flickr.com/96/263228711_29df1b362b.jpg
53,http://farm2.static.flickr.com/1380/753322336_8498e5c97d.jpg
54,http://farm1.static.flickr.com/44/127569613_20150d3c41.jpg
55,http://www.a-zdogs.net/mini/dalmatian.jpg
56,http://farm1.static.flickr.com/79/262981944_39742daa33.jpg
57,http://www.pocanticohills.org/dogs/dalmatian2.jpg
58,http://farm2.static.flickr.com/1319/711814606_30e3d6085a.jpg
59,http://www.dalmatianrescue.org/images/SMILING_Dalmatian.jpg
60,http://www.NaturesCall.us/assets/images/db_images/db_Dalmatian5.jpg
61,http://farm1.static.flickr.com/39/84031152_1ec446e410.jpg
62,http://farm1.static.flickr.com/42/83876039_0f58d47aab.jpg
63,http://static.flickr.com/2342/2037305744_9a662fcbb3.jpg
64,http://farm2.static.flickr.com/1332/1209746497_6e1477fd61.jpg
65,http://farm3.static.flickr.com/2132/2058526289_1b1029f927.jpg
66,http://farm1.static.flickr.com/217/521422270_a342e81953.jpg
67,http://farm1.static.flickr.com/65/152743121_0ff8c1147d.jpg
68,http://static.flickr.com/1105/1251657276_11d447a032.jpg
69,http://cdn-www.dailypuppy.com/images/phoebe_dalmatian06.jpg
70,http://www.cabalcaninecandids.com/assets/images/dalmatian.jpg
71,http://static.flickr.com/145/361747940_8df48643d2.jpg
72,http://farm1.static.flickr.com/230/497239644_455f37584f.jpg
73,http://farm1.static.flickr.com/42/79031515_97ee12cd97.jpg
74,http://farm1.static.flickr.com/75/182862642_fd60dae125.jpg
75,http://www.dogbreedinfo.com/images20/BullmatianDukeBulldogDalmatianPuppy3Months1.JPG
76,http://farm3.static.flickr.com/2168/2195611615_6358117f91.jpg
77,http://farm2.static.flickr.com/1194/1319029125_c5eee167d2.jpg
78,http://www.pawsruskennel.com/img/photo-dalas.jpg
79,http://farm3.static.flickr.com/2346/2126442876_54e5374ec4.jpg
80,http://farm1.static.flickr.com/62/197593776_5235c61a53.jpg
81,http://farm3.static.flickr.com/2249/2139829658_e44f43151a.jpg
82,http://farm1.static.flickr.com/214/1507689221_38b90aaef3.jpg
83,http://farm2.static.flickr.com/1432/1319935858_e452eb0975.jpg
84,http://farm1.static.flickr.com/10/12050065_c50a50f8b4.jpg
85,http://farm3.static.flickr.com/2226/1934725671_a5ce0ec05d.jpg
86,http://sayersbrook.com/images/dalmatian.jpg
87,http://farm2.static.flickr.com/1026/537999699_7db85e1264.jpg
88,http://farm3.static.flickr.com/2383/1565254244_80e44eeba3.jpg
89,http://farm3.static.flickr.com/2096/2079033873_ade83df931.jpg
90,http://static.flickr.com/1001/1106931379_ed6ca02b2c.jpg
91,http://farm1.static.flickr.com/44/142508998_5c39e34e49.jpg
92,http://farm2.static.flickr.com/1093/1315200000_3187c9e1e1.jpg
93,http://www.bbc.co.uk:80/guernsey/content/images/2005/05/20/dog1_203x152.jpg
94,http://farm1.static.flickr.com/106/308581589_2fd06b76a4.jpg
95,http://farm2.static.flickr.com/1392/548204741_82a82673a3.jpg
96,http://farm1.static.flickr.com/112/289002641_b7722ac548.jpg
97,http://farm1.static.flickr.com/69/191290063_bc591fcffd.jpg
98,http://www.best-dog-breed.com/Dalmatian.jpg
99,http://farm1.static.flickr.com/78/159644785_7b622a1dc8.jpg
100,http://farm1.static.flickr.com/142/321785940_8b2ee20c77.jpg
101,http://farm2.static.flickr.com/1331/1028506086_699bff63db.jpg
102,http://farm1.static.flickr.com/164/345372785_d1a41528d3.jpg
103,http://farm2.static.flickr.com/1376/1435093523_2d4ba2f658.jpg
104,http://farm2.static.flickr.com/1365/1296382503_04ea100ddc.jpg
105,http://farm1.static.flickr.com/164/371920133_ca4d1f58b2.jpg
106,http://images.jupiterimages.com/common/detail/65/14/23311465.jpg
107,http://www.milouchouchou.com/images_site/dalmatian.jpg
108,http://farm1.static.flickr.com/144/324516796_d4e5289223.jpg
109,http://www.glitterdoll.net/snapshots/2006/june/bohol/dalmatian.jpg
110,http://ak.scr.imgfarm.com/cats/md/a_superstock_1566-0145460.jpg
111,http://farm3.static.flickr.com/2390/1850057127_7a6eb3a8cf.jpg
112,http://farm1.static.flickr.com/118/294029274_c9b7c00d29.jpg
113,http://farm1.static.flickr.com/31/63505176_5640a96885.jpg
114,http://farm1.static.flickr.com/21/28245019_6555bdadd6.jpg
115,http://www.silverhillsfarm.com/Dalmatian.jpg
116,http://www.hundhalsband.nu/images/dalmatian-heart-lg.jpg
117,http://farm2.static.flickr.com/1123/1205066549_684e9d726d.jpg
118,http://farm1.static.flickr.com/33/56495093_1cd3545a29.jpg
119,http://static.flickr.com/55/151279231_cf0b7e28a6.jpg
120,http://farm3.static.flickr.com/2183/2081977053_7a89fd9a41.jpg
121,http://farm1.static.flickr.com/213/486708384_7daca1407c.jpg
122,http://farm2.static.flickr.com/1005/1319050931_0f80add195.jpg
123,http://www.metrodcdals.org/buddy5.jpg
124,http://farm1.static.flickr.com/151/381564259_460611f5cc.jpg
125,http://farm2.static.flickr.com/1275/1064659349_6d11a714a9.jpg
126,http://farm1.static.flickr.com/16/20536821_3eeba47a44.jpg
127,http://farm1.static.flickr.com/26/48330851_186382970c.jpg
128,http://www.puppydogimages.com/images/Dalmatian/dalmatian_14a_puppies_for_sale.jpg
129,http://farm1.static.flickr.com/57/208592656_4d02adf587.jpg
130,http://farm1.static.flickr.com/51/166257386_88c11af4b7.jpg
131,http://farm1.static.flickr.com/30/56204406_5019a41513.jpg
132,http://farm2.static.flickr.com/1239/548160096_8cd43a8b9e.jpg
133,http://farm2.static.flickr.com/1093/809575681_adf23aaf16.jpg
134,http://farm1.static.flickr.com/75/163362345_43b819010e.jpg
135,http://farm1.static.flickr.com/26/47601824_7e7fc6513b.jpg
136,http://farm1.static.flickr.com/130/380587763_44a3a43cdd.jpg
137,http://farm1.static.flickr.com/15/20536717_51e4c08d28.jpg
138,http://www.free-images.org.uk/dogs/dalmatian.jpg
139,http://farm1.static.flickr.com/139/396090553_574bb12f5b.jpg
140,http://bp0.blogger.com/_0Ziy7qgLBHk/RoUYTCktcTI/AAAAAAAAATM/10vnTnCYWys/s400/100_0556.jpg
141,http://www.puppydogweb.com/gallery/dalmatians/dalmatian_blakey.jpg
142,http://www.jewelsandtreasures.com/catalog/images/1122l_dalmatian.jpg
143,http://farm2.static.flickr.com/1326/875871900_19ee54d0ed.jpg
144,http://farm1.static.flickr.com/188/427496959_c771477cdc.jpg
145,http://farm3.static.flickr.com/2312/2184894582_1d1a129c4e.jpg
146,http://www.gotpetsonline.com/pictures-gallery/dog-pictures-breeders-puppies-rescue/dalmatian-pictures-breeders-puppies-rescue/pictures/dalmatian-0057.jpg
147,http://farm1.static.flickr.com/103/314692529_54a417e702.jpg
148,http://static.flickr.com/1149/1389753274_4946c81e99.jpg
149,http://farm1.static.flickr.com/15/182857943_89ee12fd70.jpg
150,http://farm1.static.flickr.com/204/462528089_f4ca3e9b28.jpg
151,http://farm2.static.flickr.com/1180/842154514_8dbc48c108.jpg
152,http://www.tuperro.com.mx/images/perros/estandares/dalmata_01.jpg
153,http://farm2.static.flickr.com/1007/1466424570_e9a36b87cf.jpg
154,http://farm1.static.flickr.com/106/253769174_d38fbb3c3a.jpg
155,http://farm2.static.flickr.com/1267/1065533000_30f36c9d3c.jpg
156,http://farm1.static.flickr.com/135/318338389_21a4013e8c.jpg
157,http://farm1.static.flickr.com/194/441403677_6614fdf552.jpg
158,http://farm1.static.flickr.com/134/319381579_768821dd01.jpg
159,http://finchpetshop.com/dalmatian_reading_.jpg
160,http://farm2.static.flickr.com/1377/1286459856_ca7cd2e12a.jpg
161,http://farm1.static.flickr.com/116/295002478_69c861b4db.jpg
162,http://www.4mdogbooks.com/images/product_images/ch-166.jpg
163,http://farm1.static.flickr.com/67/227646470_dcb4372af5.jpg
164,http://farm1.static.flickr.com/143/396088973_4bdb946650.jpg
165,http://farm1.static.flickr.com/185/394888711_30648238a8.jpg
166,http://www.europafm.ro/&files;/dalmatian-thumb-300-300-12.jpg
167,http://farm1.static.flickr.com/100/291267990_c26116069d.jpg
168,http://farm1.static.flickr.com/73/178352769_161f5d4589.jpg
169,http://farm3.static.flickr.com/2217/2234971320_e5b34ea844.jpg
170,http://farm1.static.flickr.com/178/426411234_bb8467cd0c.jpg
171,http://www.rachaelhale.com/_images/_products/Canvas-Dalmatian.jpg
172,http://farm1.static.flickr.com/216/477857953_d41d139010.jpg
173,http://farm1.static.flickr.com/53/129875885_a89cff0a10.jpg
174,http://farm3.static.flickr.com/2273/2041810051_5d72025f57.jpg
175,http://farm1.static.flickr.com/121/312492072_a8fed7f3b1.jpg
176,http://www.pocanticohills.org/dogs/dalmatian.jpg
177,http://farm1.static.flickr.com/141/361307831_bc4d2a6261.jpg
178,http://bp0.blogger.com/_jw8YjNsPGZM/RdeYyxF8LOI/AAAAAAAAANM/-ybAu1E1WcA/s400/24dalmatian_bunny.jpg
179,http://farm3.static.flickr.com/2233/2113141681_208454ab71.jpg
180,http://farm1.static.flickr.com/29/51555657_906cbb4451.jpg
181,http://farm1.static.flickr.com/43/102712330_86c0495734.jpg
182,http://www.dogsobediencetraining.com/images/dog_breed/Dog21.jpg
183,http://farm1.static.flickr.com/161/439282792_ceb6850e98.jpg
184,http://farm3.static.flickr.com/2149/1818986202_1083a72136.jpg
185,http://farm1.static.flickr.com/81/247683186_67f1813df0.jpg
186,http://farm3.static.flickr.com/2108/2079253585_3433c829bb.jpg
187,http://farm1.static.flickr.com/4/8040782_6e03170370.jpg
188,http://farm1.static.flickr.com/60/182867496_48fde0bb1c.jpg
189,http://static.flickr.com/6/9195734_28a93f323d.jpg
190,http://petpromise.org/images/new/dalmatian.jpg
191,http://farm1.static.flickr.com/204/497243220_dbdd8ee324.jpg
192,http://www.gotpetsonline.com/pictures-gallery/dog-pictures-breeders-puppies-rescue/dalmatian-pictures-breeders-puppies-rescue/pictures/dalmatian-0013.jpg
193,http://farm2.static.flickr.com/1425/607162631_507636f929.jpg
194,http://farm3.static.flickr.com/2096/2193364684_ea9bd24457.jpg
195,http://farm2.static.flickr.com/1435/663539575_22e6ef19b2.jpg
196,http://farm1.static.flickr.com/83/245983878_869ae50e44.jpg
197,http://farm3.static.flickr.com/2356/1553300133_daf6ad0706.jpg
198,http://farm1.static.flickr.com/178/426416319_c16d067cc8.jpg
199,http://www.gotpetsonline.com/pictures-gallery/dog-pictures-breeders-puppies-rescue/dalmatian-pictures-breeders-puppies-rescue/pictures/dalmatian-0034.jpg
200,http://farm1.static.flickr.com/66/182856847_816b843c61.jpg
201,http://static.flickr.com/247/454530111_8b1a31497a.jpg
202,http://farm2.static.flickr.com/1143/745010831_06451c0424.jpg
203,http://www.dog-breeds.name/pictures/dalmatian/dalmatian-5tn.jpg
204,http://www.pupcity.com/images/adpics/05280180745107_1.jpg
205,http://farm1.static.flickr.com/160/335855974_6f3b7b7fbb.jpg
206,http://farm3.static.flickr.com/2359/2133066210_387c17bce9.jpg
207,http://farm1.static.flickr.com/194/472714546_a8a410b653.jpg
208,http://farm2.static.flickr.com/1347/537586185_1f2efbef25.jpg
209,http://farm1.static.flickr.com/171/452421508_05a3cfbe35.jpg
210,http://farm1.static.flickr.com/159/356166164_71dd537e83.jpg
211,http://farm1.static.flickr.com/162/336147860_73cf8a098a.jpg
212,http://farm2.static.flickr.com/1191/562866035_d04a00d576.jpg
213,http://farm3.static.flickr.com/2416/1508198205_0d471e1f1b.jpg
214,http://www.pupcity.com/images/adpics/06073170338242_1.jpg
215,http://farm3.static.flickr.com/2271/2155224043_32b0a4c7a9.jpg
216,http://www.rescueeverydog.org/picture_library/sunnybelle%20on%20beach%209-05%20edited.JPG
217,http://www.dog-breeds.name/pictures/dalmatian/dalmatian-1tn.jpg
218,http://farm3.static.flickr.com/2364/2215254529_e9aac4422c.jpg
219,http://farm1.static.flickr.com/185/413749173_ce9244368b.jpg
220,http://farm1.static.flickr.com/172/370383126_85099484c8.jpg
221,http://www.doghouserock.nl/images/josch_bench.jpg
222,http://farm3.static.flickr.com/2128/2109385121_e7b9af466c.jpg
223,http://farm1.static.flickr.com/67/182857237_fd3db19abf.jpg
224,http://farm1.static.flickr.com/246/452309676_527a5976a1.jpg
225,http://farm1.static.flickr.com/2/3806152_a94b6f6015.jpg
226,http://farm2.static.flickr.com/1008/796422880_e6f937622e.jpg
227,http://farm3.static.flickr.com/2061/2083464615_13a85c2cfc.jpg
228,http://farm1.static.flickr.com/120/309621012_424530df63.jpg
229,http://www.gotpetsonline.com/pictures-gallery/dog-pictures-breeders-puppies-rescue/dalmatian-pictures-breeders-puppies-rescue/pictures/dalmatian-0016.jpg
230,http://farm1.static.flickr.com/135/321797493_aae554ba81.jpg
231,http://farm1.static.flickr.com/211/521421296_77e2077e47.jpg
232,http://farm2.static.flickr.com/1077/1064711249_554a957a1a.jpg
233,http://farm2.static.flickr.com/1220/1119241177_afc7754853.jpg
234,http://www.petsplace.co.za/DalmatiankellyRipley2.jpg
235,http://static.flickr.com/1261/538005765_1fa11cdb97.jpg
236,http://farm2.static.flickr.com/1023/548160010_92eb3ec3df.jpg
237,http://farm1.static.flickr.com/164/426302967_ba2dc9904d.jpg
238,http://farm1.static.flickr.com/34/73451767_3799448a41.jpg
239,http://tandavadalmatians.com/images/mum.jpg
240,http://farm2.static.flickr.com/1208/821175482_28edd1dd63.jpg
241,http://www.gotpetsonline.com/pictures-gallery/dog-pictures-breeders-puppies-rescue/dalmatian-pictures-breeders-puppies-rescue/pictures-photos/dalmatian-0012.jpg
242,http://www.puppydogbreedinfo.com/dalmatian_puppies_01.jpg
243,http://farm1.static.flickr.com/147/335145935_d6dcfa2cc8.jpg
244,http://static.flickr.com/165/413603709_0054b4742b.jpg
245,http://static.flickr.com/1268/992684047_0d34e282cc.jpg
246,http://farm1.static.flickr.com/70/170457015_988ed7449d.jpg
247,http://lh3.google.com/_B6o2ztRPJRw/RSjXVIpLABI/AAAAAAAAADY/DnImvtx1Y4Q/s800/Dalmatian+pup.JPG
248,http://farm1.static.flickr.com/119/308581592_15b72a3256.jpg
249,http://www.my-puppy.net/images/Dalmatian/Dalmatian-889.jpg
250,http://farm2.static.flickr.com/1422/1315272618_28a776bac3.jpg
251,http://www.pupcity.com/images/adpics/06077073850683_1.jpg
252,http://farm1.static.flickr.com/97/242299797_334a807330.jpg
253,http://farm3.static.flickr.com/2035/2169272471_130afd05be.jpg
254,http://static.flickr.com/114/277010230_9b11b261f8.jpg
255,http://farm1.static.flickr.com/229/512568420_d0ef0d70c5.jpg
256,http://www1.istockphoto.com/file_thumbview_approve/2221669/2/istockphoto_2221669_dalmatian_sits_in_the_snow.jpg
257,http://farm1.static.flickr.com/14/182864429_eac4783ea4.jpg
258,http://farm1.static.flickr.com/54/119390626_9adf14150f.jpg
259,http://farm1.static.flickr.com/50/116406775_3e5e4bf743.jpg
260,http://www.getdoginfo.net/img/dalmatian1.jpg
261,http://farm2.static.flickr.com/1285/1130115286_f85cd833b3.jpg
262,http://www.321dogs.com/pictures/dalmatian_3.jpg
263,http://farm1.static.flickr.com/133/354567586_ba89374c44.jpg
264,http://farm1.static.flickr.com/110/296437677_2920074413.jpg
265,http://clasificados.campusanuncios.com/picanuncio/comunidad/comunidad-176698640.jpg
266,http://farm1.static.flickr.com/140/320837522_dff3409efe.jpg
267,http://farm1.static.flickr.com/196/458653137_d3631dbde6.jpg
268,http://farm3.static.flickr.com/2108/2189228566_e218d3dd9e.jpg
269,http://farm1.static.flickr.com/173/413141012_4c3ce18083.jpg
270,http://www.planettdals.com/planett_dalmatians001002.jpg
271,http://farm1.static.flickr.com/119/257660657_9770e713d3.jpg
272,http://www.k9gifts.com/ss/ccdalmatian.jpeg
273,http://static.flickr.com/1416/1026666875_4c4858a08c.jpg
274,http://farm2.static.flickr.com/1352/1314395303_1690c36a10.jpg
275,http://www.dogguide.net/images/breeds/dalmatian.jpg
276,http://images.jupiterimages.com/common/detail/33/16/23311633.jpg
277,http://farm1.static.flickr.com/129/420659045_43ca44f20c.jpg
278,http://farm1.static.flickr.com/53/193334985_2c09b52ad7.jpg
279,http://farm1.static.flickr.com/193/497269877_9e6505ad5c.jpg
280,http://farm1.static.flickr.com/22/26135958_1f9f830222.jpg
281,http://farm1.static.flickr.com/43/79032701_81270a3322.jpg
282,http://farm1.static.flickr.com/148/427143442_f67c632ae2.jpg
283,http://farm1.static.flickr.com/132/323263376_3269047350.jpg
284,http://www.iwannapet.com/dalmation.jpg
285,http://farm2.static.flickr.com/1096/543866685_e878704b2e.jpg
286,http://farm1.static.flickr.com/178/469140259_5b284fef14.jpg
287,http://farm1.static.flickr.com/226/475233834_2425093ce2.jpg
288,http://www.gotpetsonline.com/pictures-gallery/dog-pictures-breeders-puppies-rescue/dalmatian-pictures-breeders-puppies-rescue/pictures-photos/dalmatian-0029.jpg
289,http://farm1.static.flickr.com/188/452582302_c3c6bce524.jpg
290,http://farm2.static.flickr.com/1079/1022198534_cda9f567d5.jpg
291,http://farm1.static.flickr.com/39/123694930_2ff57c09b7.jpg
292,http://farm2.static.flickr.com/1057/548160062_00445d83d3.jpg
293,http://static.flickr.com/176/383011648_63b82852b2.jpg
294,http://farm1.static.flickr.com/29/47820915_0e80d63e26.jpg
295,http://static.flickr.com/2253/1932567160_5f35c4dfc5.jpg
296,http://static.flickr.com/55/172145222_6d6d2d1d1a.jpg
297,http://farm1.static.flickr.com/62/172465492_73b76e01e8.jpg
298,http://farm1.static.flickr.com/69/163726592_1446cf3f9a.jpg
299,http://www.dashingdalmatians.com/sparkles_2ndmajor_cropped.jpg
300,http://farm3.static.flickr.com/2111/2154298263_d2144a9a1a.jpg
301,http://farm1.static.flickr.com/21/28269957_448bf72145.jpg
302,http://static.flickr.com/78/246806467_6f61a90b98.jpg
303,http://farm1.static.flickr.com/195/495218849_3a233679b1.jpg
304,http://gilliansdibet.tripod.com/sitebuildercontent/sitebuilderpictures/missyfull.jpg
305,http://static.flickr.com/91/242306328_901d8671fa.jpg
306,http://farm1.static.flickr.com/16/182865846_1fca75e155.jpg
307,http://farm1.static.flickr.com/49/136254356_145361a2ab.jpg
308,http://farm1.static.flickr.com/164/384365055_b0af26140d.jpg
309,http://farm3.static.flickr.com/2217/2044757569_629df94611.jpg
310,http://www.breederretriever.com/photopost/data/587/medium/dalmatian_pup_3.JPG
311,http://farm1.static.flickr.com/64/191289935_653c92b856.jpg
312,http://farm1.static.flickr.com/108/257472538_7c93bd8665.jpg
313,http://farm2.static.flickr.com/1036/974712224_0ae0ef601d.jpg
314,http://farm1.static.flickr.com/138/324423089_3dd06f9b3c.jpg
315,http://farm3.static.flickr.com/2258/2178607824_da3724be0f.jpg
316,http://farm1.static.flickr.com/47/159290452_ee2fad3ad4.jpg
317,http://farm1.static.flickr.com/107/294980612_127ce7524d.jpg
318,http://static.flickr.com/1110/1094809755_a2a1c1eff3.jpg
319,http://farm3.static.flickr.com/2379/2220435673_cf122ff852.jpg
320,http://static.flickr.com/86/246806462_6dedbd8402.jpg
321,http://farm2.static.flickr.com/1009/1234015845_7ff3ee5a77.jpg
322,http://farm2.static.flickr.com/1240/873959616_7d0a955def.jpg
323,http://farm1.static.flickr.com/43/95708041_6526d048fc.jpg
324,http://farm1.static.flickr.com/65/182863502_748472d191.jpg
325,http://farm1.static.flickr.com/36/79042539_fc5e825279.jpg
326,http://www.bbc.co.uk/shropshire/content/images/2005/08/08/dalmatians_gallery_06_470x300.jpg
327,http://farm1.static.flickr.com/171/399451712_a39f30e863.jpg
328,http://farm1.static.flickr.com/87/249425999_883aecc10c.jpg
329,http://www.d1.dion.ne.jp/~katuym1_/phot3/hari.jpg
330,http://farm2.static.flickr.com/1226/704491194_0e2442e4a6.jpg
331,http://farm2.static.flickr.com/1243/1313370118_a6ee35dcc6.jpg
332,http://farm1.static.flickr.com/11/89950818_179e21374c.jpg
333,http://farm2.static.flickr.com/1334/1112436388_1fc9a1da82.jpg
334,http://farm3.static.flickr.com/2220/2075406366_6352c89a19.jpg
335,http://www.lukius.com/puppies_harrypotter/crum8week/rain_side.jpg
336,http://farm1.static.flickr.com/134/317583259_5d28312135.jpg
337,http://farm2.static.flickr.com/1222/842245268_e34a9aedbf.jpg
338,http://static.flickr.com/1420/1428566373_2746c9d0ea.jpg
339,http://www.joannaelizabeth.com/images/political%20signs/dalmatian.jpg
340,http://static.flickr.com/59/163723916_b7109625c6.jpg
341,http://farm1.static.flickr.com/163/336712619_a3ce6a51ab.jpg
342,http://farm1.static.flickr.com/28/92591435_02352067a8.jpg
343,http://farm2.static.flickr.com/1366/1153891851_25e2a74c6c.jpg
344,http://farm2.static.flickr.com/1104/1384022621_929e9eca4b.jpg
345,http://farm3.static.flickr.com/2180/2164393517_4153d3feed.jpg
346,http://static.flickr.com/140/353623253_f5d42ae902.jpg
347,http://farm1.static.flickr.com/222/497248148_db2e6ee549.jpg
348,http://static.flickr.com/130/319667585_3ea127bca4.jpg
349,http://farm1.static.flickr.com/56/127203336_118e228055.jpg
350,http://farm2.static.flickr.com/1180/1319930540_a65427b9e2.jpg
351,http://farm3.static.flickr.com/2405/2108495827_daee7a4e20.jpg
352,http://farm1.static.flickr.com/49/182866840_80ec93d107.jpg
353,http://farm2.static.flickr.com/1007/1239590144_57af026a8c.jpg
354,http://farm1.static.flickr.com/52/130725266_ada63c5b2b.jpg
355,http://www.giveusahome.co.uk/breederspages/allbreedsphotosdog/Dalmatian.jpg
356,http://www.dkimages.com/discover/previews/794/70024173.JPG
357,http://www.champion-puppies.com/images/dalmatian.jpg
358,http://farm3.static.flickr.com/2009/1588150912_5b2c9bc735.jpg
359,http://farm1.static.flickr.com/194/444996631_439aa171aa.jpg
360,http://farm1.static.flickr.com/96/246215799_cde14393f8.jpg
361,http://farm2.static.flickr.com/1400/1443727638_94e7cba18d.jpg
362,http://farm1.static.flickr.com/4/9439127_ff5a377bdc.jpg
363,http://farm3.static.flickr.com/2312/1594095831_dea43e4485.jpg
364,http://www.zagrebdals.com/dylan2.jpg
365,http://farm1.static.flickr.com/49/153714226_be8fd351e2.jpg
366,http://www.pedigreedpups.com/images/Dalmatianbust.jpg
367,http://farm1.static.flickr.com/124/323957761_7b11b3bb76.jpg
368,http://www.mundoanimales.com/imagenes/razas_animales/dalmata.jpg
369,http://farm1.static.flickr.com/36/79041398_74b7d2e36e.jpg
370,http://farm2.static.flickr.com/1421/982401763_78ef9d8fa1.jpg
371,http://farm1.static.flickr.com/22/27562061_f62d3a66b5.jpg
372,http://farm1.static.flickr.com/100/262471249_325251e9de.jpg
373,http://farm1.static.flickr.com/30/63505174_2b779f1579.jpg
374,http://www.hickerphoto.com/data/media/185/dalmatian-dog_11852.jpg
375,http://farm2.static.flickr.com/1244/562446586_a7ae87f486.jpg
376,http://www.dakata.co.uk/images/pup/sprdal04.jpg
377,http://www.paws.co.nz/pet%20photos/Sasha%20dalmatian%20sharyn.jpg
378,http://farm3.static.flickr.com/2039/1564551441_4a86ede295.jpg
379,http://farm1.static.flickr.com/111/289001656_6b523d5dce.jpg
380,http://farm3.static.flickr.com/2344/2107526011_b2d80c9b77.jpg
381,http://farm1.static.flickr.com/62/196772164_0d5a518aea.jpg
382,http://farm2.static.flickr.com/1316/1214565444_5e3a739c27.jpg
383,http://farm1.static.flickr.com/142/324420317_5f57fb5976.jpg
384,http://farm1.static.flickr.com/134/340968452_867b3c5b51.jpg
385,http://farm1.static.flickr.com/132/403934766_98a0447952.jpg
386,http://www.pdxpetsonthego.com/images/Dalmatian2_L.jpg
387,http://www.pld.ttu.ee/~kruus/Best_dalmatian_puppies.JPG
388,http://farm2.static.flickr.com/1433/539834696_ab75a859af.jpg
389,http://farm2.static.flickr.com/1339/1484123906_3ee0fe7d60.jpg
390,http://lh3.google.com/_wzNH0rQ8L58/RxQb76v7tCI/AAAAAAAADFI/jqCasjixIn8/s800/IMG_0081.JPG
391,http://farm2.static.flickr.com/1187/616588232_3a218b58a1.jpg
392,http://farm3.static.flickr.com/2416/1960539434_ad45194027.jpg
393,http://farm1.static.flickr.com/14/182862962_bc6528d7c8.jpg
394,http://farm1.static.flickr.com/88/212127255_b0a073487f.jpg
395,http://farm3.static.flickr.com/2365/1818953788_7a2b7c05be.jpg
396,http://farm1.static.flickr.com/13/88646323_82724a5749.jpg
397,http://farm3.static.flickr.com/2153/2234172487_f8b92b2a58.jpg
398,http://farm1.static.flickr.com/114/252004084_0b4700c35f.jpg
399,http://farm1.static.flickr.com/121/294998779_db6adbb934.jpg
400,http://lh3.google.com/_IA28hjJnVC0/RzEq5XTA61I/AAAAAAAAAYU/9l374ft4kVE/s800/daisy2.jpg
401,http://static.flickr.com/205/535968335_30f21a1a0b.jpg
402,http://farm1.static.flickr.com/188/444996661_3695a710f6.jpg
403,http://farm1.static.flickr.com/114/312490372_b8eba55c2c.jpg
404,http://farm1.static.flickr.com/44/191290252_fff37836a0.jpg
405,http://farm1.static.flickr.com/119/275711867_7377716738.jpg
406,http://farm1.static.flickr.com/95/252003914_de025fc539.jpg
407,http://farm1.static.flickr.com/23/32729897_3d896654da.jpg
408,http://farm1.static.flickr.com/82/262691423_6e391b6a97.jpg
409,http://farm1.static.flickr.com/209/464580619_c7c7a3358f.jpg
410,http://farm2.static.flickr.com/1242/873971014_efda2cc302.jpg
411,http://farm1.static.flickr.com/137/324427605_4a8cc78dac.jpg
412,http://farm1.static.flickr.com/203/486305822_ea90946f18.jpg
413,http://farm1.static.flickr.com/54/109003782_f979a8083a.jpg
414,http://www.animal-lifeline.com/tails/BH&GFelix.jpg;
415,http://static2.bareka.com/photos/medium/417957/dalmatian.jpg
416,http://www.getdoginfo.net/img/dalmatian.jpg
417,http://farm2.static.flickr.com/1296/996947557_1ffecd1fa8.jpg
418,http://farm1.static.flickr.com/181/388889593_9c31ddbaa9.jpg
419,http://a1259.g.akamai.net/f/1259/5586/5d/images.art.com/images/-/Dalmatian-Pups--C10054574.jpeg
420,http://farm2.static.flickr.com/1228/943636684_44f4a254c0.jpg
421,http://farm1.static.flickr.com/103/295004301_c37be7dd4f.jpg
422,http://farm3.static.flickr.com/2005/2129625180_fb56d7e6df.jpg
423,http://farm3.static.flickr.com/2175/2114188060_bf77802834.jpg
424,http://static.flickr.com/1319/710932985_260bb090f6.jpg
425,http://farm1.static.flickr.com/30/182862396_1af60fe93e.jpg
426,http://farm3.static.flickr.com/2326/1906037363_02f5960597.jpg
427,http://farm1.static.flickr.com/77/182866704_d5b8073f69.jpg
428,http://farm3.static.flickr.com/2173/1940487294_ec5783763a.jpg
429,http://farm1.static.flickr.com/46/107436290_0ea66f46bd.jpg
430,http://farm1.static.flickr.com/41/95910317_a3a589cba9.jpg
431,http://farm1.static.flickr.com/36/79635490_8d356dc7e8.jpg
432,http://www.bridlewisedals.com/images/desi10monthhead.jpg
433,http://farm1.static.flickr.com/178/477877227_ab6e69c91f.jpg
434,http://farm2.static.flickr.com/1417/872136863_982b215fee.jpg
435,http://perros.anipedia.net/images/dalmata-perro.jpg
436,http://a1259.g.akamai.net/f/1259/5586/5d/images.art.com/images/-/Dalmatian--C11762734.jpeg
437,http://www.artsciencepub.com/images/cassie.JPG
438,http://farm1.static.flickr.com/34/104609259_a92ea4ff2a.jpg
439,http://farm3.static.flickr.com/2262/2108495821_fc1d84a1fa.jpg
440,http://farm1.static.flickr.com/161/409978324_9533844c78.jpg
441,http://farm3.static.flickr.com/2317/2041798851_a7e453a47f.jpg
442,http://farm3.static.flickr.com/2154/2191690834_69c0bebf84.jpg
443,http://farm1.static.flickr.com/178/427178764_0d0151aa47.jpg
444,http://farm2.static.flickr.com/1164/897160551_a86e67f776.jpg
445,http://www.gotpetsonline.com/pictures-gallery/dog-pictures-breeders-puppies-rescue/dalmatian-pictures-breeders-puppies-rescue/pictures/dalmatian-0003.jpg
446,http://www.oxygenmiracle.com/images/dalmatian.jpg
447,http://farm1.static.flickr.com/48/182863418_ce14d603ca.jpg
448,http://farm1.static.flickr.com/27/52517280_aeaaa81030.jpg
449,http://www.ourdogs.co.uk/Goodies/Wallpapers/Dalmatian/1024768.jpg
450,http://farm1.static.flickr.com/203/474543976_b95589a040.jpg
451,http://pets-kojima.com/zukan/dog/dog_details/images/dalmatian.jpg
452,http://farm1.static.flickr.com/201/477871391_ff3b024170.jpg
453,http://animalgiftsgalore.com/pics/Dalmatian_3.jpg
454,http://farm1.static.flickr.com/137/370524366_91d0ec9e03.jpg
455,http://farm1.static.flickr.com/226/494756658_f1a7c10f84.jpg
456,http://farm2.static.flickr.com/1348/993588630_8448230195.jpg
457,http://www.lynncard.com/card_store/products/FP-2B-small.jpg
458,http://static.flickr.com/2112/2059389667_3891c4db80.jpg
459,http://farm2.static.flickr.com/1138/1112430520_f9aebb4b2e.jpg
460,http://static.flickr.com/1436/1107832882_bf4b68eb90.jpg
461,http://farm1.static.flickr.com/63/181009574_19ade63a57.jpg
462,http://farm1.static.flickr.com/54/177937337_f2f9a1dee8.jpg
463,http://www.petparademagazine.com/sitebuilder/images/untitled-392x274.png
464,http://farm1.static.flickr.com/201/487240606_812bcd7e76.jpg
465,http://farm1.static.flickr.com/97/241968982_dbea696989.jpg
466,http://farm3.static.flickr.com/2151/2224320542_7a8e880ab2.jpg
467,http://farm1.static.flickr.com/113/275713094_68aad949d7.jpg
468,http://farm3.static.flickr.com/2066/1935561422_3bfc343c0a.jpg
469,http://farm3.static.flickr.com/2311/2052144694_61e0e71785.jpg
470,http://www.wallcoo.com/animal/Dalmatian/s/%5bwallcoo.com%5d_Dalmatian_Puppiess.jpg
471,http://farm2.static.flickr.com/1415/551245520_29e27f06b3.jpg
472,http://farm3.static.flickr.com/2232/2050978665_6d4599de33.jpg
473,http://farm3.static.flickr.com/2178/1849236743_3a39cfe540.jpg
474,http://www.gotpetsonline.com/pictures-gallery/dog-pictures-breeders-puppies-rescue/dalmatian-pictures-breeders-puppies-rescue/pictures/dalmatian-0074.jpg
475,http://www.gotpetsonline.com/pictures-gallery/dog-pictures-breeders-puppies-rescue/dalmatian-pictures-breeders-puppies-rescue/pictures/dalmatian-0040.jpg
476,http://farm3.static.flickr.com/2104/1550246202_1e425256fc.jpg
477,http://farm3.static.flickr.com/2093/1818958326_e4b0b342f1.jpg
478,http://farm1.static.flickr.com/139/324426360_af1fdede19.jpg
479,http://farm1.static.flickr.com/162/352021517_85e2991c7a.jpg
480,http://farm3.static.flickr.com/2023/1819000508_fddb7e61c5.jpg
481,http://www.321dogs.com/pictures/dalmatian_1.jpg
482,http://www1.istockphoto.com/file_thumbview_approve/3884809/2/istockphoto_3884809_dalmatian_dog_cover_shot.jpg
483,http://farm1.static.flickr.com/7/10055296_fe7248aa29.jpg
484,http://farm1.static.flickr.com/243/444996651_5bb5764174.jpg
485,http://www.canadianchristianity.com/bc/bccn/0307/graphics/01dog.jpg
486,http://www.dalmatianrescue.org/images/dogs/bibi.jpg
487,http://www.gotpetsonline.com/pictures-gallery/dog-pictures-breeders-puppies-rescue/dalmatian-pictures-breeders-puppies-rescue/pictures/dalmatian-0009.jpg
488,http://static.flickr.com/1359/867777241_a77637cbc3.jpg
489,http://farm2.static.flickr.com/1354/1107760558_d62a0436af.jpg
490,http://seefido.com/assets/images/Dalmatian_Dog.jpg
491,http://archives.cnn.com/2000/SHOWBIZ/Movies/11/27/dalmations.dangers/dalmatian.jpg
492,http://static.flickr.com/236/454452602_e9defdf138.jpg
493,http://farm1.static.flickr.com/102/252003819_ade9cc9349.jpg
494,http://farm1.static.flickr.com/47/193337413_39e8135175.jpg
495,http://farm1.static.flickr.com/231/511422442_375667859e.jpg
496,http://farm1.static.flickr.com/67/157978772_76ebd9b68b.jpg
497,http://farm1.static.flickr.com/17/20162438_2b31bbcaa5.jpg
498,http://static.flickr.com/34/112403840_50102c41a1.jpg
499,http://farm2.static.flickr.com/1313/561286011_12bd879dde.jpg
500,http://www.puppydogweb.com/gallery/dalmatians/dalmatian_demaria.JPG
501,http://farm1.static.flickr.com/140/407594469_a820a303cb.jpg
502,http://static.flickr.com/1394/597443486_f4912bdf7f.jpg
503,http://www.gotpetsonline.com/pictures-gallery/dog-pictures-breeders-puppies-rescue/dalmatian-pictures-breeders-puppies-rescue/pictures/dalmatian-0026.jpg
504,http://farm2.static.flickr.com/1111/615870865_118ce16a65.jpg
505,http://farm1.static.flickr.com/115/301427752_a7750d018a.jpg
506,http://farm1.static.flickr.com/61/182864518_22b4709bca.jpg
507,http://static.flickr.com/191/455903296_9bb86da4c4.jpg
508,http://www.dalmatianclubofsouthaustralia.com/the%20plonk%20litter3.JPG
509,http://farm1.static.flickr.com/98/416173722_944183f0e6.jpg
510,http://www1.istockphoto.com/file_thumbview_approve/779057/2/istockphoto_779057_dalmatian_dog.jpg
511,http://farm1.static.flickr.com/57/182864327_092acd535b.jpg
512,http://farm1.static.flickr.com/39/79059423_d187e35a56.jpg
513,http://farm1.static.flickr.com/83/246802664_779882ecdc.jpg
514,http://farm1.static.flickr.com/157/334913495_4e2da993d8.jpg
515,http://www.furrycritter.com/resources/dogs/Images/Dalmatian.jpg
516,http://static.flickr.com/84/265301277_a019e04f55.jpg
517,http://static.flickr.com/33/35424991_e900a17bf0.jpg
518,http://farm1.static.flickr.com/42/84031149_de1c50e16b.jpg
519,http://www.hvuttar.net/db/f-v.0.9-eu-432a0647cf6a1432a0647d44c0.jpg
520,http://farm1.static.flickr.com/37/84026301_80cee817cc.jpg
521,http://farm1.static.flickr.com/124/336032207_1614b79956.jpg
522,http://farm3.static.flickr.com/2253/2044746547_c4c6d1ee6d.jpg
523,http://www.gotpetsonline.com/pictures-gallery/dog-pictures-breeders-puppies-rescue/dalmatian-pictures-breeders-puppies-rescue/pictures/dalmatian-0108.jpg
524,http://farm1.static.flickr.com/217/477869383_ee134b159e.jpg
525,http://www.gotpetsonline.com/pictures-gallery/dog-pictures-breeders-puppies-rescue/dalmatian-pictures-breeders-puppies-rescue/pictures/dalmatian-0042.jpg
526,http://www.novatelonline.com/imagenes/nds_dalmata.jpg
527,http://farm1.static.flickr.com/45/182864310_c8454f26b8.jpg
528,http://www.papipupet.com/image/dalmatian.jpg
529,http://farm1.static.flickr.com/100/303256011_9c1b649fb8.jpg
530,http://www.gotdogsonline.com/dalmatian-pictures-breeders-puppies-rescue/pictures/dalmatian-0052.jpg
531,http://www.dooziedog.com/dog_breeds/images/full/Dalmatian-33.jpg
532,http://farm2.static.flickr.com/1366/1310351191_e4164a945d.jpg
533,http://farm1.static.flickr.com/65/226654432_fac48a06a1.jpg
534,http://farm1.static.flickr.com/97/241969229_8c750a251c.jpg
535,http://farm1.static.flickr.com/194/441552063_662f60b347.jpg
536,http://farm2.static.flickr.com/1358/548160018_f4aac12bd4.jpg
537,http://farm3.static.flickr.com/2285/2125140215_98c6d7d9e0.jpg
538,http://farm2.static.flickr.com/1356/548183635_81f891becc.jpg
539,http://farm2.static.flickr.com/1307/1017321177_5ee9c616b2.jpg
540,http://dog-harness-store.com/images/luxury-leather-dog-harness-for-Dalmatian-kennel.jpg
541,http://farm1.static.flickr.com/120/289937639_93a38e3de5.jpg
542,http://farm3.static.flickr.com/2157/2190408334_6cdc8d7c9c.jpg
543,http://farm1.static.flickr.com/59/177363643_985f9508c4.jpg
544,http://images.jupiterimages.com/common/detail/36/32/22573236.jpg
545,http://farm1.static.flickr.com/187/476690505_0462013185.jpg
546,http://farm1.static.flickr.com/105/278335407_ced722a241.jpg
547,http://static.flickr.com/15/20536752_b05577e856.jpg
548,http://farm3.static.flickr.com/2402/2041804585_ac815e0591.jpg
549,http://farm1.static.flickr.com/68/180294153_bbcaa0ecb1.jpg
550,http://farm1.static.flickr.com/137/318973706_1316632aa9.jpg
551,http://www.a-zdogs.net/main/dalmatian.jpg
552,http://farm1.static.flickr.com/26/66854881_fada6c4515.jpg
553,http://static.flickr.com/69/170457014_c71379cb26.jpg
554,http://farm2.static.flickr.com/1427/1466412886_7a2a257a28.jpg
555,http://farm2.static.flickr.com/1046/548182908_bc22e69672.jpg
556,http://farm2.static.flickr.com/1320/841283267_ccd1d1ae04.jpg
557,http://farm3.static.flickr.com/2292/2195107430_87bc5e675e.jpg
558,http://www.dooziedog.com/dog_breeds/images/full/Dalmatian-24.jpg
559,http://farm1.static.flickr.com/110/294999609_2f1b89d9c7.jpg
560,http://static.flickr.com/1409/1238508840_31890aca90.jpg
561,http://www.canadogs.com/images/Dalmatianadult5.jpg
562,http://farm3.static.flickr.com/2343/2202499959_9a61576528.jpg
563,http://farm1.static.flickr.com/9/14897381_d7eb9696c0.jpg
564,http://farm2.static.flickr.com/1255/992759393_cc046c8065.jpg
565,http://farm2.static.flickr.com/1029/1480660228_c5eddd7455.jpg
566,http://static.flickr.com/240/444996639_4cc797facd.jpg
567,http://static.flickr.com/1178/993457806_e58997f5b4.jpg
568,http://farm1.static.flickr.com/63/182867469_5c16875ac1.jpg
569,http://farm1.static.flickr.com/174/390410289_0b85447a6a.jpg
570,http://www.dogbreedinfo.com/images/dalmatian.JPG
571,http://farm1.static.flickr.com/22/182867324_cfe892a477.jpg
572,http://farm1.static.flickr.com/75/170457010_dc45bc3e2a.jpg
573,http://farm1.static.flickr.com/93/270688051_f250f9b06b.jpg
574,http://farm1.static.flickr.com/37/79053592_f6feaece79.jpg
575,http://www.favorite-puppy-names.com/images/dalmatian-puppy-picture-11.jpg
576,http://www.posterspoint.com/laminas/nima/a/AF420.jpg
577,http://farm1.static.flickr.com/13/182866789_590b964063.jpg
578,http://www.gotpetsonline.com/pictures-gallery/dog-pictures-breeders-puppies-rescue/dalmatian-pictures-breeders-puppies-rescue/pictures/dalmatian-0025.jpg
579,http://farm1.static.flickr.com/137/335145972_eb8c76d200.jpg
580,http://farm3.static.flickr.com/2079/2191091003_2afe2816ed.jpg
581,http://farm3.static.flickr.com/2386/2084618649_233bf296d5.jpg
582,http://farm3.static.flickr.com/2267/1818959762_00774d346d.jpg
583,http://www.pupcity.com/images/adpics/06125023552669_1.jpg
584,http://farm1.static.flickr.com/95/275736229_af72a34aaa.jpg
585,http://www.dog-breeds-infosite.com/images/dalmatian.jpg
586,http://www.peoplepetsandmagnets.com/images/products/Statues/Dalmatian.jpg
587,http://www.dooziedog.com/dog_breeds/images/full/Dalmatian-14.jpg
588,http://farm1.static.flickr.com/232/459427807_5a190c285c.jpg
589,http://farm1.static.flickr.com/163/421789063_49a4c5c05e.jpg
590,http://www.ofthegreengarden.be/Buster6.jpg
591,http://farm3.static.flickr.com/2132/1970616530_b55b03d705.jpg
592,http://static.flickr.com/38/101962402_e7063b2db1.jpg
593,http://static.flickr.com/111/316934496_75c8e9a896.jpg
594,http://farm1.static.flickr.com/73/208438779_2b70a0d6ce.jpg
595,http://farm1.static.flickr.com/175/370383515_61b9830684.jpg
596,http://www.breederretriever.com/photopost/data/587/dalmatian_pup_2.JPG
597,http://farm3.static.flickr.com/2263/2116882722_dd2932fc13.jpg
598,http://www.aiptravel.com/dalmatian.jpg
599,http://www.pupcity.com/images/adpics/07010083223058_1.jpg
600,http://farm2.static.flickr.com/1351/863269548_9f7f5016bb.jpg
601,http://www.gotpetsonline.com/pictures-gallery/dog-pictures-breeders-puppies-rescue/dalmatian-pictures-breeders-puppies-rescue/pictures-photos/dalmatian-0027.jpg
602,http://static.flickr.com/53/145969408_b419fc096d.jpg
603,http://farm2.static.flickr.com/1093/846594545_3d011f7fdb.jpg
604,http://static.flickr.com/132/381564256_bfb70dfa2c.jpg
605,http://nxnw.files.wordpress.com/2007/08/abbeynight.jpg
606,http://farm1.static.flickr.com/222/459413112_5f1ecd1826.jpg
607,http://farm3.static.flickr.com/2263/1850690989_204cd6c86b.jpg
608,http://www.shurepets.com/breedpics/flags/images/Dalmatian.jpg
609,http://farm1.static.flickr.com/117/393495935_a196a9d7a7.jpg
610,http://farm1.static.flickr.com/133/318807678_ca756cd7f5.jpg
611,http://static.flickr.com/1210/1250796157_214998c70d.jpg
612,http://farm1.static.flickr.com/139/435319257_d90d897bbb.jpg
613,http://www.gotpetsonline.com/pictures-gallery/dog-pictures-breeders-puppies-rescue/dalmatian-pictures-breeders-puppies-rescue/pictures/dalmatian-0050.jpg
614,http://www.gotdogsonline.com/dalmatian-pictures-breeders-puppies-rescue/pictures/dalmatian-0041.jpg
615,http://farm2.static.flickr.com/1062/1283918523_9d5e97db2d.jpg
616,http://farm2.static.flickr.com/1058/1466398216_410c04a855.jpg
617,http://www.ratemyscreensaver.com/wp-content/uploads/2007/07/braun2.jpg
618,http://farm1.static.flickr.com/81/242308255_e00813bc2a.jpg
619,http://farm2.static.flickr.com/1134/1466388026_93db66aab8.jpg
620,http://farm3.static.flickr.com/2292/2203736817_683f7b16e6.jpg
621,http://www.gotpetsonline.com/pictures-gallery/dog-pictures-breeders-puppies-rescue/dalmatian-pictures-breeders-puppies-rescue/pictures/dalmatian-0059.jpg
622,http://static.flickr.com/51/145748636_6a9fdfef85.jpg
623,http://farm3.static.flickr.com/2365/2073573530_bcc3dc032e.jpg
624,http://farm1.static.flickr.com/122/317125436_cc60b41112.jpg
625,http://farm1.static.flickr.com/53/184441636_62a49a9ad2.jpg
626,http://www.petafoo.com/files/imagecache/pet_image_large/files/pet_image/black-and-white-dalmatian-image.jpg
627,http://www.toots.no/photos/wlitter/Scotty%20i%20olje%20265.jpg
628,http://www1.istockphoto.com/file_thumbview_approve/815187/2/istockphoto_815187_dalmatian_profile.jpg
629,http://static.flickr.com/86/246806459_0fd67949e1.jpg
630,http://farm2.static.flickr.com/1104/872071507_d867dda39e.jpg
631,http://farm1.static.flickr.com/155/416377758_b1432dd499.jpg
632,http://static.flickr.com/1046/1250792607_65b9fc0ca0.jpg
633,http://farm3.static.flickr.com/2283/2059327256_8b6342f89f.jpg
634,http://www.pedigreedatabase.com/dogs/i/dalmatian.jpg
635,http://images.jupiterimages.com/common/detail/82/91/22579182.jpg
636,http://farm3.static.flickr.com/2267/2108495833_1322bb177a.jpg
637,http://farm2.static.flickr.com/1023/1375272155_31ef69f8c7.jpg
638,http://www1.istockphoto.com/file_thumbview_approve/907745/2/istockphoto_907745_just_dalmatian.jpg
639,http://farm1.static.flickr.com/71/193979065_2aec90f43e.jpg
640,http://farm1.static.flickr.com/57/182862275_a9e7584d2a.jpg
641,http://farm1.static.flickr.com/151/331351467_a3f2c7ca37.jpg
642,http://static.flickr.com/223/505673079_f20e8ddf74.jpg
643,http://www.geocities.com/threeddoggal/Ben.jpg
644,http://farm2.static.flickr.com/1389/548226485_857ae0a909.jpg
645,http://static.flickr.com/32/43220846_0ccb3be10e.jpg
646,http://farm3.static.flickr.com/2025/1912250901_5fb92fd200.jpg
647,http://farm2.static.flickr.com/1383/1297497789_25e09864e5.jpg
648,http://www.catbreedinformation.com/images/dalmatiamhead.jpg
649,http://www.dog-breeds.name/pictures/dalmatian/dalmatian-4tn.jpg
650,http://www.animalpicturesarchive.com/animal/a3/Dalmation_pup-Dalmatian_Dog-puppy-by_Fiona_Anderson.jpg
651,http://www.dogbreedinfo.com/images20/BullmatianDukeBulldogDalmatianPuppy3Months3.JPG
652,http://farm3.static.flickr.com/2313/2234186605_5292485285.jpg
653,http://farm3.static.flickr.com/2220/2123268057_4c80e7e0ae.jpg
654,http://www.abqdalrescue.org/images/pepper.jpg
655,http://farm1.static.flickr.com/46/145294492_b214eb900d.jpg
656,http://www.dkimages.com/discover/previews/945/70023978.JPG
657,http://farm1.static.flickr.com/95/239205228_184f68a2d8.jpg
658,http://farm3.static.flickr.com/2086/2216049104_21100f231e.jpg
659,http://farm1.static.flickr.com/117/280289253_593b8c27e9.jpg
660,http://farm3.static.flickr.com/2187/1987780802_739ba7238b.jpg
661,http://farm1.static.flickr.com/20/72513946_03ee37bdfe.jpg
662,http://farm1.static.flickr.com/109/312491615_fe5e4c9f81.jpg
663,http://farm1.static.flickr.com/45/278677126_3122889b2a.jpg
664,http://farm2.static.flickr.com/1099/1239676530_84f8b00b45.jpg
665,http://farm1.static.flickr.com/68/193995358_1f5715b6ac.jpg
666,http://farm2.static.flickr.com/1117/798868310_f78e76f348.jpg
667,http://farm3.static.flickr.com/2056/2165672831_0ce6304ca1.jpg
668,http://farm3.static.flickr.com/2108/2134011445_d0a822dd1c.jpg
669,http://farm1.static.flickr.com/65/182857181_cbe487214e.jpg
670,http://farm1.static.flickr.com/54/147460876_8fc296eed3.jpg
671,http://farm2.static.flickr.com/1316/562445298_45aa47a8fb.jpg
672,http://farm2.static.flickr.com/1086/1315327090_5fd435208e.jpg
673,http://farm1.static.flickr.com/6/85995643_4013f45c9f.jpg
674,http://static.flickr.com/1075/1394582802_9b0fd07be8.jpg
675,http://farm2.static.flickr.com/1237/548169371_071ebbb22a.jpg
676,http://www.dooziedog.com/dog_breeds/images/full/Dalmatian-9.jpg
677,http://farm3.static.flickr.com/2207/2219628253_2f445785a0.jpg
678,http://farm2.static.flickr.com/1378/562452260_396c5fd327.jpg
679,http://www.learnallaboutdogs.com/images/dogs/dalmatian.jpg
680,http://farm2.static.flickr.com/1400/1284801096_36c944cbf4.jpg
681,http://farm3.static.flickr.com/2054/2134558030_e842ed683c.jpg
682,http://farm2.static.flickr.com/1028/539946097_8d66033d52.jpg
683,http://farm1.static.flickr.com/237/455558374_cc55b9f530.jpg
684,http://farm1.static.flickr.com/118/295002778_1851e84fc5.jpg
685,http://farm1.static.flickr.com/23/27561500_f7625d913f.jpg
686,http://www.dogbootsactive.com/dogpix/abbeydalmatian.jpg
687,http://www.innocentenglish.com/funny-pics/cute-puppy-kitten-pics/dalmatian-puppy.jpg
688,http://farm1.static.flickr.com/53/182864066_0c910d35ed.jpg
689,http://farm1.static.flickr.com/220/497238222_ef6cadfcb5.jpg
690,http://farm1.static.flickr.com/51/116183805_7583d04dea.jpg
691,http://farm1.static.flickr.com/150/399280589_24573b8cbf.jpg
692,http://www.dogpage.us/dog-breeds/images/dalmatian1.jpg
693,http://www.dooziedog.com/dog_breeds/images/full/Dalmatian-15.jpg
694,http://farm2.static.flickr.com/1384/880373788_2bcf681d3f.jpg
695,http://www.agilitynet.com/magazineimages/images2001/dalmatian_pokerumping.jpg
696,http://farm1.static.flickr.com/60/180294151_98a5a16f76.jpg
697,http://farm1.static.flickr.com/178/458638808_0413a78a3b.jpg
698,http://www.kellyhide.dk/images/thumb_BettinaWithDalmatian1976.jpg
699,http://farm1.static.flickr.com/49/129963646_f0d334aa1e.jpg
700,http://lh3.google.com/_IA28hjJnVC0/RzEqqXTA58I/AAAAAAAAARM/gauQyBwca-I/s800/daisy.jpg
701,http://farm1.static.flickr.com/153/430164760_8a00d0ab8f.jpg
702,http://farm2.static.flickr.com/1036/805713979_9986c9b6e3.jpg
703,http://farm3.static.flickr.com/2051/1818114107_20e2d62987.jpg
704,http://www.click2amuse.com/wallpaper/nature/thumbnails/tnDalmatian%20Mom%20and%20Pup.jpg
705,http://farm3.static.flickr.com/2330/2191091001_316f28016c.jpg
706,http://farm1.static.flickr.com/51/112514128_5749b919df.jpg
707,http://www.dog-breeds.name/pictures/dalmatian/dalmatian-1.jpg
708,http://www.dogbreedinformation.com/images/dalmatianmolly1.jpg
709,http://static.flickr.com/1228/992673903_6c109826c8.jpg
710,http://farm1.static.flickr.com/81/246802646_a14cf19486.jpg
711,http://farm1.static.flickr.com/34/96222170_f4b6d0b8f6.jpg
712,http://farm1.static.flickr.com/94/256574634_83a80c0b96.jpg
713,http://farm2.static.flickr.com/1030/873166075_d3e51609da.jpg
714,http://hattrick-dals.home.att.net/Blueeye1.jpg
715,http://farm1.static.flickr.com/65/201373508_31a8f3e15b.jpg
716,http://static.flickr.com/2022/2067866603_0d542999cf.jpg
717,http://farm1.static.flickr.com/115/301456789_bc73339334.jpg
718,http://farm1.static.flickr.com/73/200870423_e6ec3a3fcc.jpg
719,http://www.dogbreedinfo.com/images20/BullmatianDukeBulldogDalmatianPuppy3Months2.JPG
720,http://www.kingcounty.gov/safety/AnimalServices/volunteer/~/media/safety/AnimalServices/images/dalmatian.ashx
721,http://www.noahsanimalfigurines.com/catalog/images/sc/LC551_Dalmatian.jpg
722,http://farm2.static.flickr.com/1393/1174222021_60b787c3b9.jpg
723,http://www.dog-breeds.name/pictures/dalmatian/dalmatian-3tn.jpg
724,http://farm3.static.flickr.com/2295/2176600639_0e37699a76.jpg
725,http://farm1.static.flickr.com/30/55369551_c83e48f622.jpg
726,http://farm3.static.flickr.com/2091/2049354376_7d22643c3c.jpg
727,http://www1.istockphoto.com/file_thumbview_approve/3426297/2/istockphoto_3426297_dalmatian_in_wildflowers_3.jpg
728,http://farm1.static.flickr.com/104/294999160_6bfa4719ce.jpg
729,http://www1.istockphoto.com/file_thumbview_approve/2438546/2/istockphoto_2438546_sleeping_dalmatian_2.jpg
730,http://www.rondante.com/dalmatians/smudge.gif
731,http://farm1.static.flickr.com/29/63692699_2dd6b7a6fc.jpg
732,http://farm1.static.flickr.com/21/30399479_f05ea69de4.jpg
733,http://farm2.static.flickr.com/1029/842167578_508ff7c7a2.jpg
734,http://farm1.static.flickr.com/115/295002943_36e4844237.jpg
735,http://www1.istockphoto.com/file_thumbview_approve/3343573/2/istockphoto_3343573_dalmatian_puppy.jpg
736,http://farm2.static.flickr.com/1159/1331221928_653521653e.jpg
737,http://www.dooziedog.com/dog_breeds/images/full/Dalmatian-17.jpg
738,http://farm2.static.flickr.com/1228/1314894439_1d06c72f41.jpg
739,http://farm2.static.flickr.com/1389/1315783024_2228bdb15e.jpg
740,http://www.perrosmascotas.com/dalmatas/imagenes/dalmata_ganador.jpg
741,http://farm1.static.flickr.com/97/255229106_6624499fbf.jpg
742,http://farm1.static.flickr.com/38/81641147_e73e1ef1a3.jpg
743,http://farm2.static.flickr.com/1028/1325547406_4c7c678fb5.jpg
744,http://www.canitalia.it/PARNASO/cuccioli/a3jpg.jpg
745,http://farm1.static.flickr.com/174/367587054_c78bd2f334.jpg
746,http://farm1.static.flickr.com/26/47827154_2744b70548.jpg
747,http://farm3.static.flickr.com/2228/2002103426_138f14ebbf.jpg
748,http://farm1.static.flickr.com/103/295002628_fdcb8b960d.jpg
749,http://www.gotpetsonline.com/pictures-gallery/dog-pictures-breeders-puppies-rescue/dalmatian-pictures-breeders-puppies-rescue/pictures/dalmatian-0104.jpg
750,http://www1.istockphoto.com/file_thumbview_approve/1467642/2/istockphoto_1467642_sleeping_dalmatian.jpg
751,http://farm1.static.flickr.com/49/107100115_b8691cfd0e.jpg
752,http://farm1.static.flickr.com/138/377132004_0e031d86ce.jpg
753,http://www.gotpetsonline.com/pictures-gallery/dog-pictures-breeders-puppies-rescue/dalmatian-pictures-breeders-puppies-rescue/pictures/dalmatian-0008.jpg
754,http://farm2.static.flickr.com/1046/873775063_23a1d84b92.jpg
755,http://farm1.static.flickr.com/99/312492731_85d071f78c.jpg
756,http://jollie.com/Images/dalmatian2.jpg
757,http://farm1.static.flickr.com/76/219500723_73c61f0a25.jpg
758,http://farm1.static.flickr.com/150/365114995_3d55f7d3f9.jpg
759,http://farm1.static.flickr.com/43/86561014_0bdc59b8ed.jpg
760,http://www.elitepets.com.ua/pic/Dalmatian_Jingo_2.jpg
761,http://farm1.static.flickr.com/105/285246214_cbd5fc5ff5.jpg
762,http://static.flickr.com/172/459394350_c827776c09.jpg
763,http://farm2.static.flickr.com/1222/766989030_0f97d2f232.jpg
764,http://static.flickr.com/2399/1850907998_43d8785419.jpg
765,http://farm3.static.flickr.com/2278/2118559844_edda2f9a2f.jpg
766,http://static.flickr.com/1273/1250779807_41c838c303.jpg
767,http://farm1.static.flickr.com/55/130795140_460b6b7d79.jpg
768,http://gotpetsonline.com/pictures-gallery/dog-pictures-breeders-puppies-rescue/dalmatian-pictures-breeders-puppies-rescue/pictures/dalmatian-0093.jpg
769,http://www.perrosmascotas.com/dalmatas/imagenes/guide/guide_dalmata_mozo.jpg
770,http://farm1.static.flickr.com/119/252002141_760be3ccb3.jpg
771,http://farm1.static.flickr.com/40/79055524_3998cb3b07.jpg
772,http://farm1.static.flickr.com/33/53525517_2475ad592e.jpg
773,http://farm1.static.flickr.com/15/20677562_05748ce334.jpg
774,http://farm3.static.flickr.com/2335/2052989351_3951595640.jpg
775,http://farm2.static.flickr.com/1094/1315204186_47c8a69863.jpg
776,http://farm1.static.flickr.com/88/239205225_78fdec3650.jpg
777,http://farm2.static.flickr.com/1085/1057434884_a8cca6f9d0.jpg
778,http://farm1.static.flickr.com/149/395861954_311a9c8d68.jpg
779,http://farm1.static.flickr.com/144/320135153_078a5bf605.jpg
780,http://farm1.static.flickr.com/89/246806457_05d6685943.jpg
781,"http://wallpapers.free-review.net/wallpapers/15/Sweet_Dreams,_Dalmatian_Puppies.jpg"
782,http://farm1.static.flickr.com/172/452354661_e5912119d1.jpg
783,http://www.hot-screensaver.com/wp-myimages/dalmatian-dogs.jpg
784,http://www.dogdoright.com/images/untitled7.jpg
785,http://farm3.static.flickr.com/2040/2132938173_4588ff277a.jpg
786,http://farm3.static.flickr.com/2352/2119268091_cb8e6a3a07.jpg
787,http://farm2.static.flickr.com/1138/1251642528_5cc8fd1854.jpg
788,http://farm1.static.flickr.com/75/200509005_4896790f51.jpg
789,http://farm1.static.flickr.com/83/206844228_9602d691e6.jpg
790,http://farm1.static.flickr.com/144/319718742_2f0264afec.jpg
791,http://farm1.static.flickr.com/43/79049614_9908461cc7.jpg
792,http://farm1.static.flickr.com/142/324423627_f6ae02f575.jpg
793,http://farm1.static.flickr.com/133/354947586_0e7051d4f7.jpg
794,http://www.racheltapscott.com/dalmatiansit.jpg
795,http://farm1.static.flickr.com/89/277335598_ea50f5586c.jpg
796,http://farm3.static.flickr.com/2191/2039873352_34ca38900c.jpg
797,http://farm1.static.flickr.com/117/291981128_f0eb154dbd.jpg
798,http://farm3.static.flickr.com/2009/2215263439_9119925f94.jpg
799,http://farm1.static.flickr.com/70/162465699_a1fcbddcda.jpg
800,http://www.dkimages.com/discover/previews/793/60023551.JPG
801,http://farm1.static.flickr.com/61/191290984_64f8159311.jpg
802,http://www.gotdogsonline.com/dalmatian-pictures-breeders-puppies-rescue/pictures/dalmatian-0047.jpg
803,http://www.mytopdogs.com/pics/dalmatian.jpg
804,http://farm1.static.flickr.com/67/179085025_24a8334b2f.jpg
805,http://farm1.static.flickr.com/44/182867223_359f659d24.jpg
806,http://www.gotpetsonline.com/pictures-gallery/dog-pictures-breeders-puppies-rescue/dalmatian-pictures-breeders-puppies-rescue/pictures/dalmatian-0066.jpg
807,http://farm1.static.flickr.com/31/63505172_577093c6e4.jpg
808,http://www.gotpetsonline.com/pictures-gallery/dog-pictures-breeders-puppies-rescue/dalmatian-pictures-breeders-puppies-rescue/pictures/dalmatian-0053.jpg
809,http://farm3.static.flickr.com/2200/2096147507_ed44cda7e0.jpg
810,http://farm1.static.flickr.com/81/245275274_ab6dad6d4d.jpg
811,http://farm1.static.flickr.com/136/320836748_dd0d7110b0.jpg
812,http://farm1.static.flickr.com/180/422151161_27a9706a0e.jpg
813,http://farm1.static.flickr.com/230/474534120_d7fbfe61b6.jpg
814,http://www.sweb.cz/sunsetdalmatian/vysledky/CACIB_Litomerice_05/BlackPearlSunsetDalmatian.jpg
815,http://farm3.static.flickr.com/2262/2127819113_639676cea1.jpg
816,http://farm1.static.flickr.com/38/96687558_d64b058a78.jpg
817,http://static.flickr.com/1231/1112428712_1037189985.jpg
818,http://www.dog.com.au/breeds/images/dalmatian.jpg
819,http://farm2.static.flickr.com/1001/814392531_01da9964ef.jpg
820,http://farm2.static.flickr.com/1251/1244284951_3c82197b11.jpg
821,http://static.flickr.com/1035/1337970098_963ed5dcd8.jpg
822,http://www.puppydogweb.com/gallery/dalmatians/dalmatian_isabel.jpg
823,http://upload.wikimedia.org/wikipedia/commons/2/28/Dalmatian_liver_portrait_Amy.jpg
824,http://farm1.static.flickr.com/22/90502578_8a78c23764.jpg
825,http://farm1.static.flickr.com/96/242306329_116cd0bea1.jpg
826,http://farm1.static.flickr.com/132/319704407_5d73d8c701.jpg
827,http://farm1.static.flickr.com/151/426302959_d8aea5c223.jpg
828,http://farm1.static.flickr.com/70/222419312_18a36f3918.jpg
829,http://static.flickr.com/1058/1149989594_af1a3c5473.jpg
830,http://farm1.static.flickr.com/207/477865398_282f46f8fd.jpg
831,http://farm1.static.flickr.com/16/93865649_25c6195d84.jpg
832,http://farm1.static.flickr.com/44/137484322_9082d699c3.jpg
833,http://farm3.static.flickr.com/2223/2165856280_b240a18171.jpg
834,http://farm2.static.flickr.com/1171/1319035417_59b3add31e.jpg
835,http://www.pedigreedpups.com/images/Dalmatianflowers.jpg
836,http://farm2.static.flickr.com/1432/1396875519_9d879280ac.jpg
837,http://farm2.static.flickr.com/1217/1466450886_3e56c64b15.jpg
838,http://farm1.static.flickr.com/81/282356021_3dc87947d2.jpg
839,http://farm2.static.flickr.com/1427/1479122552_28bf9425e1.jpg
840,http://farm3.static.flickr.com/2119/2128849771_3849f3328f.jpg
841,http://www.dkimages.com/discover/previews/877/15027672.JPG
842,http://farm1.static.flickr.com/184/391275402_736eb26f54.jpg
843,http://farm1.static.flickr.com/191/452042357_76a220cd56.jpg
844,http://farm3.static.flickr.com/2249/1492790085_b5ae0c91c5.jpg
845,http://farm1.static.flickr.com/220/452354585_d0735b2a94.jpg
846,http://static.flickr.com/1063/1428637335_7a4deb2a70.jpg
847,http://farm1.static.flickr.com/40/145748362_c7bbe126ca.jpg
848,http://farm1.static.flickr.com/205/467000902_b802a7e0b8.jpg
849,http://farm1.static.flickr.com/62/180188917_f571512229.jpg
850,http://farm2.static.flickr.com/1352/539960627_1e19164f1e.jpg
851,http://farm1.static.flickr.com/121/370552033_c7ef862b30.jpg
852,http://farm1.static.flickr.com/4/4136452_25a4738437.jpg
853,http://farm1.static.flickr.com/100/309456954_ce8a6558d2.jpg
854,http://farm1.static.flickr.com/184/441503514_4575438495.jpg
855,http://farm1.static.flickr.com/42/79043746_666312f4ae.jpg
856,http://static.flickr.com/81/246802659_0dc16aa04b.jpg
857,http://farm1.static.flickr.com/241/521422364_0777330b52.jpg
858,http://farm1.static.flickr.com/41/85736077_51120e41fe.jpg
859,http://www.photogalaxy.com/pic/zombiecorr-8/brown_dalmatian.jpg
860,http://www.pawsruskennel.com/img/photo-haileydal.jpg
861,http://farm3.static.flickr.com/2106/2177366154_4a24b623f0.jpg
862,http://static.flickr.com/47/246806454_705a4464bf.jpg
863,http://farm1.static.flickr.com/34/72697242_482a375c44.jpg
864,http://farm3.static.flickr.com/2307/1784777424_2c4be4a557.jpg
865,http://farm1.static.flickr.com/13/182863339_d8499b30db.jpg
866,http://www.gotpetsonline.com/pictures-gallery/dog-pictures-breeders-puppies-rescue/dalmatian-pictures-breeders-puppies-rescue/pictures-photos/dalmatian-0056.jpg
867,http://farm1.static.flickr.com/127/348250614_8774ab5ec3.jpg
868,http://farm3.static.flickr.com/2070/2139862132_1c8c933db4.jpg
869,http://static.flickr.com/87/250531333_7b15cf73c2.jpg
870,http://farm1.static.flickr.com/100/296718132_24036f3b77.jpg
871,http://upload.wikimedia.org/wikipedia/commons/thumb/c/c2/Dalmatian_puppy_black_Orion.jpg/800px-Dalmatian_puppy_black_Orion.jpg
872,http://farm2.static.flickr.com/1200/1014671994_f157ec3dd0.jpg
873,http://farm3.static.flickr.com/2399/2087441900_2c876f5fbb.jpg
874,http://farm1.static.flickr.com/131/357941915_42b2aa4e52.jpg
875,http://www.justdogbreeds.com/images/breeds/dalmatian.jpg
876,http://farm2.static.flickr.com/1026/525748673_5a75bac6a8.jpg
877,http://farm1.static.flickr.com/97/245272654_320882e00b.jpg
878,http://www.cnn.com/SPECIALS/2006/pets/interactive/gallery.celebrity.pets/images/01.02.dalmatians.jpg
879,http://static.flickr.com/73/173178888_2ddc584b20.jpg
880,http://farm1.static.flickr.com/56/149772556_49fc1a3502.jpg
881,http://www.expert-dog-training.com/DogPics/dalmatian.jpg
882,http://hattrick-dals.home.att.net/Hearing2.jpg
883,http://farm3.static.flickr.com/2396/1937143483_402e7e9215.jpg
884,http://farm1.static.flickr.com/34/104609202_ab79a95c96.jpg
885,http://farm1.static.flickr.com/150/343239058_95e9c11f1b.jpg
886,http://farm1.static.flickr.com/1/630288_f8b0939a34.jpg
887,http://farm2.static.flickr.com/1321/745865724_6faf870ce2.jpg
888,http://farm1.static.flickr.com/84/281294965_583d0b98ba.jpg
889,http://farm2.static.flickr.com/1118/1466433200_f1080cb76d.jpg
890,http://farm1.static.flickr.com/53/154847484_976705d11b.jpg
891,http://farm1.static.flickr.com/69/158277296_1355a1c67e.jpg
892,http://farm1.static.flickr.com/215/470915179_d392d5d65b.jpg
893,http://farm1.static.flickr.com/168/452421460_9b44ef6d5a.jpg
894,http://farm2.static.flickr.com/1179/1479111698_98dca38f3c.jpg
895,http://farm1.static.flickr.com/86/246802653_dadc10fe01.jpg
896,http://static.flickr.com/225/486715799_cbbdbe0234.jpg
897,http://farm1.static.flickr.com/136/357945461_5933239f2b.jpg
898,http://farm1.static.flickr.com/75/193334592_0bab820bfa.jpg
899,http://farm1.static.flickr.com/83/242304262_274da344a8.jpg
900,http://www.adoptaspotdalrescue.com/icey.jpg
901,http://farm2.static.flickr.com/1066/842159612_e78a5dbc1a.jpg
902,http://farm3.static.flickr.com/2178/1959539771_11d89094f9.jpg
903,http://static.flickr.com/1110/1418567911_4d64387ea5.jpg
904,http://farm2.static.flickr.com/1128/1284821594_e9047259b4.jpg
905,http://farm1.static.flickr.com/111/297727100_b0cee48632.jpg
906,http://farm2.static.flickr.com/1436/548159990_404e708042.jpg
907,http://farm2.static.flickr.com/1171/923835651_44b5c77be0.jpg
908,http://farm3.static.flickr.com/2009/1702833582_bb72dfb6db.jpg
909,http://farm2.static.flickr.com/1076/872075773_44d8bd1b45.jpg
910,http://farm1.static.flickr.com/95/242306327_a80411f52c.jpg
911,http://farm1.static.flickr.com/140/321097905_286fd11b5d.jpg
912,http://farm2.static.flickr.com/1287/1315784596_bbc0172f58.jpg
913,http://farm1.static.flickr.com/104/299899804_6990cab6b5.jpg
914,http://farm1.static.flickr.com/160/334919389_68b4fad5e9.jpg
915,http://farm1.static.flickr.com/186/475541711_4041a0bb3a.jpg
916,http://farm3.static.flickr.com/2065/2201055390_b502593bef.jpg
917,http://farm1.static.flickr.com/108/292283810_0c55e3e063.jpg
918,http://farm1.static.flickr.com/75/168661514_bf8c531d4b.jpg
919,http://farm3.static.flickr.com/2049/2224022564_fa4fbf103f.jpg
920,http://farm1.static.flickr.com/104/291980985_3228128212.jpg
921,http://farm3.static.flickr.com/2283/2158649349_4ea25cc195.jpg
922,http://farm1.static.flickr.com/146/336032222_fc7fef4a79.jpg
923,http://farm1.static.flickr.com/95/228885491_242b8951cd.jpg
924,http://farm1.static.flickr.com/175/460681677_6b77f84c7b.jpg
925,http://farm3.static.flickr.com/2005/1818987366_948d3ca855.jpg
926,http://farm1.static.flickr.com/43/79046655_b7b67d8a61.jpg
927,http://farm2.static.flickr.com/1164/841327391_8aca47f947.jpg
928,http://farm1.static.flickr.com/39/79050046_de4e80fc32.jpg
929,http://farm1.static.flickr.com/117/258483607_90888ef93b.jpg
930,http://farm1.static.flickr.com/36/79059190_667273b6de.jpg
931,http://farm2.static.flickr.com/1086/947104110_0d9ac1a866.jpg
932,http://farm1.static.flickr.com/46/108316051_b5ba3ba4e8.jpg
933,http://farm1.static.flickr.com/103/295003384_a01a74d068.jpg
934,http://farm1.static.flickr.com/182/412737548_8dae1ae1ff.jpg
935,http://farm1.static.flickr.com/170/477856098_8f88491c6a.jpg
936,http://farm1.static.flickr.com/11/90486347_3ad22bd0ca.jpg
937,http://farm2.static.flickr.com/1214/1136098153_1b7e93dc3d.jpg
938,http://farm1.static.flickr.com/66/185756328_fc9a712977.jpg
939,http://farm2.static.flickr.com/1032/861669612_b4d9d3c959.jpg
940,http://farm1.static.flickr.com/120/257455742_385eb2bc06.jpg
941,http://farm3.static.flickr.com/2045/2055061585_b25c3b17d6.jpg
942,http://farm1.static.flickr.com/100/258461832_e6093bb6a9.jpg
943,http://farm1.static.flickr.com/33/96222169_5ef741f05d.jpg
944,http://farm1.static.flickr.com/155/371168693_d9c2ef7edb.jpg
945,http://farm1.static.flickr.com/126/336032133_d929477b2b.jpg
946,http://farm1.static.flickr.com/208/469580064_e540d4ccdc.jpg
947,http://farm1.static.flickr.com/117/303341293_4ac789f06e.jpg
948,http://farm1.static.flickr.com/92/255233541_b1a25d88f4.jpg
949,http://www.stardel.com/fiveacres/image/2006/20060227mia.jpg
950,http://farm2.static.flickr.com/1382/873109663_4061a85d55.jpg
951,http://farm1.static.flickr.com/61/223732102_58517dcc70.jpg
952,http://farm1.static.flickr.com/13/182864149_83a2e79c46.jpg
953,http://farm1.static.flickr.com/156/340317743_4516d3ec1c.jpg
954,http://farm3.static.flickr.com/2264/2051783838_6d625c7e36.jpg
955,http://static.flickr.com/1097/992575659_b50b7b619f.jpg
956,http://farm1.static.flickr.com/172/441488349_452ddb3f33.jpg
957,http://farm1.static.flickr.com/251/450291941_876112dc55.jpg
958,http://farm1.static.flickr.com/1/182866757_3ceb38b943.jpg
959,http://farm1.static.flickr.com/84/240823314_7e31778c68.jpg
960,http://farm2.static.flickr.com/1075/1283953216_bbcbff20a3.jpg
961,http://farm2.static.flickr.com/1184/1259386941_7ed6070e5f.jpg
962,http://farm1.static.flickr.com/175/469583719_32425cf4f6.jpg
963,http://farm3.static.flickr.com/2243/1524985253_0448ead259.jpg
964,http://farm1.static.flickr.com/22/31034510_ec60691ebf.jpg
965,http://farm1.static.flickr.com/40/77358217_3830a57347.jpg
966,http://farm2.static.flickr.com/1379/993496380_d8cea25489.jpg
967,http://farm3.static.flickr.com/2276/2149430891_1bd05714c4.jpg
968,http://farm2.static.flickr.com/1065/992722443_aa5a8c4907.jpg
969,http://farm1.static.flickr.com/208/476362183_a14c456294.jpg
970,http://farm1.static.flickr.com/197/469124543_cbb11a8575.jpg
971,http://farm1.static.flickr.com/24/182865617_b81902f23d.jpg
972,http://farm3.static.flickr.com/2011/2146392469_31374fab65.jpg
973,http://farm3.static.flickr.com/2356/1738900322_09aaaaa551.jpg
974,http://farm1.static.flickr.com/155/418292534_aba044fb81.jpg
975,http://farm1.static.flickr.com/52/137799834_fbc0a94e24.jpg
976,http://www.alrescate.org/adopciones/fotos-marzo06/DALMATA2.JPG
977,http://farm1.static.flickr.com/173/474563197_61bfcd4a20.jpg
978,http://farm1.static.flickr.com/46/112514125_0ede70a71b.jpg
979,http://farm1.static.flickr.com/221/518630568_13694eec01.jpg
980,http://farm2.static.flickr.com/1224/1435137375_5b0d98b37c.jpg
981,http://farm2.static.flickr.com/1376/751744729_bff72c9352.jpg
982,http://farm1.static.flickr.com/52/131070543_2121206e6f.jpg
983,http://farm2.static.flickr.com/1268/584310508_1c147c7dd8.jpg
984,http://www.brunotausz.com/images/dalmatian_head.gif
985,http://farm1.static.flickr.com/78/182866569_079cf73b40.jpg
986,http://farm3.static.flickr.com/2091/2058559071_5268d18e08.jpg
987,http://farm3.static.flickr.com/2066/2169271471_0635c91866.jpg
988,http://farm2.static.flickr.com/1317/616601552_b6b241e57e.jpg
989,http://farm1.static.flickr.com/65/223728813_2a986862ff.jpg
990,http://farm1.static.flickr.com/211/477859427_91fbec7a32.jpg
991,http://farm3.static.flickr.com/2301/2043634117_4ca5e8bb1b.jpg
992,http://farm1.static.flickr.com/177/432467761_11b9747c20.jpg
993,http://farm1.static.flickr.com/127/340266104_73a884e8e3.jpg
994,http://farm2.static.flickr.com/1115/734656991_41362503bc.jpg
995,http://farm1.static.flickr.com/68/225152203_2ee2ee6cb1.jpg
996,http://farm1.static.flickr.com/165/432463000_7067592767.jpg
997,http://farm1.static.flickr.com/50/160353498_3a1e7121c6.jpg
998,http://farm1.static.flickr.com/116/296620662_7154e92e12.jpg
999,http://farm3.static.flickr.com/2208/2047617843_842c052581.jpg
1000,http://static.flickr.com/54/149781143_50cb2f5832.jpg
1001,http://www.ameridogs.com/images/BreedDalmatianadult.jpg
1002,http://farm1.static.flickr.com/94/257808140_bed547695b.jpg
1003,http://farm1.static.flickr.com/80/258476249_eccea05a60.jpg
1004,http://www.animalandia.com/images/dalmata.jpg
1005,http://farm1.static.flickr.com/190/452293280_04455e9229.jpg
1006,http://farm1.static.flickr.com/101/289002019_8d89d74dfa.jpg
1007,http://www.pethandbook.com/assets/images/DalmatianDog.jpg
1008,http://farm1.static.flickr.com/65/207138298_3592185eaa.jpg
1009,http://farm1.static.flickr.com/169/477853328_1250a48117.jpg
1010,http://farm2.static.flickr.com/1228/548204775_ae5da1aceb.jpg
1011,http://farm1.static.flickr.com/46/129728970_63c18e3d15.jpg
1012,http://www.dooziedog.com/dog_breeds/images/full/Dalmatian-16.jpg
1013,http://www1.istockphoto.com/file_thumbview_approve/1752305/2/istockphoto_1752305_dalmatian_portrait.jpg
1014,http://farm1.static.flickr.com/233/458357352_01b958b953.jpg
1015,http://farm2.static.flickr.com/1020/535087507_d3147230f9.jpg
1016,http://farm1.static.flickr.com/37/113687946_a36858ef03.jpg
1017,http://farm3.static.flickr.com/2246/2144448067_2044bdd46f.jpg
1018,http://farm1.static.flickr.com/143/328024203_09d73c5583.jpg
1019,http://farm1.static.flickr.com/46/131145263_8896e809b7.jpg
1020,http://www1.istockphoto.com/file_thumbview_approve/3084001/2/istockphoto_3084001_dalmatian.jpg
1021,http://farm1.static.flickr.com/172/371920138_1101c7e5d9.jpg
1022,http://farm1.static.flickr.com/115/295002695_ce8d105f93.jpg
1023,http://farm1.static.flickr.com/23/27184288_bcb910e6e1.jpg
1024,http://www.gotpetsonline.com/pictures-gallery/dog-pictures-breeders-puppies-rescue/dalmatian-pictures-breeders-puppies-rescue/pictures/dalmatian-0002.jpg
1025,http://farm1.static.flickr.com/186/477852724_663b4f773b.jpg
1026,http://farm1.static.flickr.com/181/365330067_5d11f72d57.jpg
1027,http://farm2.static.flickr.com/1359/569994366_322b7376fc.jpg
1028,http://static.flickr.com/2404/2042614292_606e240698.jpg
1029,http://farm1.static.flickr.com/57/197694397_8f215b8071.jpg
1030,http://farm1.static.flickr.com/165/364158002_a3256a2e72.jpg
1031,http://static.flickr.com/1437/561286195_4ee388c7b0.jpg
1032,http://farm3.static.flickr.com/2305/1853811152_54473bae88.jpg
1033,http://farm1.static.flickr.com/10/11315797_a8287828aa.jpg
1034,http://farm3.static.flickr.com/2063/2049364918_af277cc54e.jpg
1035,http://farm1.static.flickr.com/27/35424607_74e4ff4c97.jpg
1036,http://farm1.static.flickr.com/122/315577971_f74565b616.jpg
1037,http://farm1.static.flickr.com/65/191290634_bc5ae4a4b0.jpg
1038,http://farm1.static.flickr.com/100/279793441_6384fdfb9d.jpg
1039,http://farm1.static.flickr.com/50/127705940_97c1b3fa74.jpg
1040,http://farm3.static.flickr.com/2079/1527536906_f4e09613d6.jpg
1041,http://farm2.static.flickr.com/1202/1098391657_5393606981.jpg
1042,http://farm3.static.flickr.com/2086/2234187413_ba9dcc9322.jpg
1043,http://farm3.static.flickr.com/2238/2170064430_10e399d5c0.jpg
1044,http://farm1.static.flickr.com/239/452293320_529e435c3c.jpg
1045,http://farm2.static.flickr.com/1136/1465575599_1e12361c86.jpg
1046,http://farm1.static.flickr.com/232/452309682_f66e5d8f51.jpg
1047,http://farm1.static.flickr.com/19/90548813_a501b23da0.jpg
1048,http://farm2.static.flickr.com/1355/745003407_84ebc19f72.jpg
1049,http://farm2.static.flickr.com/1094/1466408878_04fa05604c.jpg
1050,http://farm3.static.flickr.com/2360/2044767659_ac8b6b4efb.jpg
1051,http://farm3.static.flickr.com/2359/2169272331_19604b444a.jpg
1052,http://farm1.static.flickr.com/43/79039530_6e0878be84.jpg
1053,http://www1.istockphoto.com/file_thumbview_approve/2629855/2/istockphoto_2629855_dalmatian.jpg
1054,http://www.petactionshots.com/Theeyeshaveit/images/Dalmatian%202eye%20color%202%20.jpg
1055,http://farm1.static.flickr.com/9/11870643_885f456fde.jpg
1056,http://farm2.static.flickr.com/1027/1348605393_fa84a3f728.jpg
1057,http://farm3.static.flickr.com/2344/2134011461_2d19ea5fbb.jpg
1058,http://farm3.static.flickr.com/2318/1719707033_49f036755a.jpg
1059,http://farm3.static.flickr.com/2354/2050972929_a617a30c7a.jpg
1060,http://farm3.static.flickr.com/2156/1820461814_c9c11be4fa.jpg
1061,http://farm1.static.flickr.com/188/474163181_59a334ba59.jpg
1062,http://farm2.static.flickr.com/1033/872140407_0158545c8f.jpg
1063,http://farm1.static.flickr.com/104/277278159_5a67a98d58.jpg
1064,http://farm2.static.flickr.com/1164/1484595323_1d3cc52bc4.jpg
1065,http://farm1.static.flickr.com/70/178347787_21d5ac0fff.jpg
1066,http://farm3.static.flickr.com/2136/2139248600_15f6e13ab2.jpg
1067,http://farm1.static.flickr.com/108/315577974_2c0e202129.jpg
1068,http://farm1.static.flickr.com/203/517588424_e4b292dca8.jpg
1069,http://farm1.static.flickr.com/29/63021160_91b917bfe0.jpg
1070,http://farm2.static.flickr.com/1091/1289201621_1e286f10eb.jpg
1071,http://farm1.static.flickr.com/38/79047551_4bc0a4c3f5.jpg
1072,http://farm1.static.flickr.com/216/502768353_5890d6b72e.jpg
1073,http://farm2.static.flickr.com/1135/1098379709_da128f233a.jpg
1074,http://www.guardog.biz/images/kategorija_26/dalmatian-dog-pictures.jpg
1075,http://farm1.static.flickr.com/181/477862704_b96ddec1cb.jpg
1076,http://farm1.static.flickr.com/41/81641146_1e5e93ba1d.jpg
1077,http://farm1.static.flickr.com/66/167659328_9846bf8dd0.jpg
1078,http://farm2.static.flickr.com/1118/868635042_e9cc093316.jpg
1079,http://farm3.static.flickr.com/2117/1700267078_c7b22d46ee.jpg
1080,http://farm1.static.flickr.com/97/212126945_3443ce3b1f.jpg
1081,http://farm2.static.flickr.com/1290/1097588680_35a9c630e1.jpg
1082,http://farm3.static.flickr.com/2206/2112385234_f13a76ecaf.jpg
1083,http://farm1.static.flickr.com/64/187266070_b6046004fb.jpg
1084,http://farm1.static.flickr.com/212/467662454_dd7e1e9198.jpg
1085,http://farm3.static.flickr.com/2008/2086137991_cf70fda6d0.jpg
1086,http://farm1.static.flickr.com/117/304649383_3b3efde95e.jpg
1087,http://farm1.static.flickr.com/130/320701607_1c7a261fb1.jpg
1088,http://farm1.static.flickr.com/141/324422924_0c364f3c58.jpg
1089,http://farm2.static.flickr.com/1430/842179076_8a612d1c20.jpg
1090,http://farm1.static.flickr.com/104/294998858_42b5237224.jpg
1091,http://farm1.static.flickr.com/109/290135112_1f0901a782.jpg
1092,http://farm3.static.flickr.com/2388/2039084443_667dfccccc.jpg
1093,http://farm2.static.flickr.com/1169/1314320979_55121169be.jpg
1094,http://farm2.static.flickr.com/1419/1435118345_a074d589d3.jpg
1095,http://bp3.blogger.com/_hnJPEG6rSIk/RngA7RXMLfI/AAAAAAAAABU/sEhpev6FT90/s400/dalmata2.jpg
1096,http://farm3.static.flickr.com/2384/1913070036_dd3e119633.jpg
1097,http://farm3.static.flickr.com/2289/1697926015_f0fae245b9.jpg
1098,http://farm1.static.flickr.com/152/395861960_8fda995ec8.jpg
1099,http://www.pupcity.com/images/adpics/05270034721732_1.jpg
1100,http://farm1.static.flickr.com/42/90548812_c82c5fe0fe.jpg
1101,http://farm1.static.flickr.com/95/238338586_f616b30755.jpg
1102,http://www.eburg.com/~dalmatia/shorty4.jpg
1103,http://farm1.static.flickr.com/103/308570414_4987201538.jpg
1104,http://farm1.static.flickr.com/39/90244937_dfa7b8ce9b.jpg
1105,http://farm1.static.flickr.com/108/258468715_f2248b0d28.jpg
1106,http://farm1.static.flickr.com/138/319687347_367c21be52.jpg
1107,http://farm3.static.flickr.com/2174/1698775826_c89ccefd51.jpg
1108,http://farm1.static.flickr.com/56/107737500_c3e454e574.jpg
1109,http://farm3.static.flickr.com/2217/2089047447_fcb3fc5f33.jpg
1110,http://static.flickr.com/40/112514127_28ffb92864.jpg
1111,http://farm2.static.flickr.com/1169/1173391658_0e114b9455.jpg
1112,http://farm1.static.flickr.com/47/193335539_a6a5d29d05.jpg
1113,http://farm1.static.flickr.com/76/190189959_8cc6875158.jpg
1114,http://farm2.static.flickr.com/1411/539831398_973af9e4bf.jpg
1115,http://farm1.static.flickr.com/75/182866324_44d7a1e999.jpg
1116,http://farm1.static.flickr.com/52/126785183_cb958ae4eb.jpg
1117,http://farm3.static.flickr.com/2124/1807516364_ba87790ea7.jpg
1118,http://farm1.static.flickr.com/45/191562634_f907306c4d.jpg
1119,http://farm1.static.flickr.com/149/335083786_6b354d42ef.jpg
1120,http://farm1.static.flickr.com/124/336137573_f8968ecfdc.jpg
1121,http://farm3.static.flickr.com/2158/2116175304_cecb036688.jpg
1122,http://farm2.static.flickr.com/1175/1204515282_0c2a582e32.jpg
1123,http://farm2.static.flickr.com/1041/1319069639_899d58c038.jpg
1124,http://www.purina.com.mx/cuidados-perros/etapas_dalmata.jpg
1125,http://farm2.static.flickr.com/1285/548182888_5bf96133c9.jpg
1126,http://farm1.static.flickr.com/161/346293954_7b71286e7a.jpg
1127,http://farm3.static.flickr.com/2051/1808821199_8d7b27691c.jpg
1128,http://farm2.static.flickr.com/1142/1333231310_8536f95288.jpg
1129,http://farm1.static.flickr.com/77/210554262_32477c363a.jpg
1130,http://farm1.static.flickr.com/108/294999235_cc6a7e28db.jpg
1131,http://farm1.static.flickr.com/202/441504657_58a2ad6198.jpg
1132,http://farm1.static.flickr.com/237/444102192_5439e8dfd9.jpg
1133,http://farm3.static.flickr.com/2335/1526662851_112019e68a.jpg
1134,http://farm1.static.flickr.com/61/193334422_33a626000c.jpg
1135,http://farm3.static.flickr.com/2199/2045750748_a8d0b3336c.jpg
1136,http://farm3.static.flickr.com/2270/2171669958_a35af03ba4.jpg
1137,http://farm1.static.flickr.com/149/409015506_07e93de23c.jpg
1138,http://farm3.static.flickr.com/2285/2170064786_66af2cc224.jpg
1139,http://farm2.static.flickr.com/1146/1047499401_09a4ce6c94.jpg
1140,http://farm3.static.flickr.com/2046/2129624406_74eb06dc2e.jpg
1141,http://farm1.static.flickr.com/103/289002248_12668e33d7.jpg
1142,http://farm3.static.flickr.com/2224/1502906857_45c283408b.jpg
1143,http://farm3.static.flickr.com/2074/2168850324_2fa67a16e1.jpg
1144,http://farm1.static.flickr.com/228/524395182_7de58d462e.jpg
1145,http://farm1.static.flickr.com/104/291816616_649582bfa1.jpg
1146,http://farm1.static.flickr.com/37/85095049_d0425d73f0.jpg
1147,http://farm1.static.flickr.com/123/356751311_96f5016677.jpg
1148,http://farm1.static.flickr.com/21/24983597_eb90ad5263.jpg
1149,http://farm1.static.flickr.com/127/338109602_5a80b93edb.jpg
1150,http://farm2.static.flickr.com/1126/897160601_12c3729826.jpg
1151,http://farm3.static.flickr.com/2260/1818992146_c309548ca1.jpg
1152,http://farm1.static.flickr.com/93/254023320_a7874c6d38.jpg
1153,http://farm3.static.flickr.com/2136/1947375800_0ab60dd4ec.jpg
1154,http://www.dkimages.com/discover/previews/815/613200.JPG
1155,http://farm1.static.flickr.com/107/289003039_df40dc282f.jpg
1156,http://farm2.static.flickr.com/1122/1465548259_2eac9cf40c.jpg
1157,http://farm1.static.flickr.com/217/477850330_42cef442bb.jpg
1158,http://farm2.static.flickr.com/1044/548176888_4b204fd2a8.jpg
1159,http://farm1.static.flickr.com/107/275712144_d6e369da51.jpg
1160,http://farm3.static.flickr.com/2349/2191690844_1e9fbb8719.jpg
1161,http://farm1.static.flickr.com/79/242299795_e7ea5e7c88.jpg
1162,http://farm1.static.flickr.com/162/363464261_703cb20090.jpg
1163,http://farm2.static.flickr.com/1019/1393794550_e38c2d553d.jpg
1164,http://farm1.static.flickr.com/101/312490991_b208abc2e3.jpg
1165,http://farm3.static.flickr.com/2180/2059322706_d3c45ee9b3.jpg
1166,http://farm1.static.flickr.com/42/110714697_3d7fd5bec0.jpg
1167,http://farm3.static.flickr.com/2414/2240275561_eddb9bc448.jpg
1168,http://farm1.static.flickr.com/95/242304267_618964f3c7.jpg
1169,http://farm1.static.flickr.com/206/494756638_b6cb63ca0f.jpg
1170,http://farm1.static.flickr.com/101/290258782_08e4c20afa.jpg
1171,http://firewhirl.com/images/DalmationDog_01-Stting_in_front_of_Fire_Engine.jpg
1172,http://farm1.static.flickr.com/49/174637688_ab60fdf697.jpg
1173,http://www.dog-breeds.name/pictures/dalmatian/dalmatian-2.jpg
1174,http://static.flickr.com/111/315577972_cb71b50311.jpg
1175,http://farm1.static.flickr.com/56/193335136_e6749349db.jpg
1176,http://farm2.static.flickr.com/1393/575512050_413d31bd4c.jpg
1177,http://farm1.static.flickr.com/63/201373094_89a76ade48.jpg
1178,http://farm1.static.flickr.com/230/507639578_01fa3e06a7.jpg
1179,http://farm3.static.flickr.com/2084/2055357655_f7c92d9b94.jpg
1180,http://www.mascothouse.es/images2/Maria%20Nitro%201.JPG
1181,http://farm1.static.flickr.com/193/441506410_25113681b0.jpg
1182,http://farm1.static.flickr.com/138/324271523_453beeeafb.jpg
1183,http://farm2.static.flickr.com/1353/1368392910_a53d966540.jpg
1184,http://farm1.static.flickr.com/102/315577977_43e7b468d6.jpg
1185,http://farm1.static.flickr.com/174/414982957_db3ef5c4fb.jpg
1186,http://farm1.static.flickr.com/132/319041884_ac30bf6d1d.jpg
1187,http://farm1.static.flickr.com/10/16850737_53025f9546.jpg
1188,http://farm3.static.flickr.com/2337/2230312300_f17c1e116b.jpg
1189,http://farm3.static.flickr.com/2383/1969791179_a25fd275eb.jpg
1190,http://farm1.static.flickr.com/152/382279646_499590c99a.jpg
1191,http://farm1.static.flickr.com/56/143188550_fc9d76ff92.jpg
1192,http://farm1.static.flickr.com/96/251908164_e2c74789af.jpg
1193,http://farm3.static.flickr.com/2407/1617376943_0036af890e.jpg
1194,http://farm1.static.flickr.com/163/383968189_6aabbbc507.jpg
1195,http://farm1.static.flickr.com/153/376558098_eeed5639bc.jpg
1196,http://farm2.static.flickr.com/1440/679347178_7930fb09dc.jpg
1197,http://farm1.static.flickr.com/119/297062031_a4fdcb541c.jpg
1198,http://farm3.static.flickr.com/2354/2072534202_8708c7e0f6.jpg
1199,http://farm1.static.flickr.com/49/130795106_6887f4fd9e.jpg
1200,http://farm3.static.flickr.com/2282/2134011455_2cc1630ee8.jpg
1201,http://farm2.static.flickr.com/1140/998604134_d7816f393e.jpg
1202,http://farm1.static.flickr.com/213/497243542_21a6a94a5d.jpg
1203,http://farm1.static.flickr.com/206/515922693_0c4dfe58a5.jpg
1204,http://images.jupiterimages.com/common/detail/18/00/23210018.jpg
1205,http://farm1.static.flickr.com/68/182867959_49a70cef05.jpg
1206,http://farm3.static.flickr.com/2059/2055357987_5d14f53177.jpg
1207,http://farm1.static.flickr.com/88/214080728_f4edb08227.jpg
1208,http://farm1.static.flickr.com/112/254768092_3b236ecae4.jpg
1209,http://farm2.static.flickr.com/1072/1262194986_1e292e38a0.jpg
1210,http://farm1.static.flickr.com/136/328458958_2bf3d499de.jpg
1211,http://farm1.static.flickr.com/156/361753057_1b18cd09b3.jpg
1212,http://farm1.static.flickr.com/111/317124167_19b6f72e4f.jpg
1213,http://farm2.static.flickr.com/1406/745008035_0e8e2ca06a.jpg
1214,http://farm1.static.flickr.com/22/27561568_4333d07dd0.jpg
1215,http://farm3.static.flickr.com/2131/2113922184_da2fe3e219.jpg
1216,http://farm1.static.flickr.com/77/182868070_6a15385f4c.jpg
1217,http://farm1.static.flickr.com/64/182864870_ac694c5dd0.jpg
1218,http://farm1.static.flickr.com/158/399280641_b724326aa7.jpg
1219,http://farm1.static.flickr.com/228/470908138_d5838d6fcc.jpg
1220,http://farm1.static.flickr.com/56/145996556_14548121b8.jpg
1221,http://farm2.static.flickr.com/1064/1319030443_f6efd1a61e.jpg
1222,http://farm3.static.flickr.com/2351/2139309316_a4a8687bcc.jpg
1223,http://farm1.static.flickr.com/48/133892086_f56e22a522.jpg
1224,http://farm3.static.flickr.com/2353/1617243973_443d2b7fbd.jpg
1225,http://www.lammaanimals.org/animal_images/dalmatian1.jpg
1226,http://farm1.static.flickr.com/76/193336365_d008b20469.jpg
1227,http://farm1.static.flickr.com/46/185759578_a6c688dbd4.jpg
1228,http://farm1.static.flickr.com/229/517518553_0fdb89e592.jpg
1229,http://farm1.static.flickr.com/115/298161066_b38addd0ec.jpg
1230,http://farm2.static.flickr.com/1156/1251650632_dcaeb41740.jpg
1231,http://www.giftsforpets.ca/shop/images/dalmation.jpg
1232,http://farm1.static.flickr.com/89/271004113_b911fc5abb.jpg
1233,http://farm2.static.flickr.com/1225/1319032209_7bee2c23e8.jpg
1234,http://farm1.static.flickr.com/60/202963463_4224429553.jpg
1235,http://farm1.static.flickr.com/62/182865176_291e1c6443.jpg
1236,http://farm1.static.flickr.com/154/334876378_e2de603c86.jpg
1237,http://www.sevendeonline.info/oohmydog/fotos%20del%20sitio/dalmata.gif
1238,http://farm2.static.flickr.com/1359/607162657_03ae394484.jpg
1239,http://farm3.static.flickr.com/2225/1702762754_6dd8e8c08f.jpg
1240,http://farm2.static.flickr.com/1196/1251649408_3e54dbb00e.jpg
1241,http://farm2.static.flickr.com/1357/1319946020_f84233c685.jpg
1242,http://farm1.static.flickr.com/134/328963273_c1febac9dd.jpg
1243,http://farm2.static.flickr.com/1107/849154806_c4dd252534.jpg
1244,http://farm3.static.flickr.com/2407/1818136049_ea42ec9206.jpg
1245,http://farm2.static.flickr.com/1436/1454423846_f62d3d20af.jpg
1246,http://farm1.static.flickr.com/170/393289475_fa0d82f103.jpg
1247,http://farm3.static.flickr.com/2116/1849229019_e68e96d1de.jpg
1248,http://farm3.static.flickr.com/2053/1752289449_c0646faddc.jpg
1249,http://farm1.static.flickr.com/203/486765137_04abea1079.jpg
1250,http://farm2.static.flickr.com/1079/861154310_f644f801f1.jpg
1251,http://farm1.static.flickr.com/16/182863205_86e500c7af.jpg
1252,http://farm3.static.flickr.com/2241/1987810510_470df1300c.jpg
1253,http://farm2.static.flickr.com/1362/1487179736_9f0315b982.jpg
1254,http://farm1.static.flickr.com/219/477868397_00ebd27570.jpg
1255,http://farm1.static.flickr.com/41/97821436_a5f9b0f76b.jpg
1256,http://farm2.static.flickr.com/1416/537798165_8efa44d1ac.jpg
1257,http://farm1.static.flickr.com/37/76737896_205cc7d469.jpg
1258,http://farm3.static.flickr.com/2089/2128703221_0081a646c7.jpg
1259,http://farm1.static.flickr.com/193/497268597_0889c0e662.jpg
1260,http://farm1.static.flickr.com/53/107667446_239c129877.jpg
1261,http://farm3.static.flickr.com/2359/2079818184_de85f69bdd.jpg
1262,http://farm2.static.flickr.com/1201/548232753_0ae74b5a68.jpg
1263,http://img522.imageshack.us/img522/7141/nellforoee5.jpg
1264,http://farm1.static.flickr.com/171/427495838_da8af554c9.jpg
1265,http://farm1.static.flickr.com/22/95707981_c2046e7c73.jpg
1266,http://farm3.static.flickr.com/2318/2159653432_ce6290d45a.jpg
1267,http://farm3.static.flickr.com/2315/1610395604_77269a6601.jpg
1268,http://farm1.static.flickr.com/48/193336443_1cec5916c6.jpg
1269,http://www.perrosmascotas.com/dalmatas/imagenes/guide/guide_dalmata_super_genio.jpg
1270,http://farm1.static.flickr.com/127/420245945_caa18f0dbb.jpg
1271,http://farm1.static.flickr.com/121/291816607_7a15338f41.jpg
1272,http://farm2.static.flickr.com/1392/1082224685_396f42f0a3.jpg
1273,http://farm2.static.flickr.com/1360/672151408_e5805a6ddb.jpg
1274,http://farm1.static.flickr.com/216/508598112_3a2451f565.jpg
1275,http://farm1.static.flickr.com/34/99327064_d2d0b7e993.jpg
1276,http://farm1.static.flickr.com/44/141890552_86e4337c40.jpg
1277,http://farm1.static.flickr.com/82/235993799_1bb0383e71.jpg
1278,http://farm1.static.flickr.com/145/401300582_b9a057e056.jpg
1279,http://static.flickr.com/2213/1595133118_fde7684112.jpg
1280,http://farm3.static.flickr.com/2119/2133737316_d63c267d76.jpg
1281,http://farm1.static.flickr.com/225/494756632_dda9bc4050.jpg
1282,http://farm2.static.flickr.com/1266/1315444821_1f128c6c03.jpg
1283,http://farm2.static.flickr.com/1393/1126576673_7b4c17b495.jpg
1284,http://farm3.static.flickr.com/2303/1808378918_610ddb9006.jpg
1285,http://www.thebreedsofdogs.com/images/DALMATION.jpg
1286,http://farm3.static.flickr.com/2144/2139248602_c25a17586a.jpg
1287,http://www.dkimages.com/discover/previews/815/611756.JPG
1288,http://img217.imageshack.us/img217/7560/murry06mq5.jpg
1289,http://farm3.static.flickr.com/2066/1784671174_5f250fbf3b.jpg
1290,http://farm2.static.flickr.com/1126/1476317195_a2c9877205.jpg
1291,http://farm2.static.flickr.com/1408/993618194_de57cd7514.jpg
1292,http://farm2.static.flickr.com/1058/1319028413_dae19d582d.jpg
1293,http://www.krittersinthemailbox.com/animals/dogs/dalmatians/mag61t.jpg
1294,http://farm1.static.flickr.com/134/336763988_fbcdffba8e.jpg
1295,http://farm3.static.flickr.com/2106/2200315036_bcb0e1328c.jpg
1296,http://www.1stopdoginfo.com/dogbreed/Dalmatian/dalmatianphoto.jpg
1297,http://farm2.static.flickr.com/1349/548232733_a1802bded5.jpg
1298,http://farm2.static.flickr.com/1421/683384037_36a1182ef5.jpg
1299,http://farm1.static.flickr.com/63/193334891_40ed83ec6e.jpg
1300,http://farm1.static.flickr.com/164/433521440_0cf9b6e51a.jpg
1301,http://www.pupcity.com/images/adpics/06127074854344_1.jpg
1302,http://farm2.static.flickr.com/1122/538322080_f466c91564.jpg
1303,http://www.puppypurebred.com/images/Dalmation.jpg
1304,http://www.dog-pictures.co.uk/images/beemahome7b&w.JPG;
1305,http://www.dkimages.com/discover/previews/815/612937.JPG
1306,http://claudioroman.com/images/dalmata.jpg
1307,http://static.flickr.com/2178/1892793716_93e34ab968.jpg
1308,http://farm1.static.flickr.com/130/324242096_c98d68edd9.jpg
1309,http://farm1.static.flickr.com/49/141970728_e7da6a94b2.jpg
1310,http://farm1.static.flickr.com/37/79053338_b443993d55.jpg
1311,http://farm1.static.flickr.com/192/452309722_e86ba8b9ef.jpg
1312,http://farm1.static.flickr.com/66/167928164_2a184966fc.jpg
1313,http://www.pedigreedpups.com/images/Dalmatianingrass.jpg
1314,http://farm3.static.flickr.com/2072/2139309308_010cb7f318.jpg
1315,http://farm1.static.flickr.com/47/130207230_ad7f6282e3.jpg
1316,http://farm1.static.flickr.com/188/477862625_7722c45c6d.jpg
1317,http://www.petstyle.com/images/breed_profiles/dogs/Dalmatian.jpg
1318,http://farm3.static.flickr.com/2308/1818163559_41189ee486.jpg
1319,http://farm2.static.flickr.com/1071/1319914938_cddfe4af8e.jpg
1320,http://farm2.static.flickr.com/1220/584392722_5dd786ae0c.jpg
1321,http://farm1.static.flickr.com/194/496009636_0038ab90f3.jpg
1322,http://farm1.static.flickr.com/28/42646753_5e436c57cb.jpg
1323,http://farm1.static.flickr.com/157/407060956_2a1d3f4179.jpg
1324,http://farm2.static.flickr.com/1122/1119557467_4fb280cd62.jpg
1325,http://www.creativecollectiblesny.com/dogs-cats/images/dogimages/dalmatian.jpg
1326,http://farm1.static.flickr.com/3/3644212_4be79d410b.jpg
1327,http://www.canadasguidetodogs.com/images/dalmatian/dalmatianpups.jpg
1328,http://farm2.static.flickr.com/1022/1459412918_082d3eb589.jpg
1329,http://farm3.static.flickr.com/2343/1620273291_aa37465f12.jpg
1330,http://www.digitaldog.com/images/breeds/dalmatian200x262.jpg
1331,http://z.about.com/d/dogs/1/0/b/s/2/oliver_dalmatian_rusty.jpg
1332,http://artfiles.art.com/images/-/Nadia-Hughes/Two-Dalmatians-Look-up-from-a-Black-and-White-Checkered-Kitchen-Floor-Framed-Photographic-Print-C12426571.jpeg
1333,http://farm1.static.flickr.com/29/39143160_60c5ea37e1.jpg
1334,http://farm1.static.flickr.com/196/475192456_9f7706eb48.jpg
1335,http://www.zianet.com/springtime/images/DalL.jpg
1336,http://farm1.static.flickr.com/77/204281633_47fffe6b5a.jpg
1337,http://bluerooffarm.donmacpherson.com/images/2006puppies02.jpg
1338,http://static.flickr.com/224/457928560_99ac4d7b48.jpg
1339,http://static.flickr.com/39/87872697_755f02ab91.jpg
1340,http://farm2.static.flickr.com/1089/1319055497_cb5cbf3b4f.jpg
1341,http://www.copyright-free-pictures.org.uk/animals/dogs/dalmatian.jpg
1342,http://farm2.static.flickr.com/1384/1403123034_9e1a9a25fe.jpg
1343,http://farm1.static.flickr.com/79/242306325_4dd8f5ed05.jpg
1344,http://5cense.com/concrete/04_dalmatian_xing.JPG
1345,http://static.flickr.com/40/90918082_ae653fc2d9.jpg
1346,http://farm1.static.flickr.com/78/219224150_726bc0324f.jpg
1347,http://farm1.static.flickr.com/72/200401522_78aa4c7287.jpg
1348,http://www.newsmatic.e-pol.com.ar/usr/90/319/dalmata.jpg
1349,http://www.gotpetsonline.com/pictures-gallery/dog-pictures-breeders-puppies-rescue/dalmatian-pictures-breeders-puppies-rescue/pictures/dalmatian-0078.jpg
1350,http://farm3.static.flickr.com/2323/1702682966_ba6c963b2a.jpg
1351,http://farm2.static.flickr.com/1217/753156076_9b697ade89.jpg
1352,http://static.flickr.com/2408/2058557603_9f459821d8.jpg
1353,http://farm2.static.flickr.com/1234/1278849258_fbf1249d46.jpg
1354,http://farm1.static.flickr.com/175/452640747_bc1ff39ce6.jpg
1355,http://farm3.static.flickr.com/2157/2110275175_20b8d35369.jpg
1356,http://www.fonditos.com/wallpapers/vista/00172.jpg
1357,http://www.todoperro.es/fotos/archivos/6354.jpg
1358,http://arcadia.homelinux.org/albums/con_carlos/00007_G.sized.jpg
1359,http://farm3.static.flickr.com/2193/2077772933_50a95466d7.jpg
1360,http://info.breedguide.com/images/dalmatian.jpg
1361,http://farm1.static.flickr.com/147/353156411_40b6383761.jpg
1362,http://farm1.static.flickr.com/51/182857783_d2135d9d9d.jpg
1363,http://wearpower.com/images/axis/items/dalmatian-preview.png?1193202613
1364,http://farm2.static.flickr.com/1063/873116807_accdcbfc61.jpg
1365,http://farm1.static.flickr.com/167/477884647_713ac4c37b.jpg
1366,http://farm1.static.flickr.com/43/84031151_28f6b9d529.jpg
1367,http://farm2.static.flickr.com/1172/947106986_68b8a19817.jpg
1368,http://www.healthy-dogs.net/images/dalmatian.jpg
1369,http://static.flickr.com/1420/1106937751_c2c0b9f5c4.jpg
1370,http://farm2.static.flickr.com/1153/1250801975_09aa18d672.jpg
1371,http://farm2.static.flickr.com/1435/1250794873_cf2da3afe1.jpg
1372,http://www.deafdogsatlas.com/imgUSArw/picWALola.jpg
1373,http://www.dooziedog.com/dog_breeds/images/full/Dalmatian-37.jpg
1374,http://farm1.static.flickr.com/227/461834807_d3d22ce897.jpg
1375,http://farm1.static.flickr.com/90/364412826_29fada9e33.jpg
1376,http://farm2.static.flickr.com/1046/1171353011_0099d7c1a6.jpg
1377,http://static.flickr.com/55/150019698_1c38edcf5f.jpg
1378,http://www.perrosmascotas.com/dalmatas/imagenes/guide/guide_dalmata_puerta.jpg
1379,http://www.citydog.es/imagen/imagenesweb/razas/dalmata/fotosdalmata/minifotosdalmata/minifotodalmata7.jpg
1380,http://farm1.static.flickr.com/182/379877579_706dca5437.jpg
1381,http://www.my-pet-medicine.com/wp-content/uploads/2006/08/dalmatian%20puppy4.jpg
1382,http://farm2.static.flickr.com/1094/1410250405_4a274fb793.jpg
1383,http://farm3.static.flickr.com/2362/2234201041_bd745d2e5e.jpg
1384,http://farm1.static.flickr.com/77/207138303_8ee6be5dde.jpg
1385,http://farm1.static.flickr.com/112/311336281_bfa967d9da.jpg
1386,http://www.rednaturaleza.com/rednaturaleza/animales/fotos/t062.jpg
1387,http://www.heydogs.com/breeds/d/photos/Dalmatian2.jpg
1388,http://farm1.static.flickr.com/41/87170088_385ca21fc2.jpg
1389,http://www.dog-breeds-spot.com/wp-content/uploads/2008/01/dalmatian-dog-blog.jpg
1390,http://farm2.static.flickr.com/1275/1254225312_dd305f3d6f.jpg
1391,http://www.fondosescritorio.net/wallpapers/Animales/Perros/Dalmata_th.jpg
1392,http://farm3.static.flickr.com/2416/2128773463_d010b9d727.jpg
1393,http://farm2.static.flickr.com/1087/1196190768_d6adbee894.jpg
1394,http://farm1.static.flickr.com/32/52987406_36bfd5d09d.jpg
1395,http://farm3.static.flickr.com/2352/1691143737_4eefb5a91a.jpg
1396,http://farm3.static.flickr.com/2048/2148548076_f45f3cd50e.jpg
1397,http://farm3.static.flickr.com/2317/2135435311_a395cf2cd5.jpg
1398,http://farm1.static.flickr.com/123/379760170_c3fbd3b1fb.jpg
1399,
