0,http://farm3.static.flickr.com/2223/1935921072_3bdeb9f8b8.jpg
1,http://farm2.static.flickr.com/1389/626258282_3fe992d531.jpg
2,http://www.esva.net/~stockleykennels/tim.jpg
3,http://www.english-setter-club.de/images/Photos/WM04/WM0412.jpg
4,http://static.flickr.com/49/157593744_154fa1e8a7.jpg
5,http://farm1.static.flickr.com/23/91488754_3cc6b3e1bd.jpg
6,http://farm1.static.flickr.com/140/394071916_f26f053407.jpg
7,http://farm3.static.flickr.com/2106/2150074759_2f5d1c8f62.jpg
8,http://farm1.static.flickr.com/43/75851177_dfce156298.jpg
9,http://farm1.static.flickr.com/66/167324507_de6d7c9197.jpg
10,http://farm2.static.flickr.com/1300/1296029845_e0c2fd5dc2.jpg
11,http://www.askart.com/AskART/assets/member/177/17712/17712_22069_English_Setter_with_a_Partridge_thumb.jpg
12,http://www.sannavartiainen.com/handling_history_17.jpg
13,http://www.crwflags.com/art/ban/ban2/bb80112.jpg
14,http://www.petnohiroba.com/zukan/a/englishsetter.jpg
15,http://farm2.static.flickr.com/1350/964927501_f581b5c33a.jpg
16,http://static.flickr.com/1121/572658418_c4ce79a5ff.jpg
17,http://farm1.static.flickr.com/1/121970297_359942d402.jpg
18,http://temp.corvetteforum.net/c4/88z51coupe/targhehse.jpg
19,http://www.sweetguardian.com/jpg/aa1.jpg
20,http://farm1.static.flickr.com/142/390588459_ca6eb7354b.jpg
21,http://farm1.static.flickr.com/17/22924590_864b29b5df.jpg
22,http://farm1.static.flickr.com/219/449540518_e7d2809f48.jpg
23,http://farm2.static.flickr.com/1423/1296901700_a5f2d87b37.jpg
24,http://artfiles.art.com/images/-/Joel-Sartore/An-English-Setter-Named-Rose-Sits-in-a-Patch-of-Golden-Grass-Photographic-Print-I11982955.jpeg
25,http://farm1.static.flickr.com/21/91500705_961c7eed3d.jpg
26,http://farm3.static.flickr.com/2238/2175418753_64e0cb7250.jpg
27,http://englishsetter.ru/images/01_01.jpg
28,http://www.lapaw.org/images/Sugar-the-English-Setter-an.jpg
29,http://static.flickr.com/15/21646069_74cd93e5e3.jpg
30,http://farm2.static.flickr.com/1069/1242269049_0cd6c060f3.jpg
31,http://farm1.static.flickr.com/252/445204346_88b7c2ea15.jpg
32,http://farm1.static.flickr.com/185/373749178_a4c359ca6e.jpg
33,http://farm2.static.flickr.com/1236/1177028494_eac8ae826a.jpg
34,http://www.reinhard-tierfoto.de/assets/images/C_1756289_-_English_Setter_-_einzeln_-_stehend.jpg
35,http://farm1.static.flickr.com/41/107960706_1ba98f18bd.jpg
36,http://farm1.static.flickr.com/22/33468556_1cd3b45f36.jpg
37,http://mhgdc.org/pointer/DSCN0411.JPG
38,http://www.puppypoopy.com/puppypoopy2000/est/ep18.jpg
39,http://puppydogweb.com/gallery/englishsetters/englishsetter_jessi.jpg
40,http://www.gotdogsonline.com/english-setter-pictures-breeders-puppies-rescue/pictures/english-setter-0012.jpg
41,http://www.hilltownsonline.com/Graphics/puppies.gif
42,http://farm3.static.flickr.com/2034/1563800020_e96edcfc14.jpg
43,http://farm1.static.flickr.com/55/130030798_1d61a47535.jpg
44,http://farm1.static.flickr.com/59/164523533_44fda0ff9c.jpg
45,http://farm1.static.flickr.com/209/514740516_61ea819053.jpg
46,http://farm2.static.flickr.com/1079/644401277_0db9c634bd.jpg
47,http://farm3.static.flickr.com/2064/1558989043_ba4c01ee75.jpg
48,http://www.jendabernese.com/stpetermay07sm.jpg
49,http://farm1.static.flickr.com/18/92319850_a002d75ad1.jpg
50,http://static.flickr.com/1425/1416771948_a11eb342ba.jpg
51,http://static.flickr.com/12/15861211_938966f127.jpg
52,http://farm1.static.flickr.com/33/101759497_137c0c0ff7.jpg
53,http://farm1.static.flickr.com/101/261329837_cbaa336657.jpg
54,http://farm3.static.flickr.com/2261/1935087549_de15b8d82a.jpg
55,http://farm1.static.flickr.com/66/164523528_dd994dc540.jpg
56,http://homepages.vvm.com/~dthacker/pm_image/Frecklesa.GIF
57,http://www.i-charm.com/images/charms-english-setter-dog-photo-charm-9615.jpg
58,http://www.couleesetters.com/images/291_GunPolsonNew2.JPG
59,http://farm1.static.flickr.com/26/35222921_10148b3c58.jpg
60,http://farm2.static.flickr.com/1214/737650895_67822eddc7.jpg
61,http://www.scenicreflections.com/ithumbs/westminster_englishsetter_215.gif
62,http://farm1.static.flickr.com/200/487076071_10b7b388e1.jpg
63,http://www.cyberpet.com/dogs/1dogimages/brose2.jpg
64,http://hem.bredband.net/siwlin/gage2.jpg
65,http://static.flickr.com/16/21645771_3e6fcd91f1.jpg
66,http://farm1.static.flickr.com/11/15551184_f2b0704071.jpg
67,http://farm1.static.flickr.com/181/425048102_ca4e9f5126.jpg
68,http://farm1.static.flickr.com/195/487063918_ca2b6a7dde.jpg
69,http://farm1.static.flickr.com/138/325547145_f71d37fb1f.jpg
70,http://www.englishsetterrescue.co.uk/Setter-2.jpg
71,http://farm2.static.flickr.com/1196/1296906770_bd829053f0.jpg
72,http://static.flickr.com/23/26353461_dbcd944909.jpg
73,http://static.flickr.com/52/167979479_217e13d89b.jpg
74,http://farm2.static.flickr.com/1023/802721957_9171b56056.jpg
75,http://farm1.static.flickr.com/46/106177259_5b0c6efc15.jpg
76,http://www.bergschreiber.com/typo3temp/pics/95f7f2ed2e.jpg
77,http://farm1.static.flickr.com/60/161166334_410ac90985.jpg
78,http://www.firstmate.com/testimonials/images/pets/6-28-2.jpg
79,http://static.flickr.com/2253/2058473522_30b9afc8e8.jpg
80,http://farm1.static.flickr.com/25/53913718_098950b7f5.jpg
81,http://farm3.static.flickr.com/2340/2210649020_c1858b874b.jpg
82,http://farm1.static.flickr.com/66/174587148_97854f4491.jpg
83,http://farm1.static.flickr.com/218/448570570_6e6cd021ba.jpg
84,http://www.sweetguardian.com/jpg/o63.gif
85,http://farm3.static.flickr.com/2095/1813803211_0c67eba8ab.jpg
86,http://farm1.static.flickr.com/71/193589249_bf3d19dc7c.jpg
87,http://www.grizzlyrun.com/Files/Images/Image_Gallery/english_setter.jpg
88,http://farm1.static.flickr.com/24/91500948_90f929a36b.jpg
89,http://farm1.static.flickr.com/61/167324561_fe7cdd5aa0.jpg
90,http://farm1.static.flickr.com/6/11539850_b38333e693.jpg
91,http://www.v-artstudio.com/art/illustrations/bestofshow/bs_dog_englishsetter.jpg
92,http://www.texas-hunting-dogs.com/images/english-setter-pup-bed.jpg
93,http://farm1.static.flickr.com/126/418167956_fd2ea85c80.jpg
94,http://www.woodsmanpark.com/tonyonpoint2.jpg
95,http://farm2.static.flickr.com/1148/1296037559_a4ac09900f.jpg
96,http://farm1.static.flickr.com/64/164508784_dff5991f2f.jpg
97,http://farm2.static.flickr.com/1152/538674935_406dcfdcf9.jpg
98,http://farm1.static.flickr.com/39/91126549_32279e2be1.jpg
99,http://farm2.static.flickr.com/1048/1416765660_8a314a0b8c.jpg
100,http://farm1.static.flickr.com/152/407914986_a9a5ae29a8.jpg
101,http://farm1.static.flickr.com/4/4703580_0b2cc0d89c.jpg
102,http://www.michaelsteddum.com/Images/Couch%20Potato%20English%20Setter%20Prints.jpg
103,http://farm1.static.flickr.com/29/47371802_3dfbbababf.jpg
104,http://farm1.static.flickr.com/11/15606624_a2e08fa40c.jpg
105,http://farm1.static.flickr.com/167/445205212_0470d56ac1.jpg
106,http://farm1.static.flickr.com/8/11538092_d276e6fa37.jpg
107,http://www.directoryofdogs.com/english_springer_spaniel.jpg
108,http://farm1.static.flickr.com/10/13258932_e645ce2545.jpg
109,http://www.dogbreedinfo.com/images12/EnglishSetterbelle.JPG
110,http://farm1.static.flickr.com/97/250661823_87e73894d3.jpg
111,http://farm1.static.flickr.com/3/4789323_d7a16c67bf.jpg
112,http://farm1.static.flickr.com/38/108330347_348cb66e95.jpg
113,http://farm3.static.flickr.com/2215/2059918089_d71758df4e.jpg
114,http://cdn-www.dailypuppy.com/images/07/gu/boris_blue_english_setter_03.jpg
115,http://www.esva.net/~stockleykennels/galt.jpg
116,http://farm2.static.flickr.com/1229/528194417_7040d10917.jpg
117,http://farm1.static.flickr.com/24/41295889_cf80042111.jpg
118,http://farm2.static.flickr.com/1319/1296906492_a74f674b2e.jpg
119,http://farm2.static.flickr.com/1426/1396615887_ac6148e9c3.jpg
120,http://farm1.static.flickr.com/42/78666069_bead3aac85.jpg
121,http://farm1.static.flickr.com/166/411216406_5bab444cfe.jpg
122,http://farm1.static.flickr.com/15/91499327_7a75252103.jpg
123,http://farm2.static.flickr.com/1414/1386021271_9f9354e708.jpg
124,http://www.frompuppytopet.com/sites/Jlarson/_files/File/English%20Setter.jpg
125,http://farm1.static.flickr.com/211/466450078_4b70d89b19.jpg
126,http://farm1.static.flickr.com/124/408309675_998f9f4952.jpg
127,http://farm2.static.flickr.com/1244/1176060703_440d1a51b5.jpg
128,http://farm3.static.flickr.com/2358/2226945546_d698e7c3cf.jpg
129,http://www.pointer-setter.de/Rassen/ES/ES%20trico.JPG
130,http://www.pedigreedpups.com/images/EnglishStr.jpg
131,http://farm1.static.flickr.com/151/415816744_2196ca63fc.jpg
132,http://farm1.static.flickr.com/210/487056407_a43402b8b7.jpg
133,http://sunrisekennels.netkennel.com/images/314/Norm13.jpg.9599.jpg
134,http://farm1.static.flickr.com/54/120717747_f511fe2f96.jpg
135,http://farm1.static.flickr.com/4/4703321_7c75e46b21.jpg
136,http://farm3.static.flickr.com/2001/2092518462_1f5c6cbc1e.jpg
137,http://www.shadymeadowskennel.com/images/Rex-in-the-rain.jpg
138,http://farm1.static.flickr.com/167/364526353_572265e8a7.jpg
139,http://farm1.static.flickr.com/77/164525656_f45b5328fb.jpg
140,http://www.peteducation.com/images/articles/7335setter_w_pups_nursing.jpg
141,http://www.irishfieldsports.com/gundogs/images/English%20setter3.JPG
142,http://www.puppydogweb.com/gallery/englishsetters/englishsetter_malcor1.jpg
143,http://www.gundogbreeders.com/logoImages/904.jpg
144,http://www.sobachnick.com/img/english-setter_02.jpg
145,http://farm2.static.flickr.com/1285/1346280349_20d4162224.jpg
146,http://farm1.static.flickr.com/19/101759491_5813524649.jpg
147,http://farm1.static.flickr.com/37/120456255_20958758b6.jpg
148,http://farm3.static.flickr.com/2013/1569928928_0d4a598096.jpg
149,http://www.dkimages.com/discover/previews/801/912433.JPG
150,http://www.dogbreedinformation.com/images/englishsettersit.jpg
151,http://farm3.static.flickr.com/2008/1795664567_f9af54f850.jpg
152,http://www.cabalcaninecandids.com/assets/images/engsettbccru.jpg
153,http://farm2.static.flickr.com/1216/866837516_2564c6eb65.jpg
154,http://farm1.static.flickr.com/72/164517323_96d916ff01.jpg
155,http://farm2.static.flickr.com/1325/1394611932_8492c91fb7.jpg
156,http://farm1.static.flickr.com/19/98375508_f08a50b205.jpg
157,http://farm1.static.flickr.com/22/95941616_0947e03adf.jpg
158,http://farm1.static.flickr.com/12/18160729_1d609797d0.jpg
159,http://farm1.static.flickr.com/9/15553726_38c398eaa0.jpg
160,http://farm3.static.flickr.com/2390/2220293210_7e40064eb8.jpg
161,http://farm1.static.flickr.com/171/425048278_b50adde61a.jpg
162,http://farm3.static.flickr.com/2052/1792818146_957a667b0f.jpg
163,http://farm1.static.flickr.com/83/255519723_1f98833746.jpg
164,http://farm2.static.flickr.com/1228/1200747260_9cd090af52.jpg
165,http://www.gotdogsonline.com/english-setter-pictures-breeders-puppies-rescue/pictures/english-setter-0011.jpg
166,http://farm3.static.flickr.com/2354/2142424482_cef11134c4.jpg
167,http://farm1.static.flickr.com/28/54097247_6bf8c79806.jpg
168,http://farm1.static.flickr.com/10/15552949_75dc9ee573.jpg
169,http://farm2.static.flickr.com/1394/1331298616_feb30cf704.jpg
170,http://farm2.static.flickr.com/1209/891898920_b555dc3041.jpg
171,http://farm1.static.flickr.com/179/432520507_df59f11903.jpg
172,http://farm1.static.flickr.com/59/199196545_e96b6858e2.jpg
173,http://www.nzkc.org.nz/nds2007/images/3069.jpg
174,http://www.doggonegold.com/images/00974055.jpg
175,http://farm1.static.flickr.com/35/115485873_4c1102b2ab.jpg
176,http://farm3.static.flickr.com/2118/2226344280_54b492bc60.jpg
177,http://farm2.static.flickr.com/1389/1296037679_1417c65cb6.jpg
178,http://farm1.static.flickr.com/110/302779952_6d7f7e748b.jpg
179,http://farm1.static.flickr.com/161/382806479_983001e037.jpg
180,http://i9.photobucket.com/albums/a59/mkerpan/freckles01.jpg
181,http://farm1.static.flickr.com/47/150637122_f53d7d6ca3.jpg
182,http://farm1.static.flickr.com/31/54373295_3d84eb65a6.jpg
183,http://farm1.static.flickr.com/19/23572468_04cac05fe5.jpg
184,http://www.petshepherdnc.com/img/images/dogs1.jpg
185,http://www.dogbreedinformation.com/images14/EnglishSetterjacksonjacksonStand.JPG
186,http://farm1.static.flickr.com/174/471942921_8f5633e058.jpg
187,http://static.flickr.com/15/21646068_6a611f42ff.jpg
188,http://bp3.blogger.com/_IrDPk4VxQ3w/RhvEFU9dUeI/AAAAAAAABTA/X_pFqsNmtP0/s400/King.jpg
189,http://farm1.static.flickr.com/88/248296415_9fb1ec5ab2.jpg
190,http://farm3.static.flickr.com/2117/2207879370_60de9538aa.jpg
191,http://www.dog-breeds.name/pictures/english-setter/english-setter-2.jpg
192,http://farm1.static.flickr.com/26/35571028_190c8ee8cc.jpg
193,http://www.pawsforsmiles.org/Nathan&Duncan1.jpg;
194,http://www.stockleykennels.com/2tek2.jpg
195,http://farm1.static.flickr.com/148/371582683_1abd35bd4d.jpg
196,http://static.flickr.com/2324/1769260588_6fcde3b93e.jpg
197,http://farm2.static.flickr.com/1422/1423876259_94f45f87dc.jpg
198,http://www.dog-breeds.name/pictures/english-setter/english-setter-1.jpg
199,http://farm1.static.flickr.com/48/136685766_072b2b3d98.jpg
200,http://www.puppydogweb.com/gallery/englishsetters/englishsetter_pendergrass2.jpg
201,http://ww.vindia.net/images/71/7140.jpg
202,http://farm1.static.flickr.com/118/294317782_f0b20e6679.jpg
203,http://farm3.static.flickr.com/2365/1937494701_c52e28dc2a.jpg
204,http://farm1.static.flickr.com/158/373741501_389cbbf772.jpg
205,http://www.bigpawsonly.com/dog-images/english-setter-picture.jpg
206,http://farm1.static.flickr.com/30/42473839_bf44e7822b.jpg
207,http://static.flickr.com/49/127180658_29d1a07176.jpg
208,http://farm1.static.flickr.com/233/444655943_f62b9a74a6.jpg
209,http://farm2.static.flickr.com/1117/760839051_88cd2d2115.jpg
210,http://farm1.static.flickr.com/17/22927004_77e40045d0.jpg
211,http://farm1.static.flickr.com/186/381192753_0e0f58d71e.jpg
212,http://farm1.static.flickr.com/8/6578024_140ac14f48.jpg
213,http://farm1.static.flickr.com/149/425048198_523e7b4966.jpg
214,http://farm1.static.flickr.com/168/392165668_d82bd12260.jpg
215,http://farm2.static.flickr.com/1398/1386926958_9440fa0452.jpg
216,http://farm1.static.flickr.com/15/22451275_74b85d7a3b.jpg
217,http://static.flickr.com/1047/1218741380_f783d860ab.jpg
218,http://www.pawsinnresort.com/NewFiles/Pup_Daphnie-English-Setter-.jpg
219,http://petyourdog.com/images/dog%20breeds/english_setter_puppy.jpg
220,http://farm1.static.flickr.com/3/4966473_c04d49454f.jpg
221,http://www.chiens-des-champs.com/English%20Setter.jpg
222,http://www.pgaa.com/canine/general/images/englishsettertwo.jpg
223,http://farm1.static.flickr.com/36/75851037_46e9f66c68.jpg
224,http://farm1.static.flickr.com/49/152296806_80af5b9e31.jpg
225,http://www.crimbledale.co.uk/loyndchelsea.jpg
226,http://farm1.static.flickr.com/23/30476181_5d43638ef4.jpg
227,http://farm1.static.flickr.com/180/487085913_cf9d9fb454.jpg
228,http://farm2.static.flickr.com/1285/1351998732_1006a2ab63.jpg
229,http://farm1.static.flickr.com/51/113479750_279b0338e4.jpg
230,http://farm2.static.flickr.com/1236/1296899196_ddab0e6ed1.jpg
231,http://farm1.static.flickr.com/205/448565906_c735b48037.jpg
232,http://farm1.static.flickr.com/31/44930336_3e2f3aa582.jpg
233,http://farm1.static.flickr.com/23/30476182_112d5cf1c0.jpg
234,http://farm2.static.flickr.com/1297/1296901332_7cf3856273.jpg
235,http://www.europuppy.com/images/dog_breed_info/53_1.jpg
236,http://farm1.static.flickr.com/51/152292817_62d753eefd.jpg
237,http://farm1.static.flickr.com/37/104405824_6e9fa2e3dc.jpg
238,http://www.dkimages.com/discover/previews/796/14540.JPG
239,http://www.dogs4ever.com/assets/images/Star_full_side_point.jpg
240,http://farm2.static.flickr.com/1262/1140704757_254a800e7d.jpg
241,http://www.allsetterrescue.com/files/pics/eslevi.jpg
242,http://farm1.static.flickr.com/49/126004488_ae90a32fed.jpg
243,http://farm1.static.flickr.com/33/91953177_f15acce095.jpg
244,http://farm1.static.flickr.com/56/110843764_de655ab171.jpg
245,http://farm3.static.flickr.com/2160/1935082523_db7261b1d3.jpg
246,http://www.cazabadalona.com/adiestramiento/fotos/setter_muestra.jpg
247,http://farm3.static.flickr.com/2283/1935915558_5d938e217c.jpg
248,http://www.dooziedog.com/images/groups/sporting5.jpg
249,http://farm2.static.flickr.com/1408/1140699641_5030b1b63b.jpg
250,http://farm1.static.flickr.com/177/432882321_e4ea08eaca.jpg
251,http://static.flickr.com/186/437721632_4e94303486.jpg
252,http://farm2.static.flickr.com/1126/818548806_96ef5951d7.jpg
253,http://farm1.static.flickr.com/75/175833862_b7e37ad993.jpg
254,http://orlandoneto1.tripod.com/sitebuildercontent/sitebuilderpictures/english_setter-04.jpg
255,http://farm3.static.flickr.com/2356/2066370484_7dc0390ba9.jpg
256,http://farm1.static.flickr.com/19/119056196_72634025fc.jpg
257,http://farm1.static.flickr.com/218/507780666_691b94cba7.jpg
258,http://indigo.ie/~fnorth/puppies.jpg
259,http://farm3.static.flickr.com/2044/2059912491_beeb4dd19f.jpg
260,http://farm1.static.flickr.com/18/91501183_3c6ea1b985.jpg
261,http://farm1.static.flickr.com/26/60527151_37df28bb5a.jpg
262,http://farm1.static.flickr.com/22/33795247_40edbbd584.jpg
263,http://farm1.static.flickr.com/179/373741423_e2d1a628eb.jpg
264,http://static.flickr.com/26/40898963_3b90bf152e.jpg
265,http://farm1.static.flickr.com/4/4966475_cd22b57658.jpg
266,http://static.flickr.com/23/26353430_1fd9d28f82.jpg
267,http://farm1.static.flickr.com/227/471942935_bc7a492d8c.jpg
268,http://farm1.static.flickr.com/52/111345878_53fb2ab9f2.jpg
269,http://farm3.static.flickr.com/2127/1807398282_6a8d964c65.jpg
270,http://farm2.static.flickr.com/1304/866833864_90150b5d0d.jpg
271,http://static.flickr.com/64/161245759_58625f9c13.jpg
272,http://farm1.static.flickr.com/48/176666200_b588489c27.jpg
273,http://www.saveadog.org/DogPictures/EnglishSetter250a.jpg
274,http://farm1.static.flickr.com/30/51022839_6addfe494f.jpg
275,http://puppydogweb.com/gallery/englishsetters/englishsetter_julieproulx.jpg
276,http://farm1.static.flickr.com/46/126642319_5e8f9c51cd.jpg
277,http://farm1.static.flickr.com/48/126034985_44fac5e4c4.jpg
278,http://farm1.static.flickr.com/5/4581065_65f72d3f63.jpg
279,http://farm2.static.flickr.com/1341/1296907548_975c20def0.jpg
280,http://farm1.static.flickr.com/43/104721832_c3b7ce4f2d.jpg
281,http://farm2.static.flickr.com/1028/1393716999_495d550261.jpg
282,http://farm2.static.flickr.com/1378/1187457393_cb061f12dc.jpg
283,http://www.champion-puppies.com/images/English%20Setter.jpg
284,http://farm1.static.flickr.com/62/164508782_8db45ef091.jpg
285,http://farm1.static.flickr.com/123/384888889_565085334a.jpg
286,http://farm1.static.flickr.com/143/373741486_79ba68e878.jpg
287,http://farm1.static.flickr.com/135/392165662_0a20ee44d2.jpg
288,http://farm1.static.flickr.com/71/172903913_0606e0a301.jpg
289,http://farm1.static.flickr.com/22/31584805_e205b20285.jpg
290,http://farm1.static.flickr.com/31/42474997_0ec98690db.jpg
291,http://farm3.static.flickr.com/2192/2060049773_5aa845ac9f.jpg
292,http://farm2.static.flickr.com/1083/911197112_905c05584b.jpg
293,http://www.breederretriever.com/photopost/data/573/thumbs/english_setter1.jpg
294,http://farm3.static.flickr.com/2006/1935085815_fe4010bb20.jpg
295,http://farm1.static.flickr.com/10/15861894_c5f480390b.jpg
296,http://www.esva.net/~stockleykennels/betty.jpg
297,http://www.esaa.com/billiehead.jpg
298,http://www.torahime.net/collection/koirat/englanninsetteri2.jpg
299,http://farm2.static.flickr.com/1026/533731827_8535891693.jpg
300,http://farm1.static.flickr.com/143/407915254_b58a880845.jpg
301,http://www.dawgzden.com/products/english-setter-orange-belto.gif
302,http://farm2.static.flickr.com/1338/1423873339_04a647dbaf.jpg
303,http://farm1.static.flickr.com/187/471414139_fcc8be849d.jpg
304,http://farm1.static.flickr.com/9/15553729_6fe31b086f.jpg
305,http://farm1.static.flickr.com/75/192592464_7fe78a5a1a.jpg
306,http://www.quailpointkennels.com/sitebuilder/images/Chris_and_Greg-238x165.jpg
307,http://farm1.static.flickr.com/133/328409631_fd0a0f962f.jpg
308,http://farm1.static.flickr.com/25/45559677_f6ba306639.jpg
309,http://farm1.static.flickr.com/222/520797239_e2f742d4a5.jpg
310,http://farm1.static.flickr.com/4/7779539_f5fee781a3.jpg
311,http://farm1.static.flickr.com/231/471942927_762d457785.jpg
312,http://farm1.static.flickr.com/18/22924787_8c3228f705.jpg
313,http://static.flickr.com/2337/1684057061_001e755536.jpg
314,http://farm2.static.flickr.com/1323/1393199339_f3bc4adf54.jpg
315,http://kennebagoguideservice.com/Family_Pics_270_op_450x600.jpg
316,http://farm1.static.flickr.com/22/28975455_78458edadc.jpg
317,http://www-personal.umich.edu/~eby/pup3.jpg
318,http://static.flickr.com/1269/1217858759_e1cb9d54d1.jpg
319,http://farm2.static.flickr.com/1297/761682066_eec80ce6dd.jpg
320,http://farm1.static.flickr.com/23/36708246_dcd5c5045f.jpg
321,http://farm2.static.flickr.com/1351/1296898728_a2781eb3b3.jpg
322,http://farm1.static.flickr.com/53/178052904_c318ec27cf.jpg
323,http://farm1.static.flickr.com/151/431926573_475876b2ee.jpg
324,http://farm1.static.flickr.com/59/164508783_37fb1bf41b.jpg
325,http://farm2.static.flickr.com/1320/1296038333_3ad1c04003.jpg
326,http://farm1.static.flickr.com/22/31705268_5aafe89078.jpg
327,http://farm1.static.flickr.com/124/390587754_6afd0db658.jpg
328,http://farm1.static.flickr.com/19/102101121_6f1e007c79.jpg
329,http://www.gotdogsonline.com/english-setter-pictures-breeders-puppies-rescue/pictures/english-setter-0003.jpg
330,http://farm1.static.flickr.com/138/381192735_08861cfe65.jpg
331,http://farm1.static.flickr.com/9/13259531_17b60ac664.jpg
332,http://farm1.static.flickr.com/108/297410061_a555b21d6b.jpg
333,http://www.allsetterrescue.com/files/pics/firstenglish.jpg
334,http://farm1.static.flickr.com/30/98373960_5475b87402.jpg
335,http://farm1.static.flickr.com/53/130030800_7a76631142.jpg
336,http://farm1.static.flickr.com/13/15606985_2a2196c217.jpg
337,http://www.dogspain.com/dataimg/fotosfito y full 1 -5.jpg
338,http://farm1.static.flickr.com/224/466012692_95d37fbf98.jpg
339,http://farm1.static.flickr.com/170/384879793_422eac8bc5.jpg
340,http://www.jewelwebdesign.com/Jr/images/willlarge.jpg
341,http://farm3.static.flickr.com/2354/2202448641_fdc8fc34ef.jpg
342,http://farm2.static.flickr.com/1144/1394611658_fc1bb55d56.jpg
343,http://farm1.static.flickr.com/42/91065375_2b49ece89e.jpg
344,http://farm1.static.flickr.com/85/245430558_22ecd02181.jpg
345,http://farm1.static.flickr.com/23/35220395_7f125021b9.jpg
346,http://farm2.static.flickr.com/1214/987447929_a5ebd9a427.jpg
347,http://www.k9breedlist.com/images/Carmen_Buliman_English_Springer_Spaniel.jpg
348,http://farm1.static.flickr.com/9/16852937_6721ceb685.jpg
349,http://farm3.static.flickr.com/2213/2051596238_ffc554ab46.jpg
350,http://farm1.static.flickr.com/176/407912654_94e9999912.jpg
351,http://farm1.static.flickr.com/47/116324992_0f67b49f5d.jpg
352,http://bp3.blogger.com/_1d8xW3U6NWk/RnCumKOJzzI/AAAAAAAAAww/epRCBhxRFQA/s400/Baby+Beau.jpg
353,http://farm1.static.flickr.com/43/91501077_17f37a2535.jpg
354,http://farm1.static.flickr.com/204/444651278_471827eba1.jpg
355,http://farm3.static.flickr.com/2057/2060056729_4523f142bb.jpg
356,http://farm1.static.flickr.com/17/22925513_5d6b1d7fb8.jpg
357,http://www.hocuspokusenglishsetters.co.uk/GRANDAD%20OLIVER%20MUM%20GRACE%20&%20UNCLE%20RUPERT%20(ORANGE)2.jpg
358,http://farm3.static.flickr.com/2014/2226945974_14c339b898.jpg
359,http://farm2.static.flickr.com/1130/1296902750_fc1e8f7e3d.jpg
360,http://www.cyberpet.com/dogs/1dogimages/rosea.jpg
361,http://farm1.static.flickr.com/16/21645123_c39dec7c29.jpg
362,http://farm2.static.flickr.com/1077/1393715575_9d11c1833f.jpg
363,http://farm1.static.flickr.com/10/15554342_c7a2026d57.jpg
364,http://www.puppypoopy.com/puppypoopy2000/est/ep20.jpg
365,http://static.flickr.com/16/21645124_2f9b1a5f35.jpg
366,http://farm1.static.flickr.com/88/237144529_34c7010617.jpg
367,http://www.dog-breed-facts.com/ylang/es/images/English-setter.jpg
368,http://static.flickr.com/1342/1372426393_16fd3915f6.jpg
369,http://farm3.static.flickr.com/2268/2045190947_e24a5cb77b.jpg
370,http://farm2.static.flickr.com/1036/1415816951_e0ecd1f14c.jpg
371,http://farm1.static.flickr.com/141/366790676_07fd6de4c2.jpg
372,http://farm1.static.flickr.com/166/359943341_fcbfd9645f.jpg
373,http://farm1.static.flickr.com/23/91499545_0ceff30100.jpg
374,http://farm1.static.flickr.com/53/140337310_42c8e12775.jpg
375,http://farm1.static.flickr.com/86/236259692_945494c961.jpg
376,http://farm1.static.flickr.com/28/36664486_d6f765f060.jpg
377,http://farm1.static.flickr.com/22/34709843_51643d7839.jpg
378,http://farm1.static.flickr.com/4/4623957_22fe36ffbd.jpg
379,http://farm1.static.flickr.com/155/425048221_0662cc074d.jpg
380,http://farm1.static.flickr.com/164/384875278_6cfcbe100c.jpg
381,http://farm1.static.flickr.com/197/492695733_69f1421d34.jpg
382,http://farm3.static.flickr.com/2222/2013821166_32650fdb6b.jpg
383,http://farm1.static.flickr.com/154/348693180_201e2a0d41.jpg
384,http://bp0.blogger.com/_I4Ki0nG7950/RiFL1JVNlMI/AAAAAAAABq0/Zlkfro4i5SE/s400/ppppp.jpg
385,http://farm1.static.flickr.com/183/432185810_847cee1dec.jpg
386,http://farm1.static.flickr.com/58/178061881_0201c57343.jpg
387,http://farm1.static.flickr.com/32/43831542_445805b39b.jpg
388,http://farm3.static.flickr.com/2369/1830228066_9d0ea02b46.jpg
389,http://farm1.static.flickr.com/217/487055478_be0ce2d48a.jpg
390,http://farm2.static.flickr.com/1174/1252086539_70a0b419d1.jpg
391,http://farm2.static.flickr.com/1218/1415891205_11b1d43ad7.jpg
392,http://static.flickr.com/2245/1669678406_ff6003e1be.jpg
393,http://www.englishsetterassociation.co.uk/images/archive_07.jpg
394,http://farm1.static.flickr.com/51/130135674_662ae516ff.jpg
395,http://static.flickr.com/2412/1674796970_ae2167793a.jpg
396,http://farm3.static.flickr.com/2322/2060054399_105027b75a.jpg
397,http://farm3.static.flickr.com/2021/2223247941_142698a48b.jpg
398,http://farm3.static.flickr.com/2394/1559866116_b71a704441.jpg
399,http://farm1.static.flickr.com/50/157591124_7a68ba70e8.jpg
400,http://www.canitalia.it/pozzale/maltese.jpg
401,http://farm1.static.flickr.com/136/390441999_76d760ce88.jpg
402,http://farm1.static.flickr.com/205/520764101_149427aa9a.jpg
403,http://artroots.com/art/robertabbett4.gif
404,http://farm1.static.flickr.com/81/237149684_de5e52d00e.jpg
405,http://static.flickr.com/2179/2075225754_6468a795f8.jpg
406,http://farm1.static.flickr.com/12/15606986_2d62a78282.jpg
407,http://www.spicetwice.com/whisky.jpg
408,http://farm1.static.flickr.com/34/101768561_6784a9cdab.jpg
409,http://static.flickr.com/67/188481981_4cab1c3145_b.jpg
410,http://farm1.static.flickr.com/56/142216360_9cb2a37dc1.jpg
411,http://farm1.static.flickr.com/38/98386700_9ec9d997b7.jpg
412,http://englishsetter.ru/gallery/Taranew/tara-59.jpg
413,http://farm1.static.flickr.com/35/91502021_0d44b6f540.jpg
414,http://farm1.static.flickr.com/5/4703316_2c5c49e7a8.jpg
415,http://www.pet.gen.tr/2002/dogs_pics/dogs_11.jpg
416,http://farm1.static.flickr.com/40/119788496_bf4a5d52ee.jpg
417,http://www.setterswest.net/tekke&01.jpg
418,http://www.english-setters.at/romy_080603_e1.jpg
419,http://farm2.static.flickr.com/1353/802721915_d4708ce615.jpg
420,http://farm1.static.flickr.com/31/41289413_4dc04cf5ed.jpg
421,http://farm1.static.flickr.com/152/390155377_d00d7292c7.jpg
422,http://farm1.static.flickr.com/80/206657086_b2b281845e.jpg
423,http://farm1.static.flickr.com/179/384888714_868a48d4c3.jpg
424,http://static.flickr.com/15/22443039_05e79af356.jpg
425,http://farm1.static.flickr.com/146/407915935_a76b609dba.jpg
426,http://farm2.static.flickr.com/1107/1347088670_645f08e05a.jpg
427,http://farm1.static.flickr.com/21/91500374_35705dc115.jpg
428,http://farm1.static.flickr.com/13/15606625_7c2772baef.jpg
429,http://farm1.static.flickr.com/13/15459774_e468dfccc9.jpg
430,http://static.flickr.com/17/21645125_436d9b2f77.jpg
431,http://farm1.static.flickr.com/63/206651232_99f4df3aa4.jpg
432,http://farm1.static.flickr.com/63/165312957_859911ce82.jpg
433,http://www.digitaldog.com/images/engsetter1.jpg
434,http://farm1.static.flickr.com/19/22926475_44b81b68c9.jpg
435,http://farm2.static.flickr.com/1041/1088531991_0bf7caa479.jpg
436,http://farm1.static.flickr.com/17/21544284_d760592b1f.jpg
437,http://static.flickr.com/1421/1008168360_8b9c4dcc25.jpg
438,http://farm1.static.flickr.com/162/407913021_61ae5c6ba1.jpg
439,http://www.hund.ch/jpg/englishsetter.jpg
440,http://www.puppypoopy.com/puppypoopy2000/est/ep9.jpg
441,http://farm1.static.flickr.com/16/21645126_9aa598fef7.jpg
442,http://farm1.static.flickr.com/26/54271693_6b6091b147.jpg
443,http://www.thechainsawartist.com/catalog/images/englishsetter.jpg
444,http://www.findingbeau.com/images/breeze.jpg
445,http://farm1.static.flickr.com/130/365097234_ef287bbc17.jpg
446,http://farm2.static.flickr.com/1097/554748891_8b9dd2b3da.jpg
447,http://blog.mlive.com/kalamazoo_gazette_extra/2007/09/medium_0136131_4.jpg
448,http://farm1.static.flickr.com/28/91500666_cdc7c3af58.jpg
449,http://farm1.static.flickr.com/73/211703889_c7cc8559e0.jpg
450,http://farm1.static.flickr.com/13/16852286_f33901104b.jpg
451,http://farm1.static.flickr.com/23/37594800_abf4047f40.jpg
452,http://farm1.static.flickr.com/40/96958959_264fbff1e7.jpg
453,http://farm1.static.flickr.com/17/21645127_23c41bc133.jpg
454,http://farm1.static.flickr.com/21/34423334_c83cc0282b.jpg
455,http://farm3.static.flickr.com/2151/1558991681_0ec8515d83.jpg
456,http://farm1.static.flickr.com/185/387276903_1a7297eccc.jpg
457,http://farm3.static.flickr.com/2264/1559485646_79d92f4f39.jpg
458,http://farm2.static.flickr.com/1361/1111764080_e3a50d9893.jpg
459,http://farm1.static.flickr.com/54/126034989_267b973b6c.jpg
460,http://farm1.static.flickr.com/30/101652916_6a530743b4.jpg
461,http://carabrook.mystarband.net/images/brandt%20english%20setter%20p%20neale.jpg
462,http://www.dogbreedinfo.org/images14/EnglishSetterjacksonjacksonfront.JPG
463,http://farm2.static.flickr.com/1283/1396613529_f7834b2d47.jpg
464,http://farm2.static.flickr.com/1391/859820317_8b60faddcc.jpg
465,http://www.tierfreunde-niederbayern.de/images/huxley.jpg
466,http://farm1.static.flickr.com/79/250666407_f2893d6f33.jpg
467,http://www.jewelwebdesign.com/Jr/images/2004_09_25winecountrylarge.jpg
468,http://www.englishsetter.ca/sevenoakimages/vegas3.jpg
469,http://www.english-setter.com/breasy2.jpg
470,http://farm1.static.flickr.com/173/384876000_78f2c088eb.jpg
471,http://static.flickr.com/49/135610585_f947679810.jpg
472,http://farm1.static.flickr.com/251/444665336_cf7afec991.jpg
473,http://farm1.static.flickr.com/37/87353810_ff603d3694.jpg
474,http://www.nstra.org/images/BoomersXRated.jpg
475,http://farm2.static.flickr.com/1059/1370134346_2afe208bc6.jpg
476,http://www.covenantenglishsetters.com/images/CarleyHutto.jpg
477,http://www.topgunkennels.com/images/Monty on Point.jpg
478,http://www.canadasguidetodogs.com/customergraphics/englishsetters1.jpg
479,http://farm1.static.flickr.com/80/267638070_b0ae276af3.jpg
480,http://www.abcpets.com/ABC/images/englishsettergrousewoodabc.jpg
481,http://www.vitorones.com/esp2002/quick.jpg
482,http://farm1.static.flickr.com/55/125277051_a4c864a3ed.jpg
483,http://static.flickr.com/2145/1917921427_7dfe47d9a3.jpg
484,http://farm3.static.flickr.com/2299/1558826163_e5c49a517b.jpg
485,http://farm1.static.flickr.com/21/30476550_ee4017b6d5.jpg
486,http://www.alphasonic.com/englishsetterpup.jpg
487,http://farm1.static.flickr.com/9/15553724_1fbb7c29b5.jpg
488,http://farm1.static.flickr.com/39/102100116_241365b983.jpg
489,http://farm2.static.flickr.com/1329/1289525079_ad8a817a06.jpg
490,http://farm1.static.flickr.com/137/343787030_48407753a2.jpg
491,http://farm2.static.flickr.com/1189/533635380_02132bbfe7.jpg
492,http://farm1.static.flickr.com/26/41760252_8f35907242.jpg
493,http://farm1.static.flickr.com/61/168615884_d39d4d3d0d.jpg
494,http://farm1.static.flickr.com/40/87359196_5cd0223f6f.jpg
495,http://farm1.static.flickr.com/89/243240649_3f36d77291.jpg
496,http://farm1.static.flickr.com/43/123222625_f25a2a613a.jpg
497,http://farm1.static.flickr.com/81/275526611_9744881f90.jpg
498,http://farm3.static.flickr.com/2215/2048798417_2062b660ff.jpg
499,http://farm3.static.flickr.com/2268/1935921668_149ee2ec35.jpg
500,http://farm2.static.flickr.com/1129/838785790_faeac2041d.jpg
501,http://farm1.static.flickr.com/158/373749289_e75cc22565.jpg
502,http://farm1.static.flickr.com/176/487089119_790519a334.jpg
503,http://farm3.static.flickr.com/2011/2139338734_b1e9b94c32.jpg
504,http://farm1.static.flickr.com/21/30867066_b5383008a8.jpg
505,http://farm2.static.flickr.com/1421/1386930722_445e7b7833.jpg
506,http://farm1.static.flickr.com/167/487092811_9f1315d987.jpg
507,http://petyourdog.com/images/dog%20breeds/english_setter.jpg
508,http://farm1.static.flickr.com/38/75851165_126855ec8f.jpg
509,http://farm1.static.flickr.com/113/364070427_65893caf7b.jpg
510,http://farm1.static.flickr.com/33/53914541_eb5c7f69e6.jpg
511,http://farm2.static.flickr.com/1021/603652055_76303ac507.jpg
512,http://farm2.static.flickr.com/1075/1439068998_bd03431f37.jpg
513,http://img.dogpublic.com/breedImages/195.jpg
514,http://www.petmotelandsalon.com/images/pictures/phase1/englishsetter-strip.jpg
515,http://farm1.static.flickr.com/32/42158754_a686d7ba9e.jpg
516,http://farm1.static.flickr.com/128/373749346_6ad5dd53c6.jpg
517,http://www.dogandcatfacts.com/ensetter.jpg
518,http://www.digitaldog.com/images/breeds/englishsetter200x176.jpg
519,http://www.freewebs.com/manorroydogbreeders/- New Folder/DSCN0502.JPG
520,http://farm1.static.flickr.com/232/445208027_38b3119e7e.jpg
521,http://www.todopets.com/razas_perros/imagenes/setteringles.jpg
522,http://farm1.static.flickr.com/28/91488579_a71d446d46.jpg
523,http://www.doggoneglamorous.com/photos/AugelloFlags/EnglishSetter-Blue.jpg
524,http://farm1.static.flickr.com/185/373713634_8d317d4e31.jpg
525,http://www.chazhound.com/images/echo.jpg
526,http://www.dogbreedinformation.com/images14/EnglishSetterjacksonjacksonswin.JPG
527,http://farm2.static.flickr.com/1377/1141543440_fa21aeedf0.jpg
528,http://farm2.static.flickr.com/1011/802721833_abbd52878c.jpg
529,http://farm1.static.flickr.com/10/15606622_532f691424.jpg
530,http://farm1.static.flickr.com/146/344032598_e0375bcf5e.jpg
531,http://farm1.static.flickr.com/231/512030856_e9816196a7.jpg
532,http://farm1.static.flickr.com/130/384861339_90672303a2.jpg
533,http://maggiesfarm.anotherdotcom.com/uploads/english-setter-0002.jpg
534,http://farm3.static.flickr.com/2367/1569959526_134b8381c1.jpg
535,http://upload.wikimedia.org/wikipedia/commons/thumb/0/0f/English_Setter_portrait.jpg/600px-English_Setter_portrait.jpg
536,http://farm2.static.flickr.com/1006/1415924273_d07d64f9fc.jpg
537,http://farm1.static.flickr.com/38/164518642_085f6b345c.jpg
538,http://www.esva.net/~stockleykennels/steed.jpg
539,http://www.makc.org/juniorec2.jpg
540,http://farm1.static.flickr.com/72/218732239_931af588a0.jpg
541,http://farm2.static.flickr.com/1167/1348449588_492da5236e.jpg
542,http://www.zooworld.com.ua/img/dogs/angliyskiy-setter.jpg
543,http://farm1.static.flickr.com/23/30474527_644ef511bf.jpg
544,http://farm1.static.flickr.com/25/51022825_ac52e4369d.jpg
545,http://farm3.static.flickr.com/2063/2013019469_4c5558d306.jpg
546,http://farm3.static.flickr.com/2109/1841616984_92e5443a0f.jpg
547,http://farm3.static.flickr.com/2346/1862143850_9bd8599c31.jpg
548,http://farm1.static.flickr.com/132/415816735_5623765245.jpg
549,http://www.northwindses.com/images/photos/gallery/1467511.jpg
550,http://farm1.static.flickr.com/39/91500759_b510ae0a27.jpg
551,http://farm1.static.flickr.com/126/373713538_a64cc60e97.jpg
552,http://farm1.static.flickr.com/178/373713684_f2eb863bde.jpg
553,http://farm2.static.flickr.com/1275/1387148174_9801a1a29a.jpg
554,http://farm3.static.flickr.com/2199/2235629933_9bc3d70d51.jpg
555,http://farm1.static.flickr.com/25/91126288_e7e67344a1.jpg
556,http://farm1.static.flickr.com/211/444694875_0a3a5f9745.jpg
557,http://farm1.static.flickr.com/15/91498749_8f68f8bf34.jpg
558,http://farm1.static.flickr.com/139/407916911_5637ccebef.jpg
559,http://farm1.static.flickr.com/160/414934010_6b39a19b08.jpg
560,http://static.flickr.com/188/384880049_5d973f6297.jpg
561,http://farm1.static.flickr.com/120/302068933_474e101b3d.jpg
562,http://farm1.static.flickr.com/27/54271696_59e08e4ce7.jpg
563,http://static.flickr.com/115/302779949_38b76f8ff3.jpg
564,http://www.fan.innocent-crime.com/englishsetter/layout_v1.png
565,http://farm1.static.flickr.com/112/255519721_714494bd26.jpg
566,http://farm1.static.flickr.com/66/154347395_8b4128bc01.jpg
567,http://carabrook.mystarband.net/images/Brandt%20clark%20english%20setter.jpg
568,http://www.babydognames.com/breeds/english-setter2.jpg
569,http://farm1.static.flickr.com/158/339607473_c88efb8ef2.jpg
570,http://farm1.static.flickr.com/8/6748915_bf974933fa.jpg
571,http://www.littleriverga.com/images/home/img_01.jpg
572,http://farm3.static.flickr.com/2253/1858202596_63d8c3320f.jpg
573,http://farm1.static.flickr.com/51/167324607_352e3ac2b7.jpg
574,http://www.painetworks.com/photos/hq/hq2978.JPG
575,http://farm1.static.flickr.com/83/241238869_d02b7592e4.jpg
576,http://farm2.static.flickr.com/1281/1194916422_f01a6fa572.jpg
577,http://www.mysiemens.com/photo/siemens-cleverlook.jpg
578,http://www.breederretriever.com/photopost/data/573/medium/pipersadie01.jpg
579,http://farm1.static.flickr.com/178/384918943_df8f9e9fa6.jpg
580,http://farm3.static.flickr.com/2314/1624847300_5dfa4101f6.jpg
581,http://farm1.static.flickr.com/56/168257906_b8b569ae2b.jpg
582,http://farm1.static.flickr.com/56/137699685_22b5d1770b.jpg
583,http://farm1.static.flickr.com/28/48800371_5b4368efab.jpg
584,http://farm1.static.flickr.com/88/209463777_b2eea0c290.jpg
585,http://www.esaa.com/sarah.jpg
586,http://farm1.static.flickr.com/216/444692019_ad1bb049b5.jpg
587,http://farm1.static.flickr.com/195/473357440_9170dcb47f.jpg
588,http://static.flickr.com/25/47371758_f22aea7b5e.jpg
589,http://farm3.static.flickr.com/2039/2059952573_fbb4e53edf.jpg
590,http://farm1.static.flickr.com/74/157294061_30c64365dc.jpg
591,http://farm1.static.flickr.com/147/390155378_e00549deb0.jpg
592,http://www.chrissmithart.com/images/setter.jpg
593,http://static.flickr.com/54/128134855_1f5359d2fb.jpg
594,http://www.dog-breeds.name/pictures/english-setter/english-setter-3.jpg
595,http://farm1.static.flickr.com/44/169794888_3162e192b2.jpg
596,http://farm1.static.flickr.com/117/250661509_b284fc35da.jpg
597,http://farm1.static.flickr.com/226/512265593_700ba76823.jpg
598,http://www.puppydogweb.com/gallery/englishsetters/englishsetter_boyle.jpg
599,http://www.decoverlykennels.com/images/sub_photo_artcoll.jpg
600,http://farm1.static.flickr.com/47/137699681_04160b2457.jpg
601,http://www.setter-pointer.at/images/engsetter.jpg
602,http://farm1.static.flickr.com/44/164508097_28bdc9b5c5.jpg
603,http://farm1.static.flickr.com/53/143094698_671efdad32.jpg
604,http://farm3.static.flickr.com/2124/2226465746_62c05cdf42.jpg
605,http://farm1.static.flickr.com/10/15542871_c7f5721dfa.jpg
606,http://farm1.static.flickr.com/190/449540530_d6a1c7e096.jpg
607,http://www.tcsn.net/honeyspots/images/Adam_10-93_small1.jpg
608,http://www.tierklinik-rostock.de/tierheim/hunderassen/rassehunde/engl_setter_muffin.jpg
609,http://farm1.static.flickr.com/149/355274837_886577dff2.jpg
610,http://farm1.static.flickr.com/156/373749230_a683b7f91b.jpg
611,http://www.hristic.com/img/pozicijadesno.jpg
612,http://farm2.static.flickr.com/1034/1105607274_6a17de5291.jpg
613,http://farm1.static.flickr.com/112/276867148_195485d9c6.jpg
614,http://www.sunny.issaquah.wednet.edu/Teachers/pietraszewski/Carter_rug2.jpg
615,http://static.flickr.com/2022/1769252966_d8e5a5dad6.jpg
616,http://farm1.static.flickr.com/219/508786195_21bac4555a.jpg
617,http://farm1.static.flickr.com/16/91500446_fa20642465.jpg
618,http://farm1.static.flickr.com/69/164508781_1ca5c96deb.jpg
619,http://www.traffordphotos.com/assets/images/9P78D-011.JPG
620,http://farm1.static.flickr.com/142/373741532_aba879c708.jpg
621,http://www.dkimages.com/discover/previews/794/30023079.JPG
622,http://farm1.static.flickr.com/147/409970778_775da9f5d4.jpg
623,http://farm1.static.flickr.com/38/93312158_acbdc91702.jpg
624,http://farm1.static.flickr.com/22/24993268_b52cbe6b44.jpg
625,http://farm1.static.flickr.com/51/143094689_38658a3804.jpg
626,http://farm1.static.flickr.com/28/42474998_c4ee00e129.jpg
627,http://farm1.static.flickr.com/16/136176706_c4896f361e.jpg
628,http://farm2.static.flickr.com/1040/916659749_620ea88260.jpg
629,http://farm2.static.flickr.com/1169/533382827_808cfe6848.jpg
630,http://farm2.static.flickr.com/1318/1346792779_b21d4d0d3c.jpg
631,http://www.tkdogs.com/img/resources/breeds/english_setter.jpg
632,http://farm2.static.flickr.com/1127/1347174274_aa9ddc77c7.jpg
633,http://dogs-puppies.dogs-central.com/english-setter-puppy/0763175544.01.LZZZZZZZ.jpg
634,http://farm1.static.flickr.com/5/4966472_780e4eca0a.jpg
635,http://farm2.static.flickr.com/1247/528194405_be1140a2d1.jpg
636,http://www.doghouse.co.jp/img/zukan/7/english_setter-2.jpeg
637,http://farm1.static.flickr.com/48/170858410_d01f4b3a85.jpg
638,http://farm2.static.flickr.com/1261/958935493_c47cbb1e9b.jpg
639,http://farm1.static.flickr.com/144/373713428_65138a335d.jpg
640,http://farm2.static.flickr.com/1361/1296901480_917f323d78.jpg
641,http://farm3.static.flickr.com/2019/2231659832_6a4bfe5cff.jpg
642,http://farm3.static.flickr.com/2277/2148267699_e09cfa1383.jpg
643,http://www.jamiri.dk/images/DJfigurer/DJ1187BHa_small.jpg
644,http://orlandoneto1.tripod.com/sitebuildercontent/sitebuilderpictures/english_setter-07.jpg
645,http://farm1.static.flickr.com/21/24580729_d9778628d6.jpg
646,http://farm1.static.flickr.com/26/55853138_afcfcdef92.jpg
647,http://farm1.static.flickr.com/47/111536602_a852fdffea.jpg
648,http://dlanier.com/English-Setterlg.jpg
649,http://farm1.static.flickr.com/11/135210943_76e664e91a.jpg
650,http://farm1.static.flickr.com/49/126305263_24b347638b.jpg
651,http://farm3.static.flickr.com/2318/1935087927_51665c5014.jpg
652,http://farm1.static.flickr.com/41/116324994_daac839d5a.jpg
653,http://static.flickr.com/1054/1416789118_a55efaa8d0.jpg
654,http://www.english-setters.at/pedigree/winnie2_0600_2e.jpg
655,http://www.dogbreedinformation.com/images14/EnglishSetterFreckles05.JPG
656,http://farm1.static.flickr.com/35/101652922_88de8b7472.jpg
657,http://static.flickr.com/1139/1439069174_fd29b6e0de.jpg
658,http://farm1.static.flickr.com/11/92242486_8a1c9437c6.jpg
659,http://farm3.static.flickr.com/2137/1830213822_273c87520b.jpg
660,http://www.a-zdogs.net/mini/englishsetter.JPG
661,http://www.english-setter.ch/lib/exe/fetch.php?w=&h;=&cache;=cache&media;=nice.jpg
662,http://farm1.static.flickr.com/48/113465698_406d17d9dc.jpg
663,http://www.uwe-mehlmann.de/Bibo/English%20Setter%20blue%20belton%202.jpg
664,http://www.tri-countyboarding.com/englishsetter2.jpg
665,http://farm1.static.flickr.com/27/51022740_39bd66e8a3.jpg
666,http://farm1.static.flickr.com/41/105217123_5e59ec6509.jpg
667,http://farm3.static.flickr.com/2180/2207302242_aa4d61d474.jpg
668,http://www.bonasapress.com/images/shana.jpg
669,http://static.flickr.com/70/194927699_b989a46570.jpg
670,http://www.qualitydogs.com/qdaffil/BPENST.jpg
671,http://farm1.static.flickr.com/37/113479746_ef337ed8d1.jpg
672,http://farm1.static.flickr.com/102/277959835_a5d486ec33.jpg
673,http://farm1.static.flickr.com/208/487080933_e2a93538d8.jpg
674,http://farm2.static.flickr.com/1334/1346588053_75127cf3a6.jpg
675,http://www.marshall-goldberg.com/Dog%20Pages/Heater/HeaterBOS2002.JPG
676,http://www.boazvet.com/Images/Dogs/Sporting/setter_(english).jpg
677,http://farm1.static.flickr.com/38/74906202_5f2b165fb8.jpg
678,http://farm2.static.flickr.com/1074/838785890_690be01d42.jpg
679,http://www.voote.com/images/00040/Reg.4021.9.jpg
680,http://www.dogzonline.com.au/images/profiles/07/05/21702_1017.jpg
681,http://farm1.static.flickr.com/45/120858637_99c80edfb1.jpg
682,http://farm1.static.flickr.com/91/250659621_d08e7bd836.jpg
683,http://farm1.static.flickr.com/95/237149603_ba495ea12f.jpg
684,http://farm3.static.flickr.com/2085/1569933626_1333137236.jpg
685,http://farm1.static.flickr.com/161/384875044_6324a0b44a.jpg
686,http://farm1.static.flickr.com/21/24993266_25388a036e.jpg
687,http://farm1.static.flickr.com/36/91488682_5c8fdc2c86.jpg
688,http://farm1.static.flickr.com/10/15554345_7994095ba5.jpg
689,http://farm1.static.flickr.com/4/4703507_59b2b13986.jpg
690,http://farm2.static.flickr.com/1238/1296031185_7f4a446543.jpg
691,http://farm2.static.flickr.com/1404/1290382500_8c5d8b9d1a.jpg
692,http://farm1.static.flickr.com/23/41216325_e4accdace6.jpg
693,http://farm1.static.flickr.com/134/369477970_a0464750af.jpg
694,http://farm2.static.flickr.com/1095/606436771_133f314251.jpg
695,http://farm1.static.flickr.com/152/407917512_c05704c722.jpg
696,http://farm2.static.flickr.com/1357/613596056_40b2721199.jpg
697,http://farm1.static.flickr.com/68/164509466_ba0fc70500.jpg
698,http://farm1.static.flickr.com/66/173908372_556ef4c40a.jpg
699,http://www.rockllewellinsetters.com/Assets/WEBPAGEPHPTPS/JakeJessMorgHuntingPointing.png
700,http://www.vlobov.com/images/prints/dogs/other-dogs/Print%20English%20Setter%201.jpg
701,http://www.signs-etcetera.com/images/FlagEnglishSetterTri.jpg
702,http://www.deafdogsatlas.com/imgUSAkm/picKSFlex.jpg
703,http://www.thriftyfun.com/images/petguides/English-Setter300x229.jpg
704,http://farm1.static.flickr.com/10/15861895_99ce593328.jpg
705,http://farm1.static.flickr.com/18/92319852_c3a93a9ac2.jpg
706,http://farm2.static.flickr.com/1400/1393714629_69c490c4c9.jpg
707,http://farm1.static.flickr.com/106/295991337_7783ea8669.jpg
708,http://farm2.static.flickr.com/1232/1088569659_35de1fc1ab.jpg
709,http://www.sammson.com/spunky/images/field_setter.jpg
710,http://farm1.static.flickr.com/36/91501261_84e5348655.jpg
711,http://farm1.static.flickr.com/75/198505005_f12254761f.jpg
712,http://farm1.static.flickr.com/7/8360087_faa91d2bab.jpg
713,http://farm1.static.flickr.com/236/444662343_658e00ccfb.jpg
714,http://farm1.static.flickr.com/96/209382443_a27a37cb41.jpg
715,http://farm3.static.flickr.com/2191/1829397139_701e670774.jpg
716,http://www.englishsetterrescue.co.uk/Setter-3.jpg
717,http://farm2.static.flickr.com/1010/1089399824_e49d5240fd.jpg
718,http://farm1.static.flickr.com/9/12904457_b56ab4ea33.jpg
719,http://farm3.static.flickr.com/2370/2125026693_9c4b0626e2.jpg
720,http://farm1.static.flickr.com/162/384883274_ba999d7998.jpg
721,http://farm1.static.flickr.com/179/431931839_c15ea56540.jpg
722,http://www.cardsbycarolyn.com/cards/kb_englsetrb.jpg
723,http://farm1.static.flickr.com/27/54097241_74cc04982a.jpg
724,http://farm1.static.flickr.com/61/209382446_d124b563f5.jpg
725,http://farm2.static.flickr.com/1368/1353273052_5138700a1a.jpg
726,http://static.flickr.com/77/171708256_d094f36ffb.jpg
727,http://www.deafdogsatlas.com/imgCanada/picONAmos2.jpg
728,http://www.gotpetsonline.com/pictures-gallery/dog-pictures-breeders-puppies-rescue/english-setter-pictures-breeders-puppies-rescue/pictures-photos/english-setter-0022.jpg
729,http://farm1.static.flickr.com/9/15458790_ea29ebfe56.jpg
730,http://www.dog-breeds.name/pictures/english-setter/english-setter-3tn.jpg
731,http://farm1.static.flickr.com/26/42475001_7a1b2fad5b.jpg
732,http://farm1.static.flickr.com/8/8574210_05da73e6a3.jpg
733,http://farm2.static.flickr.com/1062/1431387766_23f7905b7d.jpg
734,http://farm1.static.flickr.com/229/507282894_a3b76344ae.jpg
735,http://farm1.static.flickr.com/188/407908796_36df11a5f2.jpg
736,http://farm1.static.flickr.com/218/444656583_38aa71a40e.jpg
737,http://farm1.static.flickr.com/167/363905842_1bef6417a0.jpg
738,http://farm2.static.flickr.com/1119/531739761_a09fb8cd02.jpg
739,http://farm2.static.flickr.com/1148/865982521_485fd3441c.jpg
740,http://farm1.static.flickr.com/138/407913739_87a038c9fa.jpg
741,http://www.englishsetters.com/Pete on point 001_small.jpg
742,http://farm1.static.flickr.com/19/114934396_4d12c24870.jpg
743,http://farm1.static.flickr.com/6/11540256_616633744e.jpg
744,http://www.hundekosmos.de/images/englishsetter_480.jpg
745,http://farm2.static.flickr.com/1165/1296901592_cc161c0574.jpg
746,http://farm1.static.flickr.com/22/30252826_c243d8d9ba.jpg
747,http://farm1.static.flickr.com/95/236936396_7855cfae7f.jpg
748,http://farm1.static.flickr.com/70/164506992_48b559e523.jpg
749,http://www.adoptanos.com/imagenes/perros/febrero07/diego.jpg
750,http://farm1.static.flickr.com/236/444663855_0a6d3d71f5.jpg
751,http://farm1.static.flickr.com/131/390591058_4806c799cd.jpg
752,http://farm1.static.flickr.com/12/15552588_8b79c1102f.jpg
753,http://farm2.static.flickr.com/1361/1296029561_c0efd4c6a6.jpg
754,http://farm3.static.flickr.com/2389/1935080591_4403d0bd9f.jpg
755,http://farm1.static.flickr.com/81/250662416_e0afc3bd2d.jpg
756,http://farm1.static.flickr.com/109/364911669_6b5d45ab3d.jpg
757,http://farm1.static.flickr.com/150/387276412_b1832dc2f8.jpg
758,http://static.flickr.com/198/510419459_3c929f7cb8.jpg
759,http://files.dogster.com/pix/dogs/19/719/1.jpg
760,http://farm1.static.flickr.com/82/237149137_634c0c5926.jpg
761,http://l.yimg.com/us.yimg.com/i/us/pets/brgd/clumber-spaniel.jpg
762,http://farm1.static.flickr.com/108/288368911_4818e0b2ae.jpg
763,http://static.flickr.com/30/47371640_afd1e8548c.jpg
764,http://www.ilovedogs.com/media/english_setter_and_woman.jpg
765,http://farm1.static.flickr.com/189/445204812_b6bb97c88b.jpg
766,http://farm2.static.flickr.com/1007/704172007_d30ade444c.jpg
767,http://farm1.static.flickr.com/24/59196282_110f0e671e.jpg
768,http://farm3.static.flickr.com/2220/1830223996_a69e23083a.jpg
769,http://static.flickr.com/87/238223848_b0fe7bdddf.jpg
770,http://farm1.static.flickr.com/19/116324993_c3541dba60.jpg
771,http://farm1.static.flickr.com/63/210331442_d6d4e55a95.jpg
772,http://farm1.static.flickr.com/55/107960704_69576b4358.jpg
773,http://www.tcsn.net/honeyspots/images/Shelby_BOB11mos.jpg
774,http://haveaheart4setters.org/comfy_chair_5aug07.jpg
775,http://puppydogweb.com/gallery/englishsetters/englishsetter_lentz.jpg
776,http://farm1.static.flickr.com/11/16226933_9107d565c9.jpg
777,http://farm1.static.flickr.com/83/243240639_65188bcf15.jpg
778,http://farm1.static.flickr.com/27/51022762_b0929b40e6.jpg
779,http://farm1.static.flickr.com/5/4704438_684e02cda0.jpg
780,http://farm1.static.flickr.com/17/22925859_e1d8c86bf9.jpg
781,http://farm1.static.flickr.com/31/59621403_de16926b28.jpg
782,http://www.oldenglishsheepdog.de/images/rassen/setter1.jpg
783,http://www.georgehickox.com/images/setter.jpg
784,http://farm1.static.flickr.com/44/128176327_4e70e2e6f7.jpg
785,http://farm1.static.flickr.com/80/277959667_752e6a90dd.jpg
786,http://farm1.static.flickr.com/21/28286984_ca90434446.jpg
787,http://farm1.static.flickr.com/53/172899561_c9bd3fed3b.jpg
788,http://static.flickr.com/31/47371668_b86d486f8c.jpg
789,http://farm1.static.flickr.com/32/35741575_f0d25d4c1a.jpg
790,http://farm1.static.flickr.com/52/161884320_181a747984.jpg
791,http://farm3.static.flickr.com/2333/2172122711_3bef629921.jpg
792,http://farm1.static.flickr.com/74/209382452_9dbc1deaaf.jpg
793,http://farm1.static.flickr.com/48/174576061_9d956753da.jpg
794,http://www.english-setters.at/pedigree/wonda_portrait_2e.jpg
795,http://farm2.static.flickr.com/1118/1176076251_2c8a0a9838.jpg
796,http://farm1.static.flickr.com/200/449540548_c3efa43cf5.jpg
797,http://farm1.static.flickr.com/56/129273112_0d7d676c07.jpg
798,http://farm1.static.flickr.com/12/18160168_9b1e7a09c5.jpg
799,http://farm3.static.flickr.com/2028/1935087735_7997aa78b9.jpg
800,http://farm2.static.flickr.com/1308/532535899_486ab24b69.jpg
801,http://farm1.static.flickr.com/5/4623955_978b5cca57.jpg
802,http://dailypuppy.com/images/07/biggies/hannah_englishsetter12.jpg
803,http://farm1.static.flickr.com/22/30252824_29a19f9501.jpg
804,http://farm3.static.flickr.com/2380/2172847502_ff739eb966.jpg
805,http://www.portraitpeoplepets.com/webpaintings/englishsetter.jpg
806,http://home.scarlet.be/ofroyalresidence/Evangelis8index.jpg
807,http://static.flickr.com/1229/1394251538_36a2e2c148.jpg
808,http://farm3.static.flickr.com/2409/1840727567_457d6b913e.jpg
809,http://www.vizsla-schwerin-horn.de/img/hunde/setter_01.jpg
810,http://farm1.static.flickr.com/13/18160728_68bb00a514.jpg
811,http://farm1.static.flickr.com/31/42488978_928059ade7.jpg
812,http://farm3.static.flickr.com/2112/2225675525_f459a734c4.jpg
813,http://farm2.static.flickr.com/1176/610884352_081f25ceb3.jpg
814,http://farm2.static.flickr.com/1241/534650615_6bb8fe88a9.jpg
815,http://farm1.static.flickr.com/28/35222922_2f1ee10bae.jpg
816,http://www.crwflags.com/art/ban/ban2/bb80111.jpg
817,http://www.petfinder.com/fotos/ON244/ON244.6590571-3-pn.jpg
818,http://static.flickr.com/1370/916659839_8cf6666551.jpg
819,http://farm1.static.flickr.com/107/276867135_5a1493d341.jpg
820,http://farm1.static.flickr.com/34/95941613_bf1c4e186b.jpg
821,http://farm1.static.flickr.com/174/423963002_74a05d1a52.jpg
822,http://www.georgehickox.com/images/english_setter_grousewing_grits.jpg
823,http://farm1.static.flickr.com/62/231044458_140362b022.jpg
824,http://farm3.static.flickr.com/2036/2081817217_a37cebab7a.jpg
825,http://www.millercountrydogs.com/images/flags/bob_english_setter_blue_80011_flagt.jpg
826,http://farm1.static.flickr.com/45/110718458_ce78e910f7.jpg
827,http://farm1.static.flickr.com/185/471910838_54a8bf02c8.jpg
828,http://farm1.static.flickr.com/40/116324995_87d7ac1756.jpg
829,http://farm1.static.flickr.com/86/250658390_d06f46d12d.jpg
830,http://farm1.static.flickr.com/39/131476944_31488abe7f.jpg
831,http://www.dogbreedinformation.com/images9/EnglishSetterfancy_at_the_national_w_laurel_nice.jpg
832,http://farm1.static.flickr.com/14/16226360_9a82c7184a.jpg
833,http://farm3.static.flickr.com/2063/2081818965_954fd10878.jpg
834,http://www.dog-breeds.net/English Setter-web.jpg
835,http://bp0.blogger.com/_TLO5unfu-V8/RiPixpVZ2gI/AAAAAAAAAEE/GRDMj_-0I-A/s320/P1010024.JPG
836,http://farm1.static.flickr.com/61/210634204_2b92859999.jpg
837,http://farm2.static.flickr.com/1314/1468677805_211731f141.jpg
838,http://www.uni.uiuc.edu/~stone2/SSCN6255.JPG
839,http://www.gaylans.com/graphics/emmahome.jpg
840,http://farm1.static.flickr.com/21/31705270_a90dd11084.jpg
841,http://farm1.static.flickr.com/19/110272912_37734833b8.jpg
842,http://farm1.static.flickr.com/32/35214636_8d07e96015.jpg
843,http://farm1.static.flickr.com/21/34322300_b349f74aa5.jpg
844,http://www.classicpointekennels.com/images/dogs/dixie/dixietraining pictures 12-15-06 011a.jpg
845,http://puppydogweb.com/gallery/englishsetters/englishsetter_elena.jpg
846,http://farm1.static.flickr.com/47/145364523_2ceb8aebd5.jpg
847,http://farm1.static.flickr.com/87/277959451_0bc8a6a814.jpg
848,http://farm1.static.flickr.com/140/344488508_4ac0a07233.jpg
849,http://farm1.static.flickr.com/50/164508099_5e02a35464.jpg
850,http://www.puppytravel.com/images/testimonials/slater.jpg
851,http://farm1.static.flickr.com/63/171365272_558597590b.jpg
852,http://www.luckypets.net/Luckypets/Rocky/IMAG003.JPG
853,http://www.gpeppas.gr/files-dikton/asetter/setter-mb.jpg
854,http://static.flickr.com/112/308099245_a3f54cb9c6.jpg
855,http://farm1.static.flickr.com/19/114003011_c80308c756.jpg
856,http://farm1.static.flickr.com/71/168613625_1354818a5a.jpg
857,http://farm1.static.flickr.com/56/164525654_4d793f6872.jpg
858,http://farm3.static.flickr.com/2162/1768403623_6cf6aababa.jpg
859,http://www.crittercarechildress.com/images/english-setter-puppy.jpg
860,http://static.flickr.com/37/110247382_97526d9926.jpg
861,http://farm1.static.flickr.com/9/15861214_b7b49acb8d.jpg
862,http://www.horizonkennel.com/000_0004.JPG
863,http://farm1.static.flickr.com/32/64833513_385630da10.jpg
864,http://farm1.static.flickr.com/47/107964212_ff4f15bb81.jpg
865,http://farm1.static.flickr.com/47/164509469_c5c6e39a68.jpg
866,http://farm1.static.flickr.com/37/106205073_7e20b648af.jpg
867,http://farm1.static.flickr.com/15/21645773_be07f2c714.jpg
868,http://farm1.static.flickr.com/164/388633229_37b739335c.jpg
869,http://www.nkconcepts.com/Rem.jpg
870,http://farm1.static.flickr.com/51/140337303_e674ab6533.jpg
871,http://farm1.static.flickr.com/54/136171686_90119c0aa9.jpg
872,http://farm1.static.flickr.com/110/250666134_e240524be7.jpg
873,http://farm1.static.flickr.com/117/264850365_652bcf8ee0.jpg
874,http://www.jamerantik.dk/images/DJ/DJ1187a.jpg
875,http://farm2.static.flickr.com/1118/1386912082_59b2e3530c.jpg
876,http://farm3.static.flickr.com/2003/1674793610_0b31ebcc51.jpg
877,http://farm1.static.flickr.com/45/113682137_64bb52a582.jpg
878,http://static.flickr.com/221/499728036_6612cf7ff5.jpg
879,http://farm1.static.flickr.com/46/145380875_c738f9be63.jpg
880,http://farm2.static.flickr.com/1163/1313552692_2b364ff97a.jpg
881,http://farm1.static.flickr.com/5/4966728_b5be54154a.jpg
882,http://farm1.static.flickr.com/21/28286982_b72a754b6d.jpg
883,http://farm1.static.flickr.com/210/487048384_1eb7194356.jpg
884,http://www.puppyfind.com/breed/english_setter/l_247066.jpg
885,http://farm1.static.flickr.com/31/41289414_1a96ceecf0.jpg
886,http://farm1.static.flickr.com/11/15550664_b0b4db0dd6.jpg
887,http://www.georgehickox.com/images/english_setter_for_sale_dani.jpg
888,http://www.ravensett.com/images/dion-standing-web.jpg
889,http://www.vonderwildenhorde.de/assets/images/autogen/a_Upperwood.jpg
890,http://farm1.static.flickr.com/41/91488101_35312d2b74.jpg
891,http://farm1.static.flickr.com/218/472300104_8f81fa8ff8.jpg
892,http://lh3.google.com/_2KzK5WVoj1A/Ruau653Mw9I/AAAAAAAAAak/D6dp69HHV_k/s800/DSC04558.JPG
893,http://farm3.static.flickr.com/2357/2060829690_e6a8e518a8.jpg
894,http://www.pupcity.com/images/adpics/06312151520250_1.jpg
895,http://www.welpen-net.de/assets/images/Horn04.jpg
896,http://farm1.static.flickr.com/40/100584592_e0fd6b0b3d.jpg
897,http://farm3.static.flickr.com/2119/1569037145_c3298a4a03.jpg
898,http://farm1.static.flickr.com/21/29315518_1b99f98248.jpg
899,http://www.azzarokennels.com/imagesesmem/trent1.jpg
900,http://farm1.static.flickr.com/173/398071809_906a1cc332.jpg
901,http://farm1.static.flickr.com/171/487057975_8f1c0f256f.jpg
902,http://farm3.static.flickr.com/2260/2227666822_c3b145b844.jpg
903,http://farm3.static.flickr.com/2213/1830220252_ac970a1f04.jpg
904,http://www.milouchouchou.com/milannu/inc/im_cat/2.jpg
905,http://farm1.static.flickr.com/132/344044388_a077a0173f.jpg
906,http://farm1.static.flickr.com/53/113924261_c4b4ae0b6d.jpg
907,http://static.flickr.com/27/91501702_ef5067b380.jpg
908,http://www.dogge-in-not.de/images/miltonpaten.jpg
909,http://farm1.static.flickr.com/45/144294809_40b2e7b627.jpg
910,http://farm2.static.flickr.com/1260/1321447675_be384dd129.jpg
911,http://farm3.static.flickr.com/2300/1890093835_ed84dad06a.jpg
912,http://farm1.static.flickr.com/78/165312954_fe4bd80d30.jpg
913,http://farm2.static.flickr.com/1263/1218706536_a05abd457b.jpg
914,http://farm1.static.flickr.com/119/267638065_24befe2b49.jpg
915,http://www.theswankypooch.com/misc/engsetter.jpg
916,http://static.flickr.com/97/247917599_205a16b770.jpg
917,http://farm1.static.flickr.com/222/444659467_6eae698c77.jpg
918,http://www.kmtel.net/setterrun/Jackson_2006_w_birds.jpg
919,http://www.pecantreekennel.com/images/dog-corky.jpg
920,http://farm1.static.flickr.com/69/206634252_fbd041e566.jpg
921,http://www.bdarn.com/es/ES.jpg
922,http://farm1.static.flickr.com/173/487045162_cb63453ca4.jpg
923,http://farm1.static.flickr.com/11/91499393_e589f6be12.jpg
924,http://farm2.static.flickr.com/1253/1313552194_1a448695c6.jpg
925,http://farm1.static.flickr.com/90/276921007_3e7f6a75f7.jpg
926,http://farm1.static.flickr.com/37/86211488_a13ac69fde.jpg
927,http://farm1.static.flickr.com/76/206628648_a0232ebf74.jpg
928,http://farm1.static.flickr.com/48/116327086_fc79b2fa47.jpg
929,http://farm1.static.flickr.com/189/487024384_1b63836d64.jpg
930,http://www.findingbeau.com/images/beau_family.jpg
