0,http://farm1.static.flickr.com/51/146275788_dc8383ee02.jpg
1,http://farm1.static.flickr.com/139/350460552_9e77dc7fcd.jpg
2,http://farm2.static.flickr.com/1293/1014283277_db50356fcc.jpg
3,http://farm3.static.flickr.com/2078/2167530013_d44b28497a.jpg
4,http://farm1.static.flickr.com/238/459472970_95ea79eb08.jpg
5,http://farm1.static.flickr.com/50/145953315_14c9f714e8.jpg
6,http://farm2.static.flickr.com/1091/840859269_f6a6b08da6.jpg
7,http://farm1.static.flickr.com/30/66904283_6792762ed3.jpg
8,http://www.lauraspetportraits.co.uk/pet-portraits-small/georgephoto.jpg
9,http://farm1.static.flickr.com/34/66570306_c61a7bf642.jpg
10,http://farm1.static.flickr.com/115/299184262_c1501abfda.jpg
11,http://farm3.static.flickr.com/2072/2040118655_74de4dd37d.jpg
12,http://www.atlaskennels.com/images/wgsds_image.jpg
13,http://farm1.static.flickr.com/142/339091705_e0e27b18f9.jpg
14,http://farm1.static.flickr.com/33/99869849_414f724b40.jpg
15,http://farm2.static.flickr.com/1092/562942818_7f4a1fddc5.jpg
16,http://farm3.static.flickr.com/2403/2052046635_3a970360a5.jpg
17,http://www.fuzzybunspetsitting.com/Macy.jpg
18,http://farm2.static.flickr.com/1109/1353989821_6cb56aca7b.jpg
19,http://farm1.static.flickr.com/7/12352567_01e13f0a04.jpg
20,http://farm2.static.flickr.com/1346/838149588_9ad5baca3a.jpg
21,http://farm1.static.flickr.com/107/309088525_51473a42d3.jpg
22,http://farm1.static.flickr.com/182/459473392_184fb12daf.jpg
23,http://farm1.static.flickr.com/21/32758970_3fbdb486ed.jpg
24,http://farm1.static.flickr.com/137/359786273_06ef0205fe.jpg
25,http://farm3.static.flickr.com/2039/2192630737_619cbfedf2.jpg
26,http://farm1.static.flickr.com/96/222586112_f1c40f07c1.jpg
27,http://farm1.static.flickr.com/53/151239497_1b1ba317af.jpg
28,http://farm3.static.flickr.com/2067/1756455514_e780ea7cc4.jpg
29,http://farm1.static.flickr.com/72/154312660_f7a359e1fe.jpg
30,http://farm1.static.flickr.com/79/215501485_5171eddb72.jpg
31,http://farm2.static.flickr.com/1202/1354075656_3c1380b865.jpg
32,http://farm1.static.flickr.com/35/95172844_1cb9f12584.jpg
33,http://farm2.static.flickr.com/1235/920664424_55346cc290.jpg
34,http://www.internationalk9imports.com/testimonials/images/igor/igor03.jpg
35,http://static.flickr.com/2337/2051094196_e10f3a7842.jpg
36,http://farm3.static.flickr.com/2361/2081935851_c3aeca88d9.jpg
37,http://farm3.static.flickr.com/2142/1896267403_24939864ba.jpg
38,http://farm1.static.flickr.com/39/74301646_59ee7a40d8.jpg
39,http://farm2.static.flickr.com/1029/1347466141_f24ac26335.jpg
40,http://farm3.static.flickr.com/2223/1989091489_301dae60f0.jpg
41,http://farm1.static.flickr.com/95/243877739_e9f2f000ba.jpg
42,http://farm1.static.flickr.com/225/465240384_dc84b3a8e6.jpg
43,http://farm3.static.flickr.com/2121/2096800550_a47f8f8961.jpg
44,http://farm1.static.flickr.com/4/8726993_c9edd84c21.jpg
45,http://farm2.static.flickr.com/1006/1353983611_5f80d1a004.jpg
46,http://farm1.static.flickr.com/200/488870013_7705fe4613.jpg
47,http://farm1.static.flickr.com/179/470834108_22d5127643.jpg
48,http://farm1.static.flickr.com/74/160520710_195bcbe3b3.jpg
49,http://farm2.static.flickr.com/1254/1336115066_1335e7d725.jpg
50,http://www.banffyhaus.com/images/questobite.jpg
51,http://farm3.static.flickr.com/2301/1557807979_b10dfc84ac.jpg
52,http://www.juliantrubin.com/encyclopedia/zoology/kelly_files1/kelly7.jpg
53,http://farm1.static.flickr.com/167/465240414_5d386a5268.jpg
54,http://farm3.static.flickr.com/2164/2052144977_e3836f5a64.jpg
55,http://farm2.static.flickr.com/1210/1333364562_75c938b088.jpg
56,http://farm2.static.flickr.com/1340/853994760_c6b7561631.jpg
57,http://farm1.static.flickr.com/209/512496282_dc880d8b25.jpg
58,http://farm1.static.flickr.com/173/375787256_cfb968bded.jpg
59,http://farm2.static.flickr.com/1024/1298470587_6b31faaa22.jpg
60,http://farm1.static.flickr.com/23/32467884_a6c5dc6bcb.jpg
61,http://farm3.static.flickr.com/2009/1955560340_fb61ec6d64.jpg
62,http://farm1.static.flickr.com/59/209141728_c474b19e9b.jpg
63,http://farm3.static.flickr.com/2373/2155654640_44050296cb.jpg
64,http://farm1.static.flickr.com/164/408087274_653ec84ac9.jpg
65,http://farm1.static.flickr.com/19/120090153_246be80acc.jpg
66,http://farm2.static.flickr.com/1371/1039326664_2c861721c7.jpg
67,http://farm3.static.flickr.com/2018/2014218585_798cd29c6f.jpg
68,http://farm1.static.flickr.com/216/499910988_bc5d06d2d7.jpg
69,http://farm2.static.flickr.com/1229/535187059_d9533fe693.jpg
70,http://farm1.static.flickr.com/129/378560121_1f69f1496e.jpg
71,http://farm3.static.flickr.com/2149/2211877501_5056110724.jpg
72,http://farm2.static.flickr.com/1240/654007312_37005aafdf.jpg
73,http://i181.photobucket.com/albums/x75/lhac/2007-07-14-belgian.jpg
74,http://farm1.static.flickr.com/188/405681320_40d0e3577b.jpg
75,http://www.champdogs.co.uk/images/k5732d2.jpg?2
76,http://farm1.static.flickr.com/86/212998843_36bb926a03.jpg
77,http://farm1.static.flickr.com/77/201083577_eca6e0421c.jpg
78,http://farm1.static.flickr.com/29/89061477_e92b54ce65.jpg
79,http://farm1.static.flickr.com/46/146276734_31125dd9ac.jpg
80,http://farm1.static.flickr.com/35/119087874_7cbfdee8ed.jpg
81,http://farm1.static.flickr.com/60/166091251_a65054d930.jpg
82,http://farm3.static.flickr.com/2087/2090987318_31b245a26b.jpg
83,http://farm1.static.flickr.com/96/252677480_51d657d32f.jpg
84,http://farm1.static.flickr.com/167/374279955_7c978ed87d.jpg
85,http://i.pbase.com/t1/30/414830/4/29152903.22Alsatian1.jpg
86,http://farm3.static.flickr.com/2219/1587802790_a17df22419.jpg
87,http://farm1.static.flickr.com/25/45590422_a823b1e4e8.jpg
88,http://farm1.static.flickr.com/75/171744343_4f38f9d9fe.jpg
89,http://farm1.static.flickr.com/26/35443145_f94c0201a3.jpg
90,http://www.gsrsv.org/Sage032104.jpg
91,http://farm2.static.flickr.com/1317/543109430_19ad4fdddc.jpg
92,http://farm3.static.flickr.com/2237/2224584526_f496db7d8b.jpg
93,http://farm1.static.flickr.com/100/299184209_97ecce00ac.jpg
94,http://farm1.static.flickr.com/29/94756139_8fec091675.jpg
95,http://farm3.static.flickr.com/2026/2158328997_b5d45e3700.jpg
96,http://z.about.com/d/dogs/1/0/W/o/2/dano_gsd_n.jpg
97,http://farm3.static.flickr.com/2149/2164193460_f6393d9de3.jpg
98,http://farm1.static.flickr.com/111/289638719_e994114dd8.jpg
99,http://farm3.static.flickr.com/2112/2206454586_609c5273d7.jpg
100,http://farm1.static.flickr.com/30/64325723_91cbea1060.jpg
101,http://farm1.static.flickr.com/71/203868081_8a6fdc795c.jpg
102,http://farm1.static.flickr.com/140/403607236_87d9942d6a.jpg
103,http://farm1.static.flickr.com/115/261666872_c5bfd281e9.jpg
104,http://barcelona.campusanuncios.com/picanuncio/comunidad/comunidad-1416027374.jpg
105,http://farm1.static.flickr.com/120/256611318_2a9c8acbbb.jpg
106,http://farm1.static.flickr.com/20/68694134_4518c04867.jpg
107,http://farm1.static.flickr.com/44/119290189_d2852023ca.jpg
108,http://www.geocities.com/ambala_gsd/ticka.jpg
109,http://farm2.static.flickr.com/1243/542783973_b3c3a840ee.jpg
110,http://farm1.static.flickr.com/24/60552863_267d76da1b.jpg
111,http://farm1.static.flickr.com/46/190236025_db582a9b3d.jpg
112,http://farm3.static.flickr.com/2384/2114739391_d6f6ddec06.jpg
113,http://farm3.static.flickr.com/2305/2222450803_c37fb0e490.jpg
114,http://farm2.static.flickr.com/1215/533799693_99d1c2aeba.jpg
115,http://farm1.static.flickr.com/69/171744340_79c3c9a24f.jpg
116,http://farm3.static.flickr.com/2063/2078743802_b1a7ce2ca0.jpg
117,http://farm2.static.flickr.com/1031/754487387_dc39df283e.jpg
118,http://farm1.static.flickr.com/8/8920312_e26e2e02f5.jpg
119,http://farm1.static.flickr.com/14/92803381_7c8299683b.jpg
120,http://farm2.static.flickr.com/1215/1197959043_ec468ea21a.jpg
121,http://farm1.static.flickr.com/113/258501470_24c745f7cd.jpg
122,http://farm1.static.flickr.com/163/421724984_de4e037841.jpg
123,http://farm1.static.flickr.com/164/359829088_6146cf50d1.jpg
124,http://farm1.static.flickr.com/24/100124232_8d5ac9b9b9.jpg
125,http://farm2.static.flickr.com/1015/1074458869_dd0fa13cbd.jpg
126,http://farm1.static.flickr.com/90/265427486_bff8a19430.jpg
127,http://farm2.static.flickr.com/1326/653164317_039e905a6f.jpg
128,http://farm1.static.flickr.com/46/126632297_f175286b10.jpg
129,http://www.petsplace.co.za/German_Shepherd_Mufasa_Schultz_a.jpg
130,http://farm3.static.flickr.com/2098/2149841953_57363f16d1.jpg
131,http://www.gutenberg.org/files/20417/20417-h/images/image362.jpg
132,http://www.canadasguidetodogs.com/customergraphics/gsd_janshaus/ad_photo2.jpg
133,http://www.terriermastiff.com/germanshepherd/germanshepherddogname/?action=image
134,http://www.whispawillowkennels.com/images/german-shepherd-gabby-14mths.jpg
135,http://farm1.static.flickr.com/37/76356866_093bc75154.jpg
136,http://farm1.static.flickr.com/37/86586433_d30672d9e7.jpg
137,http://farm1.static.flickr.com/76/188001540_32377be863.jpg
138,http://www.doggienews.com/uploaded_images/buster-police-dog-757880.jpg
139,http://farm3.static.flickr.com/2061/1568094875_01fc70f78c.jpg
140,http://farm2.static.flickr.com/1294/867051003_43ab8fee2e.jpg
141,http://farm2.static.flickr.com/1130/749981085_d267d56ef0.jpg
142,http://farm2.static.flickr.com/1315/1397063017_f3579f5e13.jpg
143,http://farm1.static.flickr.com/117/256615451_763c033383.jpg
144,http://farm2.static.flickr.com/1137/554090578_8834df46d4.jpg
145,http://farm1.static.flickr.com/155/418702993_8c852116b1.jpg
146,http://farm1.static.flickr.com/22/27742871_699411c332.jpg
147,http://farm1.static.flickr.com/87/275483628_61f511667d.jpg
148,http://ww2.northumbria.police.uk/ePolicing/web/webmedia.nsf/ALLUNID/80256E670043321780256F8E00384A46/$file/General%20purpose%20dog%20Buzz-hom.jpg
149,http://farm1.static.flickr.com/187/431370619_a816eac188.jpg
150,http://farm3.static.flickr.com/2093/2230663697_7bfa6d61e5.jpg
151,http://farm1.static.flickr.com/108/291401027_6c6fc43dd6.jpg
152,http://farm1.static.flickr.com/68/194959291_6f20d543d2.jpg
153,http://farm1.static.flickr.com/49/159919026_7b2d558c54.jpg
154,http://farm2.static.flickr.com/1378/1353985731_062c66efc7.jpg
155,http://farm1.static.flickr.com/93/240919652_ed17e4cd67.jpg
156,http://www.phillyist.com/attachments/philly_jill/Max1.jpg
157,http://farm1.static.flickr.com/106/312999553_972cc0016b.jpg
158,http://farm3.static.flickr.com/2287/1717536446_d6a9a6c5a8.jpg
159,http://farm3.static.flickr.com/2357/2148923627_470bcf8483.jpg
160,http://farm1.static.flickr.com/74/163607321_f9cf5b9682.jpg
161,http://farm1.static.flickr.com/193/494150589_d53b254114.jpg
162,http://farm1.static.flickr.com/159/433758114_559e8cf4c1.jpg
163,http://farm3.static.flickr.com/2340/1501516745_388bf0f5bc.jpg
164,http://farm1.static.flickr.com/150/431370616_96494920a3.jpg
165,http://www1.istockphoto.com/file_thumbview_approve/1375854/2/istockphoto_1375854_security_dog_german_shepherd.jpg
166,http://static.flickr.com/2233/1798449317_fa180a8595.jpg
167,http://farm2.static.flickr.com/1211/842164012_4d90c35e16.jpg
168,http://farm3.static.flickr.com/2254/2128317694_d7c82acce5.jpg
169,http://farm3.static.flickr.com/2068/2122151023_009dba1e22.jpg
170,http://saveourdogs.net/images/rio9mon.jpg
171,http://farm3.static.flickr.com/2332/1558993875_1306cc184d.jpg
172,http://www.prodogtrainers.org/pdog_history1.jpg
173,http://farm1.static.flickr.com/61/172313865_55cedaa54e.jpg
174,http://farm1.static.flickr.com/204/488669658_5a42ffadc2.jpg
175,"http://www.smh.com.au/ffximage/2007/02/08/dog_narrowweb__300x466,0.jpg"
176,http://farm1.static.flickr.com/31/67718462_ab8575065d.jpg
177,http://farm3.static.flickr.com/2241/2092194562_80bc27af56.jpg
178,http://farm1.static.flickr.com/40/84204871_7b5ccaee27.jpg
179,http://farm1.static.flickr.com/71/231424773_921d462dff.jpg
180,http://farm1.static.flickr.com/126/390892735_135610c162.jpg
181,http://farm1.static.flickr.com/117/256607994_a0aa627a86.jpg
182,http://farm3.static.flickr.com/2404/2153534549_30319cdff3.jpg
183,http://farm2.static.flickr.com/1338/577807602_f05012f602.jpg
184,http://farm1.static.flickr.com/130/347711640_d63fe2681d.jpg
185,http://static.flickr.com/2129/2052160765_7a48257b34.jpg
186,http://farm3.static.flickr.com/2178/2098127193_0d13887da1.jpg
187,http://farm3.static.flickr.com/2265/2219157151_67bae80af7.jpg
188,http://www.aniwa.com/images/2/2350/schutzdienstOBERHAUSEN.jpg
189,http://farm1.static.flickr.com/108/311193900_3aa3783a2e.jpg
190,http://farm2.static.flickr.com/1241/1471905387_6941319406.jpg
191,http://farm1.static.flickr.com/84/277958127_2d3c903c9e.jpg
192,http://farm2.static.flickr.com/1157/763101019_2267915f49.jpg
193,http://farm2.static.flickr.com/1123/528511860_10a48236a6.jpg
194,http://farm3.static.flickr.com/2342/2135808551_61346aa6a7.jpg
195,http://farm3.static.flickr.com/2034/2118820810_60d6f7b5c1.jpg
196,http://farm1.static.flickr.com/218/495092345_94fbfb7a59.jpg
197,http://farm1.static.flickr.com/56/145989554_eabe712feb.jpg
198,http://farm1.static.flickr.com/101/296112926_9b51069088.jpg
199,http://farm1.static.flickr.com/172/465240418_3f403ef7c1.jpg
200,http://chinook.kpc.alaska.edu/~inmej/fireworks/img/Borg.jpg
201,http://www.pupcity.com/images/adpics/06084125523929_1.jpg
202,http://www.healthy-dogs.net/images/germanshepard.jpg
203,http://farm2.static.flickr.com/1144/1491303641_c46d774e4e.jpg
204,http://farm3.static.flickr.com/2192/2223226803_0d2795359e.jpg
205,http://farm3.static.flickr.com/2167/2182322110_470277a9e0.jpg
206,http://farm1.static.flickr.com/35/64258302_56dd770265.jpg
207,http://www.gotpetsonline.com/pictures-gallery/dog-pictures-breeders-puppies-rescue/german-shepherd-pictures-breeders-puppies-rescue/pictures/german-shepherd-0059.jpg
208,http://www.dkimages.com/discover/previews/865/20241735.JPG
209,http://farm1.static.flickr.com/44/115244642_712a93fdb5.jpg
210,http://farm3.static.flickr.com/2158/2173208621_fdb7dac8d5.jpg
211,http://farm2.static.flickr.com/1435/697319649_587e6fcb74.jpg
212,http://farm1.static.flickr.com/37/103219061_4b3ef9a0af.jpg
213,http://farm3.static.flickr.com/2218/2096800186_20b1222fba.jpg
214,http://farm2.static.flickr.com/1394/535135349_cf088da02b.jpg
215,http://farm3.static.flickr.com/2192/2213974496_af61313032.jpg
216,http://farm1.static.flickr.com/36/120913340_f0ab242ac9.jpg
217,http://farm1.static.flickr.com/29/50672820_0f4021cd81.jpg
218,http://farm3.static.flickr.com/2235/2173699742_af19579311.jpg
219,http://farm3.static.flickr.com/2138/1775587435_303a4a0a33.jpg
220,http://farm3.static.flickr.com/2360/1974557651_2a14a40030.jpg
221,http://farm3.static.flickr.com/2257/2122133573_12db74e512.jpg
222,http://farm1.static.flickr.com/66/168933249_a805d157c0.jpg
223,http://www.totana-at-piperhill.com/images/polohead.jpg
224,http://farm3.static.flickr.com/2259/2082716864_e4f3be6016.jpg
225,http://farm1.static.flickr.com/88/221255449_8e88bd0f91.jpg
226,http://farm3.static.flickr.com/2089/2072632887_d4e726f752.jpg
227,http://farm1.static.flickr.com/117/268976275_cd5bd44455.jpg
228,http://farm1.static.flickr.com/122/258772002_b05396a45d.jpg
229,http://farm1.static.flickr.com/26/67463505_c99eec7d27.jpg
230,http://farm1.static.flickr.com/200/441580648_770e60c94b.jpg
231,http://farm3.static.flickr.com/2196/2122931178_3b4090c098.jpg
232,http://farm3.static.flickr.com/2137/2158656673_c6638e3d7c.jpg
233,http://farm1.static.flickr.com/222/459344155_f20232efdf.jpg
234,http://farm1.static.flickr.com/251/459474264_fee347fcae.jpg
235,http://farm3.static.flickr.com/2060/1568132461_eb5411caeb.jpg
236,http://farm1.static.flickr.com/8/7618615_98a8046b8f.jpg
237,http://www.mittelwest.com/German%20Shepherd%20Dog%20Pictures/ColaURMA.jpg
238,http://farm3.static.flickr.com/2200/2122911550_ccf030f723.jpg
239,http://farm2.static.flickr.com/1333/1270013589_46dd05a8d8.jpg
240,http://farm1.static.flickr.com/75/190236271_a697c110b2.jpg
241,http://farm3.static.flickr.com/2172/1776253911_3da532f1ef.jpg
242,http://farm3.static.flickr.com/2340/2243627126_fd109fa029.jpg
243,http://farm2.static.flickr.com/1304/1243757176_fd48854102.jpg
244,http://farm1.static.flickr.com/54/136441748_b1c38d58cc.jpg
245,http://farm1.static.flickr.com/89/248006481_8f7d7991cd.jpg
246,http://farm1.static.flickr.com/139/334287692_359467f005.jpg
247,http://farm1.static.flickr.com/162/353962838_86cf837df3.jpg
248,http://farm1.static.flickr.com/109/266298000_a19fc1847b.jpg
249,http://www.cheshirecanine.com/images/police3.jpg
250,"http://sitz.platz.such.googlepages.com/Lisie.JPG/Lisie-full;crop:0.02,0.07,0.97,0.98.jpg"
251,http://farm3.static.flickr.com/2336/2091411463_a93688c3d2.jpg
252,http://farm2.static.flickr.com/1032/1419360632_7844748a62.jpg
253,http://farm2.static.flickr.com/1147/525810087_713dc27dba.jpg
254,http://www.gotpetsonline.com/pictures-gallery/dog-pictures-breeders-puppies-rescue/german-shepherd-pictures-breeders-puppies-rescue/pictures/german-shepherd-0208.jpg
255,http://farm3.static.flickr.com/2394/2093463012_3d99f68f65.jpg
256,http://farm3.static.flickr.com/2114/1989950354_712096e4a5.jpg
257,http://farm1.static.flickr.com/53/129038019_35fd47aa82.jpg
258,http://farm1.static.flickr.com/7/8018807_26f64678be.jpg
259,http://farm1.static.flickr.com/175/398110644_3a18b1f2c8.jpg
260,http://www.foxnews.com/images/260381/2_62_020307_dog_hero2.jpg
261,http://farm3.static.flickr.com/2130/2116561992_c40ee268d9.jpg
262,http://farm1.static.flickr.com/83/261664538_6081b5bd82.jpg
263,http://farm1.static.flickr.com/68/206250141_90439f823e.jpg
264,http://farm1.static.flickr.com/95/259429866_87c515d952.jpg
265,http://farm3.static.flickr.com/2005/1900557737_067af96056.jpg
266,http://farm2.static.flickr.com/1187/554796448_5539255920.jpg
267,http://farm1.static.flickr.com/38/82824909_ae4e4c9117.jpg
268,http://farm3.static.flickr.com/2055/2135808951_403d0ddd9c.jpg
269,http://farm1.static.flickr.com/6/5691377_e13cc5e616.jpg
270,http://farm1.static.flickr.com/228/490303959_55d006a7f8.jpg
271,http://farm1.static.flickr.com/46/157484773_eb3a0cbb9c.jpg
272,http://farm1.static.flickr.com/192/459484089_f1ad4ca3b6.jpg
273,http://farm1.static.flickr.com/160/372809899_4d7ab61fa4.jpg
274,http://farm1.static.flickr.com/145/339091704_f7a01e4af6.jpg
275,http://www.kiewelworkingdogs.com/images/forsale/dogs/boss-0000001.gif
276,http://farm2.static.flickr.com/1211/1354867056_a018abefef.jpg
277,http://farm3.static.flickr.com/2185/2218619432_5a2611151f.jpg
278,http://farm1.static.flickr.com/159/377631120_771c8628b9.jpg
279,http://farm2.static.flickr.com/1290/652992923_9c7c8767c8.jpg
280,http://farm1.static.flickr.com/44/149980737_70280524a5.jpg
281,http://farm2.static.flickr.com/1391/775452415_924020e9d7.jpg
282,http://farm1.static.flickr.com/6/7974324_9c6e9b0e87.jpg
283,http://farm1.static.flickr.com/22/29723591_b56774b227.jpg
284,http://farm3.static.flickr.com/2344/2152597506_ca788d0c7e.jpg
285,http://farm1.static.flickr.com/48/145426162_69e65f65c1.jpg
286,http://farm1.static.flickr.com/71/156418403_624bb7d9b9.jpg
287,http://farm1.static.flickr.com/185/372214794_9b10debc30.jpg
288,http://farm2.static.flickr.com/1403/958249838_8ec913b456.jpg
289,http://farm1.static.flickr.com/201/498420893_87514ebe3f.jpg
290,http://farm1.static.flickr.com/68/206908002_03f4966f58.jpg
291,http://farm1.static.flickr.com/41/84142779_aeca306a64.jpg
292,http://farm2.static.flickr.com/1243/1358371706_abd286cd40.jpg
293,http://img509.imageshack.us/img509/103/male12vm8.jpg
294,http://farm2.static.flickr.com/1410/1382876999_1c7eb1a703.jpg
295,http://farm3.static.flickr.com/2333/2181307064_f168519c7b.jpg
296,http://farm3.static.flickr.com/2116/2185328995_865a247d74.jpg
297,http://farm3.static.flickr.com/2182/2151125810_bfa8ba8736.jpg
298,http://farm1.static.flickr.com/92/218899877_4c926f594a.jpg
299,http://farm2.static.flickr.com/1033/1017353389_6129e33ec1.jpg
300,http://www.1stopfordogs.com/images/dogs2005/rottweiler-puppy-picture1a.jpg
301,http://farm3.static.flickr.com/2151/2209782213_dd7e042b83.jpg
302,http://farm2.static.flickr.com/1315/1381819929_9f33203497.jpg
303,http://farm1.static.flickr.com/230/444714803_e15cfbca39.jpg
304,http://farm1.static.flickr.com/174/447522311_7dd2d41384.jpg
305,http://www1.istockphoto.com/file_thumbview_approve/664398/2/istockphoto_664398_white_german_shepherd_dog_9924.jpg
306,http://westminsterkennelclub.org/breedinformation/herding/images/germshep.jpg
307,http://farm1.static.flickr.com/53/169578286_db9ed6ffd3.jpg
308,http://farm1.static.flickr.com/22/182985784_c951b72f97.jpg
309,http://bp2.blogger.com/_p-fl0pS-bWM/Rj8Bb88qAAI/AAAAAAAACK0/FDdBkoVFwbk/s320/pastorcarmen2.JPG
310,http://www.gotpetsonline.com/pictures-gallery/dog-pictures-breeders-puppies-rescue/german-shepherd-pictures-breeders-puppies-rescue/pictures/german-shepherd-0102.jpg
311,http://farm1.static.flickr.com/175/451448948_090bda2293.jpg
312,http://farm1.static.flickr.com/12/18297953_91263f51ab.jpg
313,http://farm1.static.flickr.com/111/295000973_ca49daf9c9.jpg
314,http://farm1.static.flickr.com/179/392702534_09cfbcfeeb.jpg
315,http://farm1.static.flickr.com/40/109723814_40039fb54a.jpg
316,http://farm3.static.flickr.com/2141/1664522182_d9da7f5721.jpg
317,http://farm1.static.flickr.com/175/440464743_0ca2656035.jpg
318,http://farm1.static.flickr.com/78/222574031_8367054a1f.jpg
319,http://farm1.static.flickr.com/33/47329296_953242cdb5.jpg
320,http://farm1.static.flickr.com/179/484055273_ba09e7fa7c.jpg
321,http://farm3.static.flickr.com/2060/2209781383_22de372970.jpg
322,http://farm2.static.flickr.com/1241/958249812_b8174c25b3.jpg
323,http://farm1.static.flickr.com/69/177468578_f831e0d1fb.jpg
324,http://www.robinwoodfarms.com/images/PICT0103.jpg
325,http://farm2.static.flickr.com/1302/536718836_200e09f0b5.jpg
326,http://www.truehaus.com/erik.jpg
327,http://farm1.static.flickr.com/149/332519252_a14de7393e.jpg
328,http://www.devon-cornwall.police.uk/v3/about/departm/dogs/images/puppy.jpg
329,http://farm1.static.flickr.com/79/256603741_d0f2054e51.jpg
330,http://farm1.static.flickr.com/215/464216045_e3410875a1.jpg
331,http://farm1.static.flickr.com/32/65142717_6416ce0527.jpg
332,http://www.fleischerheim.com/images/Irsu2_13_07.jpg
333,http://farm1.static.flickr.com/83/254849959_f24bb793ae.jpg
334,http://farm3.static.flickr.com/2259/2192065473_e8eef6931a.jpg
335,http://farm1.static.flickr.com/64/201122629_a1c92b8a47.jpg
336,http://farm1.static.flickr.com/198/440469750_065b9b657d.jpg
337,http://farm1.static.flickr.com/44/135896701_15d7429231.jpg
338,http://www.gotpetsonline.com/pictures-gallery/dog-pictures-breeders-puppies-rescue/german-shepherd-pictures-breeders-puppies-rescue/pictures-photos/german-shepherd-0224.jpg
339,http://farm3.static.flickr.com/2195/2148941509_aa48a1c086.jpg
340,http://www.gotpetsonline.com/pictures-gallery/dog-pictures-breeders-puppies-rescue/german-shepherd-pictures-breeders-puppies-rescue/pictures/german-shepherd-0225.jpg
341,http://farm1.static.flickr.com/209/440460066_42fb380bb7.jpg
342,http://farm2.static.flickr.com/1440/1435450137_65e06eaf7b.jpg
343,http://www.kingshepherd.com/images/Dakota%20at%20the%20Extravaganza%2010-05.jpg
344,http://www.champdogs.co.uk/images/k8642d4.jpg
345,http://farm3.static.flickr.com/2409/1724684041_f8ac4aedec.jpg
346,http://www.isabelclarkpaintings.freeserve.co.uk/german_shepherds/german_shepherd_in_garden_ted_400w.jpg
347,http://www.pupsforsale.net/german_shepherd_dog_01_puppies_for_sale.jpg
348,http://farm3.static.flickr.com/2285/1934970958_2c5731d104.jpg
349,http://farm3.static.flickr.com/2206/1968878567_1b5b04da91.jpg
350,http://farm3.static.flickr.com/2216/2189453865_7f9eff722d.jpg
351,http://static.flickr.com/1012/1295682904_0613d40893.jpg
352,http://www.banffyhaus.com/images/jill1web9.JPG
353,http://farm1.static.flickr.com/72/171457129_91493426b3.jpg
354,http://farm3.static.flickr.com/2102/2113932850_b64d728ffe.jpg
355,http://farm3.static.flickr.com/2016/1841141009_18165b24f1.jpg
356,http://farm1.static.flickr.com/176/428143687_1012146ef6.jpg
357,http://farm1.static.flickr.com/200/440462824_64288e9e60.jpg
358,http://farm2.static.flickr.com/1114/755312974_e131a9e01f.jpg
359,http://farm3.static.flickr.com/2113/2205408553_a53d6fc3a2.jpg
360,http://farm2.static.flickr.com/1075/653141601_c2724efbbc.jpg
361,http://bp2.blogger.com/_-eJ8QRkof6s/Rrh8wccvMwI/AAAAAAAAACE/jgRn3w9SkFI/s320/Picture5-pupsforweb_000.jpg
362,http://farm1.static.flickr.com/171/394198432_47c52dd454.jpg
363,http://farm1.static.flickr.com/108/270165184_95dc327084.jpg
364,http://farm1.static.flickr.com/72/201121281_78298d477a.jpg
365,http://farm1.static.flickr.com/74/201105648_62912d865f.jpg
366,http://farm2.static.flickr.com/1282/1353989147_0774a7789e.jpg
367,http://farm1.static.flickr.com/198/492691689_cae3ce76cb.jpg
368,http://farm1.static.flickr.com/55/152095698_1fca49b2f3.jpg
369,http://farm1.static.flickr.com/31/62787388_eeec2358b3.jpg
370,http://farm1.static.flickr.com/206/523625610_0ecbf4f1e3.jpg
371,http://www.petplanet.co.uk/petplanet/images/breeds/gsd3680.jpg
372,http://farm3.static.flickr.com/2340/2191072158_1f6b29c433.jpg
373,http://farm3.static.flickr.com/2276/2148932141_214763deed.jpg
374,http://farm1.static.flickr.com/6/77713098_2add6bf957.jpg
375,http://upload.wikimedia.org/wikipedia/commons/6/6c/Saarlooswolfhund_mit_9Monaten.jpg
376,http://farm1.static.flickr.com/182/465240398_cb9ae6d9ae.jpg
377,http://caninecoalition.com/img/Belgian-Shepherd-Dog--0.jpg
378,http://farm1.static.flickr.com/15/22364712_28816839a9.jpg
379,http://farm1.static.flickr.com/67/221255222_10ca5c5d34.jpg
380,http://farm1.static.flickr.com/57/201080225_53a153c500.jpg
381,http://farm1.static.flickr.com/39/95171272_8aceb30928.jpg
382,http://farm1.static.flickr.com/136/342516542_d66809cc30.jpg
383,http://www.vondenblauenbergen.com/smallimages/Puma-grasssm.jpg
384,http://www.german-shepherd.com/images/wells_fargo_baby.jpg
385,http://farm1.static.flickr.com/175/396160295_794b9006ab.jpg
386,http://farm2.static.flickr.com/1440/1098679531_b77d684aef.jpg
387,http://gsd.kerrybailey.com/images/MyDogs/Angushike.jpg
388,http://farm2.static.flickr.com/1045/1075320156_5c323f0873.jpg
389,http://farm1.static.flickr.com/57/201080697_31f1b05062.jpg
390,http://farm1.static.flickr.com/214/465263290_ca12362cb4.jpg
391,http://images.acclaimimages.com/_gallery/_SM/0028-0401-1603-5342_SM.jpg
392,http://farm1.static.flickr.com/184/459485497_56a5ba0387.jpg
393,http://farm2.static.flickr.com/1409/1412982734_488ab3f4bb.jpg
394,http://farm1.static.flickr.com/32/56725369_c03dfcd661.jpg
395,http://farm3.static.flickr.com/2017/2098169181_c9ef2385a1.jpg
396,http://farm3.static.flickr.com/2128/2235641562_5788c372d2.jpg
397,http://farm1.static.flickr.com/46/119458818_6b22536ed4.jpg
398,http://www.soprama.com/dog_shepherd_rescue.jpg
399,http://farm1.static.flickr.com/35/122335167_a6e9e0e75a.jpg
400,http://farm3.static.flickr.com/2362/2158329081_11979aa323.jpg
401,http://static.flickr.com/1083/1411476763_73110cc6cb.jpg
402,http://www.ci.bakersfield.ca.us/police/K-9/large/Zasko-K-9.jpg
403,http://www.pawsforsmiles.org/images/reno.jpg
404,http://www.zadrgsd.com/1_0.jpg
405,http://www.pupforum.com/pics_/t551_10112004181249.jpg
406,http://farm1.static.flickr.com/32/53948312_1f8f4a9b66.jpg
407,http://germanshepherddog.ca/georgie-and-chrissy.jpg
408,http://farm1.static.flickr.com/79/205143164_84998586ec.jpg
409,http://farm1.static.flickr.com/165/423439437_1acf4caef1.jpg
410,http://farm3.static.flickr.com/2259/1795190470_def9014bdc.jpg
411,http://farm1.static.flickr.com/180/465940361_691c014864.jpg
412,http://farm1.static.flickr.com/4/6420299_10b3f1547e.jpg
413,http://farm1.static.flickr.com/68/201120253_3d7e2032f4.jpg
414,http://farm1.static.flickr.com/35/117398975_c780151960.jpg
415,http://byteshuffler.com/rospo/blog/uploaded_images/RolfGardening-774320.jpg
416,http://www.dogclub.co.uk/gallery/image/200510181824lacey.jpg
417,http://farm2.static.flickr.com/1200/1353986521_1b82acc5aa.jpg
418,http://farm1.static.flickr.com/176/430703215_8e12da2b51.jpg
419,http://farm3.static.flickr.com/2206/2206305211_758d14c38e.jpg
420,http://www.ruffgsd.com/Images/Dakota/DAKTA1~1.jpg
421,http://www.carradio.com/kingpix.JPG
422,http://farm1.static.flickr.com/210/502172171_ec165376cb.jpg
423,http://farm2.static.flickr.com/1205/1455466911_6d92a59da3.jpg
424,http://farm1.static.flickr.com/38/82298041_d15debbcb1.jpg
425,http://www.bullingershepherds.com/longhair.jpg
426,http://farm2.static.flickr.com/1239/1222475605_132dd0bce8.jpg
427,http://www.vomfieldcrestshepherds.com/images/german-shepherd-zeus.jpg
428,http://www.germanshepherdrescue.co.uk/images/footer.jpg
429,http://farm2.static.flickr.com/1203/1011907909_d5c4c3fdf4.jpg
430,http://farm2.static.flickr.com/1089/1259829807_520ae06ad0.jpg
431,http://farm1.static.flickr.com/104/268976777_61a185c084.jpg
432,http://farm1.static.flickr.com/37/109745714_994c7aa9cf.jpg
433,http://farm1.static.flickr.com/90/209144449_4479482ad6.jpg
434,http://farm2.static.flickr.com/1239/989634574_c491b984fb.jpg
435,http://www.gsdcqld.org.au/sable%20german%20shepherd.jpg
436,http://farm1.static.flickr.com/252/456993339_657a0eab56.jpg
437,http://farm1.static.flickr.com/19/118417901_3db36b1e14.jpg
438,http://www.chazhound.com/images/waya.jpg
439,http://picnic.ciao.com/uk/27503.jpg
440,http://farm1.static.flickr.com/22/29723732_29ae8524dd.jpg
441,http://farm1.static.flickr.com/186/465933256_1c1e3840ce.jpg
442,http://farm1.static.flickr.com/75/191696746_bf1446cc18.jpg
443,http://farm3.static.flickr.com/2231/2074017456_22ac39a79e.jpg
444,http://farm1.static.flickr.com/94/267733833_79ee11949e.jpg
445,http://www.leabashiba.com/zac___child.1.jpg
446,http://farm1.static.flickr.com/68/201095159_fe9d99ea6d.jpg
447,http://farm1.static.flickr.com/39/106882343_2bdb87b7a7.jpg
448,http://www.boxerbreed.info/images/dogbreeds/07030641131pt.jpg
449,http://farm1.static.flickr.com/31/62479592_e745f51540.jpg
450,http://farm1.static.flickr.com/32/46044707_55b7585d3a.jpg
451,http://farm3.static.flickr.com/2317/2158329293_151017140a.jpg
452,http://farm2.static.flickr.com/1389/1222429955_46b8a4f904.jpg
453,http://farm3.static.flickr.com/2049/2113151569_e62c537423.jpg
454,http://www.criavoncapiovy.com.ar/fotos/brai3.jpg
455,http://farm1.static.flickr.com/223/488670154_d6cfa2e00a.jpg
456,http://farm1.static.flickr.com/29/43158076_1f20dbfa7c.jpg
457,http://farm1.static.flickr.com/192/440457756_d3e7268b14.jpg
458,http://farm1.static.flickr.com/81/240696675_7d05193aa0.jpg
459,http://farm1.static.flickr.com/69/201116140_d370b73011.jpg
460,http://static.flickr.com/1233/1411480531_15525c1ef2.jpg
461,http://www.dogweb.nl/gsdgfx/german_shepherd_7.jpg
462,http://farm1.static.flickr.com/105/306646943_1c0ad2e4c8.jpg
463,http://www.ceyworkingshepherds.com/images/harvestlib.jpg
464,http://www.gotpetsonline.com/pictures-gallery/dog-pictures-breeders-puppies-rescue/german-shepherd-pictures-breeders-puppies-rescue/pictures/german-shepherd-0179.jpg
465,http://farm1.static.flickr.com/85/232836861_37b5f4bbc0.jpg
466,http://www.dog-breeds.name/pictures/german-shepherd-dog/german-shepherd-dog-5.jpg
467,http://farm3.static.flickr.com/2220/1557814669_1dba471e99.jpg
468,http://img509.imageshack.us/img509/7908/male1ht3.jpg
469,http://farm1.static.flickr.com/78/201123056_603d3d7c0c.jpg
470,http://farm3.static.flickr.com/2231/1564434289_ce76b88663.jpg
471,http://www.gotpetsonline.com/pictures-gallery/dog-pictures-breeders-puppies-rescue/german-shepherd-pictures-breeders-puppies-rescue/pictures/german-shepherd-0295.jpg
472,http://farm1.static.flickr.com/8/12700810_e2dbc932cc.jpg
473,http://people.unt.edu/tlt0002/tkad1.jpg
474,http://static.flickr.com/1055/1199044405_d19f540c02.jpg
475,http://farm1.static.flickr.com/145/410173580_7ca230f173.jpg
476,http://www.vondenblauenbergen.com/females/LaolaBatusm.jpg
477,http://farm3.static.flickr.com/2207/2096419710_ca933ee59c.jpg
478,http://farm1.static.flickr.com/29/56725385_8d504ec152.jpg
479,http://farm2.static.flickr.com/1256/1373334450_beffbd7333.jpg
480,http://farm1.static.flickr.com/249/459472138_100c4384b5.jpg
481,http://farm1.static.flickr.com/48/152101504_08bc58e2cb.jpg
482,http://www.ottogsd.com/images/about_1.jpg
483,http://farm1.static.flickr.com/3/5691276_ac98241710.jpg
484,http://www.gotpetsonline.com/pictures-gallery/dog-pictures-breeders-puppies-rescue/german-shepherd-pictures-breeders-puppies-rescue/pictures/german-shepherd-0029.jpg
485,http://farm1.static.flickr.com/12/18437156_c78d2af081.jpg
486,http://www.dogslife.com.au/__data/page/5948/belgian_shepherd_dog2.jpg
487,http://farm3.static.flickr.com/2283/2227677969_c5fb48477f.jpg
488,http://farm3.static.flickr.com/2289/2152820892_62a80dd5e1.jpg
489,http://farm2.static.flickr.com/1120/761608498_0d69df627c.jpg
490,http://farm1.static.flickr.com/31/94871059_5cda85c3c6.jpg
491,http://farm2.static.flickr.com/1427/666125063_d80500ed3c.jpg
492,http://www.k9breedlist.com/e_p_photo/Bill_Lane_German_Shepherd_Dog.jpg
493,http://farm1.static.flickr.com/207/459471292_c6e93930be.jpg
494,http://farm1.static.flickr.com/134/359920731_72c942bf74.jpg
495,http://farm1.static.flickr.com/3/3153477_440fa7c0c2.jpg
496,http://static.flickr.com/1319/1199912060_65bb2431bd.jpg
497,http://pksundar.sulekha.com/mstore/pksundar/albums/MySnap2.jpg
498,http://farm3.static.flickr.com/2009/2212666842_f743da63fd.jpg
499,http://farm3.static.flickr.com/2066/2175583047_2fa012f0c0.jpg
500,http://www.surrey.police.uk/images/Dogs_1013_2.jpg
501,http://farm1.static.flickr.com/108/261664534_56cdff8b14.jpg
502,http://farm3.static.flickr.com/2098/1547247683_d648357d6d.jpg
503,http://farm2.static.flickr.com/1405/644079863_f9b2a31255.jpg
504,http://farm1.static.flickr.com/97/247116893_3816a2d2e6.jpg
505,http://farm3.static.flickr.com/2009/2137930018_1e97d44b44.jpg
506,http://www.dkimages.com/discover/previews/836/25029680.JPG
507,http://static.flickr.com/2376/1799286074_64b5b31c9b.jpg
508,http://farm1.static.flickr.com/168/476014488_d4044c6ea2.jpg
509,http://farm3.static.flickr.com/2366/2130765001_2ab561fef3.jpg
510,http://farm1.static.flickr.com/78/223388049_fed8018a4f.jpg
511,http://farm3.static.flickr.com/2303/2160140252_707460fc53.jpg
512,http://farm3.static.flickr.com/2242/1508123905_12b54829a4.jpg
513,http://www.gillsgermanshepherds.com/gallery/New%20Image.jpg
514,http://farm1.static.flickr.com/158/397108795_71e17e76c6.jpg
515,http://www.thriftyfun.com/images/petguides/German-Shepherd-Dog300x286.jpg
516,http://www.geocities.com/durnsteingsd/Worf.IMG_0045-cropped_edited.JPG
517,http://farm3.static.flickr.com/2012/2205938765_7765931f7f.jpg
518,http://www.terriermastiff.com/germanshepherd/germanshepherdpolicedog/?action=image
519,http://farm1.static.flickr.com/78/188001807_ff5535b270.jpg
520,http://farm2.static.flickr.com/1378/1130287868_b894aa0344.jpg
521,http://farm2.static.flickr.com/1048/654012706_8c19eb7e78.jpg
522,http://farm2.static.flickr.com/1026/694404885_677e60adc5.jpg
523,http://kwdiinc.com/images/forsale/feb-2007/atti-german-shepherd-dog-protection-KWDI.jpg
524,http://www.cyberpet.com/dogs/1dogimages/bryant1.jpg
525,http://farm1.static.flickr.com/21/26993856_879f8abbe9.jpg
526,http://farm1.static.flickr.com/206/508109879_2d06277707.jpg
527,http://www.carolinacommunities.com/photos/militarydogs1122.jpg
528,http://www.schooldog.com/img/dog_kind/GermanShepherdDog.gif
529,http://farm2.static.flickr.com/1090/1303983673_82c8d4ac2e.jpg
530,http://www.gotpetsonline.com/pictures-gallery/dog-pictures-breeders-puppies-rescue/german-shepherd-pictures-breeders-puppies-rescue/pictures/german-shepherd-0050.jpg
531,http://farm1.static.flickr.com/21/33340866_26f12c3956.jpg
532,http://www.vonfalconer.com/images/policetraining1.jpg
533,http://www.loveyourdog.com/images/gsddown.jpg
534,http://farm1.static.flickr.com/88/224057983_e439d7b020.jpg
535,http://farm1.static.flickr.com/176/459475412_b79f230e84.jpg
536,http://farm1.static.flickr.com/147/432483259_40694e5d8d.jpg
537,http://farm1.static.flickr.com/174/400085930_507097cd94.jpg
538,http://www.fckennel.com/extimages/p_Scout_von_Barren_Burg_II.jpg
539,http://www.qualitydogs.com/qdupimages/ad6039p1.jpg
540,http://www.ladysmaidjewels.com/Blog/athena.jpg
541,http://farm1.static.flickr.com/81/261664541_f35971f8b1.jpg
542,http://farm3.static.flickr.com/2141/2207514223_c9f726e2e2.jpg
543,http://farm3.static.flickr.com/2277/2224487966_6d2b0944e7.jpg
544,http://www.corsini.co.uk/fineart/images/prints/the%20shepherd.jpg
545,http://www.canadasguidetodogs.com/customergraphics/gsd_divon/ad_photo.jpg
546,http://www.gotpetsonline.com/pictures-gallery/dog-pictures-breeders-puppies-rescue/german-shepherd-pictures-breeders-puppies-rescue/pictures/german-shepherd-0267.jpg
547,http://lh3.google.com/_C0EnVrhDeB0/Rl36dnmLlCI/AAAAAAAAABM/DyDaPRuGmbA/s800/k9.gif.jpg
548,http://farm1.static.flickr.com/22/38265416_06abffd84d.jpg
549,http://www.migdale.com/db/1500/MIGDALE1500051.jpg
550,http://farm1.static.flickr.com/27/55630077_6396fad769.jpg
551,http://farm1.static.flickr.com/201/453151887_c520087717.jpg
552,http://www.champdogs.co.uk/images/k8642d1.jpg
553,http://farm2.static.flickr.com/1054/1310987071_a0514d5d68.jpg
554,http://static.flickr.com/5/5014121_e5e8ec353a.jpg
555,http://www.gsdca.org/jpegs/dobson_falco.jpg
556,http://www.secondchancebouvrescue.com/wolfie92103.jpg
557,http://www.cooldownunder.com/images/gup/black_magic_elijah_stand.jpg
558,http://farm2.static.flickr.com/1350/1333022514_7134b12c51.jpg
559,http://farm1.static.flickr.com/80/256618019_3103dcf6b6.jpg
560,http://www.highlandcanine.com/Images/Rickey%20Hooker.jpg
561,http://www.tkdogs.com/img/resources/breeds/german_shepherd.jpg
562,http://static.flickr.com/1074/529575447_7dd1bcb5df.jpg
563,http://farm2.static.flickr.com/1036/1353990767_e2e11a4011.jpg
564,http://espana.cittys.com/picanuncio/pic_ceuta-venta-animales-mascotas-Z--1118834017.jpg
565,http://static.flickr.com/1064/953771879_f58d937a13.jpg
566,http://www.elvalledorado.com/images/tessa1_jc_sanse03.jpg
567,http://www.kharmahaus.net/images/kharma1.bmp
568,http://bp3.blogger.com/_mdAQ-2OfZsM/RuciRinwNsI/AAAAAAAABfY/y9v1ZIEWOt4/s400/darwin+with+german+shepherd+puppy.jpg
569,http://farm3.static.flickr.com/2412/2200645804_2df72110e0.jpg
570,http://farm1.static.flickr.com/215/506688048_88e6db0f97.jpg
571,http://farm3.static.flickr.com/2178/2133264525_b4e0fcee02.jpg
572,http://farm2.static.flickr.com/1009/781414079_2c10fd8d6f.jpg
573,http://farm1.static.flickr.com/226/459519972_446df4e2da.jpg
574,http://farm1.static.flickr.com/87/261655844_06434da236.jpg
575,http://farm1.static.flickr.com/166/449269737_5229a0a1e4.jpg
576,http://farm2.static.flickr.com/1172/1282442054_0505c163db.jpg
577,http://farm1.static.flickr.com/58/201079400_5dab7ea1ac.jpg
578,http://farm2.static.flickr.com/1124/1119440872_56ed196f51.jpg
579,http://farm3.static.flickr.com/2189/2135807463_020b673c2e.jpg
580,http://farm1.static.flickr.com/152/420172656_79d0c3fd8b.jpg
581,http://farm3.static.flickr.com/2250/2091368211_89bc186482.jpg
582,http://farm2.static.flickr.com/1332/1118587175_fc13de647f.jpg
583,http://farm1.static.flickr.com/103/311193895_54de8b9e60.jpg
584,http://www.joostpeschier.nl/assets/pic_bekende_honden/pic_neptun.jpg
585,http://farm1.static.flickr.com/49/111565407_5522a28eb1.jpg
586,http://farm1.static.flickr.com/189/465834797_eb8323d794.jpg
587,http://www.rossgermanshepherds.com/images/ross-german-shepherd-puppies.jpg
588,http://farm1.static.flickr.com/155/421157887_777bd6d455.jpg
589,http://farm1.static.flickr.com/33/42442319_5af8a1cb5d.jpg
590,http://farm3.static.flickr.com/2249/2190273765_67935ac7d8.jpg
591,http://farm3.static.flickr.com/2378/2194016526_06528ae185.jpg
592,http://www.klgsd.com/idolcl3.jpg
593,http://farm1.static.flickr.com/136/392387224_a577173f26.jpg
594,http://german-shepherddog.com/images/vince1.jpg
595,http://farm1.static.flickr.com/149/409366101_0c7d8db8c6.jpg
596,http://farm2.static.flickr.com/1174/1231937213_2241d928e7.jpg
597,http://farm2.static.flickr.com/1424/845522704_c6dab2def7.jpg
598,http://www.k-9classifieds.com/k9-for-sale/images/50_2_t.jpg
599,http://farm1.static.flickr.com/39/82298042_4a124e3cf9.jpg
600,http://www.police.govt.nz/service/dogs/images/dog.jpg
601,http://farm2.static.flickr.com/1191/1350393191_3ba57c45ca.jpg
602,http://farm1.static.flickr.com/75/201117738_e65a45dfb7.jpg
603,http://nicepetsblog.com/wp-content/uploads/2007/06/german-2dshepherd-2d1-resize.jpg
604,http://farm1.static.flickr.com/216/459529183_f12a25ab77.jpg
605,http://www.breedersonline.co.uk/Dogs/Photos/Belgian-Shepherd-Dog-Tervueren.jpg
606,http://www1.istockphoto.com/file_thumbview_approve/1583043/2/istockphoto_1583043_german_shepherd.jpg
607,http://farm2.static.flickr.com/1396/1413769236_17ea9ef27c.jpg
608,http://www.traffordphotos.com/assets/images/German_Shepherd_Dog_9T072D-089.jpg
609,http://farm1.static.flickr.com/3/3570825_e74efb1150.jpg
610,http://farm1.static.flickr.com/171/378547269_73ec606faa.jpg
611,http://aphids.com/stan/photos/2003/camping/dogs_bluebonnets.jpg
612,http://www.kkc.or.kr/dogs/img/poster/he-GermanShepherdDog_1.jpg
613,http://www.globalk9group.com/images/ryan&callie16.jpg;
614,http://farm1.static.flickr.com/74/201111702_ea207975e4.jpg
615,http://farm1.static.flickr.com/40/124191079_04a62dbb77.jpg
616,http://farm2.static.flickr.com/1306/1350525692_c6a2243f32.jpg
617,http://www.whiteshepherdsaustralia.com/museum_rip.jpg
618,http://www.fleischerheim.com/images/ZorroSide3_6_19_07.jpg
619,http://farm1.static.flickr.com/125/378560161_4c3532c022.jpg
620,http://www.mthollykennels.com/images/DSC_0085.jpg
621,http://www.ydt.gr/main/images/photos/photo11106_dog4.jpg
622,http://www.montney.com/images/shep.jpg
623,http://farm1.static.flickr.com/49/190235180_c73fbd5cd9.jpg
624,http://farm2.static.flickr.com/1439/654003786_7997b3a8c2.jpg
625,http://www.dogcastradio.com/images/UncleMatty.jpg
626,http://www.myhappydog.com/pict/tegundir/german_shepard2.jpg
627,http://www.canine-epilepsy-guardian-angels.com/Rita_and_Wolf.JPG
628,http://www.gatorlandk9.com/images/Bennyboysopt.gif
629,http://farm2.static.flickr.com/1429/654001250_05473d07ef.jpg
630,http://farm1.static.flickr.com/236/444551953_3d74d3af33.jpg
631,http://farm1.static.flickr.com/40/81374894_e4b930bf98.jpg
632,http://farm2.static.flickr.com/1157/1415923000_3542e29280.jpg
633,http://farm1.static.flickr.com/185/431898317_f5d8b6b6a7.jpg
634,http://farm1.static.flickr.com/21/115089692_c423900ddf.jpg
635,http://farm1.static.flickr.com/141/372595525_a10a617ecc.jpg
636,http://farm1.static.flickr.com/57/186415881_cad1e505c0.jpg
637,http://lh3.google.com/_n7IqNh9oSdY/Rwz8x0Ew1PI/AAAAAAAACE4/OenWut8rfKE/s800/perla.JPG
638,http://www.banffyhaus.com/images/jill1web2.JPG
639,http://www.vomfieldcrestshepherds.com/images/german-shepherd-iekaLG.jpg
640,http://farm1.static.flickr.com/22/40210353_cb18ac7ecd.jpg
641,http://farm3.static.flickr.com/2170/2187788381_6c40124fb4.jpg
642,http://farm3.static.flickr.com/2377/2112188916_88fcd92df7.jpg
643,http://farm1.static.flickr.com/200/508303444_5272317c88.jpg
644,http://www.cowcats.com/BIO00000010760.png
645,http://www.royalair.org/einstien
646,http://farm1.static.flickr.com/21/29723673_049705ceb1.jpg
647,http://farm2.static.flickr.com/1180/1407914113_e6ce69fd59.jpg
648,http://farm3.static.flickr.com/2229/2232158318_99d2edc689.jpg
649,http://farm1.static.flickr.com/244/524242450_7f70010256.jpg
650,http://farm1.static.flickr.com/43/114880136_04fc791197.jpg
651,http://farm2.static.flickr.com/1030/653824176_9a564095af.jpg
652,http://static.flickr.com/24/48296044_d719a1f3d2.jpg
653,http://farm3.static.flickr.com/2365/2213285115_5c041780d3.jpg
654,http://www.police.wa.gov.au/Portals/11/dogsquad_pic.jpg
655,http://farm3.static.flickr.com/2193/2159127830_04a57653e9.jpg
656,http://farm1.static.flickr.com/106/265416554_8ec9eb1a55.jpg
657,http://farm1.static.flickr.com/87/245805876_2c43274fc4.jpg
658,http://farm2.static.flickr.com/1237/641824632_d44ed0756e.jpg
659,http://farm1.static.flickr.com/178/379555480_0da95a7390.jpg
660,http://static.flickr.com/2186/2072627263_f948df8114.jpg
661,http://static.flickr.com/2115/1799282638_585883bd50.jpg
662,http://farm1.static.flickr.com/219/444551839_cd2e9659f1.jpg
663,http://farm1.static.flickr.com/109/289638715_5493db97c1.jpg
664,http://www.wagandfetch.com/images/breeds/breed_german_shepherd_dog.jpg
665,http://www.dkimages.com/discover/previews/838/919524.JPG
666,http://farm1.static.flickr.com/74/199886820_5b23649727.jpg
667,http://static.flickr.com/163/347223855_3837264fd8.jpg
668,http://farm2.static.flickr.com/1397/654013118_b562f57370.jpg
669,http://petsfact.com/images/German-shepherd-dog---bigim.gif
670,http://byteshuffler.com/rospo/blog/uploaded_images/rolfsnow-730816.jpg
671,http://farm3.static.flickr.com/2079/2185311920_95a9478df5.jpg
672,http://farm1.static.flickr.com/61/177259784_6ace4ab84d.jpg
673,http://farm1.static.flickr.com/181/387260890_7066c750d9.jpg
674,http://farm1.static.flickr.com/93/256617399_f2b3521811.jpg
675,http://farm3.static.flickr.com/2045/2217108923_333075a175.jpg
676,http://farm2.static.flickr.com/1178/1354875956_4fec57c02e.jpg
677,http://farm1.static.flickr.com/13/18445009_65aea3a8cf.jpg
678,http://farm1.static.flickr.com/28/98808703_6f31011e89.jpg
679,http://farm3.static.flickr.com/2245/2111412257_879515a226.jpg
680,http://farm1.static.flickr.com/86/239259244_95c087b5d3.jpg
681,http://farm1.static.flickr.com/21/33340909_c5c4b76d51.jpg
682,http://farm2.static.flickr.com/1312/1348233411_62231960f2.jpg
683,http://farm1.static.flickr.com/109/312512974_9d5694aa4d.jpg
684,http://dl.wolfdog.org/pics/gallery/dogs/Erik_Krivoklatsky_Atos/Erik_Krivoklatsky_Atos1.jpg
685,http://farm3.static.flickr.com/2286/1882191472_01f2632ca4.jpg
686,http://farm2.static.flickr.com/1296/571398850_d876fb0a03.jpg
687,http://farm2.static.flickr.com/1297/1354875632_0442c9fc98.jpg
688,http://farm1.static.flickr.com/63/221255917_1b612d1da0.jpg
689,http://www.blackforestshepherds.net/pb/images/img8923458020aa2c968.jpg
690,http://espana.cittys.com/picanuncio/pic_bilbao-venta-animales-mascotas-Z--1440947690.jpg
691,http://farm1.static.flickr.com/54/139884706_4e48cf3932.jpg
692,http://farm1.static.flickr.com/52/136438916_e6db02c2fe.jpg
693,http://farm1.static.flickr.com/235/515051427_b049f2d77b.jpg
694,http://farm3.static.flickr.com/2160/2068048126_b4b4cb9e5e.jpg
695,http://farm1.static.flickr.com/69/201117220_a9cf9aa3a7.jpg
696,http://www.dkimages.com/discover/previews/793/90023859.JPG
697,http://www.familycompanions.com/images/famcompgs5.jpg
698,http://farm1.static.flickr.com/67/182485317_7074d669fe.jpg
699,http://farm1.static.flickr.com/184/459485827_dd955fdb2d.jpg
700,http://farm3.static.flickr.com/2183/1935266709_043a561403.jpg
701,http://farm1.static.flickr.com/71/194384195_78b297de54.jpg
702,http://farm1.static.flickr.com/220/501127350_b0665e2a52.jpg
703,http://farm1.static.flickr.com/97/227723876_757125e0a5.jpg
704,http://www.miperroovejeroaleman.com/Baco.jpg
705,http://www.jagermeistershepherds.com/images/ikke_awdf2006.JPG
706,http://www.banffyhaus.com/images/questohead.jpg
707,http://farm3.static.flickr.com/2403/1766169550_5b51f73219.jpg
708,http://www.fleischerheim.com/images/Sergio_Jr[1]._Side__2.jpg
709,http://www.ispca.ie/photos/photos-oct/lost_dogticknock.jpg
710,http://farm1.static.flickr.com/227/468883654_45c424f7a5.jpg
711,http://farm1.static.flickr.com/207/465219174_0877de9230.jpg
712,http://farm1.static.flickr.com/198/459653659_81669ef486.jpg
713,http://farm1.static.flickr.com/74/184825500_4ce359d308.jpg
714,http://farm3.static.flickr.com/2322/1802699986_16db3f298b.jpg
715,http://www.shawlein.com/The_Standard/13_Breed_Type/german_working.JPG
716,http://farm2.static.flickr.com/1374/653144027_d7dcf56b7d.jpg
717,http://farm2.static.flickr.com/1089/988339326_0e550d4596.jpg
718,http://farm2.static.flickr.com/1072/551841235_ff39dd2f08.jpg
719,http://farm1.static.flickr.com/190/440459708_e615c71edf.jpg
720,http://farm3.static.flickr.com/2037/2180647335_37abe18a00.jpg
721,http://farm3.static.flickr.com/2159/2131807950_ee598740a2.jpg
722,http://farm1.static.flickr.com/22/29330183_4ef7701a9a.jpg
723,http://farm3.static.flickr.com/2246/2232930868_dd253c38be.jpg
724,http://www.k9breedlist.com/images/Frances_McAdam_German_Shepherd_Dog.jpg
725,http://www.weyekins.com/Tobi%20Adie%20sleepy.jpg
726,http://static.flickr.com/69/200385624_e4fef0c561.jpg
727,http://farm1.static.flickr.com/102/312779497_a0a3ae5d21.jpg
728,http://farm1.static.flickr.com/190/458551263_588a470802.jpg
729,http://farm3.static.flickr.com/2176/2148936655_e13fc8fbc5.jpg
730,http://farm1.static.flickr.com/165/378560101_a5fd4a4e47.jpg
731,http://www.gotpetsonline.com/pictures-gallery/dog-pictures-breeders-puppies-rescue/king-shepherd-pictures-breeders-puppies-rescue/pictures/king-shepherd-0006.jpg
732,http://farm1.static.flickr.com/222/506035922_5ff3c5dc8a.jpg
733,http://farm1.static.flickr.com/60/162949540_ad3a2c1546.jpg
734,http://farm3.static.flickr.com/2068/2184361911_ea4929d9c8.jpg
735,http://www.mittelwest.com/german%20shepherd%20dog%20pictures/AirRyker3.jpg
736,http://farm3.static.flickr.com/2076/2213284623_b9737b8994.jpg
737,http://farm1.static.flickr.com/203/521263897_5899f240a2.jpg
738,http://farm1.static.flickr.com/174/399292022_8077219b15.jpg
739,http://www.germanshepherds.com/stories/dixie.jpg
740,http://farm3.static.flickr.com/2211/2230554855_09e3892b7b.jpg
741,http://static.flickr.com/35/70333982_c8bef66c7d.jpg
742,http://farm2.static.flickr.com/1027/653149935_8db6abb2e1.jpg
743,http://farm1.static.flickr.com/71/201084046_12eaa7a574.jpg
744,http://farm1.static.flickr.com/172/440465605_491969e136.jpg
745,http://farm1.static.flickr.com/74/197031150_b83875d8d4.jpg
746,http://farm2.static.flickr.com/1025/666304805_c76d552e76.jpg
747,http://farm1.static.flickr.com/58/201119767_5c1b388709.jpg
748,http://www.dogweb.nl/gsdgfx/german_shepherd_dog_6.jpg
749,http://farm2.static.flickr.com/1303/1042485996_69dd042061.jpg
750,http://farm3.static.flickr.com/2045/2185110866_83bfe42070.jpg
751,http://farm1.static.flickr.com/26/37696185_2411608863.jpg
752,http://farm1.static.flickr.com/169/465937600_08162f210c.jpg
753,http://farm1.static.flickr.com/32/46044716_2c48b736d0.jpg
754,http://farm1.static.flickr.com/56/135254927_356b1748cd.jpg
755,http://www.anypet.com/images/germanshepherd_rosehall.jpg
756,http://farm3.static.flickr.com/2274/2212208882_5ea0b89d5c.jpg
757,http://farm1.static.flickr.com/62/191696744_88fdb99b42.jpg
758,http://static.flickr.com/2264/1799281836_226b7ae649.jpg
759,http://farm1.static.flickr.com/139/327412092_eae305a4a8.jpg
760,http://www.kopek.us/german_shepherd.jpg
761,http://farm2.static.flickr.com/1085/1354872658_f7b3560afa.jpg
762,http://farm1.static.flickr.com/101/306866918_a254483748.jpg
763,http://farm1.static.flickr.com/159/414726370_0f53814c0a.jpg
764,http://images.jupiterimages.com/common/detail/55/14/23311455.jpg
765,http://farm1.static.flickr.com/76/173524697_e9bf107f70.jpg
766,http://www.canauladell.com/trabajo/arco%20present.jpg
767,http://farm3.static.flickr.com/2387/1799279704_69a619e090.jpg
768,http://farm1.static.flickr.com/114/271559666_83bd282d97.jpg
769,http://www.redwheeler.co.uk/images/pirate.jpg
770,http://www.kenyapolice.go.ke/images/GERMAN_SHEPHERD_DOG.jpg
771,http://farm1.static.flickr.com/25/67506496_d166fb9e06.jpg
772,http://www.steelcross-gsd.com/IMAGES/valour.jpg
773,http://farm1.static.flickr.com/206/440466676_d2fd5a0d32.jpg
774,http://images.jupiterimages.com/common/detail/74/14/23311474.jpg
775,http://www.gotpetsonline.com/pictures-gallery/dog-pictures-breeders-puppies-rescue/german-shepherd-pictures-breeders-puppies-rescue/pictures/german-shepherd-0346.jpg
776,http://www.fidofinder.com/dogpics/76479.jpg
777,http://farm1.static.flickr.com/169/462427883_3ceea2bbf0.jpg
778,http://static.flickr.com/2330/2052770438_3141ef45d6.jpg
779,http://farm1.static.flickr.com/50/112470282_58fb3ccd68.jpg
780,http://www.vondenblauenbergen.com/picturesgermanshepherddogs/bpuppy%20runs.jpg
781,http://www.pedigreedatabase.com/pictures/404595.jpg
782,http://farm1.static.flickr.com/48/116623883_5b5e7d207b.jpg
783,http://www.dogspain.com/dataimg/fotosDSC00005x.JPG
784,http://farm2.static.flickr.com/1157/1354875182_a3095168d1.jpg
785,http://farm1.static.flickr.com/66/214469897_5b61dd7621.jpg
786,http://farm2.static.flickr.com/1142/528143714_ad974f9a70.jpg
787,http://farm2.static.flickr.com/1164/525397424_82f47a0dd9.jpg
788,http://farm1.static.flickr.com/127/378545409_7c0b8b2879.jpg
789,http://www.gsdclubsd.org/images/shep_frame.jpg
790,http://www.jamakennels.com/rkz%20web%20027.jpg
791,http://farm3.static.flickr.com/2309/1799286790_50fadb99e7.jpg
792,http://farm2.static.flickr.com/1191/1003430423_cdc339f1a4.jpg
793,http://farm2.static.flickr.com/1404/653831434_0c9820868b.jpg
794,http://farm1.static.flickr.com/63/201078638_7f038f7764.jpg
795,http://farm1.static.flickr.com/209/516245477_4b535a2fff.jpg
796,http://farm1.static.flickr.com/1/2260985_b9cc503d8a.jpg
797,http://farm1.static.flickr.com/72/201083133_dd849fe4fa.jpg
798,http://farm3.static.flickr.com/2413/2231718706_1db182d351.jpg
799,http://farm1.static.flickr.com/66/201081272_2b93d7b820.jpg
800,http://farm2.static.flickr.com/1414/531525646_adc614c70a.jpg
801,http://www.dkimages.com/discover/previews/832/890502.JPG
802,http://www.putnam.k12.ga.us/pcms/teachers/wrakosnik/studentwebsites/fall2004/meganf/images/German%20dog.jpg
803,http://farm1.static.flickr.com/237/457195180_d566cd89a1.jpg
804,http://static.flickr.com/1137/1261073014_4790c985bc.jpg
805,http://farm1.static.flickr.com/251/521971893_6ed1384458.jpg
806,http://static.flickr.com/62/153903008_6cbf9dab14.jpg
807,http://www.leabashiba.com/youth.siegerin.jpg
808,http://www1.istockphoto.com/file_thumbview_approve/2307628/2/istockphoto_2307628_working_police_dog.jpg
809,http://farm2.static.flickr.com/1342/530445357_a393f8d158.jpg
810,http://farm2.static.flickr.com/1159/1194647764_6077ba427a.jpg
811,http://www.perrosmascotas.com/pastor_aleman/imagenes/pastor_cima.jpg
812,http://farm3.static.flickr.com/2413/2091411675_a89899b335.jpg
813,http://farm3.static.flickr.com/2076/2222053733_dee6c53573.jpg
814,http://farm1.static.flickr.com/162/357002333_425c36ac31.jpg
815,http://www.gsdrtx.com/images/Freedom%20and%20Dennis.jpg
816,http://www.adogshome.com/dogimages/riekoimages/riekoheadbreeding.jpg
817,http://farm2.static.flickr.com/1353/653827778_1d2f842256.jpg
818,http://farm3.static.flickr.com/2106/2212666502_aa96f2bd66.jpg
819,http://farm2.static.flickr.com/1321/652966599_b6b3d4953b.jpg
820,http://farm1.static.flickr.com/225/459472724_ebd3fee288.jpg
821,http://farm1.static.flickr.com/13/18004427_fa8acffa5a.jpg
822,http://farm1.static.flickr.com/77/201093310_40a4c5a7ef.jpg
823,http://farm3.static.flickr.com/2041/2206536566_99d99b60b4.jpg
824,http://farm2.static.flickr.com/1102/828542712_088b479503.jpg
825,http://farm1.static.flickr.com/57/201126949_84791e6705.jpg
826,http://static.flickr.com/41/76935988_b30ae106f2.jpg
827,http://farm3.static.flickr.com/2016/2149731840_68da5eea33.jpg
828,http://www.kateconnick.com/postcards/gsd0605e.jpg
829,http://farm3.static.flickr.com/2130/2113145011_ec2cf98edd.jpg
830,http://farm3.static.flickr.com/2045/2197149850_822c8aa405.jpg
831,http://farm1.static.flickr.com/122/305650304_4856f2e0cc.jpg
832,http://farm1.static.flickr.com/55/178030569_9b63bc782c.jpg
833,http://www.kolendakennels.com/images/Eike_000.jpg
834,http://www.petportraits.org/german_shepherds/german_shepherd_bruno_400h.jpg
835,http://www.k9breedlist.com/images/Kristi_Jacobs_German_Shepard_Dog.jpg
836,http://farm3.static.flickr.com/2112/2077713389_fc5dd066f3.jpg
837,http://farm1.static.flickr.com/252/459472844_ae2f7cf91a.jpg
838,http://www.vonhena-c.com/K9Pictures/K9-Max-1.jpg
839,http://farm1.static.flickr.com/31/95161165_f289ccbc58.jpg
840,http://farm1.static.flickr.com/117/291401181_679ad9908e.jpg
841,http://farm3.static.flickr.com/2029/2222848654_3b3e7a63f0.jpg
842,http://farm1.static.flickr.com/56/152101495_47981f1ff1.jpg
843,http://farm3.static.flickr.com/2416/1574121246_4246b2125f.jpg
844,http://newsimg.bbc.co.uk/media/images/41401000/jpg/_41401032_postdog416.jpg
845,http://farm1.static.flickr.com/28/58078602_5cbe55b9d7.jpg
846,http://dailypuppy.com/images/07/biggies/boo_bear_german_shepherd_saint_bernard_mix_17.jpg
847,http://farm1.static.flickr.com/152/394198423_3c5de13241.jpg
848,http://images.jupiterimages.com/common/detail/54/14/23311454.jpg
849,http://farm1.static.flickr.com/68/162949730_4a96e25f89.jpg
850,http://www.milouchouchou.com/milannu/inc/im_cat/166.jpg
851,http://farm3.static.flickr.com/2066/2231641039_d24260aaf8.jpg
852,http://farm1.static.flickr.com/123/376150369_48acf01b10.jpg
853,http://farm1.static.flickr.com/77/201094097_a7700800ca.jpg
854,http://farm1.static.flickr.com/15/68894395_126cf645dc.jpg
855,http://farm3.static.flickr.com/2409/2244754996_df00753cda.jpg
856,http://www.garcanada.bizland.com/sitebuildercontent/sitebuilderpictures/sara1.jpg
857,http://www.rogerinman.com/JPGImages/ShepherdCollie7x5.jpg
858,http://farm1.static.flickr.com/54/139805634_0f0e309692.jpg
859,http://farm1.static.flickr.com/178/384197731_405f5aae4b.jpg
860,http://static.flickr.com/219/493219225_97e0822a6c.jpg
861,http://www.puppyfind.com/breed/german_shepherd_dog/m_659095.jpg
862,http://farm1.static.flickr.com/40/117740091_fc5ac5f795.jpg
863,http://farm2.static.flickr.com/1040/1391414342_9794f42692.jpg
864,http://d1715014.u69.jodoshared.com/photos/3b/759x2_1.jpg
865,http://farm2.static.flickr.com/1165/805351610_78763cb346.jpg
866,http://farm1.static.flickr.com/21/39578237_4678e502de.jpg
867,http://www.gotpetsonline.com/pictures-gallery/dog-pictures-breeders-puppies-rescue/german-shepherd-pictures-breeders-puppies-rescue/pictures/german-shepherd-0070.jpg
868,http://www.tramellagsd.co.uk/images/Tramella_C1097-Ja07_2.jpg
869,http://farm1.static.flickr.com/170/459473222_eff7c524c4.jpg
870,http://farm2.static.flickr.com/1081/699970220_1dea800368.jpg
871,http://static.flickr.com/97/246100217_7094d138b4.jpg
872,http://farm3.static.flickr.com/2107/2032830434_8111b97600.jpg
873,http://www.k-9classifieds.com/k9-for-sale/images/47_1_t.jpg
874,http://www.columbiaanimalhospitalpa.com/_images/German_Shepherd_Dog.jpg
875,http://cablemodem.fibertel.com.ar/perropastoraleman/14.jpg
876,http://farm1.static.flickr.com/66/186417571_0281e78acc.jpg
877,http://farm2.static.flickr.com/1069/704782530_0ff56d7e37.jpg
878,http://farm3.static.flickr.com/2021/2158329483_f531625424.jpg
879,http://farm2.static.flickr.com/1373/1353988187_23534af52c.jpg
880,http://static.flickr.com/54/133200506_bf501eb207.jpg
881,http://farm1.static.flickr.com/14/19511971_2c401386df.jpg
882,http://farm1.static.flickr.com/38/119458615_04079b8230.jpg
883,http://farm2.static.flickr.com/1043/1174511597_2884feb252.jpg
884,http://farm2.static.flickr.com/1406/1425937976_41d3714726.jpg
885,http://farm3.static.flickr.com/2062/1841945096_1802fead0c.jpg
886,http://www.mascotissimo.com/wp-content/uploads/2007/04/pastor-aleman-01.jpg
887,http://static.flickr.com/242/521634930_ed1f329450.jpg
888,http://farm3.static.flickr.com/2303/2185311916_9420f25886.jpg
889,http://farm2.static.flickr.com/1376/1455049686_38860cb3d0.jpg
890,http://farm3.static.flickr.com/2099/1901580837_60011eed4b.jpg
891,http://farm1.static.flickr.com/98/368268541_0dc00e184d.jpg
892,http://farm1.static.flickr.com/62/227723909_c6f63b537d.jpg
893,http://farm3.static.flickr.com/2420/2138099347_e3f4c6ef94.jpg
894,http://www.20minutos.es/data/img/2006/06/21/468746_tn.jpg
895,http://upload.wikimedia.org/wikipedia/commons/thumb/1/10/German_Shepherd_Dog_with_disc.jpg/800px-German_Shepherd_Dog_with_disc.jpg
896,http://www.dogchannel.com/images/articles/breed_profile_images/german_shepherd_new.jpg
897,http://farm2.static.flickr.com/1359/652967047_86c1809632.jpg
898,http://farm3.static.flickr.com/2385/2052474249_6392beed15.jpg
899,http://farm1.static.flickr.com/30/67463428_2d6c74f3ef.jpg
900,http://farm3.static.flickr.com/2251/1677125185_8e3a8c6efa.jpg
901,http://www.truehaus.com/cat.jpg
902,http://farm3.static.flickr.com/2278/1766137592_064b7ea3b3.jpg
903,http://www.vonmathias.com/Photos/Eik
904,http://farm2.static.flickr.com/1087/1354872486_a772c747aa.jpg
905,http://farm2.static.flickr.com/1435/543101362_cb996f13c6.jpg
906,http://farm1.static.flickr.com/194/524208954_15197335a9.jpg
907,http://farm1.static.flickr.com/181/459520084_daf757d2a2.jpg
908,http://www.shepherdrescue.org/images/available_dogs/gretta1-4.jpg
909,http://farm2.static.flickr.com/1030/653164727_04353cab2b.jpg
910,http://farm1.static.flickr.com/205/459484279_191e0f9516.jpg
911,http://farm1.static.flickr.com/170/392892902_22a3612439.jpg
912,http://farm2.static.flickr.com/1068/1351702212_723e178c87.jpg
913,http://images.ciao.com/ies/images/products/normal/730/product-341730.jpg
914,http://farm1.static.flickr.com/209/488699769_e411811e11.jpg
915,http://www.tamazangsd.co.uk/uploads/images/pages/1img1.jpg
916,http://farm3.static.flickr.com/2396/1626032467_d55a69fab8.jpg
917,http://www.mbantiques.com/images/wm39.jpg
918,http://farm1.static.flickr.com/227/464285218_7caccc1de0.jpg
919,http://farm3.static.flickr.com/2142/2113932050_58d972d607.jpg
920,http://farm2.static.flickr.com/1345/652989457_c3c515e0fd.jpg
921,http://farm1.static.flickr.com/189/441272126_243e57aa3c.jpg
922,http://www.the-german-shepard-dog.com/154925_8133.jpg
923,http://farm3.static.flickr.com/2132/2232192938_80852e1cac.jpg
924,http://farm1.static.flickr.com/77/201132642_98fd5724d6.jpg
925,http://farm1.static.flickr.com/104/272725778_bac4a61c7d.jpg
926,http://www.sospulguitas.com.ar/imagenes/20-09/Lili.jpg
927,http://www.gotpetsonline.com/pictures-gallery/dog-pictures-breeders-puppies-rescue/german-shepherd-pictures-breeders-puppies-rescue/pictures/german-shepherd-0331.jpg
928,http://farm2.static.flickr.com/1291/654002312_6e66a29528.jpg
929,http://farm3.static.flickr.com/2123/1821076212_c559baf4c7.jpg
930,http://farm2.static.flickr.com/1148/1465623942_552bf5d626.jpg
931,http://www.pedigreesearch.co.uk/users/628/mid_xc2mvraudyt9.JPG
932,http://farm1.static.flickr.com/216/465226962_808e6bd795.jpg
933,http://www.dog-pictures.co.uk/images/DSC00218.jpg
934,http://farm1.static.flickr.com/164/362165425_916fb01693.jpg
935,http://www.itchmo.com/wp-content/uploads/2007/09/070926_dog_hydrant.jpg
936,http://farm2.static.flickr.com/1364/963069773_f9cd0e90a9.jpg
937,http://farm1.static.flickr.com/47/111565247_d794b781b8.jpg
938,http://farm1.static.flickr.com/68/201132161_803c82ff4e.jpg
939,http://farm1.static.flickr.com/177/378560154_44b997a3ae.jpg
940,http://farm1.static.flickr.com/149/401642174_b3a72eaeb0.jpg
941,http://farm1.static.flickr.com/204/508069903_045e33f17d.jpg
942,http://farm2.static.flickr.com/1209/866280322_329b61b992.jpg
943,http://farm1.static.flickr.com/219/459485933_cb40df213b.jpg
944,http://farm1.static.flickr.com/47/130933208_516f3c1083.jpg
945,http://www.banffyhaus.com/images/jill1web15.JPG
946,http://farm3.static.flickr.com/2036/1964960116_df3ebec711.jpg
947,http://www.kharmahaus.net/images/connie1.jpg
948,http://www.defendamerica.mil/images/photos/sep2003/index/ii092303j.jpg
949,http://www.champdogs.co.uk/images/l2393p1.jpg?1
950,http://farm2.static.flickr.com/1098/1353990423_b92a05c20c.jpg
951,http://www.gillsgermanshepherds.com/gallery/Dogs%202004%20013.jpg
952,http://farm1.static.flickr.com/69/202449953_39e7aadd25.jpg
953,http://farm1.static.flickr.com/148/378560145_45932b9d49.jpg
954,http://farm2.static.flickr.com/1237/1118600635_30a2dfaf47.jpg
955,http://farm3.static.flickr.com/2127/2203877919_c1a7599e2c.jpg
956,http://farm1.static.flickr.com/32/95180327_c8d07c6756.jpg
957,http://farm1.static.flickr.com/39/98426904_d6690be72d.jpg
958,http://farm1.static.flickr.com/169/394202753_6d5be694c5.jpg
959,http://farm2.static.flickr.com/1430/694404325_f5093059fd.jpg
960,http://static.flickr.com/129/350460491_8ffa1f63ca.jpg
961,http://www.dogcastradio.com/images/GermanShepherdDog.jpg
962,http://www.dog-breed-facts.com/ylang/es/images/German-Shepherd-.jpg
963,http://farm1.static.flickr.com/120/285062004_7987bea292.jpg
964,http://farm3.static.flickr.com/2283/1517183676_cce4ed66ce.jpg
965,http://farm1.static.flickr.com/31/98656348_03a3d82e4a.jpg
966,http://farm1.static.flickr.com/227/453111692_b5ed13c155.jpg
967,http://www.gillsgermanshepherds.com/gallery/blesk%20and%20frieda%20025.jpg
968,http://www.gotpetsonline.com/pictures-gallery/dog-pictures-breeders-puppies-rescue/german-shepherd-pictures-breeders-puppies-rescue/pictures/german-shepherd-0334.jpg
969,http://www.vomfieldcrestshepherds.com/images/german-shepherd-erika-puppies.JPG
970,http://www.pedigree.com.au/breeds/images/german_shepherd_02.jpg
971,http://www.do-behave.com/puppies/heidi_german_shepherd_01.jpg
972,http://farm1.static.flickr.com/43/122025231_c874bafbac.jpg
973,http://farm1.static.flickr.com/103/262275982_8364f9ecb4.jpg
974,http://farm2.static.flickr.com/1074/1353985893_cebefa6aed.jpg
975,http://www.dooziedog.com/dog_breeds/images/full/German-Shepherd-16.jpg
976,http://farm1.static.flickr.com/252/462385660_dc3ffdb297.jpg
977,http://www.dooziedog.com/dog_breeds/images/full/German-Shepherd-13.jpg
978,http://farm2.static.flickr.com/1328/1425065481_eebaafe60c.jpg
979,http://farm2.static.flickr.com/1247/867050941_829cb7d8c7.jpg
980,http://www.pets.ca/breedprofiles/a/germanshepherd/g2.jpg
981,http://farm1.static.flickr.com/215/493383521_f133ea2e54.jpg
982,http://www.free-images.org.uk/dogs/german-shepherd.jpg
983,http://farm1.static.flickr.com/157/372107363_3cf6ebe17c.jpg
984,http://farm3.static.flickr.com/2013/2113933046_ec94d30bd3.jpg
985,http://www.witmertyson.com/images/gs.jpg
986,http://farm1.static.flickr.com/198/440100896_2d8073f33d.jpg
987,http://farm1.static.flickr.com/28/49331824_b74b827942.jpg
988,http://ruffhauskennels.com/dogsforsale/axel.jpg
989,http://farm1.static.flickr.com/54/146274932_cd96859e12.jpg
990,http://farm1.static.flickr.com/148/358962934_6e22564bd4.jpg
991,http://farm3.static.flickr.com/2274/2077510385_7dd161d810.jpg
992,http://www.dogbreedinfo.com/images16/GermanShepherdDogChaseBall.jpg
993,http://www.homewardboundrescue.com/images/success_saffron.jpg
994,http://www.ogdencity.com/img/import/images/Cottrell%20Bandit.jpg
995,http://farm1.static.flickr.com/30/60673297_243e800db7.jpg
996,http://www.voncapiovi.com.ar/fotos1/braco3.jpg
997,http://farm1.static.flickr.com/23/37364182_c350fd7b41.jpg
998,http://farm2.static.flickr.com/1221/1359144982_0e4bfb724f.jpg
999,http://www.gotpetsonline.com/pictures-gallery/dog-pictures-breeders-puppies-rescue/german-shepherd-pictures-breeders-puppies-rescue/pictures/german-shepherd-0136.jpg
1000,http://farm1.static.flickr.com/54/143595251_0229b5a58b.jpg
1001,http://farm1.static.flickr.com/91/277964779_b7065bc1ed.jpg
1002,http://www.dogbreedinfo.com/images17/GermanShepherdKaizer3yearold.JPG
1003,http://static.flickr.com/91/208823738_2eaf122d8a.jpg
1004,http://farm3.static.flickr.com/2118/2232000630_9b41750ebf.jpg
1005,http://farm1.static.flickr.com/38/74733172_a2dc0cb703.jpg
1006,http://www.gillsgermanshepherds.com/gallery/DSC00818.jpg
1007,http://farm2.static.flickr.com/1330/977179237_4c702b12cc.jpg
1008,http://farm1.static.flickr.com/67/221256260_302b674f63.jpg
1009,http://farm1.static.flickr.com/231/465240424_62a440dbf9.jpg
1010,http://www.cuug.ab.ca/~animal/GermanShepherdWhite.jpg
1011,http://farm1.static.flickr.com/93/250669077_5710e0d6ed.jpg
1012,http://farm1.static.flickr.com/134/393428833_0b5c8a6604.jpg
1013,http://farm1.static.flickr.com/40/76356919_c649cdaf80.jpg
1014,http://www.gotpetsonline.com/pictures-gallery/dog-pictures-breeders-puppies-rescue/german-shepherd-pictures-breeders-puppies-rescue/pictures-photos/german-shepherd-0098.jpg
1015,http://farm2.static.flickr.com/1151/1388192411_bc31dbb929.jpg
1016,http://farm1.static.flickr.com/27/95171462_6f2c9ca038.jpg
1017,http://www.jamakennels.com/rkn%20web%20078.jpg
1018,http://farm1.static.flickr.com/124/328525869_0ec63a8480.jpg
1019,http://www.catbreedinfo.net/images2/GermanShepherdking1.jpg
1020,http://farm2.static.flickr.com/1177/652964003_73a8094bb2.jpg
1021,http://www.showmeshepherds.com/images/buddy/Buddy.jpg
1022,http://static.flickr.com/152/338966836_8dba0e919c.jpg
1023,http://farm3.static.flickr.com/2337/1798438477_47bfe854ab.jpg
1024,http://farm1.static.flickr.com/56/187755895_26f38b4865.jpg
1025,http://site.animalden.com/images/cj/12846.jpg
1026,http://farm1.static.flickr.com/191/480523571_42108b053a.jpg
1027,http://farm3.static.flickr.com/2109/1781431035_632b3b6b17.jpg
1028,http://farm1.static.flickr.com/119/263525100_bb8af6099d.jpg
1029,http://farm1.static.flickr.com/62/152713268_f825039a75.jpg
1030,http://farm1.static.flickr.com/126/397108788_0136dd84f8.jpg
1031,http://patadeperromx.blogia.com/upload/20071008232435-dsc01797.jpg
1032,http://farm2.static.flickr.com/1176/1416885557_f59725cb1c.jpg
1033,http://farm1.static.flickr.com/109/289616472_ff3429a058.jpg
1034,http://farm1.static.flickr.com/204/459475172_555e2908c5.jpg
1035,http://farm1.static.flickr.com/50/143595305_133940185d.jpg
1036,http://farm1.static.flickr.com/152/424033670_286ad2fd9e.jpg
1037,http://www.grandcanyongsd.com/images/1931Alsatian.jpg
1038,http://farm2.static.flickr.com/1251/1426770019_f154919bbc.jpg
1039,http://farm3.static.flickr.com/2296/2149707252_87c2dd1c6b.jpg
1040,http://farm1.static.flickr.com/115/256606293_25027cfe56.jpg
1041,http://www.gotpetsonline.com/pictures-gallery/dog-pictures-breeders-puppies-rescue/german-shepherd-pictures-breeders-puppies-rescue/pictures/german-shepherd-0044.jpg
1042,http://farm3.static.flickr.com/2360/1954169441_c1b4b3f34a.jpg
1043,http://farm1.static.flickr.com/71/201082183_10227d1c16.jpg
1044,http://farm1.static.flickr.com/195/511223463_f5aff92c1d.jpg
1045,http://farm2.static.flickr.com/1017/1498201834_9d86a748b3.jpg
1046,http://farm1.static.flickr.com/46/114271763_9fc91f0cdb.jpg
1047,http://www.costumedogs.com/wp-content/uploads/2006/07/07-16-2006b.jpg
1048,http://www.burnham-on-sea.com/barb/escape-05-g.jpg
1049,http://farm1.static.flickr.com/36/77712953_30e4c22a1e.jpg
1050,http://farm3.static.flickr.com/2403/2173299801_c7615a6ea6.jpg
1051,http://farm1.static.flickr.com/56/106882384_ff128d1834.jpg
1052,http://www.jjswain.com/images/shepherd.jpg
1053,http://img509.imageshack.us/img509/9423/2815f1401yl4.jpg
1054,http://farm2.static.flickr.com/1265/923569685_f7791298cf.jpg
1055,http://farm3.static.flickr.com/2083/1678137737_75fc2b2813.jpg
1056,http://farm3.static.flickr.com/2094/2245800384_4fa3ef7d3e.jpg
1057,http://www.fordoggielovers.com/images/Calendars/ZISBN2284-0.jpg
1058,http://farm2.static.flickr.com/1177/1056791159_308cd8f15e.jpg
1059,http://ccsgsd.com/Barett_and_Dad.JPG
1060,http://farm3.static.flickr.com/2084/2185311912_02d61a9dc2.jpg
1061,http://farm2.static.flickr.com/1299/1353988539_252cd07be0.jpg
1062,http://farm1.static.flickr.com/95/256603318_aaf84dfba7.jpg
1063,http://www.chewber.com/Images/german%20shepherd%20dog%20toy.jpg
1064,http://farm1.static.flickr.com/113/287552669_cd15ea213b.jpg
1065,http://farm2.static.flickr.com/1315/1307388568_0ae795f929.jpg
1066,http://farm1.static.flickr.com/42/95171358_7a0f1cc56b.jpg
1067,http://farm1.static.flickr.com/25/40370202_a9c4fc3cf2.jpg
1068,http://farm1.static.flickr.com/169/440463166_3c021133ce.jpg
1069,http://farm3.static.flickr.com/2028/2149710096_a090d83998.jpg
1070,http://farm1.static.flickr.com/53/137717311_7d81d984c9.jpg
1071,http://static.flickr.com/1062/1411482463_e62908f143.jpg
1072,http://farm3.static.flickr.com/2045/2222059497_51ee4bb8df.jpg
1073,http://farm1.static.flickr.com/121/255578642_f35be2c8ab.jpg
1074,http://dsgsdc.org/wynn.jpg
1075,http://farm1.static.flickr.com/25/42862878_a76c2feffa.jpg
1076,http://farm1.static.flickr.com/116/295209355_b8d960acc0.jpg
1077,http://lifeinlegacy.com/2004/0619/Kimbo.jpg
1078,http://www.gotpetsonline.com/pictures-gallery/dog-pictures-breeders-puppies-rescue/german-shepherd-pictures-breeders-puppies-rescue/pictures/german-shepherd-0289.jpg
1079,http://www.gotpetsonline.com/pictures-gallery/dog-pictures-breeders-puppies-rescue/german-shepherd-pictures-breeders-puppies-rescue/pictures/german-shepherd-0149.jpg
1080,http://farm3.static.flickr.com/2085/2070208494_a6cb55510a.jpg
1081,http://farm1.static.flickr.com/156/392196300_c0b23f4100.jpg
1082,http://farm1.static.flickr.com/26/47233927_401eeed16d.jpg
1083,http://farm1.static.flickr.com/210/508109833_25ad261fea.jpg
1084,http://farm1.static.flickr.com/223/464858813_34515c308f.jpg
1085,http://www.mercadolibre.com.ar/jm/img?s=MLA&f;=23821326_3819.jpg&v;=P
1086,http://www.gillsgermanshepherds.com/gallery/IMG_0117.jpg
1087,http://static.flickr.com/1133/529488826_4963183051.jpg
1088,http://farm1.static.flickr.com/7/7819956_1af3eaa492.jpg
1089,http://farm1.static.flickr.com/33/61090314_4ad02fb866.jpg
1090,http://farm1.static.flickr.com/51/171632871_d97ae77496.jpg
1091,http://members.shaw.ca/shershe/hand/chili.jpg
1092,http://farm2.static.flickr.com/1056/1185054346_91ccb2fc2d.jpg
1093,http://farm1.static.flickr.com/209/492405855_1210c6a286.jpg
1094,http://farm3.static.flickr.com/2245/2148918861_56801b7009.jpg
1095,http://farm3.static.flickr.com/2047/1509599919_ca1933aa5f.jpg
1096,http://farm1.static.flickr.com/84/236518934_c62a133077.jpg
1097,http://farm1.static.flickr.com/30/57184454_8c135e45b1.jpg
1098,http://farm1.static.flickr.com/33/39578236_2bacda4eba.jpg
1099,http://farm3.static.flickr.com/2115/2118261251_423134b75d.jpg
1100,http://www.leabashiba.com/puppy02.08.11.2003.jpg
1101,http://farm2.static.flickr.com/1376/534433854_bbf5337740.jpg
1102,http://www.gotpetsonline.com/pictures-gallery/dog-pictures-breeders-puppies-rescue/german-shepherd-pictures-breeders-puppies-rescue/pictures/german-shepherd-0193.jpg
1103,http://www.whisperingpineslabs.com/images/germanshepherdflag.jpg
1104,http://farm1.static.flickr.com/76/201129565_fb2ab3eab0.jpg
1105,http://farm3.static.flickr.com/2262/2138865240_c1a480cf36.jpg
1106,http://farm3.static.flickr.com/2250/1878387621_bd510f7f62.jpg
1107,http://farm3.static.flickr.com/2151/2148926799_e8fe5b67be.jpg
1108,http://farm1.static.flickr.com/25/40667745_604db08e88.jpg
1109,http://farm1.static.flickr.com/87/237741308_3680fc750a.jpg
1110,http://farm1.static.flickr.com/71/201077384_1bf726e14a.jpg
1111,http://www.dogsindepth.com/herding_dog_breeds/images/german_shepherd_h02.jpg
1112,http://farm3.static.flickr.com/2315/2166791529_dbaf24eb62.jpg
1113,http://farm2.static.flickr.com/1414/1497345659_35ed3aeeb9.jpg
1114,http://static.flickr.com/13/92819076_455a3c46f6.jpg
1115,http://www.vomfieldcrestshepherds.com/adult-german-shepherds-for-sale/german-shepherd-for-sale-arnie.jpg
1116,http://www.pupcity.com/images/adpics/05268083533108_1.jpg
1117,http://static.flickr.com/44/112176167_e7bacea3d3.jpg
1118,http://farm1.static.flickr.com/6/76935427_11df478933.jpg
1119,http://farm2.static.flickr.com/1082/1464763253_c8b739ba5a.jpg
1120,http://farm1.static.flickr.com/69/201074413_d8718e5a12.jpg
1121,http://www.champdogs.co.uk/images/k7963d1.jpg
1122,http://farm2.static.flickr.com/1132/537424303_5735595a9a.jpg
1123,http://farm1.static.flickr.com/159/398256867_136bd28d12.jpg
1124,http://farm1.static.flickr.com/187/440460900_1e8e13fb52.jpg
1125,http://farm2.static.flickr.com/1153/1201809707_c45dbf7ad4.jpg
1126,http://farm2.static.flickr.com/1156/1354871894_8b3197b2c1.jpg
1127,http://www.mittelwest.com/german%20shepherd%20dog%20pictures/fabian.jpg
1128,http://www.juliantrubin.com/encyclopedia/zoology/kelly_files/kelly6.jpg
1129,http://farm3.static.flickr.com/2065/1799287154_dbf4a7114f.jpg
1130,http://farm1.static.flickr.com/96/263415988_c0f3084b1e.jpg
1131,http://farm3.static.flickr.com/2212/2242831155_ae5c603c2a.jpg
1132,http://zooclub.biz/img/1/3/14/124/603/1233.jpg
1133,http://farm3.static.flickr.com/2037/2148930483_8112c55258.jpg
1134,http://www.kraftwerkk9.com/images/letters/cruzbb.jpg
1135,http://www.gotpetsonline.com/pictures-gallery/dog-pictures-breeders-puppies-rescue/german-shepherd-pictures-breeders-puppies-rescue/pictures/german-shepherd-0106.jpg
1136,http://farm1.static.flickr.com/92/227723848_9ca23e370f.jpg
1137,http://farm3.static.flickr.com/2231/2236450206_5f5be76b96.jpg
1138,http://www.total-german-shepherd.com/images/SableGSDstacked.jpg
1139,http://farm1.static.flickr.com/185/363447809_550d43cf95.jpg
1140,http://www.dogstuff.info/dwarfism_lanting_files/image005.jpg
1141,http://farm1.static.flickr.com/122/276432816_6c49fd51dd.jpg
1142,http://www.webindia123.com/pets/dog/picture/german.jpg
1143,http://static.flickr.com/83/224039495_a0713c10d4.jpg
1144,http://www.vongrunheideshepherds.com/images/policedogs/Nitro.jpg
1145,http://farm2.static.flickr.com/1322/1232801146_574db33b2e.jpg
1146,http://farm1.static.flickr.com/90/215406255_09a7d041a9.jpg
1147,http://farm1.static.flickr.com/57/221607624_ca6ab9f260.jpg
1148,http://www.bigpawsonly.com/dog-images/german-shepherd-picture.jpg
1149,http://farm2.static.flickr.com/1250/1130325898_6b3ba0d6a1.jpg
1150,http://www.dogweb.nl/gsdgfx/animalden0206.jpg
1151,http://static.flickr.com/2393/2050290403_5d61aa542b.jpg
1152,http://farm1.static.flickr.com/125/349453370_c9ef7bc445.jpg
1153,http://static.flickr.com/2149/2052653462_b99c4bf6fa.jpg
1154,http://farm1.static.flickr.com/81/214056770_97fe1104bb.jpg
1155,http://farm1.static.flickr.com/5/4678287_14828f2482.jpg
1156,http://farm3.static.flickr.com/2211/2224714208_217b661985.jpg?v=0
1157,http://www.fidofinder.com/dogpics/40135.jpg
1158,http://static.flickr.com/1050/1387351568_de92630a8e.jpg
1159,http://farm1.static.flickr.com/6/76357002_f109812dfe.jpg
1160,http://www.merlotschatz.com/images/dominik_head_study_rg2p.png
1161,http://farm1.static.flickr.com/15/22363899_a033a3e252.jpg
1162,http://farm3.static.flickr.com/2321/2176958330_5a8997d0b5.jpg
1163,http://www.nwk9.com/digitals/serge_011502g.jpg
1164,http://farm1.static.flickr.com/199/492467752_b0288481f8.jpg
1165,http://farm1.static.flickr.com/204/511199814_e69c1470c5.jpg
1166,http://static.flickr.com/1014/1412364782_0f26137253.jpg
1167,http://farm1.static.flickr.com/91/261666869_2fc90c96f9.jpg
1168,http://farm1.static.flickr.com/148/378560096_45dc371a4d.jpg
1169,http://farm1.static.flickr.com/75/190235447_f0dbec9bba.jpg
1170,http://farm3.static.flickr.com/2351/2149727192_ba33e0e636.jpg
1171,http://farm1.static.flickr.com/58/157325693_58eb92ccb7.jpg
1172,http://farm2.static.flickr.com/1128/738054303_e566b2e1a0.jpg
1173,http://farm1.static.flickr.com/49/139901856_dbe0a44ebc.jpg
1174,http://farm1.static.flickr.com/186/390285621_545a2c2619.jpg
1175,http://farm1.static.flickr.com/49/142517934_05ef19742a.jpg
1176,http://www.highlandcanine.com/Images/jake.jpg
1177,http://farm1.static.flickr.com/201/506066535_0e33b2ff82.jpg
1178,http://static.flickr.com/27/50572805_a1995e7d12.jpg
1179,http://www.k-9classifieds.com/k9-for-sale/images/93_3_t.jpg
1180,http://farm1.static.flickr.com/180/394195980_2aaac22906.jpg
1181,http://farm1.static.flickr.com/130/344692812_ad7f8edbab.jpg
1182,http://farm1.static.flickr.com/104/281322657_d20d29c7e7.jpg
1183,http://www.dogbreedinfo.com/images17/GermanShepherdDogRex3Years.jpg
1184,http://farm3.static.flickr.com/2285/2161869095_ab6eaf50e6.jpg
1185,http://farm1.static.flickr.com/85/206249734_d7a29eea5e.jpg
1186,http://farm1.static.flickr.com/243/451409048_20c25b98d1.jpg
1187,http://www.vomfieldcrestshepherds.com/images/german-shepherd-fendi.jpg
1188,http://farm2.static.flickr.com/1087/1114893794_6745580f71.jpg
1189,http://farm2.static.flickr.com/1219/543781284_de8f76dc7c.jpg
1190,http://farm2.static.flickr.com/1200/654009818_1b3086e987.jpg
1191,http://farm2.static.flickr.com/1411/821893480_f34601c3bf.jpg
1192,http://upload.wikimedia.org/wikipedia/commons/thumb/8/86/German_Shepherd_Dog_standing.jpg/800px-German_Shepherd_Dog_standing.jpg
1193,http://farm1.static.flickr.com/111/291928420_0ab1f8dc6a.jpg
1194,http://lh3.google.com/_C0EnVrhDeB0/Rl36gnmLlPI/AAAAAAAAAC0/SqKRoL6hPY0/s800/GSD%2520in%2520grass%2520Allposters.jpg
1195,http://farm3.static.flickr.com/2043/2180183897_aeeb64a027.jpg
1196,http://www.gotpetsonline.com/pictures-gallery/dog-pictures-breeders-puppies-rescue/german-shepherd-pictures-breeders-puppies-rescue/pictures-photos/german-shepherd-0212.jpg
1197,http://farm3.static.flickr.com/2360/1799285254_310b8a80a8.jpg
1198,http://farm1.static.flickr.com/178/440466539_3492b9f5d3.jpg
1199,http://cache.viewimages.com/xc/52382073.jpg?v=1&c;=ViewImages&k;=2&d;=17A4AD9FDB9CF193CC300C081D9F47007E954AE2901F3424D16DDC22991620F3A55A1E4F32AD3138
1200,http://farm1.static.flickr.com/100/309499220_ad888b9616.jpg
1201,http://my.opera.com/j.leigh/homes/blog/103_4736-1.JPG
1202,http://farm2.static.flickr.com/1400/1461393044_4d13d6c5aa.jpg
1203,http://static.flickr.com/1156/948797317_997bf66bce.jpg
1204,http://farm1.static.flickr.com/22/33648894_3280f8cb0f.jpg
1205,http://static.flickr.com/28/60455340_499f28cfc4.jpg
1206,http://static.flickr.com/1023/1327811935_a2f208972e.jpg
1207,http://www.gotpetsonline.com/pictures-gallery/dog-pictures-breeders-puppies-rescue/german-shepherd-pictures-breeders-puppies-rescue/pictures/german-shepherd-0246.jpg
1208,http://www.dooziedog.com/dog_breeds/images/full/German-Shepherd-8.jpg
1209,http://farm2.static.flickr.com/1386/1354868330_39b93b9516.jpg
1210,http://farm1.static.flickr.com/103/311178304_5e16544a3d.jpg
1211,http://farm1.static.flickr.com/58/201075905_6020460b22.jpg
1212,http://farm3.static.flickr.com/2153/2186110928_e6ca08c0b1.jpg
1213,http://farm3.static.flickr.com/2045/2058894341_5a68a5d8c4.jpg
1214,http://farm1.static.flickr.com/141/343978807_87def43222.jpg
1215,http://www.louisaonline.com/images/german-shepherd.jpg
1216,http://farm1.static.flickr.com/54/137865313_ed2b04901c.jpg
1217,http://www.gotpetsonline.com/pictures-gallery/dog-pictures-breeders-puppies-rescue/german-shepherd-pictures-breeders-puppies-rescue/pictures/german-shepherd-0183.jpg
1218,http://farm1.static.flickr.com/162/401642187_5ed9c7b589.jpg
1219,http://www.k9breedlist.com/images/Rosemarie_Davis_German_Shepherd_Dog.jpg
1220,http://www.petstreet.co.uk/images/pets/1669/profile.jpg
1221,http://farm1.static.flickr.com/150/388222812_6eecb82864.jpg
1222,http://www.mercattel.com/fotos_new/0709a/pastor-aleman-para-monta-gratis-314171a.jpg
1223,http://www.fleischerheim.com/images/JulevomStarkenburg_Blick12_05_06.jpg
1224,http://farm1.static.flickr.com/182/427716655_a5a8dd1cf1.jpg
1225,http://farm2.static.flickr.com/1373/531526050_62a579a001.jpg
1226,http://www.leerburg.com/Photos/shane5.jpg
1227,http://farm1.static.flickr.com/23/41122586_d168a225f4.jpg
1228,http://farm1.static.flickr.com/177/459485381_406e324448.jpg
1229,http://www.gsdpups.com/Ursa.jpg
1230,http://farm1.static.flickr.com/184/442569547_1e4eb8cd9f.jpg
1231,http://farm1.static.flickr.com/32/35440806_9ec2dcf026.jpg
1232,http://farm3.static.flickr.com/2175/1510457580_67339cbf8f.jpg
1233,http://static.flickr.com/42/118420194_fad9fa5b06.jpg
1234,http://farm3.static.flickr.com/2368/2193958796_a820c48f6b.jpg
1235,http://farm1.static.flickr.com/141/339276454_f03ad97a89.jpg
1236,http://www.gsdpups.com/Possh_Head_3.jpg
1237,http://farm1.static.flickr.com/67/201118754_cb771d1539.jpg
1238,http://farm1.static.flickr.com/200/459483091_a0bfd6777d.jpg
1239,http://farm3.static.flickr.com/2326/2087031740_2f590ce1b8.jpg
1240,http://www.gotpetsonline.com/pictures-gallery/dog-pictures-breeders-puppies-rescue/german-shepherd-pictures-breeders-puppies-rescue/pictures/german-shepherd-0260.jpg
1241,http://farm2.static.flickr.com/1290/1200143558_041a01780a.jpg
1242,http://www.megawallpapers.org/wallpapers/33/3320/thumb/320_German_Shepherd_Dog_01.jpg
1243,http://farm1.static.flickr.com/98/376299427_baf234fe90.jpg
1244,http://dogs.lovetoknow.com/wiki/images/Dogs/thumb/e/eb/German_Shepherd_Dog.jpg/300px-German_Shepherd_Dog.jpg
1245,http://img.myyearbook.com/zenhex/images/quiz1/1189/res1.jpg
1246,http://farm1.static.flickr.com/31/64509660_498ca071c5.jpg
1247,http://farm1.static.flickr.com/251/453111670_51433dc173.jpg
1248,http://farm1.static.flickr.com/202/465940247_4adf2c0ac6.jpg
1249,http://farm2.static.flickr.com/1133/1398789894_34bfbbe192.jpg
1250,http://farm1.static.flickr.com/33/49390408_5da19d50fc.jpg
1251,"http://www.vondenblauenbergen.com/2004pictures/Ziska,Randy%20PA.jpg"
1252,http://www.kharmahaus.net/images/katie1.bmp
1253,http://farm3.static.flickr.com/2407/2123752746_42ea13d1c0.jpg
1254,http://cc.usu.edu/~nancyr/gsd/cali.jpg
1255,http://farm1.static.flickr.com/48/128000603_bc8b268080.jpg
1256,http://www.herts.police.uk/specialists/images/leaping_dog.jpg
1257,http://farm1.static.flickr.com/207/487762753_dc32c08795.jpg
1258,http://www.gotpetsonline.com/pictures-gallery/dog-pictures-breeders-puppies-rescue/german-shepherd-pictures-breeders-puppies-rescue/pictures/german-shepherd-0057.jpg
1259,http://farm1.static.flickr.com/252/451448960_8dd50cfa4c.jpg
1260,http://farm1.static.flickr.com/55/158677279_70d35fba69.jpg
1261,http://z.about.com/d/dogs/1/0/V/o/2/delano_gsd_delana.jpg
1262,http://farm2.static.flickr.com/1364/1497331775_093d0cdf56.jpg
1263,http://farm3.static.flickr.com/2319/1922235185_76484984a2.jpg
1264,http://farm2.static.flickr.com/1206/978179538_232e99414a.jpg
1265,http://farm1.static.flickr.com/228/491988987_f2d0b7f44e.jpg
1266,http://farm1.static.flickr.com/49/138197659_e3a15231cb.jpg
1267,http://farm1.static.flickr.com/141/337605886_c07f75baa8.jpg
1268,http://farm1.static.flickr.com/43/99807674_c197baf8fa.jpg
1269,http://farm2.static.flickr.com/1031/1426186424_e7fba70bf2.jpg
1270,http://farm1.static.flickr.com/92/241264619_e228159f5f.jpg
1271,http://farm1.static.flickr.com/171/459473322_6fa327d7e9.jpg
1272,http://farm1.static.flickr.com/66/178172760_40011e0487.jpg
1273,http://farm1.static.flickr.com/45/145176926_316d6a5ccf.jpg
1274,http://www.sottoshepherds.com/pb/wp_862013d4/images/img19510468a681899ecb.jpg
1275,http://www.champdogs.co.uk/images/k7265d1.jpg?1
1276,http://farm2.static.flickr.com/1089/1497364279_eaddf03bbd.jpg
1277,http://farm1.static.flickr.com/30/94683261_1790f573bf.jpg
1278,http://farm2.static.flickr.com/1019/1498223938_df899f3d09.jpg
1279,http://www.gotdogsonline.com/german-shepherd-pictures-breeders-puppies-rescue/pictures-photos/german-shepherd-0547.jpg
1280,http://static.flickr.com/24/99724295_d1f0c13c06.jpg
1281,http://www.gotpetsonline.com/pictures-gallery/dog-pictures-breeders-puppies-rescue/german-shepherd-pictures-breeders-puppies-rescue/pictures/german-shepherd-0294.jpg
1282,http://www.mrazovack9.com/images/references/dad_and_astor.jpg
1283,http://farm3.static.flickr.com/2175/2035505721_4a4d2d787f.jpg
1284,http://www.vondenkiefern.com/images/home_page.jpg
1285,http://www.shawlein.com/The_Standard/13_Breed_Type/ddr.JPG
1286,http://farm3.static.flickr.com/2274/1523328391_535133f947.jpg
1287,http://farm1.static.flickr.com/22/29723617_17d0cd728c.jpg
1288,http://farm1.static.flickr.com/193/505669096_7c96d8fda4.jpg
1289,http://www.lovemypet.com.au/images/168_body_picture.gif
1290,http://www.vomfieldcrestshepherds.com/adult-german-shepherds-for-sale/german-shepherd-for-sale-basco.jpg
1291,http://farm1.static.flickr.com/160/415272241_e3a30a0999.jpg
1292,http://farm1.static.flickr.com/81/261655840_647b002b0a.jpg
1293,http://farm1.static.flickr.com/159/375995321_9e8b757441.jpg
1294,http://farm1.static.flickr.com/45/191696748_bde265ac61.jpg
1295,http://www.germanshepherdrescue.co.uk/images/police-dog-Jake.jpg
1296,http://www.gotpetsonline.com/pictures-gallery/dog-pictures-breeders-puppies-rescue/german-shepherd-pictures-breeders-puppies-rescue/pictures/german-shepherd-0025.jpg
1297,http://farm1.static.flickr.com/85/261511634_9f2ab31dd6.jpg
1298,http://farm3.static.flickr.com/2232/2015010868_2cf64dfef6.jpg
1299,http://farm3.static.flickr.com/2316/2078313321_68912efd77.jpg
1300,http://farm1.static.flickr.com/175/459482871_6dbdfa71ce.jpg
1301,http://www.cooldownunder.com/images/dogs/black_magic_ali_sit.jpg
1302,http://farm1.static.flickr.com/23/32127865_047cd195d4.jpg
1303,http://farm1.static.flickr.com/60/201131222_15ba866790.jpg
1304,http://www.timeout.com/newyork/resizeImage/htdocs/export_images/626/626.x600.seek2.german.silo.jpg
1305,http://farm1.static.flickr.com/49/187767459_b3e7d61a59.jpg
1306,http://farm1.static.flickr.com/110/314830579_53b92547c4.jpg
1307,http://www.criavoncapiovy.com.ar/fotos/100B0790_Hanz.jpg
1308,http://www.guthrieinternational.com/bw-dog-attack-2.jpg
1309,http://farm3.static.flickr.com/2280/2148909707_25e4a6cff9.jpg
1310,http://farm1.static.flickr.com/74/201112176_37c0dc6f01.jpg
1311,http://www.gsdrescue.org.nz/yani-10.jpg
1312,http://www.pupcity.com/images/adpics/06131184420600_1.gif
1313,http://farm3.static.flickr.com/2336/2041004462_c695f842f1.jpg
1314,http://farm2.static.flickr.com/1139/1465621064_a4a1d4bc44.jpg
1315,http://farm1.static.flickr.com/75/201121694_6eb810ed4e.jpg
1316,http://static.flickr.com/1003/1412367976_210f6238b4.jpg
1317,http://farm2.static.flickr.com/1324/924306630_cad450e916.jpg
1318,http://farm3.static.flickr.com/2267/2149711518_4cbb83f3cc.jpg
1319,http://farm1.static.flickr.com/14/15467971_9310db8e4f.jpg
1320,http://www.susanharperartist.com/animals/dogs/germanshepherd/images/german-shepherd-dog-4.gif
1321,http://farm1.static.flickr.com/39/106212058_1b59f164fe.jpg
1322,http://webzoom.freewebs.com/owencountyemergencyservices/Grand%20Paws%20Photos/sadie.jpg
1323,http://farm1.static.flickr.com/21/95172748_4e7189efa8.jpg
1324,http://farm1.static.flickr.com/25/42551098_be76c05c8d.jpg
1325,http://farm1.static.flickr.com/26/42862070_9158aeaaa5.jpg
1326,http://farm1.static.flickr.com/161/421269220_3a97be3557.jpg
1327,http://farm3.static.flickr.com/2043/2044997084_3052d26792.jpg
1328,http://farm1.static.flickr.com/23/33990430_08ab1673b3.jpg
1329,http://www.best-dog-photos.com/images/White-German-Shepherd-3.jpg
1330,http://farm1.static.flickr.com/100/253375436_ecb7640702.jpg
1331,http://farm1.static.flickr.com/65/201093723_20e68597d5.jpg
1332,http://upload.wikimedia.org/wikipedia/commons/thumb/d/d6/GermanShep1_wb.jpg/300px-GermanShep1_wb.jpg
1333,http://farm1.static.flickr.com/75/217620625_dcf971c9eb.jpg
1334,http://farm3.static.flickr.com/2248/2184361907_1bc3a1bf77.jpg
1335,http://www.militaryworkingdog.com/history/chips.gif
1336,http://farm3.static.flickr.com/2289/1954166561_467046c00d.jpg
1337,http://farm2.static.flickr.com/1144/1353980769_bbbef20078.jpg
1338,http://farm1.static.flickr.com/43/115090944_a93a6afeec.jpg
1339,http://farm1.static.flickr.com/185/378546879_2ed1748ef2.jpg
1340,http://www.finepetportrait.com/images/Photographs/germanshepherd.jpg
1341,http://static.flickr.com/183/401642168_d69c8250b4.jpg
1342,http://farm1.static.flickr.com/38/76356787_a0cc7852be.jpg
1343,http://farm2.static.flickr.com/1342/1354872796_09961cdf95.jpg
1344,http://farm2.static.flickr.com/1177/666304817_ca6c522f46.jpg
1345,http://farm1.static.flickr.com/202/440465907_8bf4a6984e.jpg
1346,http://farm1.static.flickr.com/62/201127472_e6103adcd9.jpg
1347,http://www.lyjalu.com/images/uploaded/lyjaflycatherSM.jpg
1348,http://amores-perros.com/modules/PN_zClassifieds/myimages/12143.jpg
1349,http://farm2.static.flickr.com/1170/1354874366_c6deed71c5.jpg
1350,http://www.alaskagermanshepherds.com/vasco.jpg
1351,http://farm1.static.flickr.com/133/404640911_457e914c5e.jpg
1352,http://static.flickr.com/2373/2095137818_6fb2137b26.jpg
1353,http://farm1.static.flickr.com/22/33648896_fab85e4ea1.jpg
1354,http://www.pedigreedogs.co.uk/images_breeds/german_shepherd.jpg
1355,http://farm1.static.flickr.com/33/95161341_6f4c46d99d.jpg
1356,http://farm3.static.flickr.com/2232/2236754658_b24226fcae.jpg
1357,http://static.flickr.com/1427/536310030_c6b2b933b6.jpg
1358,http://www.petsinpastel.com/strad.jpg
1359,http://farm2.static.flickr.com/1138/1202916530_c68d2848a3.jpg
1360,http://farm2.static.flickr.com/1341/533128075_ef245028d8.jpg
1361,http://farm1.static.flickr.com/87/256618848_a53632eb1e.jpg
1362,http://farm1.static.flickr.com/121/364094930_31eb0f4476.jpg
1363,http://www.brightstargsd.org/dogimages/indyweb12.jpg
1364,http://farm2.static.flickr.com/1411/882567864_d1bd720231.jpg
1365,http://farm1.static.flickr.com/158/360594809_dfef90a3d5.jpg
1366,http://farm1.static.flickr.com/10/16149094_0edfa49795.jpg
1367,http://farm1.static.flickr.com/89/261664536_8a92185788.jpg
1368,http://images3.wikia.nocookie.net/furry/images/thumb/a/aa/German_Shepherd.JPG/180px-German_Shepherd.JPG
1369,http://farm3.static.flickr.com/2065/2148920491_67222fdd6c.jpg
1370,http://www.ugsda.org/images/events/01_15_16_2005/zephyrs_adelaide_princess.jpg
1371,http://farm3.static.flickr.com/2363/2111412137_262f24514f.jpg
1372,http://farm1.static.flickr.com/152/390416126_b4418c72c5.jpg
1373,http://farm1.static.flickr.com/187/440460708_70c6d8d177.jpg
1374,http://www1.istockphoto.com/file_thumbview_approve/2472926/2/istockphoto_2472926_love_from_cat_to_dog.jpg
1375,http://farm2.static.flickr.com/1286/993046744_0065d3ede3.jpg
1376,http://www.arba.org/images/White_German_Shepherd.jpg
1377,http://farm1.static.flickr.com/228/453111754_43a68a12cf.jpg
1378,http://farm2.static.flickr.com/1189/1434783571_6ac0109205.jpg
1379,http://farm3.static.flickr.com/2203/1618491504_2b095fcc16.jpg
1380,http://farm1.static.flickr.com/113/272725679_d180ac3209.jpg
1381,http://farm1.static.flickr.com/234/453111722_050b2ab593.jpg
1382,http://farm1.static.flickr.com/44/111565541_c8ee33c226.jpg
1383,http://farm3.static.flickr.com/2201/2164921255_c827f22454.jpg
1384,http://farm1.static.flickr.com/121/256610657_8ad78207d6.jpg
1385,http://farm1.static.flickr.com/26/42442396_934b4309ec.jpg
1386,http://farm1.static.flickr.com/30/41940839_e6672242d3.jpg
1387,http://www.answersforyourhealth.com/jordan%20and%20bess.jpg
1388,http://farm2.static.flickr.com/1132/1345221124_c7271f6510.jpg
1389,http://farm2.static.flickr.com/1401/827722067_b353fa53e5.jpg
1390,http://farm2.static.flickr.com/1180/815365477_1de580b992.jpg
1391,http://farm1.static.flickr.com/151/413090740_b90f5a2827.jpg
1392,http://www.realpagessites.com/eastlincolnanimalhsp/nss-folder/scrapbook/shepherd.JPG
1393,http://farm1.static.flickr.com/228/479549565_4dd7e18aa9.jpg
1394,http://farm2.static.flickr.com/1398/978073820_dd21ba58f0.jpg
1395,http://farm2.static.flickr.com/1231/1301837493_938b31cb16.jpg
1396,http://farm1.static.flickr.com/27/39379669_01fe9cc268.jpg
1397,http://www.vomlauterbach.com/testimonial/yello_jump.jpg
1398,http://farm1.static.flickr.com/234/456969180_cf431528c6.jpg
1399,http://cache.viewimages.com/xc/77673467.jpg?v=1&c;=ViewImages&k;=2&d;=17A4AD9FDB9CF193E1B8CBC9EE11803D4EB34B10BC6FC258284831B75F48EF45
1400,http://farm1.static.flickr.com/68/201085714_d82bf7a321.jpg
1401,http://farm2.static.flickr.com/1038/654001810_a3fd7b8521.jpg
1402,http://www.shilohshepherddogs.com/random_pictures/pic2.jpg
1403,http://farm1.static.flickr.com/65/201108564_abe14950e2.jpg
1404,http://farm1.static.flickr.com/175/440448930_e327d52c2f.jpg
1405,http://www.puppydogweb.com/gallery/germanshepherddogs/germanshepherd_irina.jpg
1406,http://farm1.static.flickr.com/174/440463004_08ac0c8519.jpg
1407,http://farm2.static.flickr.com/1383/666304733_0c637148f3.jpg
1408,http://farm1.static.flickr.com/45/136550656_385dfe7f98.jpg
1409,http://static.flickr.com/2037/2023639045_69d6c24728.jpg
1410,http://www.campusanuncios.com/picanuncio/venta/venta-1828848149.jpg
1411,http://www.dallasnews.com/sharedcontent/dws/img/v3/08-02-2006.nn_02drugdog.GFR1ULBPS.1.jpg
1412,http://static.flickr.com/1084/1412309218_154cb3d496.jpg
1413,http://farm3.static.flickr.com/2102/2170586668_03ce0f4b9f.jpg
1414,http://farm2.static.flickr.com/1395/1190787678_e925cce8b3.jpg
1415,http://farm3.static.flickr.com/2217/2183032292_dd1981f981.jpg
1416,http://farm1.static.flickr.com/113/276432819_916c4caaac.jpg
1417,http://static.flickr.com/2060/2051231454_2f2330f80e.jpg
1418,http://www.vonvierashepherds.com/yahoo_site_admin/assets/images/ROCCO!!!!_005.211153813_std.jpg
1419,http://animalfirm.com/germanshep.jpg
1420,http://www.champdogs.co.uk/images/s2239p2.jpg
1421,http://farm2.static.flickr.com/1168/1353991633_c5e71684e8.jpg
1422,http://farm3.static.flickr.com/2315/2159127654_31450a3c9d.jpg
1423,http://www.truehaus.com/erik1.jpg
1424,http://farm1.static.flickr.com/21/30099870_c87e1aa80f.jpg
1425,http://bp3.blogger.com/_Ui-tGJ-vxpw/RwbsdSjijNI/AAAAAAAAAx0/EmHP4Lp5i2E/s320/German_Shepherd_long.jpg
1426,http://farm1.static.flickr.com/107/256526844_c4ce8563cf.jpg
1427,http://www.dogbreedinfo.com/images/germanshepherdface2.jpg
1428,http://farm1.static.flickr.com/138/394195964_f5718b27b4.jpg
1429,http://www.gillsgermanshepherds.com/dogs/bissey04.jpg
1430,http://farm1.static.flickr.com/53/109744111_63736490f4.jpg
1431,http://www.sparrkennels.com/images/siresanddams/lg_ruby.jpg
1432,http://farm1.static.flickr.com/246/520297388_8d630dc815.jpg
1433,http://www.vomfieldcrestshepherds.com/images/german-shepherd-quicke.jpg
1434,http://www.dooziedog.com/dog_breeds/images/full/German-Shepherd-21.jpg
1435,http://farm1.static.flickr.com/121/294959923_1dcb0434cc.jpg
1436,http://farm2.static.flickr.com/1032/775085831_4c266a33ed.jpg
1437,http://static.flickr.com/8/8724744_47b638e6fd.jpg
1438,http://farm1.static.flickr.com/98/256690944_0568bcaac4.jpg
1439,http://farm3.static.flickr.com/2345/2222846538_364ed8ce6b.jpg
1440,http://farm2.static.flickr.com/1389/1497346165_018d748d87.jpg
1441,http://farm1.static.flickr.com/138/363695311_8eac1f1cde.jpg
1442,http://farm3.static.flickr.com/2189/2111412341_49f33d3a47.jpg
1443,http://farm2.static.flickr.com/1345/1222411386_04c8d540e2.jpg
1444,http://www.olderhill.co.za/images/Home.jpg
1445,http://static.flickr.com/2153/2052001549_f4ad6f8491.jpg
1446,http://www.gsdcqld.org.au/ASTASIA%20GINGER.1.jpg
1447,http://farm1.static.flickr.com/203/487711423_cebd2f8fda.jpg
1448,http://www.terrierman.com/gsdamerican.JPG
1449,http://farm1.static.flickr.com/109/261666867_8cedbb808d.jpg
1450,http://library.thinkquest.org/CR0211900/dog_dictionary/sabrina2.jpg
1451,http://www.summitk-9.com/a3230001169397079-101496.jpg
1452,http://www.ilustrados.com/publicaciones/multimedia/ovejero07.gif
1453,http://farm1.static.flickr.com/172/371311923_cfa837a889.jpg
1454,http://farm1.static.flickr.com/227/453111674_b1de798456.jpg
