0,http://farm2.static.flickr.com/1230/1393862470_bb818be066.jpg
1,http://farm3.static.flickr.com/2202/1864728718_d4a6ebb4dc.jpg
2,http://farm3.static.flickr.com/2386/2157111558_846777834a.jpg
3,http://farm1.static.flickr.com/218/518661070_e7719fca0b.jpg
4,http://www.dogchannel.com/images/blog/711.png
5,http://2000dogs.com/photos/giantschnauzer_pdw.jpg
6,http://www.histylekennel.com/dogs/pheonix/main.jpg
7,http://farm2.static.flickr.com/1322/1319548669_6d45541685.jpg
8,http://www.giveusahome.co.uk/breederspages/allbreedsphotosdog/giantschnauzer.jpg
9,http://www.enelfenomen.com/lisa_uvod.jpg
10,http://farm1.static.flickr.com/162/432844770_58bdcf7330.jpg
11,http://farm1.static.flickr.com/30/102076228_7840d0b783.jpg
12,http://www.bekc.org/past/Bonnie.jpg
13,http://www.histylekennel.com/dogs/meme/main.jpg
14,http://farm2.static.flickr.com/1260/540562704_1bc31082a5.jpg
15,http://www.gentlyborn.com/g/reverence/tbReverence2.jpg
16,http://upload.wikimedia.org/wikipedia/commons/thumb/6/6f/Stablemaster's_NORTHERN_HOPE(Poznan2006).jpg/120px-Stablemaster's_NORTHERN_HOPE(Poznan2006).jpg
17,http://bowkids.hmc6.net/inuzukan/_img/giantshuwa_001.jpg
18,http://socalgiantschnauzerrescue.org/i/u/2172705/i/FAQ-working-Margot-t.jpg
19,http://www.giantschnauzerrescue.net/Bronte/Bronte.jpg
20,http://www.gentlyborn.com/g/puppies/Grinja_Cholja/tb3monthsFemale2_2.jpg
21,http://farm3.static.flickr.com/2230/1606419565_ef402d265d.jpg
22,http://www.dog-breeds.name/pictures/giant-schnauzer/giant-schnauzer-3tn.jpg
23,http://farm1.static.flickr.com/196/469215308_049bfe4990.jpg
24,http://www.dog-breeds-infosite.com/images/giantschnauzer2.jpg
25,http://www.midwestgiant.com/photos/main.jpg
26,http://www.pedigreedpups.com/images/gt-schnauzer.jpg
27,http://static.flickr.com/183/476817720_dae353a929.jpg
28,http://www.gentlyborn.com/g/mars/fun/tbMars3.jpg
29,http://www.petyourdog.com/images/dog%20breeds/giant_schnauzer.jpg
30,http://www.gentlyborn.com/g/lastik/tbLastik35.jpg
31,http://farm2.static.flickr.com/1083/610460647_e8399064b3.jpg
32,http://www.canadogs.com/images/SchnauzerGiadult2.jpg
33,http://farm2.static.flickr.com/1266/1366448763_05d0d49821.jpg
34,http://farm1.static.flickr.com/191/483840475_9fd5446758.jpg
35,http://wolferkennels.com/images/ICE&ARAVA-OUTSIDE.JPG;
36,http://farm1.static.flickr.com/190/475781787_0ebcbe5f9b.jpg
37,http://farm2.static.flickr.com/1047/1347914880_6404344149.jpg
38,http://xyberpet.com/terrier%20album/black%20schnauzer.JPG
39,http://farm3.static.flickr.com/2279/2100853743_07a32836f9.jpg
40,http://www.thesocialdiary.com/images/kimacolumn3%20(8).jpg
41,http://farm3.static.flickr.com/2070/2236884793_dc2630499f.jpg
42,http://farm3.static.flickr.com/2039/2157101148_c1d23c8cd2.jpg
43,http://www.skansen.com/giant/fame/truman.jpg
44,http://farm1.static.flickr.com/32/47687533_9fe8b2112a.jpg
45,http://www.vom-augustinen-kloster.de/assets/images/autogen/a_andrea4.jpg
46,http://www.puppysites.com/deluxe/fantac.jpg
47,http://www.breederretriever.com/photopost/data/700/medium/giant_schnauzer.jpg
48,http://farm3.static.flickr.com/2327/1864724750_aa1bbfc9c9.jpg
49,http://www.taras.ro/pictures/bm-2masc.jpg
50,http://www.champdogs.co.uk/images/k8174d1.jpg?2
51,http://www.petsonsale.com/members/darlene/ice1giantschnauzer.JPG
52,http://farm1.static.flickr.com/65/184680881_97d87d6c4c.jpg
53,http://farm2.static.flickr.com/1120/556249759_dbef6703ce.jpg
54,http://www.gentlyborn.com/g/grinja/dogGrinja3.jpg
55,http://farm2.static.flickr.com/1378/531751285_e08427f5fd.jpg
56,http://www.edreyesk9.com/gallery/FriendsAndClients/thumbs/selou.jpg
57,http://www.histylekennel.com/img/topleft/5.jpg
58,http://www.skansen.com/giant/fame/Katchina.jpg
59,http://farm1.static.flickr.com/170/484282596_4d80bbe532.jpg
60,http://static.flickr.com/143/317890120_536e519649.jpg
61,http://www.wizardsofpaws.com/SchnauzerVideo001_0001.jpg
62,http://farm1.static.flickr.com/231/518691529_53d70318b8.jpg
63,http://www.histylekennel.com/dogs/lexus/main.jpg
64,http://farm2.static.flickr.com/1223/1160100025_bae0e66247.jpg
65,http://www.appyhorsey.com/sitebuildercontent/sitebuilderpictures/princessleahstandfixed.jpg
66,http://farm2.static.flickr.com/1324/1365282448_8310d662a1.jpg
67,http://www.socalgiantschnauzerrescue.org/i/u/2172705/i/FAQ-working-Margot-t.jpg
68,http://farm2.static.flickr.com/1097/1120368308_644a44489f.jpg
69,http://farm1.static.flickr.com/59/184680633_7133792b9f.jpg
70,http://www.gentlyborn.com/g/lastik/tbLastik15.jpg
71,http://hungarian-pets.com/user_files/photo/dog_breed/standard_schnauzer.jpg
72,http://home.earthlink.net/~grandegs/sitebuildercontent/sitebuilderpictures/gr-r-02yosemite01.jpg
73,http://farm3.static.flickr.com/2303/1808332380_d8604426b2.jpg
74,http://triestekennel.com/gsd%20pics/Dax.JPG
75,http://www.acreaturecomfort.com/quincy.jpg
76,http://farm1.static.flickr.com/221/483053758_b0620c4d96.jpg
77,http://www.gentlyborn.com/g/puppies/Grinja_Cholja/tb3monthsFemale3_1.jpg
78,http://www.gentlyborn.com/g/mars/fun/tbMars9.jpg
79,http://www.buysell-classifieds.com/images/users/1612/img00000001.jpg
80,http://www.allpetbreeds.com/thumb/phpThumb.php?w=250&h;=250&src;=/poze/dog/dog-131.jpg&far;=1
81,http://farm1.static.flickr.com/14/14060460_441fea45ef.jpg
82,http://farm1.static.flickr.com/175/480664396_c167fb8b05.jpg
83,http://www.sidyboysfoolin.com/Photo_2004_6_14_22_28_45_edited.jpg
84,http://www.gentlyborn.com/g/lola/tbLola3.jpg
85,http://www.taras.ro/pictures/diabolo-m.jpg
86,http://farm3.static.flickr.com/2228/1606507429_004789b1f9.jpg
87,http://www.histylekennel.com/dogs/barbie/main.jpg
88,http://farm1.static.flickr.com/44/168336384_3d6e913b99.jpg
89,http://static.flickr.com/218/497263508_a212c5b38e.jpg
90,http://animal.discovery.com/guides/dogs/selector/gallery/2400b.jpg
91,http://furfection.com/breed_pictures/Giant_Schnauzer.jpg
92,http://www.gentlyborn.com/g/night/tbNight3.jpg
93,http://farm1.static.flickr.com/64/184681776_508843e0f9.jpg
94,http://farm3.static.flickr.com/2052/1863909053_07a2b17f9d.jpg
95,http://www.19dog.com/upload/0608/30/s115690207644980800.jpg
96,http://farm1.static.flickr.com/72/247245283_5eae1295d5.jpg
97,http://www.justdogbreeds.com/images/breeds/giant-schnauzer.jpg
98,http://farm1.static.flickr.com/166/427545742_8c8d773795.jpg
99,http://farm1.static.flickr.com/35/111874235_2defd20fa1.jpg
100,http://www.pupcity.com/images/adpics/06160152303288_1.jpg
101,http://farm1.static.flickr.com/123/309639094_20c3b72df8.jpg
102,http://www.lmdf.ca/fall/bestshow/2004/bisp_giant_schnauzer.jpg
103,http://www.histylekennel.com/dogs/tux/main.jpg
104,http://www.canadasguidetodogs.com/customergraphics/schnauzer_std1.jpg
105,http://www.skansen.com/giant/fame/tory.jpg
106,http://static.flickr.com/1232/918615543_9370feff21.jpg
107,http://static.flickr.com/2262/2084895035_79f3008048.jpg
108,http://farm2.static.flickr.com/1052/815179263_2650501ef4.jpg
109,http://www.kennels.co.uk/images/U.MiniatureSchnauzer.jpg
110,http://www.showdognet.com/kotka2004/21.jpg
111,http://www.kennels.co.uk/images/W.GiantSchnauzer.jpg
112,http://hem.bredband.net/b283214/pic/l/p2.jpg
113,http://www.gentlyborn.com/g/puppies/Grinja_Cholja/tb3monthsFemale1_3.jpg
114,http://hicotn.com/ss_grey2.jpg
115,http://ssjames.com/db1/00059/ssjames.com/_uimages/009_017.jpg
116,http://www.fordogonly.net/alldog/s5.jpg
117,http://farm1.static.flickr.com/50/138541121_401553f06f.jpg
118,http://static.flickr.com/1081/536508703_402e50cfb0.jpg
119,http://www.valleyanimalhospital.com/Gallery/March03/Gallery-Hoff03-28-03.JPG
120,http://farm3.static.flickr.com/2397/1523202775_bc007fde76.jpg
121,http://www.dogbreedinfo.com/images14/GiantSchnauzer12ArentIpretty6-22-05.JPG
122,http://www.gentlyborn.com/g/puppies/Grinja_Cholja/tb3monthsFemale1_1.jpg
123,http://www.traffordphotos.com/assets/images/Giant_Schnauzer.jpg
124,http://www.gentlyborn.com/g/lastik/tbLastik2.jpg
125,http://www.gotpetsonline.com/pictures-gallery/dog-pictures-breeders-puppies-rescue/giant-schnauzer-pictures-breeders-puppies-rescue/pictures-photos/giant-schnauzer-0007.jpg
126,http://www.gentlyborn.com/g/lastik/dogLastik1.jpg
127,http://www.canaryzoo.com/Dog%20Species/giant%20schnauzer.jpg
128,http://www.gotpetsonline.com/pictures-gallery/dog-pictures-breeders-puppies-rescue/giant-schnauzer-pictures-breeders-puppies-rescue/pictures-photos/giant-schnauzer-0011.jpg
129,http://www.triplecrownkennel.com/pals1.jpg
130,http://farm1.static.flickr.com/28/40239725_d6b421f80d.jpg
131,http://farm1.static.flickr.com/81/247040546_ea67075474.jpg
132,http://www.sidyboysfoolin.com/Breeders/EuropeaXsara.jpg
133,http://monkeyads.com/proofs/_32505_72578.jpg
134,http://www.keystonekennel.com/litters/cropped.jpg
135,http://www.showdog.com/Pictures/Dog/GianSchnauzer.jpg
136,http://static.flickr.com/174/493466432_6296f1a538.jpg
137,http://www.caini-ham.ro/descrieri/02molosi/07Schnauzer%20(3).jpg
138,http://www.spottedtennesseewalker.com/images/quinnhead.JPG
139,http://farm2.static.flickr.com/1403/725987689_496b0f8d35.jpg
140,http://www.gentlyborn.com/g/mars/fun/tbMars7.jpg
141,http://www.mtnhighminis.com/MaxBischoffer0507.jpg
142,http://www.dogguide.net/images/breeds/standardschnauzer.jpg
143,http://www.animalloverworld.com/dogs/images/180px-Mr.jpg
144,http://farm1.static.flickr.com/167/484284504_9fc8b16841.jpg
145,http://www.gentlyborn.com/g/mars/fun/tbMars4.jpg
146,http://www.hattensgiantschnauzers.com/images/charlie.jpg
147,http://www.gotpetsonline.com/pictures-gallery/dog-pictures-breeders-puppies-rescue/giant-schnauzer-pictures-breeders-puppies-rescue/pictures/giant-schnauzer-0006.jpg
148,http://farm3.static.flickr.com/2092/2139501529_0b6feb0e1a.jpg
149,http://static.flickr.com/199/497263876_95d1c90204.jpg
150,http://farm2.static.flickr.com/1263/536508711_c6af471406.jpg
151,http://image12.webshots.com/13/3/4/46/2518304460081127140wPHeuT_ph.jpg
152,http://www.ebiztutors.com/images/joe/Dive%20into%20Content%20Pool.jpg
153,http://www.montva.com/departments/sheriff/images/axar.jpg
154,http://petsonthenet.com/UNSERHUND/GiantSchnauzer1.jpg
155,http://farm1.static.flickr.com/41/78229925_bcae98a9f3.jpg
156,http://www.cornertoys.com/photos/md00-4857-1.jpg
157,http://www.skansen.com/mini/atskansen/Toysrus.gif
158,http://farm1.static.flickr.com/36/81545594_6f08881cf2.jpg
159,http://www.gentlyborn.com/g/puppies/Grinja_Cholja/tb3monthsMale2_1.jpg
160,http://www.superdogsportscenter.com/images/ObedienceGiantSchnOverBroadHelene.jpg
161,http://www.pets.ca/forum/attachment.php?attachmentid=2682&stc;=1&d;=1092697311
162,http://www.canadogs.com/images/SchnauzerGipups.jpg
163,http://farm1.static.flickr.com/176/419099536_8bee8bdde3.jpg
164,http://files.dogster.com/images/dogster/breeds/giant_schnauzer.jpg
165,http://farm1.static.flickr.com/206/492899910_fc2cc54504.jpg
166,http://www.taras.ro/news/data/upimages/dante-1.jpg
167,http://www.canineconnectionstraining.com/images/dodge2.jpg
168,http://farm1.static.flickr.com/182/484317471_9312b137d0.jpg
169,http://www.gopetsamerica.com/giant-schnauzer/giant-schna.jpg
170,http://www.classicgiants.com/puppies/Come_on_small.JPG
171,http://acmecanine.com/images/woofieweb.jpg
172,http://www.vsgiantschnauzerrescue.org/images/rascaldishes.gif
173,http://farm2.static.flickr.com/1237/725987513_f1b299b241.jpg
174,http://www.taras.ro/pictures/r-36.jpg
175,http://www.puppydogweb.com/gallery/giantschnauzers/giantschauzer_chelee.jpg
176,http://www.gentlyborn.com/g/motja/dogMotja.jpg
177,http://secure.terrificpets.com/images/uploads/07304222223244_1.jpg
178,http://www.histylekennel.com/dogs/ty/main.jpg
179,http://www.devrolijkeviervoeters.org/images/schnauzer08riesen.jpg
180,http://farm1.static.flickr.com/29/42508940_a37d9e0dde.jpg
181,http://farm2.static.flickr.com/1382/1374172294_a61572beb3.jpg
182,http://www.classicgiants.com/PearlxHausmannLlitter/Whats_in_this_bag_small.jpg
183,http://giantschnauzerclubofamerica.com/Rescue/Dogs/Maggie_May/Maggie_May.jpg
184,http://farm1.static.flickr.com/52/168336184_41bdb552fa.jpg
185,http://www.knittingbeyondthehebrides.org/gallery_files/g_patrice_chance_fairisle_b.jpg
186,http://www.mollyjones.com/gbreeds/gbreed%20pics/giantschnauzer.jpg
187,http://farm1.static.flickr.com/175/475769550_306aac90ea.jpg
188,http://static.flickr.com/93/215425551_40644e9bcb.jpg
189,http://farm1.static.flickr.com/59/184679122_879de8ee75.jpg
190,http://www.petpig.com/dog/dogs/Giant-Schnauzer.jpg
191,http://farm1.static.flickr.com/48/184679418_9e599699a7.jpg
192,http://farm2.static.flickr.com/1054/1056923472_652eb681b2.jpg
193,http://www.keystonekennel.com/dogs/photo/Vinney2003NationalsWE.jpg
194,http://www.taras.ro/pictures/vgf-1-viva.jpg
195,http://farm1.static.flickr.com/66/184679661_c8a866d90b.jpg
196,http://www.gentlyborn.com/g/roma/tbRoma2.jpg
197,http://static.flickr.com/1415/1277039617_4cb4d2b4f8.jpg
198,http://farm2.static.flickr.com/1382/534975620_e6e867f4a2.jpg
199,http://www.sustainable-gardening-tips.com/images/Mickey-for-the-website.jpg
200,http://static.flickr.com/1205/933415211_612508cb94.jpg
201,http://farm3.static.flickr.com/2387/2101635662_2e4e1848a2.jpg
202,http://farm3.static.flickr.com/2172/2093757103_ac031cc6e3.jpg
203,http://farm1.static.flickr.com/51/168336577_bd409dfeb8.jpg
204,http://farm1.static.flickr.com/48/166790363_270bddf332.jpg
205,http://farm1.static.flickr.com/103/309629829_383b5ae927.jpg
206,http://www.histylekennel.com/dogs/morpheus/main.jpg
207,http://farm1.static.flickr.com/24/51299816_7eaceae969.jpg
208,http://farm3.static.flickr.com/2380/2140280370_5b690600e3.jpg
209,http://www.gentlyborn.com/g/lola/shows/tbLola2.jpg
210,http://www.petplaystation.com/sitebuilder/images/reed-176x194.jpg
211,http://static.flickr.com/218/448981442_de95a61ff4.jpg
212,http://wkrg.com/media/original/news/cache/01-12-2008_schnauzer_200x152.jpg
213,http://www.barkingbiscuit.com/images/SmallBusphoto1.jpg
214,http://farm1.static.flickr.com/3/4223754_a70d033544.jpg
215,http://www.dolmaling.com/About%20us-filer/image042.jpg
216,http://farm1.static.flickr.com/21/31817827_daaa07a873.jpg
217,http://farm3.static.flickr.com/2151/2094529106_6b95316dd6.jpg
218,http://farm2.static.flickr.com/1144/919206423_8da705cf64.jpg
219,http://farm1.static.flickr.com/71/168336276_1e30433bc9.jpg
220,http://static.flickr.com/2181/2094528120_1a948cd16a.jpg
221,http://www.arbaq.se/bilder/luva_11v1.jpg
222,http://static.flickr.com/74/184665353_c96b4afb21.jpg
223,http://www.triplecrownkennel.com/puppy/arielsps3.jpg
224,http://www.midwestgiant.com/photos/doc1.jpg
225,http://farm1.static.flickr.com/155/369844722_b45f850194.jpg
226,http://www.magnagiantschnauzers.com/images/Copy%20of%20Rhea%20Slick%20pups%201%2010%2005%20052.jpg
227,http://www.doggoneglamorous.com/photos/dogtiles/D154%20GIANT%20SCHNAUZER%20CROPPED%20EARS.JPG
228,http://static.flickr.com/1257/1440100054_3d3b572d9d.jpg
229,http://farm1.static.flickr.com/120/300069613_5b557eb57a.jpg
230,http://static.flickr.com/49/184678994_11bff6c855.jpg
231,http://photocache.petfinder.com/fotos/ID11/ID11.8535745-1-pn.jpg
232,http://www.dogclub.co.uk/gallery/image/200604211549Schubert%201_thumb.jpg
233,http://www.giantschnauzerranch.com/imagelib/willowaom.jpg
234,http://static.flickr.com/78/188479679_d37d061851_o.jpg
235,http://static.flickr.com/51/142509844_10a218b1d0.jpg
236,http://www.histylekennel.com/dogs/hildy/main.jpg
237,http://www.taras.ro/pictures/r-49.jpg
238,http://www.ourdogs.co.uk/BreederDirectory/images/schnauzer-jafrak.jpg
239,http://static.flickr.com/63/184680360_9d5fe65d20.jpg
240,http://www.histylekennel.com/img/topleft/6.jpg
241,http://www.cyberdogsmagazine.com/rhoda.jpg
242,http://www.bestinshow.net/images/Tbowside2.jpg
243,http://img.tfd.com/wn/EA/615E0-giant-schnauzer.gif
244,http://static.flickr.com/53/142215678_ce26a5dc34.jpg
245,http://www.kiewelworkingdogs.com/images/forsale/feb-2007/zemil-giant-schnauzer-dog-protection-KWDI-01.jpg
246,http://www.hotpeel.com/content/schnau3.jpg
247,http://www.gentlyborn.com/g/lastik/tbLastik26.jpg
248,http://static.flickr.com/63/168336654_de23ad7d6d.jpg
249,http://www.dogsdomainindia.com/images/largedogs/gaintschnauzerblack.gif
250,http://www.dooziedog.com/dog_breeds/schnauzer_giant/main.jpg
251,http://www.histylekennel.com/dogs/diva/main.jpg
252,http://l.yimg.com/us.yimg.com/i/us/pets/brgd/great-dane.jpg
253,http://www.caini-ham.ro/descrieri/02molosi/07Schnauzer%20(2).jpg
254,http://farm1.static.flickr.com/32/36035922_ee06709e76.jpg
255,http://farm1.static.flickr.com/177/472671837_bd64d2af1e.jpg
256,http://static.flickr.com/1146/1319548685_437ae3e73b.jpg
257,http://bittbox.net/intro/intro.jpg
258,http://www.schnauzer-scapmans.com/Design/Assets/Images/Schnauzerguardsthesnowypath8.jpg
259,http://farm1.static.flickr.com/42/79223790_7a208f68cd.jpg
260,http://farm3.static.flickr.com/2190/1574118434_272cea3be0.jpg
261,http://farm1.static.flickr.com/206/495569754_5cc27780a0.jpg
262,http://e-dog.ru/include/image.inc.php?bs=Atlas&t;=image&c;=a_id&id;=742
263,http://static.flickr.com/31/38061066_ebc244424f.jpg
264,http://nergal.akcja.pl/morrigan.jpg
265,http://www.himaira.gr/picture_library/Giant%20Schnauzer.jpg
266,http://www.gentlyborn.com/g/roma/dogRoma1.jpg
267,http://static.flickr.com/102/302161033_8b5f7d9596.jpg
268,http://farm1.static.flickr.com/89/227394284_678493d60d.jpg
269,http://static.flickr.com/20/73286089_46877cfcda.jpg
270,http://www.geocities.com/snauceriai/Ri2.jpg
271,http://www.histylekennel.com/img/middle1/1.jpg
272,http://farm3.static.flickr.com/2056/1939029166_f537194b8e.jpg
273,http://www.kelador.com/images/abadon3.jpg
274,http://animal-photography.co.uk/thumbs/AP-0F4WI4-TH.jpg
275,http://farm1.static.flickr.com/172/432857392_e31c9af4b5.jpg
276,http://upload.wikimedia.org/wikipedia/commons/thumb/1/11/Standard_schnauzer.jpg/120px-Standard_schnauzer.jpg
277,http://static.flickr.com/87/282386034_9f72bd27db.jpg
278,http://farm1.static.flickr.com/1/184664690_9215f4c1c9.jpg
279,http://static.flickr.com/12/184682800_ecf618950c.jpg
280,http://static.flickr.com/52/178876694_e20e1536e0.jpg
281,http://www.keystonekennel.com/dogs/photo/rory.jpg
282,http://farm3.static.flickr.com/2145/1588198873_30cf28b940.jpg
283,http://static.flickr.com/138/384130759_d3ca6c5fb1.jpg
284,http://farm1.static.flickr.com/58/168336090_b60c9457a4.jpg
285,http://farm1.static.flickr.com/166/432856520_e7b391d0f6.jpg
286,http://farm1.static.flickr.com/115/292904965_133a0bef57.jpg
287,http://incolor.inetnebr.com/cmartist/photos/charlie.jpg
288,http://thumb17.webshots.net/s/thumb2/3/75/42/9337542PkwYWODYFR_th.jpg
289,http://farm1.static.flickr.com/192/488773664_9130d53dc4.jpg
290,http://farm1.static.flickr.com/241/514731053_69266e702d.jpg
291,http://static.flickr.com/2005/2093756075_1aa1c7c53e.jpg
292,http://farm1.static.flickr.com/80/237407381_17acba4d65.jpg
293,http://static.flickr.com/1323/1465794200_045e437c82.jpg
294,http://www.hattensgiantschnauzers.com/images/gaja2.jpg
295,http://www.skansen.com/giant/champions/Dockan.gif
296,http://www.dogzonline.com.au/images/profiles/07/01/19722_667.jpg
297,http://www.gentlyborn.com/g/chuck/tbChuck7.jpg
298,http://www.findapuppy.com/images/giantschnauzer2.jpg
299,http://farm2.static.flickr.com/1322/1044786640_38f5db72a1.jpg
300,http://www.dogchannel.com/images/blog/1283.JPG
301,http://www.valleyviewdogs.com/images/schnauzers/schnauzer-standard-molly.jpg
302,http://farm3.static.flickr.com/2117/2093755167_eddbb959e2.jpg
303,http://www.5stardog.com/gallery/images/Giant%20Schnauzer/7784702412123.JPG
304,http://farm1.static.flickr.com/217/483028555_b84ced2ab1.jpg
305,http://farm1.static.flickr.com/175/484283710_cd5e888ae0.jpg
306,http://blog.midnightsolo.com/_photos/Giant%20Schnauzer.thumb.jpg
307,http://farm1.static.flickr.com/73/161846435_396912bcd1.jpg
308,http://farm3.static.flickr.com/2276/2094528726_0c6f5c1530.jpg
309,http://www.bouviers.net/dogblog/images/sparky4.jpg
310,http://www.dogbreedinfo.com/images16/DoodlemanPinscherAlbertBeautiful.JPG
311,http://static.flickr.com/29/38059728_0b26b710d1.jpg
312,http://farm1.static.flickr.com/158/432853187_eb00bdd4d7.jpg
313,http://www.petstyle.com/images/breed_profiles/dogs/Giant_Schnauzer.jpg
314,http://www.skylinegiantschnauzer.com/Lensynatlsm.jpg
315,http://www.weightcircles.com/images/members/307775700ab6562559845ac933104c3e.jpg
316,http://farm1.static.flickr.com/66/168336859_3b2f7322fc.jpg
317,http://yourpethouse.com/images/Breeds/Giant_Schnauzer.jpg
318,http://farm1.static.flickr.com/83/247040545_b075fdf84b.jpg
319,http://www.ht-z.org/Dogs/Moose/DSC01621MooseAnders.jpg
320,http://farm1.static.flickr.com/116/309629834_e80c7613db.jpg
321,http://farm1.static.flickr.com/135/335652378_e0a9032b09.jpg
322,http://www.dogbreedinformation.com/images7/Giant_Schnauzer_11.jpg
323,http://farm3.static.flickr.com/2258/1592530536_ec6cf7f304.jpg
324,http://www.aolcdn.com/aolnews_photos/04/03/20060623111809990002
325,http://static.flickr.com/44/184679045_dc0c2baee0.jpg
326,http://farm3.static.flickr.com/2214/2094530440_9cb3777a24.jpg
327,http://farm2.static.flickr.com/1417/1484597704_690ce3c7ff.jpg
328,http://www.gentlyborn.com/g/mars/fun/tbMars5.jpg
329,http://static.flickr.com/1326/1278061192_3692800c97.jpg
330,http://www.giant-schnauzer-dogs.com/pictures-images-photos/giant-schnauzers-dogs-01.jpg
331,http://www.millercountrydogs.com/images/flags/sg_giant_schnauzer_12_flagt.jpg
332,http://www.sidyboysfoolin.com/BVESTINSWEEPSMAGNA1.jpg
333,http://pets-place.net/Breeds/GiantSchnauzerPhoto1.jpg
334,http://farm1.static.flickr.com/59/168336798_485b902f43.jpg
335,http://web.mac.com/sonomadogcamp/iWeb/sonomadogcamp/Camp%20Blog/245B6A94-0D4E-47B2-BA3E-1E5A2BE4A5F6_files/Bo_Bday.jpg
336,http://farm1.static.flickr.com/176/426634172_e38d263276.jpg
337,http://farm1.static.flickr.com/120/250347552_c843992a80.jpg
338,http://static.flickr.com/20/73286133_d50cd89fae.jpg
339,http://www.edog.net/breeds/imgs/StandardSchnauzerSpike13mthslookout.jpg
340,http://static.flickr.com/46/184682398_75e27abcbe.jpg
341,http://giantschnauzerclubofamerica.com/Information/Images/link_images/male1930.jpg
342,http://farm2.static.flickr.com/1181/1150836771_1354c318e1.jpg
343,http://www.ztartaku.com/images/suki/Gloris_bellona/IMG_0008.JPG
344,http://www.zehfussdogtraining.com/dogbreeding/img-giantschnauzer-7.jpg
345,http://farm1.static.flickr.com/58/168337083_115fecd9b4.jpg
346,http://web4.co.clackamas.or.us/DC/photos/19104.jpg
347,http://farm1.static.flickr.com/41/81970843_9cc06b85b7.jpg
348,http://giantschnauzer.krywufe.com/images/pinker/pinker%20for%20web.jpg
349,http://farm2.static.flickr.com/1325/1314718465_a12b51d2a3.jpg
350,http://farm3.static.flickr.com/2308/2140289794_e99a44fd55.jpg
351,http://www.pawfectchihuahuas.com/RusterGiants/naturalear.jpg
352,http://farm3.static.flickr.com/2058/2100853993_029758eb0f.jpg
353,http://farm1.static.flickr.com/227/492920115_1b02168dc4.jpg
354,http://www.histylekennel.com/dogs/sadie/main.jpg
355,http://www.petyourdog.com/images/dog%20breeds/giant_schnauzer2.jpg
356,http://farm3.static.flickr.com/2040/1588998108_bcd457b818.jpg
357,http://www.hattensgiantschnauzers.com/images/lucasgallery/lucas_portrait.jpg
358,http://static.flickr.com/35/73286308_de3c0aba9a.jpg
359,http://static.flickr.com/45/173565729_296bdb2951_b.jpg
360,http://www.paigemccarver.com/Photos/Berks/BerksCounty3.jpg
361,http://farm1.static.flickr.com/39/82452420_3bb1bda329.jpg
362,http://www.gentlyborn.com/g/dunja/tbDunja1.jpg
363,http://farm2.static.flickr.com/1027/920200554_694dda7323.jpg
364,http://www.dogbasics.co.uk/dogsitting/ourdogs/sam.jpg
365,http://farm1.static.flickr.com/22/38059828_f1d2b14604.jpg
366,http://farm3.static.flickr.com/2376/1592847282_74df00b187.jpg
367,http://www.giantschnauzerrescue.net/Euless/giantK.jpg
368,http://www.taras.ro/pictures/dharmas.jpg
369,http://l.yimg.com/us.yimg.com/i/us/pets/brgd/portuguese-water-dog.jpg
370,http://farm1.static.flickr.com/153/432859333_90458787fc.jpg
371,http://farm3.static.flickr.com/2398/2052330413_4259fb1844.jpg
372,http://static.flickr.com/69/197247905_f80ec24b01.jpg
373,http://www.schnauzers.home.ro/pictures/onix_head.jpg
374,http://escudokennel.com/handling/elan3.jpg
375,http://farm1.static.flickr.com/104/302161392_76f240479a.jpg
376,http://www.taras.ro/pictures/ottocap.jpg
377,http://www.gentlyborn.com/g/mars/fun/tbMars6.jpg
378,http://krywufe.com/images/all%20natural%20giant.jpg
379,http://www.skansen.com/giant/champions/YoYoMa.jpg
380,http://www.dog-names.org.uk/images/Standard-Schnauzer.gif
381,http://static.flickr.com/198/535751489_87786e94dd.jpg
382,http://www.gentlyborn.com/g/grinja/shows/tbGrinja1.jpg
383,http://static.flickr.com/1109/1308660352_05055bde18.jpg
384,http://www.riesenheim.com/images/puppy1.jpg
385,http://www.gentlyborn.com/g/motja/shows/tbMotja4.jpg
386,http://www.srdogs.com/Media/resc.taz.can.20060902.jpg
387,http://static.flickr.com/176/480666058_1a049e63e0.jpg
388,http://www.picpics.com/d/1122-3/2010800.JPG
389,http://farm1.static.flickr.com/92/247140564_dbada27ddf.jpg
390,http://www.k-9classifieds.com/k9-for-sale/images/182_2_t.jpg
391,http://farm3.static.flickr.com/2135/1826806988_5777f4481a.jpg
392,http://www.keystonekennel.com/dogs/photo/papa.jpg
393,http://home.earthlink.net/~grandegs/sitebuildercontent/sitebuilderpictures/halloween_dog.jpg
394,http://farm1.static.flickr.com/226/483840249_f2f0ec75c1.jpg
395,http://www.clingycanines.com/giantschnauzer210.jpg
396,http://www.skansen.com/giant/champions/leap.jpg
397,http://farm1.static.flickr.com/68/168336160_ac3aac5714.jpg
398,http://www.tanglewoodgiants.com/ladies/reba.jpg
399,http://static.flickr.com/61/184683031_50540045e7.jpg
400,http://farm1.static.flickr.com/156/432853078_fec76d176e.jpg
401,http://farm1.static.flickr.com/79/247040542_f514c239be.jpg
402,http://www.tanglewoodgiants.com/stud/bullet.jpg
403,http://nilenet.com/~gaska/sparky4.jpg
404,http://sternenhoch.schnauzer.cz/fotogalerie/zolik_25_2007/zolik228.jpg
405,http://promessegiantschnauzer.com/thoraatfivemonthss.jpg
406,http://static.flickr.com/1373/537894586_27c693f844.jpg
407,http://farm1.static.flickr.com/153/432849780_ef37b7a052.jpg
408,http://www.histylekennel.com/dogs/april/main.jpg
409,http://static.flickr.com/73/168337189_3ec4513685.jpg
410,http://farm3.static.flickr.com/2407/2182722458_5f49db9418.jpg
411,http://www.gentlyborn.com/g/spartak/dogSpartak1.jpg
412,http://www.dogbreedinfo.com/images18/GiantSchnauzerSpencer4Years.JPG
413,http://www.iowatelecom.net/~shasei/images/blackschnauzer.jpg
414,http://k.b5z.net/i/u/2172705/i/adopted-pict007-t.jpg
415,http://www.skansen.com/giant/fame/status.jpg
416,http://www.keystonekennel.com/dogs/photo/Rommel041003.jpg
417,http://farm1.static.flickr.com/1/184681524_abf6f34ca2.jpg
418,http://www.dog-breeds.name/pictures/giant-schnauzer/giant-schnauzer-4.jpg
419,http://static.flickr.com/199/483043068_d5b2b667dc.jpg
420,http://www.gentlyborn.com/g/lenka/dogLenka6.jpg
421,http://members.tripod.com/~alordrot/Jessie.jpg
422,http://www.dogtraining-sy.com/ashranwa/imgs/GiantSchnauzer.jpg
423,http://farm1.static.flickr.com/134/412255985_4e85cce8ce.jpg
424,http://z.about.com/d/dogs/1/0/U/v/2/matiscoot_schnau_shadow.jpg
425,http://static.flickr.com/56/109611393_15ba285aa2.jpg
426,http://farm3.static.flickr.com/2259/2094529214_6807f82c6c.jpg
427,http://farm1.static.flickr.com/206/483021058_d94ce744c9.jpg
428,http://www.hattensgiantschnauzers.com/images/shadow_nat_ch.jpg
429,http://www.slunecnipaprsek.com/hezy/1hezy.jpg
430,http://static.flickr.com/2013/2094528178_bbcc28d8a9.jpg
431,http://farm1.static.flickr.com/149/426632667_9ec83f9626.jpg
432,http://www.gentlyborn.com/g/reverence/dogRina4.jpg
433,http://www.coloradocathouse.com/GiSchn0470.jpg
434,http://static.flickr.com/137/355306010_ac808fed1d.jpg
435,http://farm3.static.flickr.com/2319/2052283263_f2c2075d61.jpg
436,http://farm2.static.flickr.com/1244/558942754_6607e6f2ff.jpg
437,http://farm3.static.flickr.com/2368/2156470785_fffc555675.jpg
438,http://www.schnauzerworld.com/giant/photo.jpg
439,http://farm3.static.flickr.com/2328/2052525399_956f1928be.jpg
440,http://static.flickr.com/1130/1320495236_0b23dcaa75.jpg
441,http://www.excaliburgiants.com/zorba%20group%201%20giant%20schnauzer%20okc%202001.jpg
442,http://www.histylekennel.com/dogs/ives/main.jpg
443,http://erbanst.com/sph.php?id=419&wd;=200&np;=1
444,http://www.kateconnick.com/postcards/gntschnauz.jpg
445,http://www.viarural.com.py/ganaderia/mascotas/fotografias-perros/schnauzer-gigante-03.jpg
446,http://farm1.static.flickr.com/175/426634094_16ed3598cd.jpg
447,http://www.brissard.ro/Portals/2/PropertyAgent/411/Images/89.jpg
448,http://www.giant-schnauzer-dogs.com/pictures-images-photos/giant-schnauzers-dogs-08.jpg
449,http://www.kiewelworkingdogs.com/images/forsale/feb-2007/tcha-giant-schnauzer-dog-protection-KWDI-01.jpg
450,http://farm1.static.flickr.com/150/432851382_aa16a03344.jpg
451,http://www.kiewelworkingdogs.com/images/forsale/feb-2007/jocco-giant-schnauzer-dog-protection-KWDI-01.jpg
452,http://farm1.static.flickr.com/20/72967822_aaab6aeac7.jpg
453,http://farm1.static.flickr.com/165/391223329_012d3fda1d.jpg
454,http://farm1.static.flickr.com/110/309629840_580fb75c19.jpg
455,http://www.dogzonline.com.au/images/profiles/61/12032_1408.jpg
456,http://static.flickr.com/2254/1903222566_e4b7bf07c4.jpg
457,http://www.tendercarepets.co.uk/images/Audrey%20Small.jpg
458,http://www.i-love-dogs.com/dog-breeds/images/Giant-Schnauzer.jpg
459,http://farm2.static.flickr.com/1095/902859708_d224e6671a.jpg
460,http://www.justusdogs.com.au/images/gisc.jpg
461,http://static.flickr.com/95/226443512_ea60b72f2a.jpg
462,http://promessegiantschnauzer.com/noriatfourmonthss.jpg
463,http://www.epetsstore.com/G_Breed_info/Giant_Schnauzer_Dog.jpg
464,http://farm3.static.flickr.com/2083/2212347048_3eb2b5f5c2.jpg
465,http://www.pvssc.org/images/New/2dogs.gif
466,http://farm2.static.flickr.com/1031/791345923_39634643dd.jpg
467,http://www.bluerosekennels.com/images/Gia-Schnz-Move-7118.jpg
468,http://www.brunotausz.com/images/schnauzer_giant.jpg
469,http://www.histylekennel.com/dogs/maggie/main.jpg
470,http://www.mybuddydog.com/gsch.jpg
471,http://home.arcor.de/rs-von-der-thelersaeule/english/images/dream_-_8.jpg
472,http://www.dog-breeds-infosite.com/images/giantschnauzer3.jpg
473,http://www.jkc.or.jp/event/img/dogshow/fci/2003/15.jpg
474,http://www.whiteschna.com/bbs/data/champ/giantschnauzer_copy.jpg
475,http://farm1.static.flickr.com/211/452510835_c1a099f987.jpg
476,http://www.dkimages.com/discover/previews/795/33497.JPG
477,http://farm3.static.flickr.com/2057/2062844899_e3a5d25ab9.jpg
478,http://static.flickr.com/75/156023620_8c9219ad3e.jpg
479,http://www.badenk9.com/imgs/breeds/black.jpg
480,http://www.stopthecrops.com/breeds/giantschnauzerprofile.jpg
481,http://voittaja.kennelliitto.fi/NR/rdonlyres/E518B718-0682-4E2C-80A1-7FAE02EE9698/1221/PMVFCI29.jpg
482,http://farm3.static.flickr.com/2050/1864750574_eea8a4bb18.jpg
483,http://www.gentlyborn.com/g/puppies/Grinja_Cholja/tb3weeks3.jpg
484,http://www.star1.org/images/photo_finlay5.jpg
485,http://www.giantschnauzerrescue.net/Alex/Alexmiddle.jpg
486,http://farm1.static.flickr.com/27/47692578_475c8087ef.jpg
487,http://farm3.static.flickr.com/2416/2139520453_198e837582.jpg
488,http://farm2.static.flickr.com/1330/919270507_c54721ef54.jpg
489,http://www.histylekennel.com/dogs/tori/main.jpg
490,http://www.smilinggiantschnauzer.com/sitebuildercontent/sitebuilderpictures/.pond/ElsaIvan.JPG.w300h155.jpg
491,http://www.vom-augustinen-kloster.de/assets/images/autogen/a_andrea3.jpg
492,http://farm1.static.flickr.com/91/247140559_26752593dd.jpg
493,http://www.histylekennel.com/dogs/daisy/main.jpg
494,http://www.taras.ro/news/data/upimages/zorro.jpg
495,http://www.dog-breeds.name/pictures/giant-schnauzer/giant-schnauzer-6.jpg
496,http://www.schnauzer-ar.com/vp/imagen/g000172.jpg
497,http://farm1.static.flickr.com/27/43295905_377f83c2f3.jpg
498,http://www.smilinggiantschnauzer.com/sitebuildercontent/sitebuilderpictures/.pond/Ivanhomepage.JPG.w180h163.jpg
499,http://farm1.static.flickr.com/182/426635512_7eb481c33f.jpg
500,http://nergal.akcja.pl/geruda.jpg
501,http://farm1.static.flickr.com/41/107437450_10cf9ea6ee.jpg
502,http://www.vetnovak.com/img/slucaj/13-1.jpg
503,http://www.giantschnauzerrescue.net/Foster/Foster1.jpg
504,http://www.anypet.com/breeds/giantschnauzer.jpg
505,http://farm2.static.flickr.com/1298/725907127_cf409467a8.jpg
506,http://www.mini-maksi.com/pic/foto/udacha_1.jpg
507,http://www.digitaldog.com/images/breeds/stschnauzer.jpg
508,http://farm2.static.flickr.com/1372/750987185_1ce3f03530.jpg
509,http://www.dog-breed-facts.com/images/Giant-Schnauzer/Giant-Schnauzer-big-2.jpg
510,http://l.b5z.net/i/u/6074341/i/Standard_Schnauzer_ezr.jpg
511,http://farm2.static.flickr.com/1283/540679311_a21845fc45.jpg
512,http://www.dog-breed-facts.com/images/Giant-Schnauzer.jpg
513,http://farm1.static.flickr.com/217/492917533_e91485bf54.jpg
514,http://www.sobachnick.com/img/giant-schnauzer_03.jpg
515,http://www.dogsindepth.com/working_dog_breeds/images/standard_schnauzer_v03.jpg
516,http://www.encore-editions.com/dogs/darling/thumb/thm_thm_giant%20schnauzer%20embed.jpg
517,http://www.canadasguidetodogs.com/customergraphics/giantschnauzer_1.jpg
518,http://farm1.static.flickr.com/1/2242411_49d28cb1bf.jpg
519,http://www.telegraph.co.uk/news/graphics/2007/12/04/daypix/dog-ice-whiskers.jpg
520,http://www.pichera.com/imgs/fichas/greco.jpg
521,http://farm2.static.flickr.com/1150/1407778861_6ab58ab646.jpg
522,http://farm2.static.flickr.com/1063/535096521_1dfceff5fb.jpg
523,http://farm2.static.flickr.com/1005/535095541_1222445391.jpg
524,http://static.flickr.com/178/402885447_374a9be75c.jpg
525,http://farm1.static.flickr.com/189/483055460_067e42e244.jpg
526,http://68.178.128.136/me/mascotas/perros/razas/todos/imagenes/181.jpg
527,http://www.gentlyborn.com/g/shows/Sweden14_16jul06/tbBIG.jpg
528,http://www.histylekennel.com/dogs/willow/main.jpg
529,http://www.gentlyborn.com/g/neron/dogNeron23.jpg
530,http://farm1.static.flickr.com/46/168336604_34cbdbf561.jpg
531,http://farm1.static.flickr.com/171/418340525_b55d7d09b3.jpg
532,http://farm2.static.flickr.com/1292/1320495246_72a183d13e.jpg
533,http://static.flickr.com/29/47687530_cd307df8e0.jpg
534,http://www.town-mall.net/pets/dogs/schnauzerG2.jpg
535,http://farm3.static.flickr.com/2079/1592654294_2800d3d025.jpg
536,http://farm3.static.flickr.com/2141/1806698164_4619c48c33.jpg
537,http://www.histylekennel.com/img/middle1/3.jpg
538,http://farm3.static.flickr.com/2286/2094528868_22ba20a3d6.jpg
539,http://www.draxpark.cc/images/lloydnPuppy.jpg
540,http://www.histylekennel.com/dogs/soda/main.jpg
541,http://www.animalforum.com/dbreed/images/zpdwogschn.jpg
542,http://www.champdogs.co.uk/images/l4791p1.jpg
543,http://www.schnauzersofga.com/Cinder2-medium.jpg
544,http://farm1.static.flickr.com/31/40747464_20fa190e4e.jpg
545,http://farm1.static.flickr.com/42/81970841_2fb3e145c5.jpg
546,http://farm2.static.flickr.com/1279/628383576_29de2c835c.jpg
547,http://farm3.static.flickr.com/2217/1864741366_f204e20367.jpg
548,http://www.gentlyborn.com/g/lastik/tbLastik7.jpg
549,http://www.fourfootedfriends.net/ProductImages/FCNxx/gschn.jpg
550,http://www.dogbreedinfo.com/images12/GiantSchnauzerDAN.JPG
551,http://farm1.static.flickr.com/58/168335999_46fdb1c006.jpg
552,http://farm3.static.flickr.com/2047/2075799901_d947e3e55e.jpg
553,http://www.blackgoldkennels.com/images/photo_bandit2.jpg
554,http://www.alley.com.cn/attachments/month_0609/tqiw_image021.jpg
555,http://farm3.static.flickr.com/2413/2094528564_88a6e94a2a.jpg
556,http://static.flickr.com/69/197247892_012965245e.jpg
557,http://farm1.static.flickr.com/77/184682210_b65b61e170.jpg
558,http://static.flickr.com/30/47692577_70ac43025e.jpg
559,http://www.thedogtrainingcompany.com/images/Tamas_001.JPG
560,http://www.gotpetsonline.com/pictures-gallery/dog-pictures-breeders-puppies-rescue/giant-schnauzer-pictures-breeders-puppies-rescue/pictures-photos/giant-schnauzer-0005.jpg
561,http://farm1.static.flickr.com/43/109611395_1d9ff823d6.jpg
562,http://farm1.static.flickr.com/185/484316865_15792d0a7e.jpg
563,http://farm1.static.flickr.com/32/47687534_c9622f4ac5.jpg
564,http://static.flickr.com/56/184680172_229a8cb04d.jpg
565,http://farm3.static.flickr.com/2140/2157122222_98c6eac095.jpg
566,http://www.riesenheim.com/images/males/ruger.jpg
567,http://www.showdog-magazine.com/Fiesta/pistol.gif
568,http://www.millercountrydogs.com/images/flags/sg_giant_schnauzer_1_flagt.jpg
569,http://www.kiewelworkingdogs.com/images/forsale/feb-2007/bank-giant-schnauzer-dog-protection-KWDI-01.jpg
570,http://farm2.static.flickr.com/1334/541498789_3f7bc94428.jpg
571,http://farm1.static.flickr.com/224/497293957_09adcbbaaa.jpg
572,http://farm2.static.flickr.com/1128/1187540288_8790fb9333.jpg
573,http://www.doggiesden.com/images/Mr%20Chips.JPG
574,http://farm1.static.flickr.com/196/483064917_462f333fda.jpg
575,http://www.gotpetsonline.com/pictures-gallery/dog-pictures-breeders-puppies-rescue/giant-schnauzer-pictures-breeders-puppies-rescue/pictures-photos/giant-schnauzer-0008.jpg
576,http://farm1.static.flickr.com/58/168337109_30514cef11.jpg
577,http://farm1.static.flickr.com/79/247081164_c1c6b13209.jpg
578,http://www.riesenstolz.com/Photos/A_Litter/Alfanz/060515_tera2_W.jpg
579,http://www.puppypurebred.com/images/Giant4.JPG
580,http://farm3.static.flickr.com/2222/2094529264_c0cac0cd24.jpg
581,http://farm2.static.flickr.com/1395/610951480_6f68f31a1a.jpg
582,http://www.gentlyborn.com/g/chuck/tbChuck3.jpg
583,http://www.skansen.com/giant/fame/Macroni.jpg
584,http://trufasnegras.com/fotospersonales/uma/1_200.jpg
585,http://www.vsgiantschnauzerrescue.org/images/klausbuddy.gif
586,http://farm2.static.flickr.com/1038/1301377959_46daef799f.jpg
587,http://krywufe.com/images/aldous/aldous_group2_2005.jpg
588,http://www.ztartaku.com/images/suki/prima/prima01.jpg
589,http://www.magnagiantschnauzers.com/images2/IMG_0089_small1.JPG
590,http://www.kkc.or.kr/dogs/img/poster/he-GiantSchnauzer_2.jpg
591,http://farm2.static.flickr.com/1079/534976578_66a95f499d.jpg
592,http://www.westminsterkennelclub.org/breedinformation/working/images/giantsch.jpg
593,http://www.trufasnegras.com/fotospersonales/uma/SchnauzerGigante_argentina.jpg
594,http://www.wildsidekerryblues.com/Eva_228x216.jpg
595,http://www.showdog-magazine.com/Fiesta/Sam/samson2.jpg
596,http://www.riewout.be/starnet/media/charlotte.jpg
597,http://farm2.static.flickr.com/1042/555960090_d6cc0393dc.jpg
598,http://www.shcwhj.com/pet/gian%20ranquan.jpg
599,http://farm3.static.flickr.com/2104/2182712580_1cab969499.jpg
600,http://static.flickr.com/59/168336046_04bb4ffade.jpg
601,http://www.ohnozone.net/061207d.jpg
602,http://www.riesenheim.com/images/males/mac.jpg
603,http://www.hotpeel.com/content/schnau4.jpg
604,http://www.histylekennel.com/dogs/morgan/main.jpg
605,http://farm1.static.flickr.com/150/392553501_3d720e240b.jpg
606,http://farm3.static.flickr.com/2006/1562042355_9efbf07daa.jpg
607,http://farm1.static.flickr.com/170/484316527_f398d67851.jpg
608,http://www.dkimages.com/discover/previews/948/25005240.JPG
609,http://www.tanglewoodgiants.com/ladies/Ebby.jpg
610,http://farm2.static.flickr.com/1388/1396350637_07696c9ae9.jpg
611,http://farm1.static.flickr.com/75/168336440_b74cd52f87.jpg
612,http://static.flickr.com/2052/2128405745_9e248e16ef.jpg
613,http://farm2.static.flickr.com/1003/540961819_bc653f9521.jpg
614,http://farm1.static.flickr.com/28/47687532_021b98cc3d.jpg
615,http://farm1.static.flickr.com/153/418340518_dd2909357d.jpg
616,http://farm1.static.flickr.com/25/47692579_27bca54249.jpg
617,http://www.mallardart.com/commissioned_art/images_fullsize/giant%20schnauzer%20black%20standing.jpg
618,http://www.taras.ro/pictures/vgm-2-vip.jpg
619,http://www.thestitchstudio.co.uk/images/DK099Giant-Schnauzer_Black.jpg
620,http://farm1.static.flickr.com/253/454933314_7cbf6535b1.jpg
621,http://farm1.static.flickr.com/91/244494954_f65528de97.jpg
622,http://www.cimmarondesign.com/commercialfiles/Schnauzer1.jpg
623,http://farm1.static.flickr.com/144/324430235_8a0a1639de.jpg
624,http://farm1.static.flickr.com/102/300069665_bb0e0c4037.jpg
625,http://www.lasmarket.com/photos/class/thumb190/poglujcrjetfwii.jpg
626,http://www.encore-editions.com/dogs/natgeo500/thumb/thm_edwinMegargeeStandard&GiantSchnauzer.jpg
627,http://farm1.static.flickr.com/94/208511225_c0a519aedb.jpg
628,http://www.dognews.com/pedigreegallery/2003/working/images/GIANT%20SCHNAUZER.jpg
629,http://static.flickr.com/191/480665272_f80311a79a.jpg
630,http://www.dawgagility.org/images/DoD/BooBlase.jpg
631,http://farm1.static.flickr.com/197/465960557_4d086661f6.jpg
632,http://static.flickr.com/1088/535090727_f8b91a31b3.jpg
633,http://www.midwestgiant.com/photos/doc2.jpg
634,http://www.gfxhost.com/eBayImageHosting.php?i=117704&img;=HPIM3269.JPG&Image-Hosting;=Photo-Sharing
635,http://clipart-dog.demented-pixie.com/images/schz_giant_schnauzer_silhouetter.gif
636,http://i.b5z.net/i/u/1467838/i/aurora_vegas_ezr.jpg
637,http://www.signumwhippet.com/FelixMarlie%20125.jpg
638,http://www.awesomepawsomes.co.uk/Images/g_schnauzer2_Lottie.jpg
639,http://farm1.static.flickr.com/61/168336541_fcd6c7711f.jpg
640,http://www.kiewelworkingdogs.com/images/forsale/feb-2007/binta-giant-schnauzer-dog-protection-KWDI-01.jpg
641,http://www.pedigreedatabase.com/dogs/classified_images/1451.jpg
642,http://farm3.static.flickr.com/2177/2093754955_c6632fcfe3.jpg
643,http://static.flickr.com/104/311968881_36228bbb71.jpg
644,http://www.lovemypet.com.au/images/82_body_picture.gif
645,http://www.dogguide.net/images/breeds/giantschnauzer.jpg
646,http://static.flickr.com/141/386774589_dcb8967a1e.jpg
647,http://nergal.akcja.pl/hekate.jpg
648,http://www.skansen.com/giant/fame/tristan.gif
649,http://www.zionjoysministry.com/alove1.jpg
650,http://www.gentlyborn.com/g/maya/tbMaya6.jpg
651,http://www.sidyboysfoolin.com/giantnewvon1.jpg
652,http://farm2.static.flickr.com/1287/848077312_9f834fcc30.jpg
653,http://farm1.static.flickr.com/37/125010852_f7747ef3a1.jpg
654,http://www.k9gifts.com/prints/1maystead/gtschnauzer-4.jpg
655,http://www.schnauzer-ar.com/vp/imagen/g000129.jpg
656,http://farm1.static.flickr.com/204/518663200_baff4d3d1c.jpg
657,http://farm2.static.flickr.com/1438/1248888132_88369b7a90.jpg
658,http://www.histylekennel.com/dogs/star/main.jpg
659,http://www.appyhorsey.com/sitebuildercontent/sitebuilderpictures/tuckerandkailaoncreekice.jpg
660,http://www.triplecrownkennel.com/rumble/rumfallgif.gif
661,http://members.tripod.com/scampsite/giantschn.jpg
662,http://www.pupcity.com/images/adpics/06355094130562_1.jpg
663,http://www.dein-hund.de/images2/img_rassen/g/giant_schnauzer1.jpg
664,http://farm2.static.flickr.com/1289/847210869_cd0c7035a1.jpg
665,http://www.gentlyborn.com/g/mars/dogMars.jpg
666,http://www.fantacgiantschnauzers.com/picture_library/dogs/karma.jpg
667,http://farm1.static.flickr.com/12/184682672_c624982dcb.jpg
668,http://gentlyborn.com/g/chuck/dogChuck12_1.jpg
669,http://farm3.static.flickr.com/2016/2129189458_6172f019cc.jpg
670,http://static.flickr.com/57/184680283_d551a9c525.jpg
671,http://www.safeandsoundlostandfound.org/pageimages/schnauzer.jpg
672,http://www.giantschnauzercanada.com/images/Solo%20BIS_53-1.jpg
673,http://farm1.static.flickr.com/117/311942735_a4da9686b4.jpg
674,http://farm1.static.flickr.com/88/227408647_57fc909cab.jpg
675,http://farm3.static.flickr.com/2169/2094529686_c723cfcf5d.jpg
676,http://farm2.static.flickr.com/1157/540566944_a74e4bbbf3.jpg
677,http://farm3.static.flickr.com/2012/2209171435_8076cbfec4.jpg
678,http://www.magnagiantschnauzers.com/images/N%20Sweeps%20side_small.JPG
679,http://www.orgsites.com/ga/dogs-south/Angie_Mick_2007_webpage.JPG.jpg
680,http://farm3.static.flickr.com/2300/2093756821_e1aa437d50.jpg
681,http://www.histylekennel.com/dogs/inca/main.jpg
682,http://farm1.static.flickr.com/24/35997098_12baddb707.jpg
683,http://static.flickr.com/33/40239726_cdb419324f.jpg
684,http://farm2.static.flickr.com/1268/1160101207_f6adbc444c.jpg
685,http://www.gentlyborn.com/g/night/tbNight6.jpg
686,http://static.flickr.com/28/40239725_d6b421f80d.jpg
687,http://static.flickr.com/1340/869851006_1f290fe55c.jpg
688,http://www.riesenstolz.com/Photos/A_Litter/Alfanz/150506_Tera_A_W.jpg
689,http://farm1.static.flickr.com/155/410539759_8563ed273d.jpg
690,http://www.histylekennel.com/dogs/samson/main.jpg
691,http://www.gentlyborn.com/g/rolik/shows/tbRolik1.jpg
692,http://farm1.static.flickr.com/69/168336625_9e4413d1c2.jpg
693,http://farm1.static.flickr.com/28/35997093_1518444b42.jpg
694,http://www.schnauzers.home.ro/pictures/ocean_head.jpg
695,http://farm2.static.flickr.com/1299/1374174236_69be0e69b2.jpg
696,http://www.spottedtennesseewalker.com/images/Quinstandup.JPG
697,http://www.dogbreedinfo.com/images19/GiantSchnoodleMoose2Months.jpg
698,http://www.dogtimes.com.br/imagens/Rusters-The-Dark-Command-Koal.jpg
699,http://static.flickr.com/1018/1277943740_b3a8f3b499.jpg
700,http://farm1.static.flickr.com/31/43040711_7ee8bb1bfb.jpg
701,http://farm1.static.flickr.com/176/484318369_4fb9c32e8a.jpg
702,http://static.flickr.com/55/184681497_ea5009b903.jpg
703,http://farm1.static.flickr.com/114/312052961_67a7c1b086.jpg
704,http://farm1.static.flickr.com/35/70052871_5ad46792ce.jpg
705,http://farm1.static.flickr.com/124/407161478_bb8de36994.jpg
706,http://www.ebenezervets.com/images/Rakestraw.jpg
707,http://static.flickr.com/84/248983310_79918cce36.jpg
708,http://farm1.static.flickr.com/27/247081152_6ff655488a.jpg
709,http://www.gentlyborn.com/g/lastik/tbLastik11.jpg
710,http://i52.photobucket.com/albums/g7/TheGreg217/th_puppies2.jpg
711,http://farm3.static.flickr.com/2301/2147921062_54ba583914.jpg
712,http://www.agalinks.co.uk/ImagesPets/Rab.jpg
713,http://static.flickr.com/2287/1592096045_60a29c717c.jpg
714,http://www.triplecrownkennel.com/1adler.jpg
715,http://www.puppyfind.com/breed/giant_schnauzer/s_247051.jpg
716,http://static.flickr.com/1/184681624_0af5666def.jpg
717,http://hem.bredband.net/b283214/pic/l/p11.jpg
718,http://www.hattensgiantschnauzers.com/images/hunter_giant_puppy_nap_time.jpg
719,http://www.gentlyborn.com/g/puppies/Grinja_Cholja/tb3monthsFemale1_4.jpg
720,http://www.goldendoodles.com/doodleromp/1559902f0.jpg
721,http://static.flickr.com/221/535751495_449527078b.jpg
722,http://farm1.static.flickr.com/34/73286222_a9eb0ede58.jpg
723,http://www.tanglewoodgiants.com/ladies/maggie.jpg
724,http://www.pet-portraitartist.com/all-about-dogs/dogbreeds/breed-pics/Papillon.jpg
725,http://sentinelkennels.com/images/Rottie.jpg
726,http://pics.hoobly.com/thumbs/6VDPBZUUNKQWAQ5486.jpg
727,http://farm1.static.flickr.com/41/78673655_fa63a86954.jpg
728,http://www.mekclb.com/breeds/gordon%20setter.gif
729,http://schnauzer-help.ru/rizen-foto/banga3.jpg
730,http://farm2.static.flickr.com/1304/540678591_25fe2b7dab.jpg
731,http://www.mtnhighminis.com/SchatzeRommmelMondzak0306.jpg
732,http://farm2.static.flickr.com/1211/1439235315_8dda1ed07b.jpg
733,http://farm2.static.flickr.com/1359/1207444943_d89bff181f.jpg
734,http://static.flickr.com/107/302161557_c815d50147.jpg
735,http://www.giantschnauzerrescue.net/Rosie/Rosie-ears.jpg
736,http://farm1.static.flickr.com/68/178870063_ed030e3ddd.jpg
737,http://upload.wikimedia.org/wikipedia/commons/thumb/f/f1/GiantSchnauzer_Grass.jpg/800px-GiantSchnauzer_Grass.jpg
738,http://escudokennel.com/handling/iskra6.jpg
739,http://www.midwestgiant.com/photos/maggie5.jpg
740,http://farm3.static.flickr.com/2257/2216846514_d9cd116b67.jpg
741,http://www.riesenheim.com/images/males/donjuan.jpg
742,http://www.aziaragiants.com/sitebuildercontent/sitebuilderpictures/.pond/Giant_Schnauzer_Puppy_05.JPG.w560h420.jpg
743,http://static.flickr.com/73/161846435_396912bcd1.jpg
744,http://gentlyborn.com/g/mars/dogMars.jpg
745,http://farm1.static.flickr.com/43/106528628_c332cc6b10.jpg
746,http://farm1.static.flickr.com/60/184664878_146b207c1b.jpg
747,http://farm1.static.flickr.com/253/514703334_38824a2bae.jpg
748,http://farm3.static.flickr.com/2184/2052416429_46523bfd35.jpg
749,http://www.petsplace.co.za/Giant%20schnauzer%20head.jpg
750,http://static.flickr.com/70/184665019_46e84ded15.jpg
751,http://farm3.static.flickr.com/2325/2094529834_c7bcc70f16.jpg
752,http://static.flickr.com/70/197069800_e2bcf00818.jpg
753,http://farm1.static.flickr.com/73/184681406_5c13daf40a.jpg
754,http://www.kgcf.co.kr/image/giant_schnauzer.jpg
755,http://www.histylekennel.com/dogs/anna/main.jpg
756,http://www.dogchannel.com/images/articles/breed_profile_images/giant_schnauzer_80x80.jpg
757,http://static.flickr.com/25/47692579_27bca54249.jpg
758,http://farm2.static.flickr.com/1423/1364391247_8d4817ff7e.jpg
759,http://www.katewerk.com/images/clark_gr2.JPG
760,http://www.histylekennel.com/dogs/asha/main.jpg
761,http://upload.wikimedia.org/wikipedia/commons/thumb/7/70/Giant_Schnauzer_black.jpg/800px-Giant_Schnauzer_black.jpg
762,http://www.campstamp.com/Karma/pictures/bythepool/images/MVC-003F_JPG.jpg
763,http://www.histylekennel.com/dogs/penelope/main.jpg
764,http://www.skansen.com/giant/champions/knockout.gif
765,http://www.showdog-magazine.com/Consulting/graphix/Chris-Boo.gif
766,http://www.gentlyborn.com/g/jolie/dogJolie.jpg
767,http://www.histylekennel.com/dogs/marcy/main.jpg
768,http://static.flickr.com/1361/1284500650_3a56375014.jpg
769,http://farm1.static.flickr.com/182/432855186_001e4d7c70.jpg
770,http://www.rescuepoint.com/sys/imageview/sp1.mm-a2.yimg.com/image/2331463971
771,http://farm1.static.flickr.com/4/4079413_d77fba7062.jpg
772,http://blog.midnightsolo.com/_photos/ALL%20seven%20sm.thumb.jpg
773,http://www.ourdogs.co.uk/News/2006/November2006/News241106/images/super1.jpg
774,http://www.magnagiantschnauzers.com/images/_9020045.JPG
775,http://farm2.static.flickr.com/1364/1248035211_e139b1e878.jpg
776,http://cjpreciouspups.com/images/new/wheatens_005.jpg
777,http://www.schnauzers.home.ro/pictures/ondine_head.jpg
778,http://farm3.static.flickr.com/2393/2093757483_b4339b951d.jpg
779,http://www.pichera.com/imgs/fichas/shila.jpg
780,http://www.ebiztutors.com/images/joe/WatchOut.JPG
781,http://www.foxwoodgiants.com/images/pup.jpg
782,http://www.magnagiantschnauzers.com/images/P8310059.JPG
783,http://farm1.static.flickr.com/196/483807386_dae1baa1b3.jpg
784,http://www.bbc.co.uk/birmingham/content/images/2007/03/14/russell_and_ann_smith_470x353.jpg
785,http://static.flickr.com/2397/1523202775_bc007fde76.jpg
786,http://farm1.static.flickr.com/159/392106902_cab61afcbd.jpg
787,http://farm1.static.flickr.com/106/282385423_cda8390acd.jpg
788,http://farm1.static.flickr.com/44/138541120_a44cf71f91.jpg
789,http://www.bichonbarn.com/images/Roxy.JPG
790,http://static.flickr.com/1378/1374173954_4133b0bd36.jpg
791,http://farm1.static.flickr.com/150/432856347_46d9800266.jpg
792,http://farm1.static.flickr.com/55/184681358_5110814e1c.jpg
793,http://farm2.static.flickr.com/1245/653271614_be846a5b18.jpg
794,http://farm1.static.flickr.com/66/247245289_9e9f2f300e.jpg
795,http://farm2.static.flickr.com/1044/1277987906_6a45dfee87.jpg
796,http://farm3.static.flickr.com/2059/2093756557_127ed78ba8.jpg
797,http://www.terryalbert.com/images/casey.jpg
798,http://laescolar.com/servicios/monografias/p/perros/work/giant_schnauzer.jpg
799,http://farm1.static.flickr.com/228/535751485_8e8957d9e8.jpg
800,http://www.caini-ham.ro/descrieri/02molosi/07Schnauzer%20(6).jpg
801,http://www.showdog-magazine.com/Hannah/bloat/Hannah-bloat4.jpg
802,http://www.gentlyborn.com/g/lastik/tbLastik31.jpg
803,http://static.flickr.com/37/109611394_372cc87259.jpg
804,http://i23.photobucket.com/albums/b374/DoggyTimes/schnauzer_gt.gif
805,http://www.histylekennel.com/dogs/manly/main.jpg
806,http://www.schnauzer-terrier.com/en/dog-france-breeder-breed-gard-schnauzer-images/breedings-valerie-bourrel.jpg
807,http://www.gentlyborn.com/g/reverence/tbRina8.jpg
808,http://www.peoplepetsandmagnets.com/images/products/Statues/Schnauzer-Bench.jpg
809,http://www.gentlyborn.com/g/spartak/tbSpartak4.jpg
810,http://farm2.static.flickr.com/1275/1284446160_55e70a21f7.jpg
811,http://static.flickr.com/1023/1283532709_427d0e8f5c.jpg
812,http://www.pgaa.com/canine/general/images/giantschnausereda.jpg
813,http://hem.bredband.net/b283214/pic/l/p10.jpg
814,http://farm2.static.flickr.com/1279/1396347251_72b2e224ea.jpg
815,http://www.histylekennel.com/dogs/tantalize/main.jpg
816,http://www.histylekennel.com/dogs/raven/main.jpg
817,http://www.europuppyusa.com/images/dog_breed_info/giant_schnauzer.jpg
818,http://www.sidyboysfoolin.com/Images/bigfootgiantsnowdog1.jpg
819,http://www.dogchannel.com/images/blog/713.jpg
820,http://www.taras.ro/pictures/ug-zorro.jpg
821,http://www.yukonkennelclub.com/ds/p1.jpg
822,http://farm3.static.flickr.com/2356/2216846418_aa69f4d5da.jpg
823,http://www.histylekennel.com/dogs/carmen/main.jpg
824,http://www.keystonekennel.com/dogs/photo/sky.jpg
825,http://farm1.static.flickr.com/54/161846451_91ba025d9b.jpg
826,http://static.flickr.com/57/168336489_1a3d6c670a.jpg
827,http://www.dogzonline.com.au/images/profiles/64/16788_449.jpg
828,http://farm1.static.flickr.com/96/247081149_9c9d9beb77.jpg
829,http://www.gentlyborn.com/g/shows/Sweden14_16jul06/tbLenka.jpg
830,http://www.chottans.com/varahundar/riesen/00ries1.gif
831,http://server.hund.ch/fotos/friesenschnauzer2.jpg
832,http://static.flickr.com/44/163696130_cb02ff96fe.jpg
833,http://static.flickr.com/1275/1120368968_2ed014fe1b.jpg
834,http://www.dogbreedinfo.com/images14/GiantSchnauzer1MerryChristmasBowsmaller12-23-04.JPG
835,http://farm1.static.flickr.com/188/480671951_91c85791af.jpg
836,http://farm1.static.flickr.com/164/432854131_44f7fc0c78.jpg
837,http://farm1.static.flickr.com/148/432852256_85b4db2612.jpg
838,http://www.cabalcaninecandids.com/assets/images/Hobart-Hounds-_-Utility-028.jpg
839,http://static.flickr.com/121/310284513_03a87b6096.jpg
840,http://farm1.static.flickr.com/97/244494951_c5ffa46ef3.jpg
841,http://farm3.static.flickr.com/2375/2094530306_109ff26d76.jpg
842,http://static.flickr.com/175/410125116_3aa060f404.jpg
843,http://static.flickr.com/69/184665945_9b17511d95.jpg
844,http://www.gentlyborn.com/g/yolka/tbYolka1.jpg
845,http://farm1.static.flickr.com/31/47692580_40eda17f0a.jpg
846,http://www.latvian-schnauzer.lv/fci_standarts/images/Markus_Simonafoto.gif
847,http://www.o-sobakah.ru/images/site/243.jpg
848,http://www.louisvilleschnauzerrescue.com/Mercy3.JPG
849,http://www.pets.ca/forum/attachment.php?attachmentid=20890&stc;=1&d;=1167165163
850,http://farm1.static.flickr.com/80/247040544_63c66fe5ee.jpg
851,http://www.dogs4sale.com/images_breed/giant_schnauzer.jpg
852,http://schnauzer-help.ru/find-foto/mars.jpg
853,http://farm1.static.flickr.com/107/302161557_c815d50147.jpg
854,http://westminsterkennelclub.org/2003/photos/breed/WP95579504.jpg
855,http://farm1.static.flickr.com/62/184679463_2240c915f7.jpg
856,http://www.gentlyborn.com/g/mars/tbMars5.jpg
857,http://www.histylekennel.com/dogs/sable/main.jpg
858,http://static.flickr.com/1171/1373271657_063fb1a9f2.jpg
859,http://www.histylekennel.com/dogs/icon/main.jpg
860,http://static.flickr.com/102/310280612_f075e25374.jpg
861,http://www.latvian-schnauzer.lv/fci_standarts/images/riesenshnauzer_movements.gif
862,http://farm1.static.flickr.com/2/3435746_0176499ac8.jpg
863,http://www.breederweb.com/images/Pics/giant_sc.jpg
864,http://www.honeycombdoggrooming.com/USERIMAGES/c-giantschnauzergardenmoving.JPG
865,http://farm2.static.flickr.com/1267/1307771201_6b58f061ce.jpg
866,http://farm3.static.flickr.com/2193/2108207429_3db054d5b0.jpg
867,http://www.momochishoukai.com/ruthmaystead/images/ds_giant_schnauzer1.jpg
868,http://farm1.static.flickr.com/5/5320953_4463194d4c.jpg
869,http://farm2.static.flickr.com/1355/1150804059_584e641f1c.jpg
870,http://farm2.static.flickr.com/1201/556248559_583afa22fe.jpg
871,http://farm1.static.flickr.com/73/184664366_e6a69a5ce7.jpg
872,http://farm1.static.flickr.com/139/382440672_a2c23947c8.jpg
873,http://www.triplecrownkennel.com/gabby/giant_schnauzer.jpg
874,http://static.flickr.com/42/197247834_df2fb17d05.jpg
875,http://farm1.static.flickr.com/19/120289383_2127ef0f74.jpg
876,http://www.nik-9.com/knirac.jpg
877,http://www.gentlyborn.com/g/jasha/dogJasha1.jpg
878,http://farm3.static.flickr.com/2216/2139522885_61d91ebf54.jpg
879,http://farm2.static.flickr.com/1017/1012996030_bf7519a4a9.jpg
880,http://www.gentlyborn.com/g/neron/shows/tbNeron2.jpg
881,http://myweb.tiscali.co.uk/borderstorm/images/Hugo5.jpg
882,http://www.dogfriend.com/working-giant-schn.jpg
883,http://pobog.com/miot_z/zair-bodo-4491.jpg
884,http://farm1.static.flickr.com/151/432860316_cd2356df7d.jpg
885,http://farm1.static.flickr.com/139/388654052_7a32b05398.jpg
886,http://farm2.static.flickr.com/1337/540568196_e7676b33b1.jpg
887,http://farm1.static.flickr.com/115/292904964_ed90f0607c.jpg
888,http://www.breedersonline.net/dogs/photos/Giant-Schnauzer.jpg
889,http://farm1.static.flickr.com/27/51299811_3322ec763a.jpg
890,http://static.flickr.com/27/51299814_f313cd1397.jpg
891,http://img1.goumin.com/attachments/spe/34.jpg
892,http://www.eonet.ne.jp/~gscj/eldorado.jpg
893,http://absoluteacres.com/images/smkdflower2.jpg
894,http://farm1.static.flickr.com/65/184679836_6dd666e0ea.jpg
895,http://farm1.static.flickr.com/149/432844432_cb29c65d43.jpg
896,http://www.seefido.com/assets/images/Schnauzer_giant.JPG
897,http://www.aziaragiants.com/sitebuildercontent/sitebuilderpictures/Giant_Schnauzer_Male_5-Weeks.JPG
898,http://www.histylekennel.com/dogs/tank/main.jpg
899,http://www.riesenheim.com/images/females/bronte.jpg
900,http://farm1.static.flickr.com/15/21419202_faa2d937a3.jpg
901,http://farm1.static.flickr.com/31/47692576_8b051c2fa7.jpg
902,http://briercrosskennel.com/images/giant.jpg
903,http://farm1.static.flickr.com/1/184684238_701636bf1c.jpg
904,http://www.gentlyborn.com/g/hardy/tbHardy2.jpg
905,http://www.gentlyborn.com/g/klepa/dogKlepa1.jpg
906,http://farm2.static.flickr.com/1072/1012998036_b4d59d7150.jpg
907,http://secure.terrificpets.com/images/uploads/07292113219925_3.jpg
908,http://farm1.static.flickr.com/21/33878852_0c694bcf72.jpg
909,http://www.gentlyborn.com/g/lastik/working/tbLastik6.jpg
910,http://www.taras.ro/pictures/gnomi-m.jpg
911,http://farm3.static.flickr.com/2360/2093756645_175f333d03.jpg
912,http://www.classicgiants.com/puppies/Whoopie_small.JPG
913,http://farm3.static.flickr.com/2069/2094529424_cfc7ee6636.jpg
914,http://www.deltapages.com/images/giantschnauzer.jpg
915,http://www.mrazovack9.com/all/dog_picture.php?id_dog=76&i;=1
916,http://abnormality.purpleflowers.net/crufts/working/giant_schnauzer.jpg
917,http://www.vivapets.com/img/album/154_testing_thb.jpg
918,http://www.magnagiantschnauzers.com/images/joann%20anselm%20reserve%20a.JPG
919,http://farm1.static.flickr.com/73/184666089_0826226172.jpg
920,http://farm1.static.flickr.com/198/484280646_e096a2cfde.jpg
921,http://giantschnauzerclubofamerica.com/Rescue/Dogs/Thursday/index.1.jpg
922,http://www.showdog-magazine.com/Consulting/graphix/Scott-Boo.gif
923,http://static.flickr.com/1044/1277987906_6a45dfee87.jpg
924,http://www.aziaragiants.com/sitebuildercontent/sitebuilderpictures/.pond/Giant_Schnauzer_Audie_Murphy_Aziara.jpg.w300h250.jpg
925,"http://www.krywufe.com/images/leo/may%2015,%202006.jpg"
926,http://farm1.static.flickr.com/90/248983306_595baf95ab.jpg
927,http://farm1.static.flickr.com/43/79226728_bd64449d97.jpg
928,http://hem.bredband.net/b283214/pic/l/p18.jpg
929,http://www.rathnait.net/blog/archives/images/daily/Schnauzers3-thumb.jpg
930,http://farm1.static.flickr.com/185/391223319_eaec56ebb1.jpg
931,http://www.nightlinegiantschnauzers.com/puppypic2.jpg
932,http://z.about.com/d/dogs/1/0/n/t/2/Skipper_mix_hgf.jpg
933,http://farm2.static.flickr.com/1272/725987345_ed14ea34ef.jpg
934,http://static.flickr.com/2118/2094529622_1a641b8a37.jpg
935,http://l.yimg.com/us.yimg.com/i/us/pets/brgd/giant-schnauzer.jpg
936,http://static.flickr.com/71/168336276_1e30433bc9.jpg
937,http://www.schnauzerclubnsw.org.au/mainhomedog1.jpg
938,http://farm1.static.flickr.com/104/282385833_4135ac4678.jpg
939,http://www.geocities.com/snauceriai/mit.jpg
940,http://www.schnauzersofga.com/Bella10-12-07%20003-1.jpg
941,http://farm1.static.flickr.com/69/184665896_5e1e0c0488.jpg
942,"http://www.nitrodog.com/graphics/working/chalkboards/Schnauzer,-Giantbig.gif"
943,http://farm1.static.flickr.com/13/15537642_68e4e4c526.jpg
944,http://farm2.static.flickr.com/1022/525091614_526d1746be.jpg
945,http://static.flickr.com/70/168336125_7418d6e9cd.jpg
946,http://static.flickr.com/54/184683412_cb33e4ff65.jpg
947,http://farm1.static.flickr.com/121/310284513_03a87b6096.jpg
948,http://static.flickr.com/27/51299811_3322ec763a.jpg
949,http://www.schnauzerworld.com/giant/breed/history/photo1.jpg
950,http://giantschnauzer.krywufe.com/images/sadie/sadielgweb.jpg
951,http://breeders.dogbreedinfo.com/images2/20070414143143_144058_1.jpg
952,http://www.histylekennel.com/dogs/rocket/main.jpg
953,http://www.tanglewoodgiants.com/stud/dice.jpg
954,http://farm1.static.flickr.com/226/454943353_796e9f8df6.jpg
955,http://www.fortschnauzerkennels.com/bigpup1.jpg
956,http://www.kastanjebacken.net/djur/foto/billie/billie35a.jpg
957,http://farm3.static.flickr.com/2159/2212350344_910696c2d7.jpg
958,http://static.flickr.com/110/309629840_580fb75c19.jpg
959,http://www.giant-schnauzer-dogs.com/pictures-images-photos/giant-schnauzers-dogs-03.jpg
960,http://www.gentlyborn.com/g/everlasting/tbLialia2.jpg
961,http://www.appyhorsey.com/sitebuildercontent/sitebuilderpictures/katieandgiantpups.jpg
962,http://farm1.static.flickr.com/177/482097563_cd2c054edc.jpg
963,http://www.giant-schnauzer-dogs.com/pictures-images-photos/giant-schnauzers-dogs-05.jpg
964,http://www.taras.ro/pictures/s-1-mij-cap.jpg
965,http://farm1.static.flickr.com/193/492917289_34bd89bfa7.jpg
966,http://www.histylekennel.com/dogs/trinity/main.jpg
967,http://www.dogsindepth.com/working_dog_breeds/images/schnauzer_v.jpg
968,http://static.flickr.com/226/454943353_796e9f8df6.jpg
969,http://www.19dog.com/upload/0609/25/s115918701756927100.jpg
970,http://www.bigpawsonly.com/dog-images/giant-schnauzer-pictures/hugo-giant-schnauzer-1.jpg
971,http://farm2.static.flickr.com/1231/1248887862_93cb9c13b7.jpg
972,http://static.flickr.com/90/240139307_695f08f998.jpg
973,http://www.triplecrownkennel.com/puppy/arielsps6.jpg
974,http://www.skansen.com/giant/fame/renaissance.jpg
975,http://www.mallardart.com/commissioned_art/images_thumb/tn_giant%20schnauzer%20black%20standing.jpg
976,http://godalone.files.wordpress.com/2007/10/josie-smile-crop.JPG?w=391&h;=468
977,http://www.taras.ro/pictures/isadora-m.jpg
978,http://www.midwestgiant.com/photos/yellowprofile.jpg
979,http://www.dobermannbreeders.com/Doc/images/Grupo2/giantschnauzer1.jpg
980,http://thumb15.webshots.net/s/thumb2/7/8/14/19970814PkOplrIRKQ_th.jpg
981,http://farm1.static.flickr.com/50/223725758_b9a90202d3.jpg
982,http://farm3.static.flickr.com/2394/2102254136_3cc7c7db7a.jpg
983,http://static.flickr.com/73/184681406_5c13daf40a.jpg
984,http://www.histylekennel.com/dogs/dragon/main.jpg
985,http://farm1.static.flickr.com/231/505823313_3451b7067d.jpg
986,http://www.taras.ro/pictures/vgf-3-venus.jpg
987,http://farm1.static.flickr.com/168/475771100_3362b293de.jpg
988,http://farm1.static.flickr.com/112/310284516_8fbb6088d8.jpg
989,http://static.flickr.com/202/504956090_f1d70514a4.jpg
990,http://static.flickr.com/55/159206640_672a0b1313.jpg
991,http://farm1.static.flickr.com/75/184679737_cbac8cdc2b.jpg
992,http://farm2.static.flickr.com/1043/1108918319_f96426a5b4.jpg
993,http://www.perfectpuppiesonline.com/breedimages/Giant_Schnauzer.jpg
994,http://farm2.static.flickr.com/1191/920280256_50e60f9587.jpg
995,http://static.flickr.com/28/42508942_4ba76b4645.jpg
996,http://farm2.static.flickr.com/1393/741953623_1142fac1a7.jpg
997,http://farm1.static.flickr.com/96/242451617_6cc0ffeacc.jpg
998,http://farm1.static.flickr.com/64/197247857_967c65c9a6.jpg
999,http://farm2.static.flickr.com/1202/610951506_69208f022f.jpg
1000,http://farm1.static.flickr.com/232/483059405_fadc3095d3.jpg
1001,http://www.5stardog.com/gallery/images/Giant%20Schnauzer/3377202413433.JPG
1002,http://farm1.static.flickr.com/109/302161725_af0003bf5b.jpg
1003,http://farm1.static.flickr.com/143/336873154_d0ca68fd7f.jpg
1004,http://farm1.static.flickr.com/45/184680540_61b5d731e5.jpg
1005,http://www.infoschnauzer.com/images/Fiesta_Dyas01.jpg
1006,http://farm1.static.flickr.com/89/248973246_6873f22e28.jpg
1007,http://www.petsplace.co.za/Giant_Schnauzer_Bruno.JPG
1008,http://farm2.static.flickr.com/1375/628374050_7a8cb02417.jpg
1009,http://www.histylekennel.com/dogs/grace/main.jpg
1010,http://farm3.static.flickr.com/2415/2213801726_010805949e.jpg
1011,http://www.reiffhaus.com/2images/dogcat_1_1_1.JPG
1012,http://farm3.static.flickr.com/2063/2139506641_aaff1a02d0.jpg
1013,http://www.champion-puppies.com/images/giant%20schnauzer.jpg
1014,http://farm3.static.flickr.com/2338/1825529351_f5d4e8ea1d.jpg
1015,http://farm1.static.flickr.com/6/6213356_3ee6f7bb74.jpg
1016,http://farm1.static.flickr.com/178/483806806_8ec06f1603.jpg
1017,http://www.gentlyborn.com/g/flint/dogFlint.jpg
1018,http://www.hattensgiantschnauzers.com/images/jag.jpg
1019,http://www.histylekennel.com/dogs/stella/main.jpg
1020,http://www.histylekennel.com/dogs/crystal/main.jpg
1021,http://farm1.static.flickr.com/54/168336465_d7aab39695.jpg
1022,http://farm3.static.flickr.com/2106/1592770404_6e633eaa4b.jpg
1023,http://www.freewebs.com/beautifulschnauzers/Robbie%20posh.jpg
1024,http://farm1.static.flickr.com/59/184683200_db34c41c82.jpg
1025,http://img363.imageshack.us/img363/448/certamenbk3.jpg
1026,http://www.nextdaypets.com/resize.aspx?img=10239img1.jpg&w;=265&h;=236
1027,http://farm2.static.flickr.com/1007/1410619037_c4e4c85fc2.jpg
1028,http://www.dogbreedinformation.com/images7/Giant_Schnauzer_9.jpg
1029,http://www.dogbreedinfo.com/images7/Giant_Schnauzer_2.jpg
1030,http://farm1.static.flickr.com/39/79225511_dab1282265.jpg
1031,http://hunde.haustiere-info.de/galerie/schnauzer-2-6547-3.jpg
1032,http://farm1.static.flickr.com/33/47687529_cffcf8b7ad.jpg
1033,http://www.histylekennel.com/dogs/katie/main.jpg
1034,http://farm1.static.flickr.com/49/168336972_1687c5578a.jpg
1035,http://www.k9magazinefree.com/magazines/iss17/images/CruftsgiantSchnauzerwithscot.jpg
1036,http://farm1.static.flickr.com/193/483029291_881d3914b1.jpg
1037,http://www.dogsindepth.com/working_dog_breeds/images/giant_schnauzer.jpg
1038,http://www.triplecrownkennel.com/he1.gif
1039,http://farm1.static.flickr.com/4/7627937_bb87c4989d.jpg
1040,http://www.busybsstables.com/bear2.jpeg
1041,http://farm1.static.flickr.com/74/215384766_4956c80c7b.jpg
1042,http://www.dogbreedinformation.com/images7/Giant_Schnauzer_7.jpg
1043,http://farm2.static.flickr.com/1319/628379564_1cecc4e166.jpg
1044,http://i187.photobucket.com/albums/x165/edthepd/Stryker1.jpg
1045,http://www.gentlyborn.com/g/puppies/Grinja_Cholja/tb3monthsMale1_3.jpg
1046,http://farm1.static.flickr.com/215/484318579_9ed00560a8.jpg
1047,http://www.pasoddy.com/dog/images/veliki_snauzer_head.jpg
1048,http://farm2.static.flickr.com/1312/1411510132_58b6a82737.jpg
1049,http://farm1.static.flickr.com/177/391223323_d56d9c80da.jpg
1050,http://dogsindia.com/images/BIS-Giant_Schnauzer.jpg
1051,http://www.svartskeggs.com/img/images/Axar.jpg
1052,http://www.19dog.com/upload/0701/23/s116953400844594900.jpg
1053,http://users.pandora.be/hulsmans/DSC01593-11.jpg
1054,http://www.dogbreedinformation.com/images7/Giant_Schnauzer_8.jpg
1055,http://www.lmdf.ca/spring/20060304bis.jpg
1056,http://farm1.static.flickr.com/2/2149640_b49cffb770.jpg
1057,http://farm3.static.flickr.com/2052/2128405745_9e248e16ef.jpg
1058,http://www.histylekennel.com/dogs/dalilah/main.jpg
1059,http://farm2.static.flickr.com/1418/1248035917_79e2c4f7cc.jpg
1060,http://www.gentlyborn.com/g/lastik/tbLastik9.jpg
1061,http://www.gentlyborn.com/g/mars/fun/tbMars2.jpg
1062,http://www.schnauzer-ar.com/vp/imagen/g002047.jpg
1063,http://farm1.static.flickr.com/157/432847426_fb3ae38163.jpg
1064,http://www.gentlyborn.com/g/sindy/dogSindy1.jpg
1065,http://www.magnagiantschnauzers.com/images/Paquette.jpg
1066,http://static.flickr.com/1/2497225_bf14dfa7c0.jpg
1067,http://dogs-puppies.dogs-central.com/images/0763143693.01.LZZZZZZZ.jpg
1068,http://www.histylekennel.com/dogs/jade/main.jpg
1069,http://www.triplecrownkennel.com/rumble/rumble771.jpg
1070,http://static.flickr.com/81/248983312_fe45ca6060.jpg
1071,http://farm2.static.flickr.com/1051/1366449639_f6c9cef002.jpg
1072,http://www.momentummgiants.com/images/kit.jpg
1073,http://dailypuppy.com/images/07/biggies/gunther_giantschnauzer02.jpg
1074,http://farm3.static.flickr.com/2109/2053249846_21d6fabab3.jpg
1075,http://www.dog-breeds.name/pictures/giant-schnauzer/giant-schnauzer-6tn.jpg
1076,http://farm1.static.flickr.com/39/81970840_75723d0419.jpg
1077,http://farm1.static.flickr.com/219/492919757_bb9ab2a7ab.jpg
1078,http://farm2.static.flickr.com/1372/1439242027_bb59b6861e.jpg
1079,http://farm1.static.flickr.com/136/384026663_215aa516ba.jpg
1080,http://timberlanegiants.com/TL/images/Iowa%20City%203.jpg
1081,http://www.aniwa.com/images/2/1825/Giant_essorille.jpg
1082,http://www.gentlyborn.com/g/gbother/dogEtualNuar1.jpg
1083,http://www.gentlyborn.com/g/lell/dogLell1.jpg
1084,http://farm1.static.flickr.com/47/168337213_abaa036c16.jpg
1085,http://www.caring-products.com/Karma/pictures/bythepool/images/Tgiant-1_jpg.jpg
1086,http://www.riesenstolz.com/Photos/Barre/051128_Barre_6646_250.jpg
1087,http://farm1.static.flickr.com/82/240049757_b9bb26e15e.jpg
1088,http://www.gentlyborn.com/g/marfa/tbMarfa9.jpg
1089,http://www.barkbytes.com/direct/gsnz01.jpg
1090,http://www.showdog-magazine.com/Hannah/bloat/Hannah-collar-Rosie.jpg
1091,http://www.grizzlyrun.com/Files/Images/Other/Giant_schnauzer.jpg
1092,http://www.gentlyborn.com/g/maya/tbMaya4.jpg
1093,http://www.gentlyborn.com/g/jusha/dogJusha1.jpg
1094,http://farm1.static.flickr.com/32/38060922_89962c9438.jpg
1095,http://farm2.static.flickr.com/1265/1284446196_ec2a6e6602.jpg
1096,http://www.dogchannel.com/images/articles/breed_profile_images/giant_schnauzer_new.jpg
1097,http://www.pupcity.com/images/adpics/05299083732679_1.jpg
1098,http://farm2.static.flickr.com/1087/1314829304_7fa2b93532.jpg
1099,http://www.foxwoodgiants.com/images/champions/winnie.jpg
1100,http://static.flickr.com/55/184681358_5110814e1c.jpg
1101,http://www.puppydogweb.com/breeders/pic_images/giantschnauzer_king.jpg
1102,http://www.bibspecialties.net/newmagnetbreeds/mag261.jpg
1103,http://farm1.static.flickr.com/187/426635197_81e3d9d417.jpg
1104,http://files.dogster.com/pix/dogs/04/22404/1.jpg
1105,http://histylekennel.com/img/middle1/3.jpg
1106,http://www.hattensgiantschnauzers.com/images/hunter_pups_2.jpg
1107,http://www.nightlinegiantschnauzers.com/puppypic5.jpg
1108,http://www.dogsindepth.com/working_dog_breeds/images/standard_schnauzer_h03.jpg
1109,http://farm3.static.flickr.com/2133/2053093236_6192361dc2.jpg
1110,http://largedogbreedz.com/images/stories/giant-schnauzer.jpg
1111,http://farm1.static.flickr.com/101/309629842_6e59f1d275.jpg
1112,http://farm3.static.flickr.com/2063/2053331130_0535f14144.jpg
1113,http://www.skansen.com/giant/champions/unforgetable.jpg
1114,http://static.flickr.com/232/504240609_4e4f52cc01.jpg
1115,http://www.gentlyborn.com/g/lastik/tbLastik22.jpg
1116,http://farm1.static.flickr.com/69/168337164_a4b0715226.jpg
1117,http://www.cuug.ab.ca/~animal/GiantSchnauzer.jpg
1118,http://krywufe.com/images/home%20page%20photos/tommy%20second%20points%20w-r.jpg
1119,http://farm2.static.flickr.com/1411/1440094956_25c9a09251.jpg
1120,http://www.bestfriendspetcare.com/dog_grooming/images/stdschn.jpg
1121,http://www.hattensgiantschnauzers.com/images/ziko2.jpg
1122,http://www.histylekennel.com/dogs/jazz/main.jpg
1123,http://farm1.static.flickr.com/50/138880722_f46ca14638.jpg
1124,http://farm2.static.flickr.com/1228/1206988525_44e0428b75.jpg
1125,http://farm1.static.flickr.com/14/20115422_69d47cb6c9.jpg
1126,http://farm3.static.flickr.com/2184/2093755753_a62bc594fd.jpg
1127,http://static.flickr.com/24/51299816_7eaceae969.jpg
1128,http://www.skansen.com/giant/fame/tweenty.jpg
1129,http://static.flickr.com/1072/1012998036_b4d59d7150.jpg
1130,http://farm1.static.flickr.com/141/318188266_113dde1dd0.jpg
1131,http://www.taras.ro/pictures/guf3-umbr.jpg
1132,http://www.gentlyborn.com/g/yolka/tbYolka2.jpg
1133,http://www.gentlyborn.com/g/zvezda/dogZvezda1.jpg
1134,http://www.iowatelecom.net/~shasei/images/blackschnauzer2.jpg
1135,http://static.flickr.com/22/28620744_a7bfe8fe93.jpg
1136,http://farm1.static.flickr.com/104/311968881_36228bbb71.jpg
1137,http://farm1.static.flickr.com/117/292904963_8245d55d25.jpg
1138,http://static.flickr.com/33/38059497_edf3eb4799.jpg
1139,http://www.midwestgiant.com/photos/maggie.jpg
1140,http://www.gentlyborn.com/g/barrymore/dogBarrymore.jpg
1141,http://farm1.static.flickr.com/1/184680455_f2b7b012bd.jpg
1142,http://static.flickr.com/93/314341707_0e36d1a4b1.jpg
1143,http://www.pupcity.com/images/adpics/2004177045230.jpg
1144,http://farm1.static.flickr.com/51/106528645_aec5cbbdb4.jpg
1145,http://www.triplecrownkennel.com/pals3.jpg
1146,http://farm1.static.flickr.com/216/495349164_668d1b95f9.jpg
1147,http://farm1.static.flickr.com/182/484320417_ec1e137bd5.jpg
1148,http://farm1.static.flickr.com/63/184680360_9d5fe65d20.jpg
1149,http://www.puppydogbreedinfo.com/schnauzer_miniature_01a.jpg
1150,http://www.applecreekinc.com/Roxy1.jpg
1151,http://www.nextdaypets.com/ListingImages/633289511609900000.jpg
1152,http://farm3.static.flickr.com/2085/2190342344_a15e922c81.jpg
1153,http://farm2.static.flickr.com/1361/1119530231_ce994417a9.jpg
1154,http://www.caninetoday.com/breed/gschnauzer/pict.jpg
1155,http://static.flickr.com/95/248983313_62b1476f62.jpg
1156,http://www.euvita.net/~beries/suomi/kaapiosnautserit/kuvat/beriesfrecki.jpg
1157,http://farm1.static.flickr.com/32/38060786_3760f4f85d.jpg
1158,http://farm2.static.flickr.com/1050/623193527_f70dda6fe6.jpg
1159,http://farm1.static.flickr.com/192/492901008_4144bbae63.jpg
1160,http://www.tjorvar.is/assets/images/Giant_Schnauzer.jpg
1161,http://farm3.static.flickr.com/2142/2108199805_3936b40b96.jpg
1162,http://users.cybercity.dk/~ccc6550/pic/ryfibern_i.jpg
1163,http://www.europuppy.com/images/giant_schnauzer/giant_schnauzer_puppies.jpg
1164,http://farm1.static.flickr.com/62/184666004_b5f386ecb1.jpg
1165,http://www.gonedoggin.com/PDImages/Options/AW_GiantSchnauzer1_lg.jpg
1166,http://www.dog-breed-facts.com/images/Giant-Schnauzer/Giant-Schnauzer-big-4.jpg
1167,http://farm1.static.flickr.com/114/282386362_1aa8ec4ae8.jpg
1168,http://static.flickr.com/57/155992938_e89829b1cf.jpg
1169,http://farm2.static.flickr.com/1181/1284446182_367330dc88.jpg
1170,http://www.dogsindia.com/images/G-Sch.jpg
1171,http://www.schnauzers.home.ro/pictures/onix.jpg
1172,http://www.babbington-rescue.org.uk/images/den11.1.08.jpg
1173,http://www.socalgiantschnauzerrescue.org/i/u/2172705/i/FAQ-buddies-001-Pepe.jpg
1174,http://static.flickr.com/1124/1464939671_d3e6c9ac52.jpg
1175,http://www.vsgiantschnauzerrescue.org/images/shadow.gif
1176,http://farm2.static.flickr.com/1181/1353517458_a362f43151.jpg
1177,http://petsfact.com/images/giant-schnauzer--bigimageee.gif
1178,http://farm1.static.flickr.com/21/35997096_56967c4c4d.jpg
1179,http://www.hattensgiantschnauzers.com/images/mid2_2.jpg
1180,http://farm1.static.flickr.com/26/35997094_50b6e66c41.jpg
1181,http://www.giantschnauzerrescue.net/Roxie/Roxie.jpg
1182,http://www.hattensgiantschnauzers.com/images/lucas-hunter_rbis_1.jpg
1183,http://www.amordischnauzer.com/images/lupus-bos-seveso.jpg
1184,http://www.keystonekennel.com/dogs/photo/shaq.jpg
1185,http://www.puppyparadise.com/Breeds/standardsch.jpg
1186,http://farm1.static.flickr.com/199/483043068_d5b2b667dc.jpg
1187,http://www.wagandfetch.com/images/breeds/breed_giant_schnauzer.jpg
1188,http://kwdiinc.com/images/forsale/july-2006/chili-protection-dog-german-giant-schnauzer-kwdi-001.jpg
1189,http://farm1.static.flickr.com/104/302161946_b1c4a822b8.jpg
1190,http://farm2.static.flickr.com/1412/610460689_78c4b646cf.jpg
1191,http://www.giantschnauzerrescue.net/Klaus/Klaus.jpg
1192,http://portlandpooch.com/images/photos/big/264.jpg
1193,http://content.answers.com/main/content/wp/en/thumb/b/bc/180px-IMG_1976.JPG
1194,http://farm3.static.flickr.com/2145/2140456606_b0f57d25ca.jpg
1195,http://farm1.static.flickr.com/206/482097521_0fdaa2cc00.jpg
1196,http://www.jklgrooming.com/images/Charts/mini/Giant_Schnauzer.jpg
1197,http://farm1.static.flickr.com/99/312744164_c1843a817b.jpg
1198,http://farm1.static.flickr.com/207/514731059_7d916e8a21.jpg
1199,http://animal.discovery.com/convergence/eukanuba/akcchampionship/tour/gallery/giantschnauzer.jpg
1200,http://static.flickr.com/54/161846451_91ba025d9b.jpg
1201,http://www.pets4you.com/pages/images/oakvalley1.jpg
1202,http://farm1.static.flickr.com/136/318199469_14e78e3846.jpg
1203,http://www.gotpetsonline.com/pictures-gallery/dog-pictures-breeders-puppies-rescue/giant-schnauzer-pictures-breeders-puppies-rescue/pictures-photos/giant-schnauzer-0001.jpg
1204,http://static.flickr.com/46/149593970_bf23080f68.jpg
1205,http://www.schnauzersofga.com/Maximus9-14-06b-medium.jpg
1206,http://www.puppypurebred.com/images/standard_schnauzer.jpg
1207,http://www.canineoutfitters.com/guardian.JPG
1208,http://www.schnauzers.home.ro/pictures/orient.jpg
1209,http://farm1.static.flickr.com/53/114506386_bf165b9f9a.jpg
1210,http://www.schnauzer-ar.com/vp/imagen/g000046.jpg
1211,http://www.boxerunderground.com/bu2000/abc2002/images/otherbreeds_schnauzer_males.jpg
1212,http://farm1.static.flickr.com/99/432845858_48b77f677c.jpg
1213,http://farm1.static.flickr.com/95/237407379_f04c4403a6.jpg
1214,http://www.iservel.com/pics/gs01.jpg
1215,http://farm1.static.flickr.com/192/484315015_4ef629acb7.jpg
1216,http://farm1.static.flickr.com/25/35997097_de789c0d43.jpg
1217,http://farm1.static.flickr.com/102/309629837_a51880ef3b.jpg
1218,http://www.histylekennel.com/dogs/kc/main.jpg
1219,http://www.dog-breeds.name/pictures/giant-schnauzer/giant-schnauzer-4tn.jpg
1220,http://www.hattensgiantschnauzers.com/images/gwen_19_weeks.jpg
1221,http://img279.imageshack.us/img279/3476/devschn6xl.jpg
1222,http://farm1.static.flickr.com/75/184680786_aac2750db4.jpg
1223,http://farm1.static.flickr.com/176/432847509_9da3f41241.jpg
1224,http://giantschnauzer.krywufe.com/images/aldous/aldous_group2_2005.jpg
1225,http://www.histylekennel.com/dogs/tia/main.jpg
1226,http://www.dkimages.com/discover/previews/995/25003314.JPG
1227,http://farm3.static.flickr.com/2374/2093757177_9343264f5b.jpg
1228,http://www.pld.ttu.ee/~kruus/nortonbest.jpg
1229,http://static.flickr.com/75/168336440_b74cd52f87.jpg
1230,http://farm1.static.flickr.com/9/78229926_beebe338a9.jpg
1231,http://www.triplecrownkennel.com/ariel/ariel81.jpg
1232,http://farm1.static.flickr.com/46/106528590_69a4bf1ed5.jpg
1233,http://farm3.static.flickr.com/2139/2093754897_6a2988d26a.jpg
1234,http://farm1.static.flickr.com/100/288127186_e8d2a29d1a.jpg
1235,http://www.histylekennel.com/dogs/felony/main.jpg
1236,http://www.thekennelclub.org.uk/download/63/giantschnauzer.jpg
1237,http://farm2.static.flickr.com/1362/1119530771_8caa6528eb.jpg
1238,http://farm1.static.flickr.com/148/391223334_6fd4c198f8.jpg
1239,http://farm1.static.flickr.com/229/488292152_be867ea0b4.jpg
1240,http://farm1.static.flickr.com/222/518661752_2d6300faab.jpg
1241,http://farm1.static.flickr.com/210/492901586_d2466803a8.jpg
1242,http://farm1.static.flickr.com/62/184681874_1ce2362233.jpg
1243,http://farm3.static.flickr.com/2334/1816881145_05a39a7e90.jpg
1244,http://farm1.static.flickr.com/47/109611396_05b1306611.jpg
1245,http://farm2.static.flickr.com/1091/1365281250_c46e185071.jpg
1246,http://domain11652.sites.fasthosts.com/images/BenSchnauzer.jpg
1247,http://www.pups4sale.com.au/schnauzer_miniature_02a.jpg
1248,http://farm3.static.flickr.com/2021/2093755493_278245ed0f.jpg
1249,http://www.histylekennel.com/dogs/yogi/main.jpg
1250,http://www.vivapets.com/img/album/88_schanauzering_away_thb.jpg
1251,http://farm3.static.flickr.com/2070/2216846750_86904f1482.jpg
1252,http://lh3.google.com/_aeK51CqDHYU/Rof98c8izPI/AAAAAAAABRc/FPuLEDY-6lQ/s800/DSC01076.JPG
1253,http://media.iams.com/iams/en_US/data_root/image/dog_breed/gianschn.jpg
1254,http://digilander.libero.it/black_russian/images/russ%20in%20piedi.jpg
1255,http://www.blackxangal.com/galeria/400x320/aron18.jpg
1256,http://www.cinofilionline.it/images/Riesenshnautzer.jpg
1257,http://www.windoweb.it/guida/mondo/foto_di_cani/Schnauzer_gigante.jpg
1258,http://usuarios.lycos.es/schnauzerclubmadrid/IMAGENESPAGWEB/26.gigante.jpg
1259,http://www.affinity-petcare.com/esp/img/gos/razas/Schnauzer%20Gigante.gif
1260,http://84.20.31.133/images/815/81545156398.jpg
1261,http://www.original-legno.it/portale/immagini/animali/images/schnauzer.jpg
1262,http://www.schnauzer-pinscher.net/images/gigante_sss.jpg
1263,http://www.animalworld.com.br/caes/racas/schnauzer_gigante__08.jpg
1264,http://www.tropicalmanises.com/images/perros/otros/schnau07.jpg
1265,http://www.schnauzer-ar.com/vp/imagen/g000168.jpg
1266,http://www.lachacrademamita.com.ar/Fotos-admin/galerias/cat/20_1.jpg
1267,http://www.schnauzer.cz/images_upload/kryci_psi/nahled_158.jpg
1268,http://www.pichera.com/imgs/fichas/Terco-de-Pichera2.jpg
1269,http://www.apadan.net/adopciones_2005/luxe.JPG
1270,http://www.dallapartedelcane.it/comportamento/razze/schnauzer-gigante.jpg
1271,http://www.canycat.com/html/images/Fotos_Publicaciones/Schnauzer%20Gigante_1.jpg
1272,http://usuarios.lycos.es/peregrina/schnauzer.JPG
1273,http://www.pichera.com/imgs/fichas/olsen.jpg
1274,http://lh3.google.com/_sJmuHTphdII/RvAJwaUZbhI/AAAAAAAAAPc/fPI2NdhRuhw/s800/vacas+043.jpg
1275,http://www.todoarroyo.com/img/snaucer_fg.jpg
1276,http://www.mascotasenlared.net/DeRemate/SchnM1.jpg
1277,http://www.schnauzer-ar.com/vp/imagen/segurida.jpg
1278,http://www.pichera.com/imgs/fichas/tahur.jpg
1279,http://www.criaderosde.com/images/criaderos/961135926a3ee16febfe16d11dce3c85c4e485fe95fe47258.jpg
1280,http://bp0.blogger.com/_Vzc3PDqzd4s/ReSyzXYF3YI/AAAAAAAAAAM/AANTKqTDWmo/s320/Farah.jpg
1281,http://www.informacani.it/Cani_Razze/Foto/fotocani_gruppo_2/terrier_nero_russo.jpg
1282,http://www.milanometropoli.com/floretta1.jpg
1283,http://www.cinofiliaitaliana.it/ranking/ranking05/gr2.jpg
1284,http://www.delarrago.com/images/im_razas_dogs/schnauzer_gigante_small.jpg
1285,http://perso.wanadoo.es/risk99/gimagen15.jpg
1286,http://www.windoweb.it/guida/mondo/foto_di_cani/Schnauzer_standard3.jpg
1287,http://www.windoweb.it/guida/mondo/foto_di_cani/Schnauzer_standard8.jpg
1288,http://www.flashup.com/i/3/1/9f/vi_16335_392787_942862.jpg
1289,
