0,http://farm1.static.flickr.com/101/289376763_4f2dee00c9.jpg
1,http://www.catbreedinfo.net/images3/Goldenellie.jpg
2,http://farm1.static.flickr.com/34/114899889_fd0c4203a1.jpg
3,http://www.dkimages.com/discover/previews/947/75027049.JPG
4,http://petcaretips.net/golden_retriever.jpg
5,http://farm2.static.flickr.com/1403/539657755_8c2bca2135.jpg
6,http://farm1.static.flickr.com/173/470435074_e0ba0939bf.jpg
7,http://farm1.static.flickr.com/120/311797648_daa718e86c.jpg
8,http://farm2.static.flickr.com/1332/1160931054_a893cf6c4c.jpg
9,http://farm1.static.flickr.com/121/278529866_89fcfd1ad4.jpg
10,http://fotos.naturspot.de/fotos/16-18.jpg
11,http://farm3.static.flickr.com/2156/2225804447_5de24e339b.jpg
12,http://farm1.static.flickr.com/170/466544733_bff74e8fcd.jpg
13,http://www.jeffsurf.com.tw/images/Amigo01.jpg
14,http://farm1.static.flickr.com/113/371240658_888e4a6a28.jpg
15,http://farm3.static.flickr.com/2110/2238641757_c48f5a1abf.jpg
16,http://farm1.static.flickr.com/127/323590523_861c2b5d81.jpg
17,http://farm3.static.flickr.com/2069/2115508353_738c8940ff.jpg
18,http://static.flickr.com/21/24352057_a3f8d33ecc.jpg
19,http://static.flickr.com/44/130020543_5707678129.jpg
20,http://farm3.static.flickr.com/2136/1522577536_6178ae7cf9.jpg
21,http://www.petinfonet.com/golden-retriever-dog/golden-assets/golden-retriever-queen-marry.jpg
22,http://farm1.static.flickr.com/9/14243550_ee7c08fcce.jpg
23,http://www.gotpetsonline.com/pictures-gallery/dog-pictures-breeders-puppies-rescue/golden-retriever-pictures-breeders-puppies-rescue/pictures/golden-retriever-0252.jpg
24,http://cache.eb.com/eb/image?id=79392&rendTypeId;=4
25,http://www.elevagemettey.com/images/photo_nov_4.jpg
26,http://farm3.static.flickr.com/2068/2045919757_0d7e151559.jpg
27,http://farm3.static.flickr.com/2100/1830425562_377bb3b513.jpg
28,http://static.flickr.com/1358/539508221_638024a688.jpg
29,http://farm1.static.flickr.com/8/8768289_218d99f5b5.jpg
30,http://static.flickr.com/115/298518621_7417c5fa4b.jpg
31,http://farm3.static.flickr.com/2269/1676943547_871b3ba6f1.jpg
32,http://farm1.static.flickr.com/162/432628487_3b0d420a2f.jpg
33,http://p1.p.pixnet.net/albums/userpics/1/3/225713/1166214200.jpg
34,http://farm2.static.flickr.com/1285/861383549_3c36757a7a.jpg
35,http://farm1.static.flickr.com/216/462771187_054fed5cf4.jpg
36,http://randomfire.fierymill.net/content/img_20020.jpg
37,http://farm1.static.flickr.com/24/61194265_ea0b111477.jpg
38,http://farm3.static.flickr.com/2200/1871029640_fd40b7e091.jpg
39,http://www.labradorhonden.nl/golden%20retriever%20x%20labrador%20pups%20005.jpg
40,http://www.commercemarketplace.com/pages/4419/onhold/Golden_Retriever.JPG
41,http://static.flickr.com/2288/2072609309_3c474afffe.jpg
42,http://farm1.static.flickr.com/185/385492757_9490901a49.jpg
43,http://www.traffordphotos.com/assets/images/Golden_Retriever_9T071D-058.jpg
44,http://www.gotpetsonline.com/pictures-gallery/dog-pictures-breeders-puppies-rescue/golden-retriever-pictures-breeders-puppies-rescue/pictures-photos/golden-retriever-0178.jpg
45,http://farm1.static.flickr.com/72/173403609_c1e53f7b0a.jpg
46,http://www.naturalplanetorganics.com/images/image_golden_retriever.jpg
47,http://farm1.static.flickr.com/110/278098989_bb2963bd10.jpg
48,http://img161.imageshack.us/img161/1069/dsc01908okz8.jpg
49,http://farm2.static.flickr.com/1388/1404432558_98f2ad18ff.jpg
50,http://www.irishfieldsports.com/gundogs/images/golden%20retriever_small.JPG
51,http://www.shawnolson.net/media/1_1114_7.jpg
52,http://farm3.static.flickr.com/2111/2114410919_ee9c5ac198.jpg
53,http://www.catbreedinfo.net/art/GoldenRetrieverArt.jpg
54,http://www.wacow.net/wordpress/wp-content/uploads/2007/09/1125249947.jpg
55,http://farm1.static.flickr.com/32/63546971_4e2de72991.jpg
56,http://photos.davidkaspar.com/d/1034-4/DSC_1592.jpg
57,http://farm1.static.flickr.com/34/89563100_1d57e42ba9.jpg
58,http://www.grcw.org.uk/images/Otis-Country-Park-2-not-uns.jpg
59,http://farm2.static.flickr.com/1109/685135238_c5c240814a.jpg
60,http://p1.p.pixnet.net/albums/userpics/1/9/235019/1183907714.jpg
61,http://farm1.static.flickr.com/81/213443516_8118874113.jpg
62,http://farm3.static.flickr.com/2060/2099459969_daeac21afa.jpg
63,http://farm3.static.flickr.com/2106/2072107630_9bcdb7ec3b.jpg
64,http://farm2.static.flickr.com/1242/1430945760_c402242240.jpg
65,http://www.gotpetsonline.com/pictures-gallery/dog-pictures-breeders-puppies-rescue/golden-retriever-pictures-breeders-puppies-rescue/pictures/golden-retriever-0063.jpg
66,http://byfiles.storage.live.com/y1pJpvGj4qj2oTbwnZ0CAxPx-75tRSkDpTQrkh7nsSgXHtmQOWp68bBLDuwuwi5V9LB_y-ogYYIDoyB3O_l9E3VHuy1tYJbS6_r
67,http://farm1.static.flickr.com/228/457316661_4299be149f.jpg
68,http://farm1.static.flickr.com/109/312526362_803d23569c.jpg
69,http://www.pbase.com/image/85362427/original.jpg
70,http://farm1.static.flickr.com/19/93440613_b09da6e1e8.jpg
71,http://farm3.static.flickr.com/2355/2037787874_562b174b3f.jpg
72,http://www.gotpetsonline.com/pictures-gallery/dog-pictures-breeders-puppies-rescue/golden-retriever-pictures-breeders-puppies-rescue/pictures/golden-retriever-0526.jpg
73,http://farm2.static.flickr.com/1099/1060677240_bb4e577a22.jpg
74,http://farm3.static.flickr.com/2067/2142010915_be15f71fb8.jpg
75,http://farm1.static.flickr.com/23/31220275_eb4e79372b.jpg
76,http://www.mammothoutlet.com/images/golden.JPG
77,http://farm1.static.flickr.com/32/41872050_dccf402a32.jpg
78,http://farm3.static.flickr.com/2353/2036847093_eb769702c6.jpg
79,http://www.moloko.me.uk/dogimages/DSCN1638.JPG
80,http://farm3.static.flickr.com/2027/2046200895_81a7da58b1.jpg
81,http://static.flickr.com/39/74857638_16aaf75ac7.jpg
82,http://farm1.static.flickr.com/105/304345747_1794384e4d.jpg
83,http://www.cinofilionline.it/images/goldenretrieverbuono.jpg
84,http://farm3.static.flickr.com/2181/1677339906_50373962ca.jpg
85,http://farm2.static.flickr.com/1167/976833812_d158e7e4b7.jpg
86,http://farm1.static.flickr.com/244/448342776_481a2d3d0c.jpg
87,http://farm3.static.flickr.com/2040/2174734538_5d6c9739d9.jpg
88,http://farm2.static.flickr.com/1213/571115795_51577b4eb2.jpg
89,http://farm1.static.flickr.com/53/109899874_2bf576f472.jpg
90,http://farm1.static.flickr.com/183/400439786_04ff9150bd.jpg
91,http://farm2.static.flickr.com/1141/685135232_1a2319cb31.jpg
92,http://www.dkimages.com/discover/previews/841/10029619.JPG
93,http://farm1.static.flickr.com/96/213117909_5b81343919.jpg
94,http://farm1.static.flickr.com/91/218949042_3e7a3113dc.jpg
95,http://farm1.static.flickr.com/166/371444765_b55d790c74.jpg
96,http://farm3.static.flickr.com/2384/2084125359_ca44b415ac.jpg
97,http://farm3.static.flickr.com/2409/2034018160_bb40dc2f47.jpg
98,http://farm1.static.flickr.com/21/31220160_b3d837b995.jpg
99,http://www.petmotelandsalon.com/images/pictures/phase1/golden-strip.jpg
100,http://www.dog-breeds-infosite.com/images/goldenretriever.jpg
101,http://farm1.static.flickr.com/78/198996599_7094f9768a.jpg
102,http://farm2.static.flickr.com/1330/1454073739_bb2371b75c.jpg
103,http://static.flickr.com/31/60108065_2018b843d6.jpg
104,http://farm1.static.flickr.com/53/139846385_ed6ec7c863.jpg
105,http://farm2.static.flickr.com/1353/1329959307_0ea2edf1eb.jpg
106,http://farm1.static.flickr.com/95/255612609_10d73a1eef.jpg
107,http://farm1.static.flickr.com/84/237877470_2d1c5e9f3a.jpg
108,http://farm2.static.flickr.com/1019/685135198_c9fc79802a.jpg
109,http://farm1.static.flickr.com/41/83529153_b6c9c6b1a6.jpg
110,http://farm1.static.flickr.com/54/174477197_401ffc7dfe.jpg
111,http://thump01.pbase.com/u45/angel1975/small/33808977.6978.jpg
112,http://www.gotpetsonline.com/pictures-gallery/dog-pictures-breeders-puppies-rescue/golden-retriever-pictures-breeders-puppies-rescue/pictures-photos/golden-retriever-0165.jpg
113,http://farm1.static.flickr.com/85/213048762_53291fb1c3.jpg
114,http://farm2.static.flickr.com/1291/873481784_376a5a5097.jpg
115,http://farm2.static.flickr.com/1246/871375282_19024996c5.jpg
116,http://farm2.static.flickr.com/1224/910534445_ab9012729d.jpg
117,http://farm1.static.flickr.com/52/141680079_6a0b11800b.jpg
118,http://farm2.static.flickr.com/1141/1448539084_07d8d51ea7.jpg
119,http://www.goldenretriever-infos.de/goldenretriever_pixelquelle.jpg
120,http://www.gotpetsonline.com/pictures-gallery/dog-pictures-breeders-puppies-rescue/golden-retriever-pictures-breeders-puppies-rescue/pictures/golden-retriever-0057.jpg
121,http://farm2.static.flickr.com/1097/1222215397_88a1ca869d.jpg
122,http://www.patboydworld.com/Fun/CrissyDogAlbum1/images/GoldenUnknown.jpg
123,http://blog.davidkaspar.com/images/puppies-thumb.jpg
124,http://www.retrieverticino.ch/images/golden2.jpg
125,http://farm2.static.flickr.com/1003/1408368356_847035fa75.jpg
126,http://farm1.static.flickr.com/38/77780265_fab1494489.jpg
127,http://www.20minutos.es/data/img/2005/04/27/90464.jpg
128,http://www.gotpetsonline.com/pictures-gallery/dog-pictures-breeders-puppies-rescue/golden-retriever-pictures-breeders-puppies-rescue/pictures-photos/golden-retriever-0080.jpg
129,http://farm3.static.flickr.com/2322/1644633717_46ec5ba698.jpg
130,http://farm1.static.flickr.com/45/129178175_e917e8bf24.jpg
131,http://farm2.static.flickr.com/1079/1130006179_cae86d75eb.jpg
132,http://farm1.static.flickr.com/85/235301756_eecc05ecb0.jpg
133,http://farm1.static.flickr.com/152/395337426_06001b3029.jpg
134,http://www.danipinto.com/images/retreivers.jpg
135,http://www.petline.com.tw/member/PHOTO/837/MYPET.jpg
136,http://farm1.static.flickr.com/42/77271877_288f08a818.jpg
137,http://farm1.static.flickr.com/194/511764033_bfa63fbf05.jpg
138,http://www.soswede.com/elliot/images/links_main.jpg
139,http://11.img.v4.skyrock.com/113/jackrawlinson/pics/658191446_small.jpg
140,http://farm2.static.flickr.com/1050/1430065679_4e190843cb.jpg
141,http://farm1.static.flickr.com/54/115843112_c2bb999500.jpg
142,http://farm1.static.flickr.com/37/117769648_cc117d714f.jpg
143,http://farm3.static.flickr.com/2105/2073401988_6e39b32948.jpg
144,http://www.martinbeebee.com/photos/dogs/dg1029lg.jpg
145,http://www.caini-ham.ro/descrieri/05retrieveri/golden%20retriever%20(115).JPG
146,http://farm1.static.flickr.com/77/188936035_66a3077ba3.jpg
147,http://farm3.static.flickr.com/2273/2037270956_425320a840.jpg
148,http://static.flickr.com/37/108921074_c42f3de986.jpg
149,http://farm2.static.flickr.com/1085/1030055140_0e2deaf102.jpg
150,http://www.pedigreedatabase.com/dogs/i/golden_retriever.jpg
151,http://www.dooziedog.com/dog_breeds/images/full/Golden-Retriever-20.jpg
152,http://farm1.static.flickr.com/121/291526483_64d989994a.jpg
153,http://farm3.static.flickr.com/2023/2092390273_db61a3a419.jpg
154,http://farm2.static.flickr.com/1335/1092005926_ffa625731a.jpg
155,http://static.flickr.com/2060/2018993778_09e8d01a88.jpg
156,http://www.dogobedienceadvice.com/images/golden_retriever_training.jpg
157,http://farm1.static.flickr.com/6/9116311_cfbe7e0972.jpg
158,http://farm1.static.flickr.com/119/313239508_3bebf8b5b4.jpg
159,http://farm1.static.flickr.com/65/213449246_f59bddabb5.jpg
160,http://farm3.static.flickr.com/2007/1819347756_73e539b16e.jpg
161,http://www.types-of-dogs.com/dog_breed_images/golden-retriever.jpg
162,http://www.almostheaven-golden-retriever-rescue.org/lost/Tad.jpg
163,http://farm1.static.flickr.com/37/76922771_bd081cc1fb.jpg
164,http://farm3.static.flickr.com/2368/2058306165_cea168d03c.jpg
165,http://farm1.static.flickr.com/142/363571940_1d574202f6.jpg
166,http://www.gotpetsonline.com/pictures-gallery/dog-pictures-breeders-puppies-rescue/golden-retriever-pictures-breeders-puppies-rescue/pictures/golden-retriever-0117.jpg
167,http://farm2.static.flickr.com/1431/1027988084_9b228b32a4.jpg
168,http://farm3.static.flickr.com/2168/1798776560_c68703c2c9.jpg
169,http://farm2.static.flickr.com/1337/926749873_7a8400d620.jpg
170,http://farm1.static.flickr.com/148/403589601_341c729679.jpg
171,http://p7.p.pixnet.net/albums/userpics/7/7/443577/1189519410.jpg
172,http://farm1.static.flickr.com/174/397032527_6c2c397070.jpg
173,http://farm1.static.flickr.com/113/303671755_4e463c83d5.jpg
174,http://lh3.google.com/_BJcV387ACGY/RYUzcRhjGkI/AAAAAAAAACw/sfSYPXgaBXY/s800/pic26.jpg
175,http://farm1.static.flickr.com/64/173332328_8479e4ae24.jpg
176,http://static.flickr.com/80/228566954_6847cac9af.jpg
177,http://farm2.static.flickr.com/1030/1300700053_9bd272f23e.jpg
178,http://farm1.static.flickr.com/39/75547801_95b06e3645.jpg
179,http://farm3.static.flickr.com/2019/2138243161_9b4f895224.jpg
180,http://farm3.static.flickr.com/2360/2059057918_6f80ac7ca6.jpg
181,http://farm1.static.flickr.com/124/334591918_c84238bcdc.jpg
182,http://farm1.static.flickr.com/26/100435747_83e9fa98dc.jpg
183,http://farm1.static.flickr.com/51/148004888_7c7c980997.jpg
184,http://farm1.static.flickr.com/84/213175138_cbce2bd235.jpg
185,http://www.photolink.com.tw/tisphoto/h/a/happyball920/album/411b5f92/46e2b011.jpg
186,http://farm3.static.flickr.com/2229/2018993324_3d24bd0118.jpg
187,http://www.gotpetsonline.com/pictures-gallery/dog-pictures-breeders-puppies-rescue/golden-retriever-pictures-breeders-puppies-rescue/pictures-photos/golden-retriever-0055.jpg
188,http://farm1.static.flickr.com/90/346382035_b2b67175d4.jpg
189,http://www.jmag.com.tw/ImageProduct/004174-s.jpg
190,http://farm1.static.flickr.com/86/232306357_a2fa6ede1c.jpg
191,http://farm1.static.flickr.com/85/218643828_1b6465f3b0.jpg
192,http://farm1.static.flickr.com/76/201471608_b7bba8e3e9.jpg
193,http://www.dogbreedinfo.com/images15/GoldenRetrieverShaggyPic1.JPG
194,http://farm2.static.flickr.com/1090/1092008586_4143734128.jpg
195,http://farm1.static.flickr.com/185/444422760_f84860ac1f.jpg
196,http://lh3.google.com/_Yo3DeYSlNRc/RtJxM_RdLtI/AAAAAAAAAdI/XRkfcn3rkhQ/s800/173.JPG
197,http://farm1.static.flickr.com/13/18319480_67304c1346.jpg
198,http://farm1.static.flickr.com/34/72155631_10894dd765.jpg
199,http://farm2.static.flickr.com/1438/841000829_b70bab59ee.jpg
200,http://farm1.static.flickr.com/21/31218018_67d5d980b4.jpg
201,http://farm2.static.flickr.com/1328/871919591_53bb32c5a2.jpg
202,http://www.hunde.de/images/rassen/0207191337/golden_retriever.jpg
203,http://farm1.static.flickr.com/228/500000868_ee585d3bf7.jpg
204,http://farm2.static.flickr.com/1036/919413054_b34e7e5052.jpg
205,http://www.featurepics.com/FI/Thumb300V/20060708/GoldenRetriever47225.jpg
206,http://farm2.static.flickr.com/1440/560925944_b87bcaf6ce.jpg
207,http://farm1.static.flickr.com/99/252505340_7fdc292e13.jpg
208,http://farm3.static.flickr.com/2087/2104911692_63aef04dfb.jpg
209,http://farm3.static.flickr.com/2090/2215162820_a12725c23e.jpg
210,http://farm2.static.flickr.com/1386/1469063665_f716107c30.jpg
211,http://farm3.static.flickr.com/2028/2031792639_efa30f184d.jpg
212,http://farm3.static.flickr.com/2006/1810530138_32cd643a41.jpg
213,http://farm1.static.flickr.com/182/430918770_19936c7520.jpg
214,http://img44.pp.sohu.com/images/blog/2007/3/17/14/19/111f5848739.jpg
215,http://farm3.static.flickr.com/2313/2126121075_ce7dd21952.jpg
216,http://farm1.static.flickr.com/65/185150873_94d88055b6.jpg
217,http://farm1.static.flickr.com/24/63546644_9718b0d875.jpg
218,http://farm1.static.flickr.com/105/312623455_aca270866e.jpg
219,http://farm2.static.flickr.com/1149/656535480_911d6831bf.jpg
220,http://farm1.static.flickr.com/62/213447078_5da6dbb6ec.jpg
221,http://farm1.static.flickr.com/170/417735216_98f58f90d0.jpg
222,http://p6.p.pixnet.net/albums/userpics/6/8/226468/1166805045.jpg
223,http://farm1.static.flickr.com/25/40143135_2deb25ba47.jpg
224,http://www.passionales.com/Immagini/blume_milano_2006.jpg
225,http://www.mascotamigos.com.ar/deeisensteinlife/golden1.jpg
226,http://farm3.static.flickr.com/2295/1532133620_e14c84e238.jpg
227,http://farm3.static.flickr.com/2055/2050995028_f94ae228fa.jpg
228,http://a.verywed.com/forum/images/attachments/user_exchange/200411/579480.jpg
229,http://farm3.static.flickr.com/2417/1518575686_0fbfb2f55e.jpg
230,http://water.matsu-news.gov.tw/upload/images_big/79922.JPG
231,http://farm1.static.flickr.com/118/309353585_2a58d7fa0e.jpg
232,http://farm1.static.flickr.com/161/399831060_d71411b5b2.jpg
233,http://farm2.static.flickr.com/1146/567333144_f33864c27d.jpg
234,http://farm1.static.flickr.com/71/182941630_6cdb313a70.jpg
235,http://farm1.static.flickr.com/179/452088705_5b77403d63.jpg
236,http://static.flickr.com/31/35942611_3668018991.jpg
237,http://farm1.static.flickr.com/42/77905570_00a2ecf4b3.jpg
238,http://farm1.static.flickr.com/116/313317333_d1f009db98.jpg
239,http://farm2.static.flickr.com/1129/894209283_6da6c26ac6.jpg
240,http://farm3.static.flickr.com/2073/2046708384_e2ee69aba7.jpg
241,http://farm3.static.flickr.com/2100/1797813305_e1055973ce.jpg
242,http://www.thepawspa.com/potw/charlie3.jpeg
243,http://farm1.static.flickr.com/72/203598722_4e3d435215.jpg
244,http://bloguide.ettoday.com/include/show_text_album.php?bd=erykah&bc;=0000059078_b.jpg
245,http://farm3.static.flickr.com/2403/2171421242_c278d4810b.jpg
246,http://farm1.static.flickr.com/149/433566438_7d27013e97.jpg
247,http://farm1.static.flickr.com/41/109212124_fb2494ce34.jpg
248,http://farm3.static.flickr.com/2091/2055889690_d1cc33fc3a.jpg
249,http://farm1.static.flickr.com/67/228018344_1707fdb43a.jpg
250,http://farm1.static.flickr.com/1/983777_6191be6cc9.jpg
251,http://texasgoldenretrieverbreeders.com/lucaweb.jpg
252,http://farm1.static.flickr.com/1/983792_8e82afb8ac.jpg
253,http://farm1.static.flickr.com/1/983863_0807820309.jpg
254,http://farm2.static.flickr.com/1247/1209387498_461ca0f18c.jpg
255,http://farm1.static.flickr.com/86/250729105_d9426f66ee.jpg
256,http://seahawklab.com/labs72305c.JPG
257,http://static.flickr.com/150/418167964_439640c9bc.jpg
258,http://farm1.static.flickr.com/196/461040626_77f4f09bf9.jpg
259,http://farm3.static.flickr.com/2253/2058309569_1dcd7745bd.jpg
260,http://farm1.static.flickr.com/124/320891979_30a904245b.jpg
261,http://farm2.static.flickr.com/1316/911559719_bb9016ce5f.jpg
262,http://farm1.static.flickr.com/218/477519918_4c6b9b82f2.jpg
263,http://farm1.static.flickr.com/171/464884147_1f8b357b99.jpg
264,http://www.petline.com.tw/MyPet/images/c1.gif
265,http://farm1.static.flickr.com/1/983824_1494a4c0e9.jpg
266,http://farm2.static.flickr.com/1394/871797697_1165766fd2.jpg
267,http://www.gotpetsonline.com/pictures-gallery/dog-pictures-breeders-puppies-rescue/golden-retriever-pictures-breeders-puppies-rescue/pictures/golden-retriever-0275.jpg
268,http://farm1.static.flickr.com/34/96561358_7d905d3e99.jpg
269,http://farm1.static.flickr.com/164/355927134_77b1bf6dd5.jpg
270,http://farm1.static.flickr.com/9/75244578_e19fbb3e26.jpg
271,http://farm1.static.flickr.com/170/426537658_b5aa37c9d5.jpg
272,http://www.kowalski.es/imagenes/ashbury_g.jpg
273,http://www.copywriting.de/sam2.jpg
274,http://www.petline.com.tw/member/PHOTO/372/MYPET.gif
275,http://p2.p.pixnet.net/albums/userpics/2/0/62120/1155357132.jpg
276,http://farm2.static.flickr.com/1409/871871623_b44d05974d.jpg
277,http://farm1.static.flickr.com/24/40665099_488fa287a3.jpg
278,http://farm2.static.flickr.com/1176/1091131197_71d1cdb806.jpg
279,http://www.familia.com.mx/golden/DSC02985-br-portada.jpg
280,http://farm2.static.flickr.com/1369/1394396709_65040d97ab.jpg
281,http://farm1.static.flickr.com/67/226397410_53b40724b1.jpg
282,http://www.chiendavalanche.com/images/golden_retriever.jpg
283,http://blufiles.storage.msn.com/x1pIjpkUX-8gH8Q6cQQ5eY3cVG4a3qwPjkDsbOJBxDs_hcKynkODoDuZVIDIpZ1D0t1pg3rTm-oZqwUgqTAWlqmXBlSRjSZm5yBuuwCNRSjLTYCcMZbqd72PA
284,http://farm3.static.flickr.com/2415/2073396668_8f438f5d12.jpg
285,http://p4.p.pixnet.net/albums/userpics/4/9/226949/1166206971.jpg
286,http://blog.muevelonyc.com/g2/gallery/1218-2/retriever.jpg
287,http://farm1.static.flickr.com/142/319574501_a04dd059d2.jpg
288,http://farm1.static.flickr.com/115/298518621_7417c5fa4b.jpg
289,http://farm1.static.flickr.com/1/983825_94bc133123.jpg
290,http://farm1.static.flickr.com/80/213047519_fc0af1a017.jpg
291,http://farm1.static.flickr.com/1/983803_3c56341189.jpg
292,http://www.petline.com.tw/member/PHOTO/313/MYPET.jpg
293,http://farm3.static.flickr.com/2038/1794710725_222f49f61e.jpg
294,http://farm1.static.flickr.com/77/213115959_cc313aa8e6.jpg
295,http://farm1.static.flickr.com/221/504278651_7c0235942a.jpg
296,http://www.advanledge.com.tw/TheDoggieFarm/diary/chapt19/pool7.jpg
297,http://farm1.static.flickr.com/144/357666112_5bdf39d036.jpg
298,http://farm1.static.flickr.com/66/177270863_926cdaf971.jpg
299,http://farm1.static.flickr.com/55/139460230_4217539368.jpg
300,http://farm2.static.flickr.com/1001/1351331393_f2a500b463.jpg
301,http://farm3.static.flickr.com/2133/1508838073_545e923f46.jpg
302,http://www.labradorygolden.com.ar/bestiario/goldenretriever-diario.jpg
303,http://www.gotpetsonline.com/pictures-gallery/dog-pictures-breeders-puppies-rescue/golden-retriever-pictures-breeders-puppies-rescue/pictures/golden-retriever-0248.jpg
304,http://farm1.static.flickr.com/69/176161907_2321e79094.jpg
305,http://farm3.static.flickr.com/2238/2045915805_3c6a388efa.jpg
306,http://farm1.static.flickr.com/71/226613211_517834d609.jpg
307,http://www.dogsindepth.com/sporting_dog_breeds/images/golden_retriever_3.jpg
308,http://farm3.static.flickr.com/2042/1587246415_d297fe75f7.jpg
309,http://www.fish.idv.tw/upload/jpg14/15_486_6.JPG
310,http://www.gotpetsonline.com/pictures-gallery/dog-pictures-breeders-puppies-rescue/golden-retriever-pictures-breeders-puppies-rescue/pictures/golden-retriever-0139.jpg
311,http://farm2.static.flickr.com/1144/1154768873_5cc1e70dd9.jpg
312,http://farm1.static.flickr.com/138/325482801_aa14b97fcd.jpg
313,http://farm1.static.flickr.com/150/344668991_ec6f99adff.jpg
314,http://farm3.static.flickr.com/2386/2073039494_19dbf622ef.jpg
315,http://farm1.static.flickr.com/54/151419131_f1bfcec9b1.jpg
316,http://farm3.static.flickr.com/2243/2206150736_72fbf81a54.jpg
317,http://www.gotpetsonline.com/pictures-gallery/dog-pictures-breeders-puppies-rescue/golden-retriever-pictures-breeders-puppies-rescue/pictures/golden-retriever-0021.jpg
318,http://farm1.static.flickr.com/34/109212290_f7496fe86d.jpg
319,http://farm2.static.flickr.com/1232/634248417_677313f6f9.jpg
320,http://farm1.static.flickr.com/86/268232543_47709ca249.jpg
321,http://farm3.static.flickr.com/2377/2142789884_7b3e1da5c1.jpg
322,http://farm1.static.flickr.com/149/431790194_2de54fba30.jpg
323,http://farm2.static.flickr.com/1328/1093995361_f42a34b416.jpg
324,http://farm1.static.flickr.com/73/206690744_8b22504137.jpg
325,http://farm1.static.flickr.com/161/383006576_b1f39d03c4.jpg
326,http://lh5.google.com/image/mltr520/RgZCOd8ZkKI/AAAAAAAAABg/W-31KHOSumQ/67.jpg
327,http://farm1.static.flickr.com/165/338648839_7ca3fc2c42.jpg
328,http://farm1.static.flickr.com/94/282899725_7cb36e2451.jpg
329,http://p5.p.pixnet.net/albums/userpics/5/7/241057/1187787704.jpg
330,http://p1.p.pixnet.net/albums/userpics/1/9/235019/1188484701.jpg
331,http://farm1.static.flickr.com/78/213177024_1ec391c442.jpg
332,http://farm2.static.flickr.com/1182/1069766620_92f3c6ec1d.jpg
333,http://p5.p.pixnet.net/albums/userpics/5/2/57352/1191169157.jpg
334,http://farm2.static.flickr.com/1347/948019074_2de8c16fa6.jpg
335,http://www.gotpetsonline.com/pictures-gallery/dog-pictures-breeders-puppies-rescue/golden-retriever-pictures-breeders-puppies-rescue/pictures-photos/golden-retriever-0383.jpg
336,http://farm1.static.flickr.com/13/15188461_ca29ed34f6.jpg
337,http://www.puppysites.com/deluxe/gabesgolden.jpg
338,http://farm1.static.flickr.com/38/107591653_3753c73a30.jpg
339,http://animal.coa.gov.tw/animal/UpImgs/news_A200707000098.jpg
340,http://www.wacow.net/wordpress/wp-content/uploads/2007/04/ps_02.jpg
341,http://www.educa.aragob.es/catedu/recursos/adaptaweb/Animaland/Animales/labrador_retriever.jpg
342,http://www.elevage-golden.be/imgs/golden/golden-1.jpg
343,http://farm1.static.flickr.com/34/70081622_a172b41605.jpg
344,http://www.hondenpage.nl/argeweb/downloads/goldenretriever015.jpg
345,http://p1.p.pixnet.net/albums/userpics/1/5/157915/1170163378.jpg
346,http://farm1.static.flickr.com/139/382822633_a1f57d2286.jpg
347,http://blog.543club.net/peace/archives/13.jpg
348,http://farm3.static.flickr.com/2115/1578851452_44fa83b58b.jpg
349,http://farm1.static.flickr.com/72/171131756_ac82d0e7b9.jpg
350,http://upload.wikimedia.org/wikipedia/commons/thumb/4/47/Golden_retriever.jpg/683px-Golden_retriever.jpg
351,http://www.dooziedog.com/dog_breeds/images/full/Golden-Retriever-77.jpg
352,http://farm1.static.flickr.com/121/286538391_78d275acf9.jpg
353,http://farm1.static.flickr.com/1/983766_7144637ea1.jpg
354,http://studentweb.bhes.tpc.edu.tw/91s/s860355/www/images/b2.jpg
355,http://farm1.static.flickr.com/211/492066945_317def1b70.jpg
356,http://www.veths.no/upload/Forskning/Prosjektbilder/Golden%20retriever.jpg
357,http://farm2.static.flickr.com/1120/1347900067_9a28dd1968.jpg
358,http://tk.files.storage.msn.com/x1pIuxx1VYmtQsAmqJACOdUW67M7KB54-bPPX7VhKK_pFpmPGjjnJEy6E39kadohD9Kwd7qK-vRykzyo070Pd22YDPJguweDOHpzjY4DYL5FxB1DIpb6HOJVe8zjheNPMAeDmSiaIQ8W_U
359,http://www.gotpetsonline.com/pictures-gallery/dog-pictures-breeders-puppies-rescue/golden-retriever-pictures-breeders-puppies-rescue/pictures/golden-retriever-0290.jpg
360,http://static.flickr.com/203/502275988_20ce17d3e4.jpg
361,http://farm1.static.flickr.com/88/242129218_b525a2e094.jpg
362,http://caninecoalition.com/img/Golden-Retriever--0.jpg
363,http://animal.coa.gov.tw/animal/UpImgs/news_A200706000133.jpg
364,http://www.gotpetsonline.com/pictures-gallery/dog-pictures-breeders-puppies-rescue/golden-retriever-pictures-breeders-puppies-rescue/pictures/golden-retriever-0144.jpg
365,http://farm2.static.flickr.com/1176/1305211396_a5c4a9988e.jpg
366,http://farm1.static.flickr.com/221/477523988_4a352cfdde.jpg
367,http://farm1.static.flickr.com/45/139923324_f6ad906336.jpg
368,http://p5.p.pixnet.net/albums/userpics/5/2/492652/1193049502.jpg
369,http://p3.p.pixnet.net/albums/userpics/3/5/229535/1173539979.jpg
370,http://p.bluezz.tw/s_997_2157.jpg
371,http://p5.p.pixnet.net/albums/userpics/5/2/57352/1191169155.jpg
372,http://p.bluezz.tw/s_997_2158.jpg
373,http://animal.coa.gov.tw/animal/UpImgs/news_A200707000081.jpg
374,http://www.gotpetsonline.com/pictures-gallery/dog-pictures-breeders-puppies-rescue/golden-retriever-pictures-breeders-puppies-rescue/pictures/golden-retriever-0074.jpg
375,http://www.loveyourdog.com/images/goldenpupgray.jpg
376,http://farm1.static.flickr.com/109/300409107_123a357433.jpg
377,http://chinese.engadget.com/images/2006/11/oreo.jpg
378,http://farm1.static.flickr.com/70/334011549_a7dd673ca2.jpg
379,http://farm1.static.flickr.com/76/217115263_63632dadcf.jpg
380,http://farm1.static.flickr.com/126/389555813_9f1139cff7.jpg
381,http://chukuang.gov.tw/attach/matsu-392e7bdd031d45c07d38bd5eeb350d77.jpg
382,http://static.flickr.com/55/115375522_f85bfe8b44.jpg
383,http://farm3.static.flickr.com/2342/1870199301_13b20731a7.jpg
384,"http://www.travelog.com.tw/91843F24-1B5D-4C59-9704-E6D041438B9E,120HS120"
385,http://farm1.static.flickr.com/32/48706223_4519e21d3d.jpg
386,http://farm2.static.flickr.com/1423/584605870_eb283a9a4e.jpg
387,http://www.puppyfind.com/breed/golden_retriever/m_415054.jpg
388,http://farm2.static.flickr.com/1420/1179112421_3348eb7dab.jpg
389,http://www.legta-cibeins.educagri.fr/album/site-chenil/rubis.jpg
390,http://farm1.static.flickr.com/118/284884521_31eba37ba9.jpg
391,http://farm3.static.flickr.com/2045/1761035155_351bd5f174.jpg
392,http://farm1.static.flickr.com/47/121319764_e9b00abb92.jpg
393,http://estaticos01.cache.el-mundo.net/elmundo/imagenes/2006/04/07/1144429329_0.jpg
394,http://farm1.static.flickr.com/224/505908379_4660be10ce.jpg
395,http://www.pedigree.com.au/breeds/images/golden_retriever_02.jpg
396,http://farm3.static.flickr.com/2139/2070289554_caf4243936.jpg
397,http://www.funnypostcard.com/dog/jessie.jpg
398,http://farm1.static.flickr.com/28/40914776_6fc00cfa24.jpg
399,http://photos16.flickr.com/19336246_e51f0fb2f2.jpg
400,http://farm1.static.flickr.com/236/454002917_7564e6d504_o.jpg
401,http://farm3.static.flickr.com/2408/1776205419_a8ca23b195.jpg
402,http://farm3.static.flickr.com/2341/1861850427_16ff7757fc.jpg
403,http://farm1.static.flickr.com/151/348912758_ead43327fc.jpg
404,http://farm1.static.flickr.com/179/379647407_83ba1101ee.jpg
405,http://farm1.static.flickr.com/215/467608151_cb99c13223.jpg
406,http://www.dogdancing-sport.de/assets/images/Jerry.jpg
407,http://farm1.static.flickr.com/23/31220540_04000c06c3.jpg
408,http://farm3.static.flickr.com/2122/2218601625_e7e2225214.jpg
409,http://farm1.static.flickr.com/225/485092742_79ba7a2f64.jpg
410,http://61.64.75.170/nan/20070423_JF/IMG_8129.jpg
411,http://stuweb.whes.tpc.edu.tw/~951028/images/dog29.gif
412,http://farm1.static.flickr.com/55/107172060_2a201f8807.jpg
413,http://www.dooziedog.com/dog_breeds/images/full/Golden-Retriever-40.jpg
414,http://www.friendsofthepound.com/tempimages/max_lost.jpg
415,http://www.petline.com.tw/pet_news/o_data/02/i03.jpg
416,http://farm1.static.flickr.com/165/416756857_2549ca0be6.jpg
417,http://p5.p.pixnet.net/albums/userpics/5/7/241057/1187791759.jpg
418,http://p4.p.pixnet.net/albums/userpics/4/5/263745/1177257283.jpg
419,http://www.anticaetruria.com/immagini/golden_puppies.jpg
420,http://farm2.static.flickr.com/1187/560916284_c843f9d686.jpg
421,http://www.gotpetsonline.com/pictures-gallery/dog-pictures-breeders-puppies-rescue/golden-retriever-pictures-breeders-puppies-rescue/pictures/golden-retriever-0223.jpg
422,http://farm1.static.flickr.com/204/503852513_c38da06d77.jpg
423,http://farm3.static.flickr.com/2051/2072611381_57293cd80b.jpg
424,http://farm3.static.flickr.com/2286/2067216274_38c80d4e72.jpg
425,http://farm1.static.flickr.com/225/473179130_7116dbe2a9.jpg
426,http://clie.ws/bbs/uploads/post-5517-1154484271_thumb.jpg
427,http://www.beaglepaws.com/images/Shiner3.jpg
428,http://farm2.static.flickr.com/1132/529936935_9bb99455da.jpg
429,http://farm3.static.flickr.com/2349/1745766044_1f4bdfccd7.jpg
430,http://farm2.static.flickr.com/1008/1386223841_1d4b551d39.jpg
431,http://farm1.static.flickr.com/223/485380147_a1117edd3a.jpg
432,http://storage.msn.com/x1pSegvL5Y8rudVZ5Wsb9AX6-UH_oMz-R9tCCIS9JYROpnWS31OqQw5CHdUueLKMV0CLwitniBud9kLTfSt-BEEG1yhKe2G8Hgmf33ZekzihhyPXOPtFor_S_ZYW4DHE_fQb0InJpRlveKLLsCUMZId4Q
433,http://farm1.static.flickr.com/136/379195884_5f5bbe1e17.jpg
434,http://farm3.static.flickr.com/2283/2145070934_71d5ea94f5.jpg
435,http://static.flickr.com/219/476303197_93e69bddde.jpg
436,http://www.petline.com.tw/member/PHOTO/741/MYPET.jpg
437,http://z.about.com/d/dogs/1/0/2/s/vito_golden_pup.jpg
438,http://farm1.static.flickr.com/94/240626014_e780573869.jpg
439,http://www.petline.com.tw/member/PHOTO/526/MYPET.jpg
440,http://farm1.static.flickr.com/22/31218095_03f686dcf5.jpg
441,http://www.marjazza.de/images/8000.jpg
442,http://farm1.static.flickr.com/163/361147091_a5a1897623.jpg
443,http://img114.pp.sohu.com/images/blog/2007/4/26/20/1/112c56348a9.jpg
444,http://www.seastones.se/Bild%20011.jpg
445,http://www1.istockphoto.com/file_thumbview_approve/2832524/2/istockphoto_2832524_golden_retriever.jpg
446,http://farm3.static.flickr.com/2369/2234022775_bf2fa2c288.jpg
447,http://farm3.static.flickr.com/2022/2142769210_b0fc7fb18c.jpg
448,http://static.flickr.com/74/224886533_c6db8821af.jpg
449,http://farm3.static.flickr.com/2196/2108830614_5e4cb87bfa.jpg
450,http://farm1.static.flickr.com/51/190898807_30d3c071d3.jpg
451,http://farm1.static.flickr.com/162/344091494_615df8525a.jpg
452,http://farm1.static.flickr.com/56/139838636_4b95e8af93.jpg
453,http://farm1.static.flickr.com/52/192829145_c1466df5f4.jpg
454,http://farm1.static.flickr.com/89/206757759_8ec0dddce4.jpg
455,http://www.longjieh.com.tw/photo/008-23-34.jpg
456,http://www.twosassysisters.com/ED/Pictures/EDPL-G230C14SQ-GoldenRetriever_small.jpg
457,http://www.petuniversity.com/assets/003/7779.jpg
458,http://farm2.static.flickr.com/1417/1333630625_8919c44336.jpg
459,http://farm3.static.flickr.com/2226/2071027208_606a4e4d6e.jpg
460,http://farm3.static.flickr.com/2191/1515937055_8f47b44850.jpg
461,http://act.udn.com/ACT/petlife/photo/2bc13150a.jpg
462,http://www.puppyfind.com/breed/golden_retriever/m_247099.jpg
463,http://farm1.static.flickr.com/64/203731607_65502cf929.jpg
464,http://hotdogpu.myweb.hinet.net/pic/sg_logos.JPG
465,http://farm3.static.flickr.com/2101/1797600893_56fabc061b.jpg
466,http://farm1.static.flickr.com/160/425908551_62219a5eb2.jpg
467,http://farm1.static.flickr.com/199/511473177_caeb109e71.jpg
468,http://www.99520.com/001dog04/001dog04/P1010182.JPG
469,http://www.weeu.com/PetSmart%20WEE-U%20Bear%20with%20Golden%20Retriever.jpg
470,http://farm1.static.flickr.com/147/339245962_ced7aa3754.jpg
471,http://static.flickr.com/143/383956385_820c0d7db0.jpg
472,http://farm1.static.flickr.com/213/454219531_9470ebfaeb.jpg
473,http://anwo.com/store/media/goldenIIsandorg.JPG
474,http://farm1.static.flickr.com/19/95044256_35c7383a1b.jpg
475,http://farm1.static.flickr.com/25/40383093_1fba7d9d38.jpg
476,http://farm1.static.flickr.com/165/344009499_9f76567611_o.jpg
477,http://farm1.static.flickr.com/48/150748064_68e8d8e681.jpg
478,http://farm1.static.flickr.com/23/149906123_11b8bda2e2.jpg
479,http://www.timberretrievers.com/images/about.jpg
480,http://farm1.static.flickr.com/29/43070213_3c3806f141.jpg
481,http://www.gotpetsonline.com/pictures-gallery/dog-pictures-breeders-puppies-rescue/golden-retriever-pictures-breeders-puppies-rescue/pictures/golden-retriever-0233.jpg
482,http://farm3.static.flickr.com/2049/2223011852_a88224f315.jpg
483,"http://images.blogcn.com/2007/7/11/11/8angel8,m_20070711233450127.jpg"
484,http://farm3.static.flickr.com/2203/1557981446_df70bcc910_o.jpg
485,http://farm3.static.flickr.com/2414/1849693164_522b30bc6a.jpg
486,http://www.canadasguidetodogs.com/customergraphics/gr_joyso/ad_photo.jpg
487,http://farm1.static.flickr.com/33/53237456_bda3c35deb.jpg
488,http://www.kuan.cc/friend/2007/0210Dog/Dog01y.jpg
489,http://farm3.static.flickr.com/2069/2111891200_855ee3b446.jpg
490,http://p5.p.pixnet.net/albums/userpics/5/7/241057/1187787702.jpg
491,http://farm3.static.flickr.com/2383/2170372149_b742013032.jpg
492,http://www.perrosperros.com.ar/fotosperros/golden%20retrievers1.jpg
493,http://farm1.static.flickr.com/87/252819345_6a908a0a88.jpg
494,http://www.gotpetsonline.com/pictures-gallery/dog-pictures-breeders-puppies-rescue/golden-retriever-pictures-breeders-puppies-rescue/pictures/golden-retriever-0281.jpg
495,http://msnbcmedia3.msn.com/j/msnbc/Components/Photos/071008/071008_dogcatmom_vmed_2p.widec.jpg
496,http://www.vk2001.com/avirklari/golden_retriever.jpg
497,http://farm1.static.flickr.com/147/379196447_dec6362264.jpg
498,http://farm1.static.flickr.com/161/379205643_0157adda74.jpg
499,http://p4.p.pixnet.net/albums/userpics/4/5/276845/1176692371.jpg
500,http://farm1.static.flickr.com/11/14295457_ab55987f51.jpg
501,http://farm3.static.flickr.com/2190/1851113602_0538b74d58.jpg
502,http://lh3.google.com/_PqstEgeepNs/Rhk6BsGpjXI/AAAAAAAAAZQ/1hN6sCaS_ho/s800/Sparks.jpg
503,http://farm1.static.flickr.com/72/165072927_7bdba870af.jpg
504,http://farm1.static.flickr.com/165/399307430_564cc51df4.jpg
505,http://farm2.static.flickr.com/1214/1431225726_d9005cc17f.jpg
506,http://210.240.18.1/Class_wlps/93_Netinfo_Contest/6year/607_white/images/7777777777777.jpg
507,http://farm2.static.flickr.com/1305/1392097966_6846e86a0c.jpg
508,http://www.bzg-franken.de/rassen/golden_kopf.jpg
509,http://farm2.static.flickr.com/1330/560921832_9e41b6c254.jpg
510,http://farm2.static.flickr.com/1336/681117093_efc807356c.jpg
511,http://www.canards-ducks.com/vid%E9os/2004%2005%2012/lipton%20le%20golden%20retriever.jpg
512,http://inlinethumb03.webshots.com/2/2771300090044056178S425x425Q85.jpg
513,http://static.flickr.com/132/384118705_92ee81e866.jpg
514,http://farm1.static.flickr.com/45/160935562_c8e3d65d6c.jpg
515,http://fs1.tw.cyworld.com/data1/2006/07/14/133/1152890933778059_DSCF5053.JPG
516,http://59.120.204.243/one/blog/attachments/2007/08/4_200708100038043.thumb.jpg
517,http://animal.coa.gov.tw/animal/UpImgs/news_A200705013211.jpg
518,http://farm2.static.flickr.com/1432/1330858220_b80bd4852f.jpg
519,http://farm1.static.flickr.com/64/210402905_7ccbfbf8fd.jpg
520,http://www.petline.com.tw/member/PHOTO/235/MYPET.jpg
521,http://farm1.static.flickr.com/191/441302045_85e5c8bcf5.jpg
522,http://farm1.static.flickr.com/174/480115479_48c22b5f08.jpg
523,http://www.gotpetsonline.com/pictures-gallery/dog-pictures-breeders-puppies-rescue/golden-retriever-pictures-breeders-puppies-rescue/pictures/golden-retriever-0225.jpg
524,http://www.gotpetsonline.com/pictures-gallery/dog-pictures-breeders-puppies-rescue/golden-retriever-pictures-breeders-puppies-rescue/pictures/golden-retriever-0014.jpg
525,http://farm1.static.flickr.com/1/983817_349426d54d.jpg
526,http://www.copyright-free-pictures.org.uk/animals/dogs/golden-labrador-retriever.jpg
527,http://blog.543club.net/peace/archives/IMAGE_049.jpg
528,http://farm3.static.flickr.com/2369/2139934180_2ce28579e0.jpg
529,http://lh3.google.com/_nSSePZwPp5g/R0Ddbve-czI/AAAAAAAAACg/T7bghpscYHY/s800/P1120316.JPG
530,http://blogs.effinfunny.com/wp-content/uploads/2007/10/fernfall_local_herohero__begging.jpg
531,http://static.flickr.com/1247/1441391182_e1f5ef49a4.jpg
532,http://farm1.static.flickr.com/167/421508016_579665a6b8.jpg
533,http://farm1.static.flickr.com/115/268232243_8022b3ca0a.jpg
534,http://farm3.static.flickr.com/2191/2218941588_da8d86e0e1.jpg
535,http://www.evendim.com/cach1.jpg
536,http://aerohost.com/goldens/images/English-Golden-Retriever-Belle.jpg
537,http://www.petline.com.tw/member/PHOTO/1606/MYPET.jpg
538,http://farm1.static.flickr.com/28/40914292_7ec2443600.jpg
539,http://farm1.static.flickr.com/40/134447819_b2ca3e4689.jpg
540,http://static.flickr.com/1079/557255198_1b5a3179a2.jpg
541,http://users.skynet.be/hethulterhof/Ras_Beschrijvingen/Golden_Retriever.jpg
542,http://upload.wikimedia.org/wikipedia/commons/thumb/b/b5/Golden_Retriever.jpg/800px-Golden_Retriever.jpg
543,http://www.junglewalk.com/animal-pictures/638/Golden-retriever-6955.jpg
544,http://farm1.static.flickr.com/164/340778722_2b27a2bc66.jpg
545,http://farm2.static.flickr.com/1221/1398450576_f7405977cc.jpg
546,http://farm2.static.flickr.com/1113/1394072116_68724d6245.jpg
547,http://www.dogbreedinfo.com/images18/MixSharPeiGoldenRetrieverMixJaxon11weeks.jpg
548,http://farm3.static.flickr.com/2322/2091907784_4fd85a4887.jpg
549,http://farm1.static.flickr.com/94/213447081_17ec4113b8.jpg
550,http://www.petline.com.tw/member/PHOTO/301/MYPET.jpg
551,http://farm1.static.flickr.com/230/527772004_e8bf384c15.jpg
552,http://farm1.static.flickr.com/82/213480622_aa1161cb0b.jpg
553,http://farm1.static.flickr.com/151/372417427_afb303277f.jpg
554,http://p4.p.pixnet.net/albums/userpics/4/3/255743/1171179550.jpg
555,http://farm1.static.flickr.com/169/485365316_2e30050395.jpg
556,http://farm1.static.flickr.com/106/313030897_daa8e1d876.jpg
557,http://farm3.static.flickr.com/2299/2236038756_838e6f6324.jpg
558,http://www.featurepics.com/FI/Thumb300V/20060708/GoldenRetriever47226.jpg
559,http://farm1.static.flickr.com/71/213410373_d6a3bbc12d.jpg
560,http://farm3.static.flickr.com/2095/2141978831_1ea630ffb7.jpg
561,http://farm1.static.flickr.com/219/466344167_86a34a8957.jpg
562,http://farm1.static.flickr.com/52/153664896_841ecf78c2.jpg
563,http://farm2.static.flickr.com/1430/530441869_15b1876440.jpg
564,http://farm1.static.flickr.com/49/136184524_2ec98c6904.jpg
565,http://accc.com.co/FotosSept2004/Salida_GoldenRetriever.jpg
566,http://www.gummylump.com/files/product/a_1619.golden-retriever-with-puppies-100pc-jigsaw-puzzle.jpg
567,http://lh3.google.com/_7RZy9OsspjE/Ro0q3r5TyvI/AAAAAAAAAbA/7NO_XH1exoc/s800/bath+time+001.jpg
568,http://www.gotpetsonline.com/pictures-gallery/dog-pictures-breeders-puppies-rescue/golden-retriever-pictures-breeders-puppies-rescue/pictures/golden-retriever-0118.jpg
569,http://farm1.static.flickr.com/95/262448485_db6629a437.jpg
570,http://p6.p.pixnet.net/albums/userpics/6/3/40463/113863556459.jpg
571,http://farm3.static.flickr.com/2266/2072609455_ee21f045c8.jpg
572,http://farm1.static.flickr.com/104/259832927_fd3e20f116.jpg
573,http://www.treflusa.com/30-300piece/trfy5121a.jpg
574,http://farm2.static.flickr.com/1103/1353506516_0a8d32cf8a.jpg
575,http://farm1.static.flickr.com/179/429033751_5e6ba63997.jpg
576,http://www.hiddenmeadowgoldens.com/images/WhiteEnglishGoldenRetrieverFlorida.png
577,http://farm2.static.flickr.com/1233/636342793_af68e1302a.jpg
578,http://p.bluezz.tw/s_692_1148.jpg
579,http://farm1.static.flickr.com/201/505746033_d9ec67ebe3.jpg
580,http://farm1.static.flickr.com/43/77718698_329f0efbf7.jpg
581,http://www.montedelre.com/public/upload/2/categorie_portale/gr.jpg
582,http://img264.imageshack.us/img264/2225/p1010076kr3.jpg
583,http://img206.imageshack.us/img206/2254/dsc01917wi4.jpg
584,http://farm2.static.flickr.com/1410/762927191_676db2ef55.jpg
585,http://www.99520.com/index-01/index-0001/images/0606-01.jpg
586,http://www.dog-obedience-training-review.com/images/Golden-Retriever-Training.jpg
587,http://farm1.static.flickr.com/181/424788663_25f59c15dc.jpg
588,http://www.gotpetsonline.com/pictures-gallery/dog-pictures-breeders-puppies-rescue/golden-retriever-pictures-breeders-puppies-rescue/pictures/golden-retriever-0064.jpg
589,http://www.gotpetsonline.com/pictures-gallery/dog-pictures-breeders-puppies-rescue/golden-retriever-pictures-breeders-puppies-rescue/pictures/golden-retriever-0075.jpg
590,http://farm1.static.flickr.com/21/24352058_9063285f25.jpg
591,http://farm1.static.flickr.com/56/189078131_2f58e03cca.jpg
592,http://static.flickr.com/2187/1762005194_2a45e88262.jpg
593,http://fireflyforest.net/images/firefly/2005/December/Golden-Retriever-couch.jpg
594,http://farm1.static.flickr.com/203/443511007_f1b789ec5f.jpg
595,http://farm2.static.flickr.com/1359/1456765421_8bf7acc66b.jpg
596,http://farm3.static.flickr.com/2377/2151973414_4453519e12.jpg
597,http://farm3.static.flickr.com/2246/2029854231_eba38eaa2e.jpg
598,http://farm1.static.flickr.com/210/444656094_e307c21ea9.jpg
599,http://images.joyo.com/7/710910737X0920037-fm.jpg
600,http://farm2.static.flickr.com/1395/1441388330_fae1a7b15a.jpg
601,http://farm2.static.flickr.com/1380/1444737160_c8e7f7b190.jpg
602,http://www.gotpetsonline.com/pictures-gallery/dog-pictures-breeders-puppies-rescue/golden-retriever-pictures-breeders-puppies-rescue/pictures/golden-retriever-0230.jpg
603,http://farm1.static.flickr.com/81/250663258_b90c4c0e45.jpg
604,http://www.welpen.de/zverzeichnis/bilder/golden.jpg
605,http://farm3.static.flickr.com/2080/2238641663_874eab3279.jpg
606,http://farm2.static.flickr.com/1143/1383997742_2833b3360c.jpg
607,http://www.dkimages.com/discover/previews/753/272346.JPG
608,http://farm1.static.flickr.com/97/231446935_e280511f33.jpg
609,http://hk.media2.88db.com/DB88UploadFiles/2007/08/23/FAECF780-10B1-4AD7-A1F1-67ACF734D987.JPG
610,http://farm2.static.flickr.com/1327/681106841_4b6a3ff412.jpg
611,http://farm3.static.flickr.com/2263/2124623866_e92de33689.jpg
612,http://farm3.static.flickr.com/2418/2142799064_6e31224e27.jpg
613,http://farm2.static.flickr.com/1283/717610908_c22a2f41a1.jpg
614,http://farm3.static.flickr.com/2182/2129079391_c64b91c86a.jpg
615,http://farm3.static.flickr.com/2318/1798750857_fd4a52f983.jpg
616,http://farm2.static.flickr.com/1287/1324931179_dc84109114.jpg
617,http://farm2.static.flickr.com/1218/560905436_07cffe53f0.jpg
618,http://tinypic.com/4rvqki
619,http://farm3.static.flickr.com/2405/2018193453_c421e9f36d.jpg
620,http://farm1.static.flickr.com/150/429030244_0c74b0f975.jpg
621,http://farm1.static.flickr.com/50/118976412_5133c8a0df.jpg
622,http://www.pcimagenetwork.com/puppy/golden_retriever12.jpg
623,http://farm1.static.flickr.com/27/55011385_61327ab738.jpg
624,http://farm2.static.flickr.com/1369/773418127_8610604737.jpg
625,http://tnews.cc/photo/2005925325_40_1.jpg
626,http://farm3.static.flickr.com/2054/1559685998_a7234767f5.jpg
627,http://www.dooziedog.com/dog_breeds/images/full/Golden-Retriever-76.jpg
628,http://www.gotpetsonline.com/pictures-gallery/dog-pictures-breeders-puppies-rescue/golden-retriever-pictures-breeders-puppies-rescue/pictures/golden-retriever-0216.jpg
629,http://farm3.static.flickr.com/2004/2015763416_3b2d329ede.jpg
630,http://farm1.static.flickr.com/59/178665134_d8b1253d66.jpg
631,http://farm2.static.flickr.com/1402/1307331293_0b694b5146.jpg
632,http://farm2.static.flickr.com/1392/1256205014_3b394dfefa.jpg
633,http://tnews.cc/photo/20059251252_35_1.jpg
634,http://www.breederretriever.com/photopost/data/509/golden_playing_with_cat.jpg
635,http://www.retrieverpictures.com/fullsize/Rock0124.jpg
636,http://clie.ws/bbs/uploads/post-5517-1154484598.jpg
637,http://blog.roodo.com/rd_taiwan/bd2a6be5_s.jpg
638,http://static.flickr.com/32/63546951_ccbacc2fe1.jpg
639,http://www.dkimages.com/discover/previews/791/95023366.JPG
640,http://farm2.static.flickr.com/1355/1295085025_1d5c300f81.jpg
641,http://farm3.static.flickr.com/2009/2218275564_29023287a7.jpg
642,http://farm2.static.flickr.com/1108/1267029407_7490baa456.jpg
643,http://farm1.static.flickr.com/62/192756190_6c265a61b6.jpg
644,http://www.showdog.com/Pictures/Dog/GoldenRetriever.jpg
645,http://www.gotpetsonline.com/pictures-gallery/dog-pictures-breeders-puppies-rescue/golden-retriever-pictures-breeders-puppies-rescue/pictures/golden-retriever-0124.jpg
646,http://web2.ctsh.hcc.edu.tw/~s9211025/25.jpg
647,http://www.gotpetsonline.com/pictures-gallery/dog-pictures-breeders-puppies-rescue/golden-retriever-pictures-breeders-puppies-rescue/pictures/golden-retriever-0003.jpg
648,http://www.dooziedog.com/dog_breeds/images/full/Golden-Retriever-91.jpg
649,http://www.gotpetsonline.com/pictures-gallery/dog-pictures-breeders-puppies-rescue/golden-retriever-pictures-breeders-puppies-rescue/pictures/golden-retriever-0170.jpg
650,http://farm1.static.flickr.com/139/340773317_df053fef78.jpg
651,http://www.btanimaux.com/photos/annonces/chiens/photo1015196.jpg
652,http://p9.p.pixnet.net/albums/userpics/9/3/242393/1163738210.jpg
653,http://farm1.static.flickr.com/102/307119198_26e12d5a44.jpg
654,http://www.gotpetsonline.com/pictures-gallery/dog-pictures-breeders-puppies-rescue/golden-retriever-pictures-breeders-puppies-rescue/pictures/golden-retriever-0073.jpg
655,http://farm1.static.flickr.com/222/469055071_a18b614fe6.jpg
656,http://student.wtuc.edu.tw/~1092200114/dog2.jpg
657,http://farm1.static.flickr.com/157/357666110_3a556e2f4f.jpg
658,http://tkfiles.storage.msn.com/x1pPHu2K6HCG6qzQsjmKtKz7a22vhPVhvzVBYYbEjwoke97PY721ZDq22DOjL6WIaEfjY-iRh6Znhz1pTfaylm6bnLeoRUMFAnkMmGXwlwyTpg
659,http://farm2.static.flickr.com/1253/534288599_9b2663c01c.jpg
660,http://farm3.static.flickr.com/2067/2114095830_b4e1455941.jpg
661,http://www.gotpetsonline.com/pictures-gallery/dog-pictures-breeders-puppies-rescue/golden-retriever-pictures-breeders-puppies-rescue/pictures/golden-retriever-0065.jpg
662,http://static.flickr.com/141/340743347_3aaafe2985.jpg
663,http://www.renokeo.com/rocky5.jpg
664,http://farm1.static.flickr.com/36/74859482_3d35857117.jpg
665,http://upload.wikimedia.org/wikipedia/commons/thumb/6/61/GoldenRetrDark4_wb.jpg/150px-GoldenRetrDark4_wb.jpg
666,http://studentweb.bhes.tpc.edu.tw/91s/s860770/www/images/new_pa15.jpg
667,http://farm3.static.flickr.com/2087/1518442083_f8bf446b65.jpg
668,http://upload.wikimedia.org/wikipedia/commons/thumb/8/81/Golden_Retriever_Hannah.JPG/800px-Golden_Retriever_Hannah.JPG
669,http://farm1.static.flickr.com/139/322743298_9245363564.jpg
670,http://farm1.static.flickr.com/90/213439241_86f57f052c.jpg
671,http://photos17.flickr.com/20822961_9fef9c289f.jpg
672,http://www.gotpetsonline.com/pictures-gallery/dog-pictures-breeders-puppies-rescue/golden-retriever-pictures-breeders-puppies-rescue/pictures/golden-retriever-0246.jpg
673,http://farm2.static.flickr.com/1136/1361340309_a33c8f26b1.jpg
674,http://p8.p.pixnet.net/albums/userpics/8/3/31283/normal_1190301856.jpg
675,http://farm2.static.flickr.com/1365/1001279339_2b80eda76f.jpg
676,http://cache.viewimages.com/xc/73315001.jpg?v=1&c;=ViewImages&k;=2&d;=17A4AD9FDB9CF193875DCB1DD8387ABB879FCB6ED18CD57FA40A659CEC4C8CB6
677,http://www.lecopain.ch/pics/golden_retriever.jpg
678,http://farm1.static.flickr.com/38/77272771_ffc1d3b0c8.jpg
679,http://farm1.static.flickr.com/189/464102990_42bd6c0053.jpg
680,http://farm1.static.flickr.com/117/299125069_d882afb2c9.jpg
681,http://www.educador.fr/dressage-education-canine/galleries/Chiens/golden.jpg
682,http://farm2.static.flickr.com/1279/1267028383_824e06b80d.jpg
683,http://annunci.campusanuncios.com/picanuncio/venta/venta-63665331.JPG
684,http://farm1.static.flickr.com/129/357873981_39d9b5edac.jpg
685,http://happy2000.idv.tw/119-1.jpg
686,http://farm1.static.flickr.com/118/296072031_53d0c759f6.jpg
687,http://www.petsplace.co.za/Golden_Retriever_c.jpg
688,http://farm1.static.flickr.com/65/213445156_a755efc0d1.jpg
689,http://www.hotdog.com.sg/images/HotdogClassifieds/images/DG28060501_large.jpg
690,http://www.tonylee.idv.tw/tony/photo/20040215/all/img_4628_thm.jpg
691,http://farm3.static.flickr.com/2063/2115508205_677b594868.jpg
692,http://farm1.static.flickr.com/44/143959353_5e103ce0bf.jpg
693,http://farm1.static.flickr.com/119/288075584_5696914fa0.jpg
694,http://kidsbook.e-stores.com.tw/AnimalPlanet/images/walkwithdog1a.jpg
695,http://farm1.static.flickr.com/66/204556961_8d8aac19d2.jpg
696,http://farm1.static.flickr.com/139/319908722_3048fc2978.jpg
697,http://farm2.static.flickr.com/1085/1130005705_04d9c8b827.jpg
698,http://farm3.static.flickr.com/2032/1521139767_eb4b89e331.jpg
699,http://farm2.static.flickr.com/1310/1140276081_e43c3e72c1.jpg
700,http://farm1.static.flickr.com/168/417808782_c5fee74683.jpg
701,http://img.epaper.com.tw/img/Dog_News/20060110/1.gif
702,http://photos7.flickr.com/7380224_2e250cacbf.jpg
703,http://static.flickr.com/2341/2097236712_1cb315c667.jpg
704,http://farm1.static.flickr.com/1/983856_399aee25c1.jpg
705,http://www.petline.com.tw/member/PHOTO/1394/MYPET.jpg
706,http://animal.coa.gov.tw/animal/UpImgs/news_A200709000003.jpg
707,http://farm1.static.flickr.com/191/506846038_e7ef5efa86.jpg
708,http://guinnessworldrecords.com/images/records/rhp/portrait/94912.jpg
709,http://farm2.static.flickr.com/1370/1106169887_8dd78e3134.jpg
710,http://farm2.static.flickr.com/1370/872767467_dfb26c9ec0.jpg
711,http://farm1.static.flickr.com/14/182937047_02413e015c.jpg
712,http://www.gotpetsonline.com/pictures-gallery/dog-pictures-breeders-puppies-rescue/golden-retriever-pictures-breeders-puppies-rescue/pictures/golden-retriever-0094.jpg
713,http://pic.aigou.com/upload/bbs/2005/07/07/29093324.snap.jpg
714,http://farm2.static.flickr.com/1131/560911428_9ba643c789.jpg
715,http://p5.p.pixnet.net/albums/userpics/5/2/57352/1191169149.jpg
716,http://farm3.static.flickr.com/2401/2097726383_87228bf9f1.jpg
717,http://photos.davidkaspar.com/d/1036-4/DSC_1641.jpg
718,http://farm1.static.flickr.com/24/73408071_f7dd2b1aa0.jpg
719,http://farm2.static.flickr.com/1185/1438641133_7809a3017f.jpg
720,http://www.scubagrl.net/Golden%20Retriever%20Family_thumb.jpg
721,http://www.arcobosque.com/golde.jpg
722,http://farm1.static.flickr.com/126/323503014_cc5b8d2aea.jpg
723,http://farm1.static.flickr.com/21/30794123_9438145114.jpg
724,http://farm3.static.flickr.com/2264/2117748945_fbbda315a0.jpg
725,http://farm1.static.flickr.com/37/76241602_2bc34090de.jpg
726,http://static.flickr.com/123/418167960_c538141f81.jpg
727,http://img209.imageshack.us/img209/8700/miki2hk7.jpg
728,http://www.gotpetsonline.com/pictures-gallery/dog-pictures-breeders-puppies-rescue/golden-retriever-pictures-breeders-puppies-rescue/pictures/golden-retriever-0186.jpg
729,http://farm2.static.flickr.com/1263/663468084_09d8b73095.jpg
730,http://www.noahsanimalfigurines.com/catalog/images/GoldenRetriever_df09.jpg
731,http://p0.p.pixnet.net/albums/userpics/0/4/548304/1190189160.jpg
732,http://www.kazuhiro-yamada.com/jenny/jenny990910s.jpg
733,http://farm1.static.flickr.com/51/146716110_85c4e7c431.jpg
734,http://www.petline.com.tw/member/PHOTO/754/MYPET.jpg
735,http://farm1.static.flickr.com/73/199815568_8054aae5ea.jpg
736,http://farm3.static.flickr.com/2367/2150032181_0973068132.jpg
737,http://farm2.static.flickr.com/1090/1408219405_bc7c91633f.jpg
738,http://farm1.static.flickr.com/145/426752782_d688932bd4.jpg
739,http://farm3.static.flickr.com/2388/2097237080_96e8137c72.jpg
740,http://farm1.static.flickr.com/52/108904852_186f9ff071.jpg
741,http://lh3.google.com/_8ae-kYjLOA0/RTAnL8OPABI/AAAAAAAAAEI/kfMkOFuG9ik/s800/DSC_0005.JPG
742,http://farm1.static.flickr.com/157/418167951_0c1bff9529.jpg
743,http://farm2.static.flickr.com/1190/1438875736_8aed3907e1.jpg
744,http://farm1.static.flickr.com/37/97622539_dc67fa8985.jpg
745,http://static.flickr.com/224/471568462_a44a6a1d20.jpg
746,http://farm1.static.flickr.com/52/174202481_becf99100c.jpg
747,http://farm1.static.flickr.com/75/213445161_f7104ba12d.jpg
748,http://farm2.static.flickr.com/1273/873478940_6b297d9a39.jpg
749,http://upload.wikimedia.org/wikipedia/commons/thumb/c/c7/Golden_Retriever_dark_Parker.jpg/800px-Golden_Retriever_dark_Parker.jpg
750,http://farm1.static.flickr.com/133/329377838_f28e876ceb.jpg
751,http://farm1.static.flickr.com/108/303870801_8ebe2f23b5.jpg
752,http://farm1.static.flickr.com/107/302784624_654a45e00d.jpg
753,http://img460.imageshack.us/img460/7391/mypetfu0.jpg
754,http://www.dooziedog.com/dog_breeds/images/full/Golden-Retriever-Puppy-8.jpg
755,http://farm1.static.flickr.com/28/101890434_a7ec282661.jpg
756,http://www.policlinicaveterinaria.com.br/img/racas/Golden_Retriever2(1).jpg
757,http://home.scarlet.be/~nd543964/goldenret.JPG
758,http://farm2.static.flickr.com/1032/1130609147_e4fde2452c.jpg
759,http://farm2.static.flickr.com/1305/1208532377_ae5a1c0843.jpg
760,http://farm1.static.flickr.com/94/211445680_2a4f61f422.jpg
761,http://www.dawnsecord.com/files/Golden_Thoughts_Close_504k.jpg
762,http://farm1.static.flickr.com/63/213445154_62bc0ad095.jpg
763,http://moonstonekennel.com/files/Retrievers-Kids&Pups.jpg;
764,http://farm3.static.flickr.com/2293/1798449560_0f4bf51006.jpg
765,http://farm1.static.flickr.com/147/401998733_93f36201b5.jpg
766,http://farm2.static.flickr.com/1339/1182763197_8cab8d5c28.jpg
767,http://farm1.static.flickr.com/43/119354692_f07ec23d8a.jpg
768,http://www.mastamariner.com/daisy_003.jpg
769,http://www.ameridogs.com/images/GoldenRetrieveradult2.jpg
770,http://farm3.static.flickr.com/2380/1718729871_81c585112e.jpg
771,http://farm1.static.flickr.com/57/179365420_63c7c81bab.jpg
772,http://www.vandevossenheide.nl/fotos%203/images/Golden%20Retriever%204.JPG
773,http://farm2.static.flickr.com/1152/573066720_1881a2b719.jpg
774,http://farm1.static.flickr.com/24/43071106_4cdc3c3e07.jpg
775,http://www.travelrich.com.tw/members/images/janykuo/7f4ebb2f-a6d2-4145-b1df-c44ab71a1003_std.jpg
776,http://farm1.static.flickr.com/97/213177017_c2aa85790f.jpg
777,http://farm1.static.flickr.com/119/273046935_3423e55bf0.jpg
778,http://www.dogs4sale.com/images_breed/golden_retriever.jpg
779,http://farm1.static.flickr.com/50/149906124_bcd1b9b767.jpg
780,http://image44.webshots.com/44/3/87/36/383438736ZkduIN_ph.jpg
781,http://farm3.static.flickr.com/2334/2164048092_83275f6a7b.jpg
782,http://www.19dog.com/upload/0703/24/117470515840665600.jpg
783,http://farm3.static.flickr.com/2231/2142777520_b06a27a1e4.jpg
784,http://farm1.static.flickr.com/1/876369_9d741d0a23.jpg
785,http://www.traffordphotos.com/assets/images/Golden_Retriever_9T071D-036.jpg
786,http://farm1.static.flickr.com/119/285301570_dc77ccd930.jpg
787,http://p0.p.pixnet.net/albums/userpics/0/0/235100/1190302959.jpg
788,http://farm1.static.flickr.com/83/228975706_93a408fdd2.jpg
789,http://www.doggy411.com/breeds/GoldenRetriever/photos/golden7.jpg
790,http://p0.p.pixnet.net/albums/userpics/0/4/548304/1190189392.jpg
791,http://farm1.static.flickr.com/191/464110829_fd59edeecc.jpg
792,http://www.gotpetsonline.com/pictures-gallery/dog-pictures-breeders-puppies-rescue/golden-retriever-pictures-breeders-puppies-rescue/pictures/golden-retriever-0289.jpg
793,http://p1.p.pixnet.net/albums/userpics/1/7/501917/1191672301.jpg
794,http://lh3.google.com/_otTYRObyrhY/RtHp9ITsMLI/AAAAAAAAAvw/35DZrCSwXYk/s800/DSCN5933.JPG
795,http://b.verywed.com/forum/images/attachments/user_exchange/200411/579476.jpg
796,http://farm3.static.flickr.com/2132/1857830689_5602659427.jpg
797,http://farm3.static.flickr.com/2336/2034880694_bf6cec859c.jpg
798,http://www.hund.ch/jpg/goldenretriever2.jpg
799,http://artfiles.art.com/images/-/Golden-Retrievers-Puppies-Print-C10091594.jpeg
800,http://farm1.static.flickr.com/163/357798007_70f1085a1a.jpg
