0,http://farm2.static.flickr.com/1004/1369778912_4dd0bc0c79.jpg
1,http://farm2.static.flickr.com/1324/1465657668_224f650c1c.jpg
2,http://farm1.static.flickr.com/119/292340973_4ca9356d84.jpg
3,http://farm1.static.flickr.com/10/13614493_354117f2a5.jpg
4,http://farm1.static.flickr.com/102/266000601_675dd73d86.jpg
5,http://farm1.static.flickr.com/122/293309197_d31ab7000c.jpg
6,http://farm3.static.flickr.com/2145/2173625815_8dcae71404.jpg
7,http://www.petcarecompany.net/PPN/italian-greyhound-by-lisawe.jpg
8,http://farm1.static.flickr.com/228/490570552_4170f0e881.jpg
9,http://farm3.static.flickr.com/2266/1793266787_4a45972f1c.jpg
10,http://static.zoovy.com/img/handsnpaws/W150-H150-Bffffff/single_elegant_red_rose_dress_blue.jpg
11,http://farm2.static.flickr.com/1204/827220833_41b0d9e96a.jpg
12,http://farm1.static.flickr.com/160/370496654_a60c1938f9.jpg
13,http://farm1.static.flickr.com/21/24587280_ee2cb34aea.jpg
14,http://farm3.static.flickr.com/2278/1974011009_b9fdb07950.jpg
15,http://farm1.static.flickr.com/167/487682784_74611bb4e1.jpg
16,http://farm2.static.flickr.com/1399/533956383_f19ebd2773.jpg
17,http://static.flickr.com/78/197773503_d6f5ed3a3e.jpg
18,http://farm3.static.flickr.com/2271/2135391124_e16598ac3b.jpg
19,http://static.flickr.com/27/46752478_c1d89d3d19.jpg
20,http://www.italian-greyhound.net/Img_0650.jpg
21,http://farm1.static.flickr.com/73/165008915_b78a35c607.jpg
22,http://static.flickr.com/21/24587531_8ba0e4640a.jpg
23,http://farm2.static.flickr.com/1035/1381810057_8c2d44592e.jpg
24,http://www.oakviewkennels.com/images/101_0028.JPG
25,http://farm1.static.flickr.com/202/474830383_4f92286048.jpg
26,http://farm1.static.flickr.com/79/264820793_7797787c30.jpg
27,http://farm1.static.flickr.com/45/109055929_bd756bbd99.jpg
28,http://farm1.static.flickr.com/39/149618542_e35ac5c67e.jpg
29,http://farm1.static.flickr.com/7/11652408_1df8a8e9b1.jpg
30,http://farm1.static.flickr.com/55/107598079_ad5b43a6dd.jpg
31,http://farm1.static.flickr.com/173/454428051_4a0f8975d3.jpg
32,http://farm3.static.flickr.com/2225/2233231428_6e48584e25.jpg
33,http://static.flickr.com/56/149566874_7fa29dc943.jpg
34,http://www.igrescueohio.com/molly.jpg
35,http://www.igpost.com/about/images/cratepuppy_small.jpg
36,http://farm3.static.flickr.com/2246/2223104231_1e20d5dc1c.jpg
37,http://farm1.static.flickr.com/35/113461101_caea1801ce.jpg
38,http://farm2.static.flickr.com/1011/1074332847_c87a388918.jpg
39,http://farm1.static.flickr.com/38/80540810_490534ebfc.jpg
40,http://farm1.static.flickr.com/162/439033800_86497f715f.jpg
41,http://farm2.static.flickr.com/1285/745377068_8303860f7e.jpg
42,http://farm1.static.flickr.com/82/241058706_7289605831.jpg
43,http://farm1.static.flickr.com/161/394767324_348e4ffa54.jpg
44,http://www.dogs-central.com/dogs-puppies/images/0793807891.01.LZZZZZZZ.jpg
45,http://farm1.static.flickr.com/56/140487509_72ccb29579.jpg
46,http://farm3.static.flickr.com/2361/2164787050_3dc87cc507.jpg
47,http://farm2.static.flickr.com/1369/699576520_37a6fda999.jpg
48,http://farm1.static.flickr.com/64/155988203_3edf6f3cdd.jpg
49,http://farm2.static.flickr.com/1389/875105399_de6f35f384.jpg
50,http://farm1.static.flickr.com/47/155606175_f507e369f8.jpg
51,http://static.flickr.com/21/30855081_e145103ea1.jpg
52,http://farm3.static.flickr.com/2377/2011335502_683083e212.jpg
53,http://farm2.static.flickr.com/1303/1356496367_5bf4688750.jpg
54,http://farm1.static.flickr.com/156/414316262_89a62689e4.jpg
55,http://farm2.static.flickr.com/1383/1035051843_ad0b7134b8.jpg
56,http://www.coloradodogbreeders.com/dog_breeds/greyhound_1.jpg
57,http://www.abouttimeigs.com/images/Rescue8.jpg
58,http://farm1.static.flickr.com/175/440491470_83647d75ec.jpg
59,http://farm2.static.flickr.com/1035/1261146395_9899206aab.jpg
60,http://farm1.static.flickr.com/124/420792051_80fc622716.jpg
61,http://farm1.static.flickr.com/80/246292865_6a2ab893be.jpg
62,http://farm1.static.flickr.com/156/398406447_9b93c1769c.jpg
63,http://farm1.static.flickr.com/24/49504384_fe7de3ecd2.jpg
64,http://www.miggylane.com/resources/_wsb_620x413_all_three_kids.jpg
65,http://www.pupcity.com/images/adpics/06052124027207_1.jpg
66,http://farm1.static.flickr.com/52/192420949_2203d2f369.jpg
67,http://static.flickr.com/24/126716151_bca7827e31.jpg
68,http://farm1.static.flickr.com/93/259454178_b37ce7454f.jpg
69,http://farm3.static.flickr.com/2193/1993950575_fdf67dba0c.jpg
70,http://www.friendsofthepound.com/tempimages/muppy.jpg
71,http://static.flickr.com/55/131667556_2ba2b68321.jpg
72,http://farm3.static.flickr.com/2140/2061637749_081168398a.jpg
73,http://www.ny-petrescue.org/Olivia/olivia1sm.jpg
74,http://farm1.static.flickr.com/118/257015054_88b68c4a7f.jpg
75,http://farm1.static.flickr.com/80/277030390_1f66f18dca.jpg
76,http://farm1.static.flickr.com/137/323995718_68ec8feb32.jpg
77,http://farm1.static.flickr.com/123/403080431_cb22bdd38b.jpg
78,http://farm1.static.flickr.com/31/37345070_87677d4809.jpg
79,http://www.infodog.com/wm00/garden/TN50227106.JPG
80,http://farm1.static.flickr.com/175/388507729_a4222a724c.jpg
81,http://farm1.static.flickr.com/27/61691113_6e13699f25.jpg
82,http://farm1.static.flickr.com/81/276221907_e8cd075a31.jpg
83,http://farm3.static.flickr.com/2214/2069462673_8af9141202.jpg
84,http://photos3.meetupstatic.com/photos/event/8/3/7/7/event_2433655.jpeg
85,http://static.flickr.com/149/350047419_789bc05167.jpg
86,http://farm3.static.flickr.com/2237/1759723252_3a567e29b8.jpg
87,http://farm2.static.flickr.com/1332/1350139244_fb6cdae577.jpg
88,http://www.italiangreyhound.dk/pic/kirsten/hvalp02.jpg
89,http://static.flickr.com/1136/743994635_8c0e5e4e82.jpg
90,http://farm1.static.flickr.com/184/371711740_e005d9c35d.jpg
91,http://www.coloradodogbreeders.com/dog_breeds/greyhound_3.jpg
92,http://farm2.static.flickr.com/1070/677871183_ce5c153847.jpg
93,http://farm3.static.flickr.com/2058/1796754060_f9380f03f4.jpg
94,http://farm1.static.flickr.com/56/149566885_fd048822a2.jpg
95,http://farm1.static.flickr.com/95/223051879_b06fd4894e.jpg
96,http://www.dogsinduds.com/pictures/baxter2.jpg
97,http://farm1.static.flickr.com/4/7686770_d655fff45b.jpg
98,http://farm1.static.flickr.com/22/24587165_fa6c979c38.jpg
99,http://farm1.static.flickr.com/155/419134036_3d7752c2e0.jpg
100,http://farm1.static.flickr.com/104/304700280_20741eea75.jpg
101,http://www.tinyangelsrescue.com/sun%20babies.JPG
102,http://farm1.static.flickr.com/109/277030280_7ab2686111.jpg
103,http://www.dog-breeds.name/pictures/italian-greyhound/italian-greyhound-2tn.jpg
104,http://image56.webshots.com/156/1/38/32/2940138320086657308PzEInj_fs.jpg
105,http://farm2.static.flickr.com/1025/644877644_684978bc82.jpg
106,http://farm1.static.flickr.com/241/446629237_8573cf00fe.jpg
107,http://www.abouttimeigs.com/images/Rescue10.jpg
108,http://www.doyoulooklikeyourdog.com/images_bw/igreyhound_bw.jpg
109,http://farm1.static.flickr.com/117/272937423_4d951a60b3.jpg
110,http://puppydogweb.com/kennels/images/italiangreyhound_orender5462.jpg
111,http://farm1.static.flickr.com/117/305307711_5197f54f7b.jpg
112,http://farm2.static.flickr.com/1215/534282809_791533c48f.jpg
113,http://www.oakviewkennels.com/images/versachi.jpg
114,http://www.k-9designs.com/images/collars/collars_premium_marlena.jpg
115,http://farm1.static.flickr.com/33/56626795_bebc7591f3.jpg
116,http://farm3.static.flickr.com/2110/2010533913_bf7e5a5576.jpg
117,http://static.flickr.com/151/351032006_7a55422f12.jpg
118,http://farm1.static.flickr.com/124/416201507_d3a896318c.jpg
119,http://farm3.static.flickr.com/2356/2070257496_0e3c1df87e.jpg
120,http://farm1.static.flickr.com/56/143729467_e30ae67a12.jpg
121,http://farm3.static.flickr.com/2255/2227066060_e736542223.jpg
122,http://static.flickr.com/28/56061161_cc0731258a.jpg
123,http://farm1.static.flickr.com/99/305307743_de7c2b5205.jpg
124,http://animal.discovery.com/guides/dogs/selector/gallery/2200b.jpg
125,http://farm1.static.flickr.com/215/447237981_f4ab73800f.jpg
126,http://farm3.static.flickr.com/2041/2196857237_be2a3da495.jpg
127,http://www.iloverudy.com/images/july/071506.JPG
128,http://farm3.static.flickr.com/2360/2197655252_08af5413a5.jpg
129,http://farm1.static.flickr.com/24/37775981_599a7b3cd2.jpg
130,http://members.aol.com/graceleb/team6.jpg
131,http://static.flickr.com/209/446784417_823406f382.jpg
132,http://farm2.static.flickr.com/1019/743937057_014b308155.jpg
133,http://farm1.static.flickr.com/86/243027512_132013ec65.jpg
134,http://photocache.petfinder.com/fotos/WA316/WA316.9301810-2-x.jpg
135,http://farm1.static.flickr.com/120/284796816_8f8791f607.jpg
136,http://static.flickr.com/1418/896871670_fadf4a96a4.jpg
137,http://static.flickr.com/25/61072173_05d3782926.jpg
138,http://farm2.static.flickr.com/1163/972583440_2fb820afaa.jpg
139,http://farm3.static.flickr.com/2105/2187072239_8f9259cfc7.jpg
140,http://farm1.static.flickr.com/113/292340972_9c4e42b721.jpg
141,http://farm1.static.flickr.com/206/487711457_320cdb2352.jpg
142,http://farm1.static.flickr.com/205/508727239_c7f6db680e.jpg
143,http://www.kimsar.com/molla-4mc.jpeg
144,http://www.ssan.com/family/pets/dogbreed/images/italian_greyhound.jpg
145,http://farm1.static.flickr.com/93/272128080_747223006b.jpg
146,http://users.bigpond.net.au/tully/index_files/chucky.JPG
147,http://www.gotdogsonline.com/italian-greyhound-pictures-breeders-puppies-rescue/pictures-photos/italian-greyhound-0030.jpg
148,http://farm1.static.flickr.com/81/262604080_6ed3e38d8f.jpg
149,http://storm.he.net/~ghsorg/ai/2136.jpg
150,http://farm1.static.flickr.com/54/191978874_69df68c036.jpg
151,http://farm1.static.flickr.com/224/490854237_5b49f8c797.jpg
152,http://www.gotpetsonline.com/pictures-gallery/dog-pictures-breeders-puppies-rescue/italian-greyhound-pictures-breeders-puppies-rescue/pictures-photos/italian-greyhound-0008.jpg
153,http://farm2.static.flickr.com/1302/530367479_14528c9810.jpg
154,http://farm3.static.flickr.com/2116/2012611075_0f51cfb7f0.jpg
155,http://farm3.static.flickr.com/2266/2064858246_105ab04c0f.jpg
156,http://farm1.static.flickr.com/55/127243553_1de221a52a.jpg
157,http://farm1.static.flickr.com/143/373913655_64ec136b0f.jpg
158,http://farm2.static.flickr.com/1252/744635457_7c8ce7d190.jpg
159,http://farm1.static.flickr.com/183/433179016_dfc0eb69cd.jpg
160,http://www.pedigreedpups.com/images/ITG.jpg
161,http://farm1.static.flickr.com/71/186182273_33342c04df.jpg
162,http://www.cabalcaninecandids.com/assets/images/toy3.jpg
163,http://farm3.static.flickr.com/2197/2173659167_118d6ce1ca.jpg
164,http://farm2.static.flickr.com/1247/1035098937_b3874d8d0e.jpg
165,http://www.fairviewkennels.com/images/newsite/italiangreyhoundpics/bailey/Image17.jpg
166,http://farm2.static.flickr.com/1161/717015428_567d84d9c8.jpg
167,http://www.dogcastradio.com/images/Fonzie.jpg
168,http://farm1.static.flickr.com/8/8355836_59e7f2dead.jpg
169,http://farm1.static.flickr.com/151/420899874_8e4fbca1b5.jpg
170,http://farm1.static.flickr.com/125/369585432_d3bd474f10.jpg
171,http://www.piluzo.com/Images/familypak.jpg
172,http://www.irishmist.be/ROOT%20IRISH%20MIST/MALLAR/MinnieMaxxSvArtaJuli-05.JPG-for-web-small.jpg
173,http://farm1.static.flickr.com/9/12527229_ee6fef5bba.jpg
174,http://farm1.static.flickr.com/53/131617312_3fff07b0ab.jpg
175,http://www.revistacanina.com/images/raza/italiangre-fich.jpg
176,http://farm3.static.flickr.com/2180/1869176153_58b6533cf4.jpg
177,http://www.sic.fi/ita/nayttelyt/jkl02sm.jpg
178,http://static.flickr.com/40/76776787_54e7d4b658.jpg
179,http://farm2.static.flickr.com/1273/794134638_d74243a4a4.jpg
180,http://farm1.static.flickr.com/25/40724694_cf7806e56e.jpg
181,http://farm1.static.flickr.com/129/373923698_0db4c1807d.jpg
182,http://farm1.static.flickr.com/134/371593148_bb3ebc2218.jpg
183,http://farm1.static.flickr.com/219/466249521_fe6d40baee.jpg
184,http://farm2.static.flickr.com/1422/1363021451_7d7510fd82.jpg
185,http://farm1.static.flickr.com/211/508799818_d54f0585a9.jpg
186,http://www.dogsobediencetraining.com/images/dog_breed/ig2.jpg
187,http://farm1.static.flickr.com/152/383362361_cb42ba6a7d.jpg
188,http://farm1.static.flickr.com/59/172122157_b5ed30b2c8.jpg
189,http://farm1.static.flickr.com/38/104987793_e9bcfd3292.jpg
190,http://farm2.static.flickr.com/1072/1349246877_7da44e9250.jpg
191,http://farm1.static.flickr.com/199/490570306_8dc0b25ddb.jpg
192,http://farm1.static.flickr.com/76/165007893_497534ded8.jpg
193,http://static.flickr.com/41/102518751_b2f25b54d4.jpg
194,http://farm1.static.flickr.com/67/182261220_52a24311e3.jpg
195,http://blogs.chicagoreader.com/images/primaries/1937.gif
196,http://farm1.static.flickr.com/220/508690746_2396340aff.jpg
197,http://farm3.static.flickr.com/2229/2196870089_8b354c901c.jpg
198,http://farm2.static.flickr.com/1334/699745954_9264020d3f.jpg
199,http://farm3.static.flickr.com/2229/2208303993_5f48f8472c.jpg
200,http://static.flickr.com/2017/2125751806_f39a84d314.jpg
201,http://farm2.static.flickr.com/1389/1453221087_93118c8923.jpg
202,http://www.pedigree.com.au/breeds/images/italian_greyhound.jpg
203,http://farm1.static.flickr.com/195/498652477_76c55c3c23.jpg
204,http://rachel.cruzthe.net/PROjeCTS/mom/images/b-huey8w.jpg
205,http://www.villageindian.com/photos/uncategorized/2007/06/07/buckley_bed1.jpg
206,http://farm3.static.flickr.com/2093/1564921626_e91e77b0a5.jpg
207,http://farm1.static.flickr.com/39/104988013_d6893b4cb6.jpg
208,http://static.flickr.com/45/141683684_8752ef43f1.jpg
209,http://farm3.static.flickr.com/2135/2196848841_9b182da4f0.jpg
210,http://farm1.static.flickr.com/51/149587456_c0b6f04a43.jpg
211,http://farm1.static.flickr.com/96/234281922_a47797b1a1.jpg
212,http://farm1.static.flickr.com/232/490570338_3b75e515ac.jpg
213,http://farm2.static.flickr.com/1429/531293033_f14690e377.jpg
214,http://farm1.static.flickr.com/152/355615137_32af3d9259.jpg
215,http://farm1.static.flickr.com/77/165014811_ffff17553c.jpg
216,http://farm1.static.flickr.com/147/411285915_a98c48bdee.jpg
217,http://farm1.static.flickr.com/166/379996320_17335e14d0.jpg
218,http://farm1.static.flickr.com/141/379324964_ed4de7517c.jpg
219,http://www.iloverudy.com/images/feb/020806.JPG
220,http://static.flickr.com/132/341435034_fae35b0310.jpg
221,http://farm1.static.flickr.com/41/104990203_0be8fe5fa4.jpg
222,http://farm1.static.flickr.com/32/47406804_6d1c63b377.jpg
223,http://www.kenandal.com/photogallery/Als%20Photos/Al_-Flying_low_KH7C6033_cop.jpg
224,http://farm1.static.flickr.com/106/303992841_62e1a606d2.jpg
225,http://farm1.static.flickr.com/89/277030635_62e8a91a17.jpg
226,http://farm1.static.flickr.com/165/434172996_c425ec9fd1.jpg
227,http://farm1.static.flickr.com/21/26679318_797ff64db4.jpg
228,http://www.christopherhg.com/snoopycostumescx.jpg
229,http://farm1.static.flickr.com/48/149566516_dbdfe6ce34.jpg
230,http://farm1.static.flickr.com/134/353411050_ada93f70c6.jpg
231,http://farm3.static.flickr.com/2401/2129389966_f7773f52f4.jpg
232,http://www.sic.fi/ita/en7.gif
233,http://farm1.static.flickr.com/172/398374404_7ed7c31afe.jpg
234,http://farm1.static.flickr.com/230/508827169_bddef6f82e.jpg
235,http://www.legend-one-net.com/italiangreyhound/0616439046_070217853539_2.jpg
236,http://farm1.static.flickr.com/47/135725919_31bb4dfb01.jpg
237,http://www.puppydogweb.com/gallery/italiangreyhounds/italiangreyhound_mazzei.jpg
238,http://farm1.static.flickr.com/46/267361408_643085bf1e.jpg
239,http://static.flickr.com/1235/534284177_a9b59eb0c3.jpg
240,http://www.silkphoto.com/events/italian1/images/adjgreyhoundDSCF0081.jpg
241,http://farm3.static.flickr.com/2015/2128032303_a27b4a734a.jpg
242,http://www.dog-breeds.name/pictures/italian-greyhound/italian-greyhound-5.jpg
243,http://farm1.static.flickr.com/184/380021596_8a971f72c4.jpg
244,http://farm1.static.flickr.com/31/56198253_30feb3e38b.jpg
245,http://static.flickr.com/242/447106094_ec52de40d3.jpg
246,http://farm2.static.flickr.com/1405/941076190_bf5cc7ba74.jpg
247,http://www.gotpetsonline.com/pictures-gallery/dog-pictures-breeders-puppies-rescue/italian-greyhound-pictures-breeders-puppies-rescue/pictures/italian-greyhound-0015.jpg
248,http://farm3.static.flickr.com/2366/2158785900_e8895b23f4.jpg
249,http://farm1.static.flickr.com/56/134112577_2a72c30934.jpg
250,http://farm3.static.flickr.com/2117/2121716166_4540dcc939.jpg
251,http://photos4.meetupstatic.com/photos/event/8/0/2/d/highres_2312813.jpeg
252,http://farm3.static.flickr.com/2343/2173979259_b7b4fbf700.jpg
253,http://www.ridgebacks.com.au/Images/BreedEncylopedia/Toys/Italian_Greyhound.jpg
254,http://farm3.static.flickr.com/2192/1956409260_0658d237d4.jpg
255,http://farm1.static.flickr.com/189/455684633_7d2caa55e7.jpg
256,http://www.coppellhumanesociety.com/Images/dickens2.JPG
257,http://farm1.static.flickr.com/185/462333667_b09f5fbf41.jpg
258,http://seattletimes.nwsource.com/ABPub/2006/08/24/2003223213.jpg
259,http://farm1.static.flickr.com/6/77459644_5b709d136a.jpg
260,http://farm1.static.flickr.com/171/411287636_a8a8f7e1ee.jpg
261,http://farm1.static.flickr.com/182/433197466_26621ebfc8.jpg
262,http://static.flickr.com/32/49504896_7551079629.jpg
263,http://farm1.static.flickr.com/166/397837980_8f191d125a.jpg
264,http://farm1.static.flickr.com/152/416204423_18c8a50bc1.jpg
265,http://farm1.static.flickr.com/67/202411617_aab4eeef7a.jpg
266,http://static.flickr.com/54/130538347_309e77f2c5.jpg
267,http://www.tinytracks.net/media/pediapics/Twiggy.jpg
268,http://farm1.static.flickr.com/47/146608552_6b59fca181.jpg
269,http://www.iggies.org/wp-content/uploads/2006/11/faq_1.jpg
270,http://www.alltopdogs.com.au/PiccinoIG/piccinoimages/dogsBravo.jpg
271,http://farm3.static.flickr.com/2019/1807509154_6a4d7931c7.jpg
272,http://farm1.static.flickr.com/140/326161146_c1c2a3b657.jpg
273,http://farm1.static.flickr.com/14/14036989_201fff8b37.jpg
274,http://farm3.static.flickr.com/2024/2173979487_b591fe46d7.jpg
275,http://static.flickr.com/56/132644990_c913463fbb.jpg
276,http://farm3.static.flickr.com/2226/1677770521_93b6303f36.jpg
277,http://farm1.static.flickr.com/202/460409441_b0962d5aac.jpg
278,http://farm1.static.flickr.com/243/455684627_816e9b60ec.jpg
279,http://static.zoovy.com/img/handsnpaws/W180-H120-Bffffff/italian_greyhound_madison_ladybug_dog_dress.jpg
280,http://farm2.static.flickr.com/1109/533857086_008ca90550.jpg
281,http://farm1.static.flickr.com/176/400085221_755b4be199.jpg
282,http://www.gpac.ca/images/carnivalpics/italiangrey.jpg
283,http://static.flickr.com/25/56131553_e4b8d98ddd.jpg
284,http://farm1.static.flickr.com/21/37768923_5aeba54192.jpg
285,http://farm1.static.flickr.com/13/18122790_21375fe18b.jpg
286,http://www.perrosargentinos.com.ar/razas/igreyhound3.jpg
287,http://www.italiaano.net/gallery/kumma/pitea.jpg
288,http://www.widogrescue.com/pmpre2/images/midwestigs/midwestigs_image1.jpg
289,http://i500.nopdesign.com/skins/wallpaper/ItalGreyHenry.jpg
290,http://farm1.static.flickr.com/228/464515095_aede59aa16.jpg
291,http://www.greatdogsite.com/admin/uploaded_files/thumbnails/italian_greyhound205.11627906977x_1187838409245.jpg
292,http://farm1.static.flickr.com/1/3391616_48a8e7765f.jpg
293,http://farm1.static.flickr.com/127/412432052_6696e717b3.jpg
294,http://farm2.static.flickr.com/1150/1312242020_35a2771665.jpg
295,http://www.littleluvigs.com/assets/00index/sher_supe_heads.jpg
296,http://www.anypet.com/images/italiangreydgboutique.jpg
297,http://farm1.static.flickr.com/27/57322813_7b89df0492.jpg
298,http://farm1.static.flickr.com/214/495402939_78adbd5619.jpg
299,http://farm1.static.flickr.com/30/56716260_6ec2733633.jpg
300,http://farm3.static.flickr.com/2263/2192281988_d0ce772b31.jpg
301,http://farm1.static.flickr.com/25/67582120_7cbdb43259.jpg
302,http://static.flickr.com/19/103974808_8600efb759.jpg
303,http://farm1.static.flickr.com/129/413124561_3aa7dbd42e.jpg
304,http://summitcitywhippets.com/ricky5_041003.jpg
305,http://farm3.static.flickr.com/2153/2169223054_66d67ba226.jpg
306,http://farm1.static.flickr.com/182/403754892_79f0c617bd.jpg
307,http://static.flickr.com/56/132602206_52b6053a53.jpg
308,http://farm2.static.flickr.com/1126/972583386_3df19f8071.jpg
309,http://farm1.static.flickr.com/9/13614680_3c4c37cd34.jpg
310,http://www.coloradodogbreeders.com/dog_breeds/greyhound_2.jpg
311,http://farm1.static.flickr.com/34/71612014_b0ed58a15b.jpg
312,http://static.flickr.com/238/460532355_6cb23b9abf.jpg
313,http://static.flickr.com/44/134112579_268ba16dff.jpg
314,http://static.flickr.com/209/464132830_313363406f.jpg
315,http://farm3.static.flickr.com/2387/2011334278_8add43f4e3.jpg
316,http://farm1.static.flickr.com/150/395428396_37e2b208c8.jpg
317,http://www.gentlegiantsrescue.com/images/Italian%20Greyhound%20and%20Sheltie%203%20border%20640.jpg
318,http://www.tracyspethaven.com/sitebuilder/images/greyhound.JPG
319,http://farm3.static.flickr.com/2405/1822850984_49900cb396.jpg
320,http://dogbreedinfo.com/images12/ItalianGreyhound4monthsprofile1.JPG
321,http://farm1.static.flickr.com/35/71612255_04ac8c8b3a.jpg
322,http://farm3.static.flickr.com/2355/1794254934_7892c4e973.jpg
323,http://farm1.static.flickr.com/45/190136442_6acbdc2055.jpg
324,http://farm1.static.flickr.com/168/416205109_5a38487624.jpg
325,http://static.flickr.com/1021/1461995685_38b90c1344.jpg
326,http://farm1.static.flickr.com/189/462417865_59ca33e95c.jpg
327,http://farm1.static.flickr.com/127/404126914_8c03603f13.jpg
328,http://farm1.static.flickr.com/174/381298644_81c1ab6b5d.jpg
329,http://farm1.static.flickr.com/56/190136980_68d78093ab.jpg
330,http://farm1.static.flickr.com/31/67982130_7a1f887819.jpg
331,http://www.dogpage.us/dierkings-kennel/ig2.jpg
332,http://static.flickr.com/121/305307763_0bad0f4ce3.jpg
333,http://farm3.static.flickr.com/2153/2110777898_31e4f7cb08.jpg
334,http://mhergert.com/wedding/images/wedding_weekend/bigimages/118_1803.jpg
335,http://www.greatmutts.com/dnn/DesktopModules/MuttProfile/ItalianGreyhound.jpg
336,http://farm3.static.flickr.com/2408/2058557603_9f459821d8.jpg
337,http://farm3.static.flickr.com/2406/1795905249_9c44f60b5d.jpg
338,http://farm1.static.flickr.com/137/321892353_6c4589bddb.jpg
339,http://farm2.static.flickr.com/1221/744516451_57223c7483.jpg
340,http://farm1.static.flickr.com/46/168050769_6c1b396eca.jpg
341,http://farm3.static.flickr.com/2047/1542239537_e26723651e.jpg
342,http://farm1.static.flickr.com/117/279890722_08c3c5492b.jpg
343,http://lakesideigs.tripod.com/sitebuildercontent/sitebuilderpictures/.pond/tara1.jpg.w300h451.jpg
344,http://www.heloise.com/images/pets_7-22-06.jpg
345,http://farm1.static.flickr.com/4/6255811_57a91f7f68.jpg
346,http://farm2.static.flickr.com/1312/699463230_bbad3d85e2.jpg
347,http://farm1.static.flickr.com/50/109487406_d94f5181d6.jpg
348,http://farm1.static.flickr.com/55/181088367_1c73c5033c.jpg
349,http://rachel.cruzthe.net/PROjeCTS/mom/images/b-sugar.jpg
350,http://farm3.static.flickr.com/2411/1545855860_2eb79d8c88.jpg
351,http://farm1.static.flickr.com/92/220105197_6fdfaa73ec.jpg
352,http://www.directoryofdogs.com/italian_greyhound.jpg
353,http://www3.dogbreedinfo.com/images10/ItalianGreyHoundBath2.JPG
354,http://farm1.static.flickr.com/93/206188273_7f4b7fa098.jpg
355,http://farm1.static.flickr.com/47/107597917_249ef6a7bf.jpg
356,http://farm3.static.flickr.com/2333/2173623737_c0c695d1d1.jpg
357,http://pets-place.net/Breeds/ItalianGreyhoundPhoto1.jpg
358,http://farm2.static.flickr.com/1323/1269243919_a9d35e2da4.jpg
359,http://personal.inet.fi/koti/necku/stradivarius.jpg
360,http://farm2.static.flickr.com/1373/890586055_d535e782c7.jpg
361,http://farm1.static.flickr.com/77/220793195_f333fd9908.jpg
362,http://www.k9apparel.com/images/ig-sfc3.jpg
363,http://farm3.static.flickr.com/2317/2121716644_086797cb7b.jpg
364,http://farm1.static.flickr.com/196/487681424_b92f1d7975.jpg
365,http://farm1.static.flickr.com/55/145526830_ad67a6be9e.jpg
366,http://farm2.static.flickr.com/1213/1000544433_ee8365f601.jpg
367,http://farm1.static.flickr.com/149/424736769_754b337e3c.jpg
368,http://farm1.static.flickr.com/22/32462178_2cfe8be308.jpg
369,http://www.sidyboysfoolin.com/dulciitalgrey21.jpg
370,http://farm1.static.flickr.com/99/288162542_5fdf4c686f.jpg
371,http://farm1.static.flickr.com/47/142687878_e1502d0a35.jpg
372,http://farm1.static.flickr.com/45/406972778_1c7c673505.jpg
373,http://farm1.static.flickr.com/179/475898548_7b0b256958.jpg
374,http://www.goinghomegreyhounds.org/albums/album14/Costume_ItalianGreyhoundPinocchio.jpg
375,http://farm2.static.flickr.com/1234/1443717121_896c21b668.jpg
376,http://www.dog-breeds.net/ItGreyhoudndpikop.jpg
377,http://farm1.static.flickr.com/44/139837079_30768b71b5.jpg
378,http://farm1.static.flickr.com/202/460413761_8f812a2ea4.jpg
379,http://www.petnet.com.au/dogs/doggif/D147.jpg
380,http://farm1.static.flickr.com/55/118577098_79f9769be4.jpg
381,http://farm1.static.flickr.com/50/165009070_13d180b01e.jpg
382,http://static.flickr.com/1354/995865310_1a03162d0a.jpg
383,http://farm2.static.flickr.com/1345/757329228_e63a2dcf29.jpg
384,http://www.dkimages.com/discover/previews/992/50212873.JPG
385,http://static.flickr.com/195/514984223_585bde9fc4.jpg
386,http://static.flickr.com/115/313113231_2041c54f1a.jpg
387,http://farm1.static.flickr.com/144/362025271_73a9874d5d.jpg
388,http://www.petsitnj.com/pics/6.JPG
389,http://cdn-www.dailypuppy.com/images/penne_italiangreyhound24.jpg
390,http://farm3.static.flickr.com/2117/2162973301_01ba3edb87.jpg
391,http://animal-photography.co.uk/thumbs/AP-0FAAGE-TH.jpg
392,http://image20.webshots.com/20/5/40/54/196454054XiBqQE_fs.jpg
393,http://www.preciouspetmoments.com/pics/user_photos/1185128599_11_SkyStackedSlacking.jpg
394,http://farm2.static.flickr.com/1208/530260082_19a01045ef.jpg
395,http://farm2.static.flickr.com/1071/637419334_6bca76a044.jpg
396,"http://www.smh.com.au/ffximage/2007/03/19/imagestpatricksdaydog_gallery__285x400,0.jpg"
397,http://farm1.static.flickr.com/198/495402935_efa381dca6.jpg
398,http://farm1.static.flickr.com/10/17520395_8b3356a1b4.jpg
399,http://farm1.static.flickr.com/25/54443713_89676a64d5.jpg
400,http://farm3.static.flickr.com/2136/1677767309_09b6b72da8.jpg
401,http://www.sakarikennels.com/images/Tiara.JPG
402,http://farm1.static.flickr.com/156/400844346_748a20053e.jpg
403,http://farm1.static.flickr.com/150/424268043_42dbfe63a3.jpg
404,http://farm1.static.flickr.com/4/7686767_f3b53cd5a2.jpg
405,http://farm3.static.flickr.com/2393/2214636424_4d7e386be1.jpg
406,http://farm1.static.flickr.com/215/487009639_14340db8d7.jpg
407,http://farm3.static.flickr.com/2169/1809800944_95ddbb8e81.jpg
408,http://farm1.static.flickr.com/30/102485646_79d18b4e17.jpg
409,http://farm1.static.flickr.com/182/433194323_9f1e2fb64b.jpg
410,http://farm3.static.flickr.com/2368/2121730948_5e74f1f30b.jpg
411,http://farm3.static.flickr.com/2170/1794379944_0e3434f3f8.jpg
412,http://farm1.static.flickr.com/130/350172014_ef894eae51.jpg
413,http://static.flickr.com/1375/794143956_7647fe405f.jpg
414,http://www.fordogonly.net/alldog/i6.jpg
415,http://cache.viewimages.com/xc/2555049.jpg?v=1&c;=ViewImages&k;=2&d;=17A4AD9FDB9CF1934A2752006EF5F0EDFB3E03796ED3FA835A5397277B4DC33E
416,http://farm2.static.flickr.com/1175/1185500655_94352b998f.jpg
417,http://farm2.static.flickr.com/1363/1064673689_e2136a0676.jpg
418,http://www.qualitydogs.com/qdupimages/132170p1.JPG
419,http://farm2.static.flickr.com/1385/954872324_176d981596.jpg
420,http://www.dogfaeries.com/iggies_files/iggies3.jpg
421,http://farm1.static.flickr.com/134/369573311_f48dda3407.jpg
422,http://static.flickr.com/119/266505158_e3b1f86080.jpg
423,http://farm1.static.flickr.com/59/243708403_0ca6ba4322.jpg
424,http://farm1.static.flickr.com/163/428843330_b38339a20f.jpg
425,http://farm3.static.flickr.com/2277/2078553629_0c7dbb8afd.jpg
426,http://farm1.static.flickr.com/116/305307888_bf303f3a53.jpg
427,http://farm3.static.flickr.com/2376/2114160592_c06bfebd02.jpg
428,http://www.abouttimeigs.com/images/Rescue3.jpg
429,http://farm1.static.flickr.com/149/416807721_c980e83b57.jpg
430,http://farm1.static.flickr.com/130/403827851_7840986cfc.jpg
431,http://farm1.static.flickr.com/124/321917608_c04f36897b.jpg
432,http://farm3.static.flickr.com/2106/1677770359_7937bc9f23.jpg
433,http://www.metstoday.com/wp-content/lola-shea-of.jpg
434,http://farm1.static.flickr.com/38/105004192_7bd010a3e0.jpg
435,http://www.dogsrus.com.au/dog-pictures/gallery/Dog_Breeds/Italian_Greyhound/tn/mini-italiangreyhound1.jpg
436,http://farm3.static.flickr.com/2102/1956248638_e1987a226e.jpg
437,http://farm1.static.flickr.com/156/433496932_7f25f4062f.jpg
438,http://farm2.static.flickr.com/1244/677870665_ca8cad1ace.jpg
439,http://farm2.static.flickr.com/1245/1483565118_fd575e03d2.jpg
440,http://farm2.static.flickr.com/1367/768932740_625859230a.jpg
441,http://farm3.static.flickr.com/2265/2197635176_3d8da6f9d1.jpg
442,http://farm1.static.flickr.com/229/446624904_fabe45fed3.jpg
443,http://www.dallasnews.com/sharedcontent/dws/img/v3/08-17-2007.NHG_17owners.GSJ276PNT.1.jpg
444,http://static.zoovy.com/img/handsnpaws/W150-H150-Bffffff/italian_greyhound_madison_ladybug_dress.jpg
445,http://farm1.static.flickr.com/232/490841156_018e24167e.jpg
446,http://farm1.static.flickr.com/172/458158732_c448b66410.jpg
447,http://farm2.static.flickr.com/1079/977750748_c66360dc0b.jpg
448,http://www.bamabots.com/pic/edgerpic2.jpg
449,http://farm1.static.flickr.com/145/379996514_87b11e1a2e.jpg
450,http://farm1.static.flickr.com/181/454428081_9686007482.jpg
451,http://www.signorikennels.com/images/levier_italien/levrier_italien3_small.jpg
452,http://farm1.static.flickr.com/160/418015581_27d03aad09.jpg
453,http://img.meetup.com/photos/event/6/1/2/1/event_84865.jpeg
454,http://server.hund.ch/fotos/fpiccololevrieroitaliano49.jpg
455,http://www.iloverudy.com/images/dec/122205.JPG
456,http://farm1.static.flickr.com/43/74729825_6d3d081687.jpg
457,http://www.roscoereading.com/images/Dogs/Hawgy%20only.JPG
458,http://farm1.static.flickr.com/109/364200250_f9b3c8ee3f.jpg
459,http://farm1.static.flickr.com/183/476326897_943b19cfb0.jpg
460,http://farm1.static.flickr.com/59/209914619_2e0553d5e4.jpg
461,http://static.flickr.com/1216/528255919_4aa07158e2.jpg
462,http://farm2.static.flickr.com/1326/745377496_bd0f25f531.jpg
463,http://farm3.static.flickr.com/2174/2210303786_916ac41c9c.jpg
464,http://farm1.static.flickr.com/209/465554838_c7e4a1527e.jpg
465,http://farm2.static.flickr.com/1096/1351973240_7828e54423.jpg
466,http://static.flickr.com/37/80397937_3575e4f25b.jpg
467,http://farm1.static.flickr.com/217/490829486_e71c3b3df4.jpg
468,http://farm1.static.flickr.com/144/434175885_ea5681f0ac.jpg
469,http://farm3.static.flickr.com/2139/2133554158_69e481fb74.jpg
470,http://static.flickr.com/2249/1677769493_8d6befe51c.jpg
471,http://farm1.static.flickr.com/63/196350574_e0f7de903f.jpg
472,http://fc.phrd.ab.ca:3000/challenge2006/bes/0103307E-000F4CCF.87/t_1100148.gif
473,http://farm1.static.flickr.com/123/412919918_ce0ab51725.jpg
474,http://farm1.static.flickr.com/179/412918861_68b4c3666b.jpg
475,http://farm2.static.flickr.com/1240/847789759_0ef11bb110.jpg
476,http://farm2.static.flickr.com/1207/1482709425_9a6b6144cc.jpg
477,http://farm1.static.flickr.com/79/255213546_fb436ca9d0.jpg
478,http://farm3.static.flickr.com/2272/2145592012_15318dc7b5.jpg
479,http://farm2.static.flickr.com/1256/1487911909_bf25e502f3.jpg
480,http://farm1.static.flickr.com/172/419773592_3feb0dc25d.jpg
481,http://farm1.static.flickr.com/152/394788762_041b437a7f.jpg
482,http://farm1.static.flickr.com/163/400385128_a3461feb6b.jpg
483,http://www.propettransports.com/graphics/dogs/089.png
484,http://farm1.static.flickr.com/55/114553651_706c9dbfd4.jpg
485,http://farm2.static.flickr.com/1007/847788261_95670d1296.jpg
486,http://farm1.static.flickr.com/168/413009468_2f3d7344c6.jpg
487,http://farm3.static.flickr.com/2374/1955717405_c5f886f99d.jpg
488,http://farm1.static.flickr.com/168/466596887_9d9df5367e.jpg
489,http://farm3.static.flickr.com/2228/2070257270_ba798f766c.jpg
490,http://farm2.static.flickr.com/1389/1238404061_accc5b5d5c.jpg
491,http://farm1.static.flickr.com/139/378057210_f33fac10cc.jpg
492,http://farm2.static.flickr.com/1411/1426367504_d16baf5603.jpg
493,http://mute.rigent.com/pics/truly.jpg
494,http://farm1.static.flickr.com/202/498600902_ba87374b81.jpg
495,http://server.hund.ch/fotos/fpiccololevrieroitaliano8.jpg
496,http://farm1.static.flickr.com/32/59558515_ce56074c28.jpg
497,http://www.toxicbreastimplants.org/my%20pictures/mybaby.gif
498,http://farm2.static.flickr.com/1015/1176728813_c89cd4cc46.jpg
499,http://farm1.static.flickr.com/86/268558330_e50dc884f0.jpg
500,http://farm1.static.flickr.com/153/341435028_b1dfafe01d.jpg
501,http://farm3.static.flickr.com/2160/2157007397_719dc68f81.jpg
502,http://www.sidyboysfoolin.com/Drawing6lipsi9talgrey.jpg
503,http://farm3.static.flickr.com/2178/1678618788_1da94a40c2.jpg
504,http://farm1.static.flickr.com/169/477316862_b8ad356b42.jpg
505,http://farm1.static.flickr.com/27/61072037_4e1de1289d.jpg
506,http://farm1.static.flickr.com/49/153862799_2dff7444d7.jpg
507,http://farm3.static.flickr.com/2190/2114140254_7a10543354.jpg
508,http://farm1.static.flickr.com/26/57843562_e6044cc822.jpg
509,http://static.flickr.com/9/75387078_4a5f5dd73b.jpg
510,http://farm1.static.flickr.com/75/229670955_db62e1e64d.jpg
511,http://www.thebestlinks.com/images/thumb/8/85/180px-GreyhoundPup.jpg
512,http://farm3.static.flickr.com/2181/1544993337_2c977d4e62.jpg
513,http://farm1.static.flickr.com/104/305307775_68aef1bde8.jpg
514,http://static.flickr.com/14/19946429_3a336a6491.jpg
515,http://farm1.static.flickr.com/27/39650339_6e5d75219d.jpg
516,http://www.mccullagh.org/db9/1ds2-4/italian-greyhound-puppies.jpg
517,http://farm1.static.flickr.com/114/292833055_27908b7c2c.jpg
518,http://farm1.static.flickr.com/55/130538345_f0087d679f.jpg
519,http://farm1.static.flickr.com/48/189895936_408bee1cff.jpg
520,http://farm3.static.flickr.com/2254/1544991191_fdc9bf00fe.jpg
521,http://static.flickr.com/2/1949592_ce415335be.jpg
522,http://www.dog-breeds-infosite.com/images/italiangreyhound.jpg
523,http://farm1.static.flickr.com/228/493315615_50a7b3d7bd.jpg
524,http://www.gotcuddles.com/images/puppies_006_edited.jpg
525,http://farm1.static.flickr.com/148/416203736_a24001c6c9.jpg
526,http://images5.squidoo.com/resize.php?1196821803&filename;=draft_lens1348785module3626586photo_zephyrportrait.JPG
527,http://farm1.static.flickr.com/129/381688345_b00dcac36b.jpg
528,http://www.pups4sale.co.nz/italian_greyhound_02_puppies_for_sale.jpg
529,http://farm1.static.flickr.com/106/276222029_da05ef0163.jpg
530,http://static.flickr.com/1421/1040140078_5a818a7706.jpg
531,http://farm3.static.flickr.com/2285/2168537032_53c4bc1a11.jpg
532,http://farm1.static.flickr.com/122/303949949_33241d81db.jpg
533,http://farm1.static.flickr.com/25/40726928_a4a17e4def.jpg
534,http://farm1.static.flickr.com/150/369586433_73cadd1a73.jpg
535,http://farm1.static.flickr.com/33/63402460_cf282ecc91.jpg
536,http://farm2.static.flickr.com/1301/745404726_52c125dc5a.jpg
537,http://farm1.static.flickr.com/63/223051882_0dbda21b36.jpg
538,http://www.wisconsinigrescue.com/images/available/currentigs/rocky1.jpg
539,http://farm1.static.flickr.com/130/400387383_da6eab6c4a.jpg
540,http://farm2.static.flickr.com/1371/699769788_e69985c34e.jpg
541,http://farm1.static.flickr.com/186/397124489_463b9eaa3d.jpg
542,http://farm1.static.flickr.com/8/12527197_9fdeb2978a.jpg
543,http://farm1.static.flickr.com/177/475901790_9988a445ce.jpg
544,http://farm1.static.flickr.com/128/333626011_94566ae63d.jpg
545,http://www.animalforum.com/dbreed/images/zpdtoigrey.jpg
546,http://storm.prohosting.com/~prezz2k/Indyup4.jpg
547,http://farm2.static.flickr.com/1266/941075886_44dd741d6f.jpg
548,http://www.gopetsamerica.com/italian-greyhound/italian-greyhound.jpg
549,http://farm2.static.flickr.com/1314/745162348_d84cd1335d.jpg
550,http://farm2.static.flickr.com/1047/1337795775_cc1023f087.jpg
551,http://farm1.static.flickr.com/193/495375844_1c62ffbd76.jpg
552,http://farm3.static.flickr.com/2234/1678618600_8ede4bdd1d.jpg
553,http://farm1.static.flickr.com/108/308911040_075de5ed4d.jpg
554,http://farm1.static.flickr.com/42/119059030_7ca3ab76f9.jpg
555,http://farm1.static.flickr.com/176/416202049_7143d19238.jpg
556,http://farm1.static.flickr.com/177/393657987_6deb02f446.jpg
557,http://farm1.static.flickr.com/28/61690635_c9393010fd.jpg
558,http://farm2.static.flickr.com/1167/794108038_3fccc00e06.jpg
559,http://farm2.static.flickr.com/1135/802005357_da7d22ba9c.jpg
560,http://farm1.static.flickr.com/24/56197602_95657caf1e.jpg
561,http://farm1.static.flickr.com/73/191939193_c7f58026de.jpg
562,http://www.dogchannel.com/images/articles/breed_profile_images/italian_greyhound_80x80.jpg
563,http://photos3.meetupstatic.com/photos/event/4/9/a/a/global_1698858.jpeg
564,http://farm3.static.flickr.com/2244/2069463119_7eb04442cd.jpg
565,http://www.gotpetsonline.com/pictures-gallery/dog-pictures-breeders-puppies-rescue/italian-greyhound-pictures-breeders-puppies-rescue/pictures-photos/italian-greyhound-0001.jpg
566,http://www.pedigree.co.nz/breeds/images/thumbnails/italian_greyhound_tn.jpg
567,http://farm1.static.flickr.com/22/30987840_bc35afdb92.jpg
568,http://farm1.static.flickr.com/25/40725096_18dfeaa3df.jpg
569,http://static.flickr.com/1403/1150065966_8d2d7ab98b.jpg
570,http://photos4.meetupstatic.com/photos/member/a/7/e/0/member_762976.jpeg
571,http://farm1.static.flickr.com/89/278058374_63c2cbf545.jpg
572,http://bp3.blogger.com/_2ttvrX4kDq4/RvvuT70TUII/AAAAAAAAAyk/PNDinsn2QIA/s320/sarahkissingamysdog.jpg
573,http://farm1.static.flickr.com/98/369321732_6bd1adaf02.jpg
574,http://farm2.static.flickr.com/1377/1182190519_5f63402c96.jpg
575,http://members.aol.com/KarenKato/1Head.jpg
576,http://static.flickr.com/104/305307775_68aef1bde8.jpg
577,http://farm1.static.flickr.com/31/56626793_e079b457ea.jpg
578,http://farm2.static.flickr.com/1437/699706484_bd66d4e557.jpg
579,http://static.flickr.com/1320/1366730889_71056b6a6c.jpg
580,http://farm2.static.flickr.com/1092/773505684_2beea8e532.jpg
581,http://farm1.static.flickr.com/75/376318259_f941e11711.jpg
582,http://farm1.static.flickr.com/174/419654880_c2ad635f74.jpg
583,http://farm1.static.flickr.com/125/389449008_15c4cac477.jpg
584,http://static.flickr.com/74/165006687_354f0707ba.jpg
585,http://farm1.static.flickr.com/221/502939464_bfce73111f.jpg
586,http://static.flickr.com/26/40724953_f626faed4d.jpg
587,http://farm1.static.flickr.com/98/242284654_236a8b4a29.jpg
588,http://farm1.static.flickr.com/154/368515164_3c06896ed5.jpg
589,http://farm3.static.flickr.com/2345/2042440696_4a903ec17c.jpg
590,http://farm1.static.flickr.com/45/145588657_5e725f27e4.jpg
591,http://www.weilding.demon.co.uk/images/Italiangreyhound.jpg
592,http://static.flickr.com/23/24587093_649a011d4d.jpg
593,http://www.italian-greyhound.net/headhunter42.jpg
594,http://farm1.static.flickr.com/108/303183634_bae6b22161.jpg
595,http://photos2.meetupstatic.com/photos/event/9/2/7/f/highres_2677503.jpeg
596,http://farm1.static.flickr.com/210/490570522_19c87b1f16.jpg
597,http://farm2.static.flickr.com/1243/1425249150_d4b844525a.jpg
598,http://farm1.static.flickr.com/7/9450648_e20ee7076c.jpg
599,http://farm1.static.flickr.com/80/277938682_0e1b4c5e65.jpg
600,http://www.caninediabetes.org/dulcinea2.jpg
601,http://farm1.static.flickr.com/42/114416846_591629bb87.jpg
602,http://www.relatingtodogs.com/about-dogs/images/Eros0000.jpg
603,http://farm2.static.flickr.com/1375/986980890_2fcecabaaf.jpg
604,http://www.dogs4sale.com.au/Breeds/Italian_Greyhound/Fact_Sheets/Piccino_BFP1.JPG
605,http://static.flickr.com/2247/2080814187_ee5cab0ea9.jpg
606,http://farm1.static.flickr.com/196/447111935_5af98563e3.jpg
607,http://farm1.static.flickr.com/53/168050848_976cbd57c3.jpg
608,http://www.k-9designs.com/images/silks/silks_4.jpg
609,http://farm3.static.flickr.com/2302/2228203666_6d287620ae.jpg
610,http://static.flickr.com/1235/1315199205_752f603adf.jpg
611,http://farm2.static.flickr.com/1142/891601544_2e16b687e3.jpg
612,http://farm3.static.flickr.com/2332/1543470351_547b81ac8c.jpg
613,http://farm1.static.flickr.com/8/10018815_f452776912.jpg
614,http://farm2.static.flickr.com/1281/1045620116_c59f6720fc.jpg
615,http://farm1.static.flickr.com/95/246733831_561dd56d32.jpg
616,http://farm3.static.flickr.com/2367/2041639793_9642304c2c.jpg
617,http://static.flickr.com/2170/2128807450_2d845af064.jpg
618,http://farm2.static.flickr.com/1408/775430372_9d6d750661.jpg
619,http://farm3.static.flickr.com/2038/1544340386_e1efc96260.jpg
620,http://bp0.blogger.com/_nkd7UlXG6Dw/Rsrv1H5w1UI/AAAAAAAAAAk/btpOkkWfX2Y/s320/Angelo.jpg
621,http://farm1.static.flickr.com/151/398408580_0486036047.jpg
622,http://farm1.static.flickr.com/155/371715638_e4a6ed4576.jpg
623,http://farm3.static.flickr.com/2167/1806015855_70f921103e.jpg
624,http://farm3.static.flickr.com/2221/2048424427_668d5f8d14.jpg
625,http://farm3.static.flickr.com/2382/2088429222_bdc4075194.jpg
626,http://farm2.static.flickr.com/1113/1364214402_629d8b65eb.jpg
627,http://farm1.static.flickr.com/54/149566459_98c688100b.jpg
628,http://static.flickr.com/116/305307900_87ac137758.jpg
629,http://farm1.static.flickr.com/7/7929680_811e7e65d5.jpg
630,http://farm1.static.flickr.com/48/145587104_cc6cfbfa8e.jpg
631,http://farm1.static.flickr.com/210/441269290_1fb8e48a62.jpg
632,http://static.flickr.com/212/526840831_a9b28ebc2a.jpg
633,http://static.flickr.com/41/96839262_5622783877.jpg
634,http://farm1.static.flickr.com/124/371582731_5eabe79d0b.jpg
635,http://www.k-9designs.com/images/coats/biker_boss.jpg
636,http://farm1.static.flickr.com/123/389392531_fa586a2898.jpg
637,http://static.flickr.com/102/280222392_1f9f7e54b3.jpg
638,http://www.dogboston.com/dogphotos/sace-driving_small.jpg
639,http://farm2.static.flickr.com/1428/891417080_fe8cdc5baf.jpg
640,http://www.dogs4sale.com.au/Breeds/Italian_Greyhound/Fact_Sheets/Piccino_SDNova2.JPG
641,http://photos2.meetupstatic.com/photos/event/9/f/0/f/global_2140719.jpeg
642,http://farm1.static.flickr.com/176/433173841_dc210ec376.jpg
643,http://static.flickr.com/144/384032957_8e2a4e5714.jpg
644,http://farm2.static.flickr.com/1115/533956715_72a5d53bee.jpg
645,http://farm3.static.flickr.com/2409/2176911102_740b4c377a.jpg
646,http://static.flickr.com/166/387777273_c9b49f16a3.jpg
647,http://farm3.static.flickr.com/2235/2162987301_c26d3a6631.jpg
648,http://farm2.static.flickr.com/1170/743997211_6530a11b8e.jpg
649,http://farm3.static.flickr.com/2093/1553185879_09519077bf.jpg
650,http://farm3.static.flickr.com/2211/1588993918_1828f5c86d.jpg
651,http://farm2.static.flickr.com/1003/1392089431_aa4114bafa.jpg
652,http://farm1.static.flickr.com/195/458153252_a060738d5e.jpg
653,http://farm1.static.flickr.com/191/493305996_836f041dea.jpg
654,http://farm1.static.flickr.com/180/460528510_ca08ad0ed1.jpg
655,http://farm1.static.flickr.com/68/204319995_572de8425a.jpg
656,http://farm1.static.flickr.com/71/202411667_6732cee004.jpg
657,http://www.tekkom.net/gallery/albums/eos30d/IMG_1664.thumb.jpg
658,http://farm2.static.flickr.com/1174/968940241_739e268b72.jpg
659,http://farm2.static.flickr.com/1130/1483563334_31420b2d40.jpg
660,http://www.gotpetsonline.com/pictures-gallery/dog-pictures-breeders-puppies-rescue/italian-greyhound-pictures-breeders-puppies-rescue/pictures/italian-greyhound-0006.jpg
661,http://farm2.static.flickr.com/1304/891537602_55f1be4935.jpg
662,http://farm1.static.flickr.com/187/420794523_c927b374b4.jpg
663,http://farm1.static.flickr.com/186/433189850_a233ef0634.jpg
664,http://farm1.static.flickr.com/55/165014579_004bca5321.jpg
665,http://www.kgcf.co.kr/image/italian_greyhound.jpg
666,http://farm1.static.flickr.com/51/150634901_06df86a013.jpg
667,http://www.geocities.com/mieleth/Miele_head.jpg
668,http://static.flickr.com/184/465427681_bdb3bd1c13.jpg
669,http://images.amazon.com/images/P/0948955929.01._PE_PI_SCMZZZZZZZ_.jpg
670,http://farm1.static.flickr.com/231/467655407_4100f77156.jpg
671,http://farm2.static.flickr.com/1145/890615427_96b67abb7c.jpg
672,http://www1.istockphoto.com/file_thumbview_approve/2214521/2/istockphoto_2214521_alert_italian_greyhound.jpg
673,http://www.winsomeigs.com/images/digger.jpg
674,http://farm2.static.flickr.com/1319/541284886_6dd91d989c.jpg
675,http://farm1.static.flickr.com/43/75640349_335085ec19.jpg
676,http://www.iloverudy.com/images/mar/032806.JPG
677,http://www.italian-greyhound-dogs.com/pictures-images-photos/italian-greyhounds-02.jpg
678,http://farm1.static.flickr.com/90/242045409_5a6727dc4b.jpg
679,http://www.iloverudy.com/images/dec/121705.JPG
680,http://farm3.static.flickr.com/2387/2102014365_1b820396be.jpg
681,http://farm3.static.flickr.com/2359/2174412186_f9a56c73a0.jpg
682,http://static.flickr.com/116/432882583_4d5376bb5d.jpg
683,http://www.halemar.com/usrimage/cat17.jpg
684,http://farm1.static.flickr.com/210/485994059_be15bfbd66.jpg
685,http://farm1.static.flickr.com/30/58380563_7272f6cc8c.jpg
686,http://farm1.static.flickr.com/55/145587829_bd4b5cb2e1.jpg
687,http://farm1.static.flickr.com/152/341435032_59731cf27d.jpg
688,http://farm1.static.flickr.com/59/153811787_212e4ef45f.jpg
689,http://farm1.static.flickr.com/46/114944442_9d9bd3885b.jpg
690,http://farm1.static.flickr.com/123/420224981_7478bf62b7.jpg
691,http://farm1.static.flickr.com/181/423837954_597501ba42.jpg
692,http://farm3.static.flickr.com/2045/1793313981_fb6ccbe2b1.jpg
693,http://farm2.static.flickr.com/1179/581002443_e1141e650f.jpg
694,http://farm1.static.flickr.com/40/105155424_2e869373b3.jpg
695,http://farm1.static.flickr.com/226/514957204_4bfe7d34be.jpg
696,http://farm1.static.flickr.com/173/375938781_f5dd46ea04.jpg
697,http://farm1.static.flickr.com/53/131617313_26af55bc64.jpg
698,http://farm1.static.flickr.com/232/472942362_6bb111cadd.jpg
699,http://farm1.static.flickr.com/10/17520306_f5fcffbf57.jpg
700,http://www.iloverudy.com/images/feb/020906.JPG
701,http://static.flickr.com/1087/986126599_75d1aa4e23.jpg
702,http://farm3.static.flickr.com/2350/2233458288_37b57710bf.jpg
703,http://farm1.static.flickr.com/155/333373989_0f663d8638.jpg
704,http://www.pupcity.com/images/adpics/06307054429509_1.jpg
705,http://farm1.static.flickr.com/54/145589477_f4511dc72f.jpg
706,http://www.dogsinduds.com/pictures/baxter1.jpg
707,http://farm2.static.flickr.com/1252/1035221707_5690bc7a35.jpg
708,http://www.suppiah.net/photogallery/photo12539/Img0024.jpg
709,http://static.flickr.com/64/171494103_48faa87fc9.jpg
710,http://farm2.static.flickr.com/1368/1160962837_53def49da4.jpg
711,http://www.iosonocirneco.com/gaiamiki.jpg
712,http://static.flickr.com/22/40715482_223780043b.jpg
713,http://farm2.static.flickr.com/1425/563515384_1d561a73ed.jpg
714,http://farm3.static.flickr.com/2333/1793223323_2e8c2ef8ab.jpg
715,http://www.puppydogweb.com/kennels/images/italiangreyhound_orender5464.jpg
716,http://farm1.static.flickr.com/34/105322172_4fe08fecfd.jpg
717,http://farm1.static.flickr.com/51/145587292_b0685443a9.jpg
718,http://farm2.static.flickr.com/1115/842368812_49261b8812.jpg
719,http://farm2.static.flickr.com/1147/875072657_5ab9a88cf6.jpg
720,http://farm1.static.flickr.com/50/124963171_d9c6947d07.jpg
721,http://www.greycrew.com/sitebuilder/images/ds1-157x112.jpg
722,http://www.calendars.com/images/066/6612/200700001129_hs.jpg
723,http://www.nextdaypets.com/directory/breeds/images/1100148.jpg
724,http://farm2.static.flickr.com/1018/1141348952_b15f0be13a.jpg
725,http://farm1.static.flickr.com/212/446784413_985d9fe790.jpg
726,http://farm1.static.flickr.com/53/165010701_336659be31.jpg
727,http://farm1.static.flickr.com/154/350050686_187874a4d3.jpg
728,http://www.winsomeigs.com/quinn1.jpg
729,http://farm3.static.flickr.com/2370/2120989987_3834c1b22d.jpg
730,http://rachel.cruzthe.net/PROjeCTS/mom/images/b-iris8w.jpg
731,http://static.zoovy.com/img/handsnpaws/W640-H426-Bffffff/italian_greyhound_da_hoodie_sweater.jpg
732,http://farm1.static.flickr.com/24/56478968_da9155d7bd.jpg
733,http://static.flickr.com/2064/1790637418_5c8e647565.jpg
734,http://static.flickr.com/44/181309222_9640278373.jpg
735,http://farm1.static.flickr.com/45/181038311_809bc641cd.jpg
736,http://farm1.static.flickr.com/25/37670615_ea35c51611.jpg
737,http://farm3.static.flickr.com/2228/2176117803_425f197a93.jpg
738,http://www.dognews.com/pedigreegallery/2002/toy/images/Italian%20Greyhound.jpg
739,http://farm1.static.flickr.com/97/209914615_9417e6c249.jpg
740,http://farm3.static.flickr.com/2322/1553965944_e31b52083f.jpg
741,http://farm3.static.flickr.com/2090/2179736439_665cb798e4.jpg
742,http://farm1.static.flickr.com/6/6204840_dbba2f5b2f.jpg
743,http://static.flickr.com/76/183676913_934f586e96.jpg
744,http://www.bestfriendsfashions.net/images/snoodbettter1.jpg
745,http://farm1.static.flickr.com/222/475178023_17762c58e2.jpg
746,http://farm1.static.flickr.com/9/13614662_b3c263cbc0.jpg
747,http://farm1.static.flickr.com/152/339134695_e3c4b12adc.jpg
748,http://farm2.static.flickr.com/1310/744630539_97d5dc4955.jpg
749,http://farm2.static.flickr.com/1238/1270093024_672267a192.jpg
750,http://static.flickr.com/45/145588695_2b15e5b10b.jpg
751,http://www.montanadogware.com/files/roland2.jpg
752,http://farm1.static.flickr.com/236/519631746_ca080c9b05.jpg
753,http://farm1.static.flickr.com/22/28284790_3e31e425f0.jpg
754,http://farm1.static.flickr.com/85/235171468_01a2da080d.jpg
755,http://farm3.static.flickr.com/2400/2129377840_a3369872bb.jpg
756,http://farm2.static.flickr.com/1112/1186357906_3037f62083.jpg
757,http://farm1.static.flickr.com/123/400823570_144876d8b4.jpg
758,http://farm1.static.flickr.com/34/114944471_5372b625fc.jpg
759,http://static.flickr.com/191/441273375_506a165017.jpg
760,http://farm1.static.flickr.com/49/149577278_3cd4b63f9d.jpg
761,http://farm2.static.flickr.com/1373/891674524_d7ab32f522.jpg
762,http://farm1.static.flickr.com/49/184199385_47ce368bc3.jpg
763,http://farm1.static.flickr.com/44/118579527_1fba845b7e.jpg
764,http://farm2.static.flickr.com/1408/652303228_ce27a2ae98.jpg
765,http://www.italian-greyhound.net/IMG_0174.jpg
766,http://farm1.static.flickr.com/49/137298370_4de1b69d10.jpg
767,http://www.hsspca.org/images/Stretch-1.jpg
768,http://farm1.static.flickr.com/212/462372329_9b6782bdc1.jpg
769,http://farm1.static.flickr.com/127/411765683_3330a2439b.jpg
770,http://static.flickr.com/180/441268274_f889b77b78.jpg
771,http://www.homeforlife.org/images/family/vingeo.jpg
772,http://static.flickr.com/97/250028915_7ad8264387.jpg
773,http://farm1.static.flickr.com/12/17519496_e9119a471f.jpg
774,http://farm2.static.flickr.com/1378/1035038452_a3f297d0d2.jpg
775,http://static.flickr.com/1147/1438568996_50f23a014e.jpg
776,http://farm1.static.flickr.com/177/371595960_fbf0b96508.jpg
777,http://farm1.static.flickr.com/172/403751155_f573736615.jpg
778,http://farm3.static.flickr.com/2005/1796769310_5ba69ef2ef.jpg
779,http://www.gentlegiantsrescue.com/images/Melody%20and%20Leo%201%20640.jpg
780,http://farm3.static.flickr.com/2016/2169223604_acdce5b594.jpg
781,http://www.jaztymepapillons.com/red.jpg
782,http://farm1.static.flickr.com/32/67584986_ea94ab7ccd.jpg
783,http://static.flickr.com/1078/1433091689_bf9d14c224.jpg
784,http://farm1.static.flickr.com/13/15553565_25799ea516.jpg
785,http://farm1.static.flickr.com/30/46416017_9398f640b3.jpg
786,http://farm3.static.flickr.com/2323/1643054321_6cf79919d5.jpg
787,http://farm1.static.flickr.com/92/263604957_b9df893bff.jpg
788,http://farm3.static.flickr.com/2093/1955717525_d60f442310.jpg
789,http://farm1.static.flickr.com/166/393659441_f07de64771.jpg
790,http://farm1.static.flickr.com/103/266411879_9073df96f3.jpg
791,http://farm1.static.flickr.com/221/500119555_e718560587.jpg
792,http://farm1.static.flickr.com/131/321928583_92421ed261.jpg
793,http://farm3.static.flickr.com/2257/2221513661_69fb0c6d4c.jpg
794,http://farm2.static.flickr.com/1289/1106725246_cce87eeb40.jpg
795,http://farm1.static.flickr.com/56/107598336_4048c3730b.jpg
796,http://farm1.static.flickr.com/217/490846058_b959b4b1c7.jpg
797,http://farm1.static.flickr.com/52/149566800_6be49feaa4.jpg
798,http://www.gotdogsonline.com/italian-greyhound-pictures-breeders-puppies-rescue/pictures-photos/italian-greyhound-0034.jpg
799,http://www.dog-breed-facts.com/images/ItalianGreyhound.jpg
800,http://farm2.static.flickr.com/1429/890836295_bb1037a6f6.jpg
801,http://farm1.static.flickr.com/60/202411529_c1e2531d64.jpg
802,http://farm1.static.flickr.com/135/321928579_ce55cb1f26.jpg
803,http://farm1.static.flickr.com/222/485993623_92dd2affec.jpg
804,http://www.gotpetsonline.com/pictures-gallery/dog-pictures-breeders-puppies-rescue/italian-greyhound-pictures-breeders-puppies-rescue/pictures-photos/italian-greyhound-0012.jpg
805,http://farm1.static.flickr.com/25/40707900_8c865b51d4.jpg
806,http://farm1.static.flickr.com/151/361998440_ca0d90bb3d.jpg
807,http://farm2.static.flickr.com/1017/1087318086_08d204b973.jpg
808,http://www.igpost.com/igpuppies/images/day59_small.jpg
809,http://farm1.static.flickr.com/145/434177867_2d0d82011d.jpg
810,http://www.mccd.us/Dogs%20Cat/Garland%20HS%20300.jpg
811,http://farm1.static.flickr.com/47/148702007_cfe9402880.jpg
812,http://farm1.static.flickr.com/181/442707612_92e01707f4.jpg
813,http://farm1.static.flickr.com/50/118579528_0b4dfd8b93.jpg
814,http://farm1.static.flickr.com/143/335837427_14eb1b352a.jpg
815,http://2000dogs.com/photos/italiangreyhound_pdw.jpg
816,http://farm2.static.flickr.com/1181/740567704_7ec8d14a4b.jpg
817,http://farm1.static.flickr.com/138/333373858_ded28772f5.jpg
818,http://farm1.static.flickr.com/97/243906859_3af9458fe2.jpg
819,http://farm1.static.flickr.com/43/78606642_e13b47b8bc.jpg
820,http://farm1.static.flickr.com/55/165008545_ec32a2557c.jpg
821,http://static.flickr.com/1431/1224354862_086b56e7bb.jpg
822,http://farm1.static.flickr.com/242/454428049_72a4d4c09d.jpg
823,http://www.dog-breeds.name/pictures/italian-greyhound/italian-greyhound-4.jpg
824,http://farm2.static.flickr.com/1291/554228741_9c6da79969.jpg
825,http://static.flickr.com/53/106683425_d12e3bf6a3.jpg
826,http://farm1.static.flickr.com/122/369575180_c7b5642d70.jpg
827,http://farm2.static.flickr.com/1106/848650462_1c7ceaca00.jpg
828,http://farm1.static.flickr.com/133/335839719_715465bb12.jpg
829,http://farm1.static.flickr.com/231/513377007_e3d403e012.jpg
830,http://www.cicadahollow.com/resources/_wsb_522x452_Bitzy+farm+c.jpg
831,http://farm2.static.flickr.com/1198/838312711_d69da562e7.jpg
832,http://static.flickr.com/31/40725258_d6dfce13b4.jpg
833,http://farm1.static.flickr.com/208/475917539_9e8b14d6b2.jpg
834,http://farm1.static.flickr.com/77/181309187_ed560bdba5.jpg
835,http://www16.plala.or.jp/Arte-ig-flutist/index/newimage1.gif
836,http://farm3.static.flickr.com/2108/2149725161_39ffc98591.jpg
837,http://farm1.static.flickr.com/56/135632799_5549a246f2.jpg
838,http://farm3.static.flickr.com/2002/2232670463_bc8ccc8393.jpg
839,http://farm2.static.flickr.com/1171/934830513_ec1b16209d.jpg
840,http://farm3.static.flickr.com/2198/2070256986_bc728d253d.jpg
841,http://farm1.static.flickr.com/139/326720242_0a5fc1b8a1.jpg
842,http://farm1.static.flickr.com/108/292708875_214230d857.jpg
843,http://static.flickr.com/208/508719025_d475cf23ce.jpg
844,http://farm1.static.flickr.com/51/184766933_bcbaf9b2e8.jpg
845,http://farm1.static.flickr.com/96/277030549_a26e91b7d9.jpg
846,http://farm1.static.flickr.com/22/28894977_ad56a28f92.jpg
847,http://www.wearewag.org/jack207b.jpg
848,http://farm1.static.flickr.com/131/420792471_aca602a5c0.jpg
849,http://farm3.static.flickr.com/2205/2152762254_9ca0be4cd5.jpg
850,http://farm1.static.flickr.com/147/416201831_e5ebb72ae6.jpg
851,http://farm1.static.flickr.com/6/7929679_df402b7e07.jpg
852,http://farm3.static.flickr.com/2389/2238115921_13925aee61.jpg
853,http://www.bestfriendsfashions.net/images/DSCN0432.JPG
854,http://www.studio356.com/gallery/thumbs/17-appt._market_002.jpg
855,http://farm1.static.flickr.com/182/382430262_4267eec8ef.jpg
856,http://farm3.static.flickr.com/2117/1583294598_e772d513b3.jpg
857,http://farm1.static.flickr.com/118/305307834_108d1d3b51.jpg
858,http://dogoftheday.com/archive/2001/September/14.jpg
859,http://www.collectorsprints.com/_images/dogs/d18/yorkshire-italian-pug-150.jpg
860,http://farm1.static.flickr.com/59/185153632_cda557dc73.jpg
861,http://farm1.static.flickr.com/95/266452526_e43e0841dc.jpg
862,http://farm1.static.flickr.com/88/264511278_1a432afc3e.jpg
863,http://static.flickr.com/14/14036971_7ace839b1b.jpg
864,http://farm1.static.flickr.com/5/7060512_1778ece29c.jpg
865,http://farm1.static.flickr.com/164/400386218_36adec614a.jpg
866,http://farm2.static.flickr.com/1242/542358692_47ffee934b.jpg
867,http://i500.nopdesign.com/skins/wallpaper/Merlin_IG.jpg
868,http://farm1.static.flickr.com/78/170920505_aa8e0f2dc9.jpg
869,http://static.flickr.com/30/63396493_f5bcc2a663.jpg
870,http://farm2.static.flickr.com/1084/677590059_15752a18c1.jpg
871,http://farm1.static.flickr.com/9/13614512_bc6d2bc83e.jpg
872,http://www.halemar.com/usrimage/ctg4.jpg
873,http://farm1.static.flickr.com/51/145462723_1248cf815a.jpg
874,http://farm3.static.flickr.com/2056/1780128805_e18747ccb7.jpg
875,http://farm2.static.flickr.com/1224/1093381097_0093f27905.jpg
876,http://www.igwhispers.com/forum/uploads/1191178088/gallery_3_12_14098.jpg
877,http://www.dogbreedinfo.com/images18/ItalianGreyhoundNathanael6MonthsOld.JPG
878,http://farm1.static.flickr.com/134/381291279_c716571895.jpg
879,http://farm1.static.flickr.com/162/350148665_3c0132e97c.jpg
880,http://farm2.static.flickr.com/1227/541827699_9ed19b7745.jpg
881,http://farm1.static.flickr.com/137/348700310_31ed635fb4.jpg
882,http://farm3.static.flickr.com/2199/1856100647_b5690fe87d.jpg
883,http://www.k-9designs.com/images/collars/collars_p-02-a_sugar.jpg
884,http://www.winsomeigs.com/kelsey3.jpg
885,http://farm3.static.flickr.com/2189/2212893039_88d632a6e9.jpg
886,http://farm1.static.flickr.com/57/170921045_fb785b624d.jpg
887,http://www.linkclub.or.jp/%7Ew-kazu/mainmenu/tomodati/sight_a/jiji.jpg
888,http://farm1.static.flickr.com/41/74729942_7ab34d9e96.jpg
889,http://farm2.static.flickr.com/1382/582380534_cce3501f56.jpg
890,http://farm2.static.flickr.com/1329/1317074081_986d84c9ee.jpg
891,http://www.rievaulx.org/scorch3.jpg
892,http://www.veryhappening.com/images/things/big/464.jpg
893,http://farm1.static.flickr.com/193/442864686_764be9e0c6.jpg
894,http://farm3.static.flickr.com/2245/2069463223_07eb6f61d9.jpg
895,http://farm3.static.flickr.com/2389/1782163614_09632b272e.jpg
896,http://farm1.static.flickr.com/222/470881354_e311fc8650.jpg
897,http://farm1.static.flickr.com/50/134920657_06903b6c3f.jpg
898,http://www.dog-breeds-infosite.com/images/italiangreyhound1.jpg
899,http://farm1.static.flickr.com/42/98824872_aee52a69f1.jpg
900,http://farm1.static.flickr.com/78/165015973_aba400e729.jpg
901,http://farm3.static.flickr.com/2140/1677768027_242a515ea6.jpg
902,http://www.suppiah.net/photogallery/photo12539/Img0028.jpg
903,http://static.flickr.com/169/469681784_86273d2001.jpg
904,http://farm1.static.flickr.com/171/419783637_1144b98f18.jpg
905,http://farm1.static.flickr.com/177/420793748_a037eac3ba.jpg
906,http://www.dogzonline.com.au/images/profiles/07/06/22280_1549_sm.jpg
907,http://farm1.static.flickr.com/205/478036178_8f228f783b.jpg
908,http://static.flickr.com/1304/1040141246_d9fc3d7d83.jpg
909,http://farm1.static.flickr.com/148/435539365_cd329e49fe.jpg
910,http://www.k-9designs.com/images/safetygear/jockstrap_flame.jpg
911,http://www.kingvin.org/pix/rescue/respics/smokey.jpg
912,http://farm3.static.flickr.com/2380/2136538069_f114ef2007.jpg
913,http://www.dogzonline.com.au/images/profiles/63/11743_1043_sm.jpg
914,http://farm3.static.flickr.com/2290/1799885810_ec87785d3e.jpg
915,http://farm1.static.flickr.com/156/400372929_442eba0846.jpg
916,http://www.italian-greyhound.net/igpix.jpg
917,http://rachel.cruzthe.net/PROjeCTS/mom/images/b-pasq8w.jpg
918,http://farm2.static.flickr.com/1082/1392079509_d58cb75e33.jpg
919,http://farm2.static.flickr.com/1349/560343634_a2a7a5640c.jpg
920,http://www.doginformation.org/images/italiangreyhound.jpg
921,http://www.dogclub.co.uk/gallery/image/200410072249Satin-2_thumb.jpg
922,http://farm1.static.flickr.com/93/243023899_f8e71cf13d.jpg
923,http://farm3.static.flickr.com/2049/1553103819_6f3e59954d.jpg
924,http://farm1.static.flickr.com/47/182261969_c41d289695.jpg
925,http://farm1.static.flickr.com/55/145589344_db7c8cf0b7.jpg
926,http://farm3.static.flickr.com/2148/2210304228_34c3d1a6b4.jpg
927,http://farm1.static.flickr.com/59/165016201_f4edac50b7.jpg
928,http://farm3.static.flickr.com/2400/2179736071_ac54629e97.jpg
929,http://farm3.static.flickr.com/2180/1794037056_5f8761bc5e.jpg
930,http://www.weilding.demon.co.uk/images/IGH_Green2_small.jpg
931,http://static.flickr.com/1186/731992424_ecd94c44ff.jpg
932,http://farm2.static.flickr.com/1336/739482306_4c847f3075.jpg
933,http://farm1.static.flickr.com/49/141684832_76577a5ffe.jpg
934,http://farm1.static.flickr.com/6/7929696_ab814e67cd.jpg
935,http://farm1.static.flickr.com/35/124191809_003a8ebd05.jpg
936,http://levrete.eclub.lv/Img/latojab.jpg
937,http://farm1.static.flickr.com/22/40725398_ca3a7895b4.jpg
938,http://static.flickr.com/12/14037004_4f79194ee3.jpg
939,http://www.gordoncelladoor.com/italian.jpg
940,http://farm1.static.flickr.com/70/196257821_d70f946ea2.jpg
941,http://farm2.static.flickr.com/1267/934825829_f9ed5d04b7.jpg
942,http://farm1.static.flickr.com/163/420795506_6b1d220254.jpg
943,http://www.gotpetsonline.com/pictures-gallery/dog-pictures-breeders-puppies-rescue/italian-greyhound-pictures-breeders-puppies-rescue/pictures/italian-greyhound-0032.jpg
944,http://static.flickr.com/118/305307834_108d1d3b51.jpg
945,http://static.flickr.com/54/136948587_a3ec66a03a.jpg
946,http://farm1.static.flickr.com/28/46954404_b1e87febe5.jpg
947,http://farm1.static.flickr.com/166/371577300_49f513f88c.jpg
948,http://farm3.static.flickr.com/2187/2159300484_1bc35ccdfe.jpg
949,http://farm2.static.flickr.com/1307/838018403_c78bb29f80.jpg
950,http://static.flickr.com/35/72526894_d5a8309527.jpg
951,http://static.flickr.com/167/420795267_6e98a150a3.jpg
952,http://ww.dogzonline.com.au/images/profiles/07/08/23292_402_sm.jpg
953,http://www.pawsonpaths.com.au/images/B&B6.jpg;
954,http://farm1.static.flickr.com/61/202411756_5676810f4b.jpg
955,http://farm2.static.flickr.com/1150/1045619974_d99f033cb9.jpg
956,http://farm1.static.flickr.com/77/186680008_c73d3d7d9a.jpg
957,http://static.flickr.com/166/393659441_f07de64771.jpg
958,http://farm1.static.flickr.com/213/490585291_70e42b2022.jpg
959,http://farm3.static.flickr.com/2419/2129289224_7abef596f6.jpg
960,http://www.breederinfocenter.com/images2/20020817214502_122036_1.jpg
961,http://farm1.static.flickr.com/126/378828334_e073b0f1c6.jpg
962,http://farm1.static.flickr.com/32/55811527_5fcc4d6801.jpg
963,http://farm1.static.flickr.com/125/353582303_1616928cd0.jpg
964,http://static.flickr.com/56/145588955_7faff2de4c.jpg
965,http://img.dogpublic.com/breedImages/314.jpg
966,http://farm3.static.flickr.com/2357/2223488856_b72dd9e8aa.jpg
967,http://farm2.static.flickr.com/1002/1368894089_292644c623.jpg
968,http://farm1.static.flickr.com/185/373906401_74e37b6435.jpg
969,http://farm1.static.flickr.com/139/369321784_01232eb96c.jpg
970,http://farm1.static.flickr.com/159/411016458_d43775b296.jpg
971,http://farm1.static.flickr.com/78/165012846_3182ddaf66.jpg
972,http://www.poshpawz.com/dog%20pajamas%20pink.jpg
973,http://farm1.static.flickr.com/174/433192994_f1fe65fb4f.jpg
974,http://farm1.static.flickr.com/42/80540864_97cca1e574.jpg
975,http://farm1.static.flickr.com/69/159930878_6574ab380c.jpg
976,http://www.dogcoats.net/catalog/images/ContentImages/Echo.jpg
977,http://www.mybuddydog.com/igrey1.jpg
978,http://www.suppiah.net/photogallery/photo12539/Img0006.jpg
979,http://farm2.static.flickr.com/1308/861206484_5a71f31b4d.jpg
980,http://farm2.static.flickr.com/1018/533617478_08cce50618.jpg
981,http://farm1.static.flickr.com/32/46954872_b0a1050ac9.jpg
982,http://www.sxdog.com/admin/img/200631912381568545.jpg
983,http://www.iloverudy.com/images/apr/042306.JPG
984,http://static.flickr.com/109/268551567_05af98d3a7.jpg
985,http://www.templarwhippets.com/images/Snoopluv.jpg
986,http://farm1.static.flickr.com/173/373920331_453370ae07.jpg
987,http://static.flickr.com/2243/1563033106_2fe63c5152.jpg
988,http://www.planet-pets.com/italgrey.jpg
989,http://farm2.static.flickr.com/1233/526739256_cdb693b587.jpg
990,http://farm1.static.flickr.com/54/130541686_e76d4dce25.jpg
991,http://www.quixotehumane.org/images/charity.jpg
992,http://farm1.static.flickr.com/186/404121294_b56efbed22.jpg
993,http://www.englewoodunleashed.org/images/120italian2T.jpg
994,http://farm3.static.flickr.com/2234/1793383049_dcaf3d6fc1.jpg
995,http://www.pupcity.com/images/adpics/200477125658.jpg
996,http://farm2.static.flickr.com/1169/859260251_8c0603f62f.jpg
997,http://www.weilding.demon.co.uk/images/IGH_Red1_small.jpg
998,http://farm1.static.flickr.com/24/61072126_cb5fa46acc.jpg
999,http://farm1.static.flickr.com/74/165006687_354f0707ba.jpg
1000,http://farm1.static.flickr.com/228/474843047_fd259c8b0c.jpg
1001,http://farm1.static.flickr.com/204/447106128_d1c73c6213.jpg
1002,http://farm2.static.flickr.com/1153/1153226288_686502163d.jpg
1003,http://farm1.static.flickr.com/94/219495563_dbf6f37c99.jpg
1004,http://farm3.static.flickr.com/2387/1545851214_29b121443b.jpg
1005,http://static.flickr.com/30/40725629_93f86dca61.jpg
1006,http://farm1.static.flickr.com/76/165016911_964e55c839.jpg
1007,http://photos2.meetupstatic.com/photos/event/7/1/1/1/global_328945.jpeg
1008,http://farm2.static.flickr.com/1110/745112528_ffc6cdc946.jpg
1009,http://farm2.static.flickr.com/1425/935671914_2fcfda853a.jpg
1010,http://farm1.static.flickr.com/48/112053148_7ad65567e5.jpg
1011,http://farm2.static.flickr.com/1292/972594178_3174bf6172.jpg
1012,http://farm2.static.flickr.com/1016/756261977_6df36b0c6c.jpg
1013,http://www.doggysolutions.com/images/HeismanBrannon.jpg
1014,http://farm2.static.flickr.com/1052/1044765723_b76c6e676b.jpg
1015,http://farm1.static.flickr.com/65/178093083_cb50a4d349.jpg
1016,http://www.levrier.com/img1ae00.jpg
1017,http://farm1.static.flickr.com/172/403711176_64a18c3fc1.jpg
1018,http://www.suppiah.net/photogallery/photo12539/Img0040.jpg
1019,http://farm1.static.flickr.com/179/438659718_c5f8bd15a3.jpg
1020,http://static.zoovy.com/img/handsnpaws/W75-H75-Bcccc99/single_elegant_red_rose_dress_blue.jpg
1021,http://farm1.static.flickr.com/224/500076714_c614708718.jpg
1022,http://farm2.static.flickr.com/1327/766449975_e33f69c07f.jpg
1023,http://farm1.static.flickr.com/86/222189617_dcf9d8948a.jpg
1024,http://farm3.static.flickr.com/2328/2128922858_ca079f973b.jpg
1025,http://farm1.static.flickr.com/48/178777176_cfb621402a.jpg
1026,http://farm1.static.flickr.com/31/37775980_721850a2d3.jpg
1027,http://farm1.static.flickr.com/184/403848328_8f8bd24049.jpg
1028,http://farm1.static.flickr.com/219/485996417_d47e1d8049.jpg
1029,http://farm1.static.flickr.com/233/446631187_cf55e5c185.jpg
1030,http://farm3.static.flickr.com/2278/2113381513_288e932dfa.jpg
1031,http://farm1.static.flickr.com/35/90012488_2bdda7d7bc.jpg
1032,http://www.dogzonline.com.au/images/profiles/63/13677_1815_sm.jpg
1033,http://farm1.static.flickr.com/130/335836143_5bf4e03157.jpg
1034,http://farm2.static.flickr.com/1012/890805921_e1ff66b607.jpg
1035,http://farm2.static.flickr.com/1144/1394560642_1af137c3a8.jpg
1036,http://www.canadogs.com/images/ItalGreyhoundadult.jpg
1037,http://farm2.static.flickr.com/1173/1433982178_207529a712.jpg
1038,http://farm2.static.flickr.com/1151/891625180_8894e28193.jpg
1039,http://static.flickr.com/2318/2043508639_264974dfc5.jpg
1040,http://static.flickr.com/60/156936155_7093ef7f36.jpg
1041,http://www.iloverudy.com/images/jan/11006.JPG
1042,http://farm1.static.flickr.com/208/460524388_02f9d627c3.jpg
1043,http://static.flickr.com/75/160730582_c25daf9729.jpg
1044,http://farm1.static.flickr.com/53/146160858_4d207a572e.jpg
1045,http://farm1.static.flickr.com/48/154218990_63d753ecf4.jpg
1046,http://farm1.static.flickr.com/164/355614211_f445634934.jpg
1047,http://www.westminsterdogshow.org/2007/photos/breed/TR29374703.jpg
1048,http://farm2.static.flickr.com/1362/867698677_35a913274e.jpg
1049,http://farm1.static.flickr.com/199/485949527_781576a25b.jpg
1050,http://farm3.static.flickr.com/2155/1796049961_a54b29b747.jpg
1051,http://www.gotpetsonline.com/pictures-gallery/dog-pictures-breeders-puppies-rescue/italian-greyhound-pictures-breeders-puppies-rescue/pictures-photos/italian-greyhound-0005.jpg
1052,http://farm3.static.flickr.com/2402/2010535257_f3c7590caf.jpg
1053,http://farm1.static.flickr.com/194/493315307_8cd66da342.jpg
1054,http://farm1.static.flickr.com/52/109055650_bcbdd7e2c9.jpg
1055,http://farm2.static.flickr.com/1255/1478447840_40c6045c35.jpg
1056,http://static.flickr.com/54/118577102_73deafac67.jpg
1057,http://farm2.static.flickr.com/1105/847788429_116fc115d4.jpg
1058,http://farm1.static.flickr.com/28/40725368_8ccf4a6d8f.jpg
1059,http://farm1.static.flickr.com/183/416204055_98b7cde8e1.jpg
1060,http://farm1.static.flickr.com/41/104973711_d78bba6399.jpg
1061,http://www.homeforlife.org/images/family/vingeo2.jpg
1062,http://web.tiscali.it/imagohome/fotoimago2_file/imago247.jpg
1063,http://farm3.static.flickr.com/2092/2173626623_0eb70bc87e.jpg
1064,http://farm3.static.flickr.com/2037/1804450805_f8d9413f44.jpg
1065,http://farm1.static.flickr.com/42/117001611_e064e7bf99.jpg
1066,http://farm1.static.flickr.com/25/56478493_cdbc1f4443.jpg
1067,http://farm1.static.flickr.com/181/405562142_061aebbf1d.jpg
1068,http://farm2.static.flickr.com/1272/772376846_3149861ada.jpg
1069,http://farm1.static.flickr.com/92/234505300_c08ad3cc01.jpg
1070,http://lh3.google.com/_vCQYeEfhrzI/Rf6zXWJ5D2I/AAAAAAAAAE8/StTLI-R6yWg/s800/34.JPG
1071,http://farm3.static.flickr.com/2098/2150518018_5fb51aa3a2.jpg
1072,http://www.yorkblog.com/pets/img/Bella-Serra.jpg
1073,http://static.flickr.com/49/114553663_abddadced8.jpg
1074,http://farm1.static.flickr.com/52/145588514_46d824c3d9.jpg
1075,http://www.doghouse.co.jp/img/zukan/10/italian_greyhound-2.jpeg
1076,http://farm1.static.flickr.com/89/243013423_fa6078d718.jpg
1077,http://farm1.static.flickr.com/44/127241249_6281f62545.jpg
1078,http://farm1.static.flickr.com/58/155203040_3b8614b528.jpg
1079,http://farm1.static.flickr.com/23/25084648_faec78ae5c.jpg
1080,http://farm2.static.flickr.com/1199/945390270_1ea8221452.jpg
1081,http://farm1.static.flickr.com/31/61850399_ef3b465fa2.jpg
1082,http://farm3.static.flickr.com/2125/2061183802_292087dc90.jpg
1083,http://www.iloverudy.com/images/jun/061606.jpg
1084,http://farm1.static.flickr.com/209/502992297_91d9e02287.jpg
1085,http://static.flickr.com/140/348204932_ba8638102d.jpg
1086,http://farm2.static.flickr.com/1103/891551392_a4999afe4b.jpg
1087,http://farm1.static.flickr.com/139/321864755_6d504b9b59.jpg
1088,http://static.flickr.com/49/118577101_53c133c410.jpg
1089,http://farm3.static.flickr.com/2008/2125757590_e0346b5856.jpg
1090,http://static.flickr.com/26/40724981_2b1a80040a.jpg
1091,http://farm1.static.flickr.com/22/24623965_fd0d432c97.jpg
1092,http://farm2.static.flickr.com/1068/793274387_9ae42625f5.jpg
1093,http://palterphotography.com/img/small/roxy1_150.jpg
1094,http://static.flickr.com/57/166724508_b59cf6fa92.jpg
1095,http://farm3.static.flickr.com/2162/2072747362_cab0eaaaf6.jpg
1096,http://farm1.static.flickr.com/181/420794362_a628a20338.jpg
1097,http://farm1.static.flickr.com/104/281786284_1b9892a0c3.jpg
1098,http://farm1.static.flickr.com/38/105155691_d242705a9b.jpg
1099,http://www.perrosargentinos.com.ar/razas/igreyhound2.jpg
1100,http://farm1.static.flickr.com/69/207488217_49b1386d7d.jpg
1101,http://static.flickr.com/2362/1528130022_e7342d2209.jpg
1102,http://www.puppydogweb.com/breeders/pic_images/italiangreyhound_stillwater.jpg
1103,http://static.flickr.com/30/40725646_b20de11282.jpg
1104,http://www.asylumdesignstudios.com/Demos/Exotic%20Pets/images/Italian%20Greyhound%201.jpg
1105,http://www.oakviewkennels.com/images/100_5821_000.jpg
1106,http://farm2.static.flickr.com/1089/891594202_4cd50e8d7d.jpg
1107,http://farm2.static.flickr.com/1099/813548296_e7c83a809c.jpg
1108,http://farm2.static.flickr.com/1053/744652423_a7022ffd6f.jpg
1109,http://farm1.static.flickr.com/120/292233489_a140301559.jpg
1110,http://piccino.showdogs.com.au/.conf/image.php?ximg=cGljY2lub19IYW5kNG1vbnRocy5qcGc=&f;=1
1111,http://farm1.static.flickr.com/36/76873905_d6a04d6d4e.jpg
1112,http://farm1.static.flickr.com/184/381688347_bdc645b794.jpg
1113,http://farm3.static.flickr.com/2222/2058216504_5032a0f4ba.jpg
1114,http://farm2.static.flickr.com/1335/802881758_04e6be3541.jpg
1115,http://farm1.static.flickr.com/85/246651353_a6e421e7d4.jpg
1116,http://farm1.static.flickr.com/173/420793872_99de9163f4.jpg
1117,http://farm1.static.flickr.com/125/379324955_ae44483fd2.jpg
1118,http://farm1.static.flickr.com/89/266411941_9618d08acc.jpg
1119,http://bp1.blogger.com/_zb2P-mu4pZ4/RerjptpHyeI/AAAAAAAAAEs/N0pnWPAL6xQ/s400/Beans.jpg
1120,http://www.kturby.com/dwheader/marcblue.jpg
1121,http://static.flickr.com/181/433184011_3775ac6fa3.jpg
1122,http://www.thepetprofessor.com/images/breed_profiles/dogs/Italian_Greyhound.jpg
1123,http://farm2.static.flickr.com/1263/891446964_e11cf0237f.jpg
1124,http://farm1.static.flickr.com/148/403721435_3995cd0f29.jpg
1125,http://farm1.static.flickr.com/212/466589276_a76f8a0309.jpg
1126,http://www.italian-greyhound.net/catdogsrabbit.jpg
1127,http://farm2.static.flickr.com/1277/1228986724_cd831e8045.jpg
1128,http://static.flickr.com/164/342850708_3b5a360493.jpg
1129,http://farm1.static.flickr.com/50/142098553_43fe1f8f57.jpg
1130,http://farm1.static.flickr.com/190/508681382_9e5818e609.jpg
1131,http://farm2.static.flickr.com/1164/608761029_baccb62d7c.jpg
1132,http://farm1.static.flickr.com/87/234281924_f29a17cee6.jpg
1133,http://farm1.static.flickr.com/212/523781405_0ef833d222.jpg
1134,http://farm1.static.flickr.com/29/40725192_67f0bed8a6.jpg
1135,http://farm1.static.flickr.com/4/3925341_512c81bfe4.jpg
1136,http://farm1.static.flickr.com/178/416202508_9fc5f2236e.jpg
1137,http://www.mccd.us/Dogs%20Cat/Garland%20Show%20Pics/CH%20Garland.jpg
1138,http://farm2.static.flickr.com/1316/744570617_4c41428c1a.jpg
1139,http://farm1.static.flickr.com/169/432377536_3b65f523b1.jpg
1140,http://farm3.static.flickr.com/2119/2176117285_ddbc7fe51f.jpg
1141,http://farm1.static.flickr.com/177/430173322_0c1091232b.jpg
1142,http://www.puppydogweb.com/gallery/italiangreyhounds/italiangreyhound_ditrocchio.jpg
1143,http://farm3.static.flickr.com/2062/1781223728_3a78666f6d.jpg
1144,http://static.flickr.com/5/7336237_977a166c64.jpg
1145,http://www.cyberbeach.net/~icecube/AndrewItalianGreyhound.JPG
1146,http://farm1.static.flickr.com/206/465554826_531391fbdf.jpg
1147,http://farm3.static.flickr.com/2309/2070257192_336291796e.jpg
1148,http://farm1.static.flickr.com/37/87563923_b3878ef1c3.jpg
1149,http://farm1.static.flickr.com/143/328462884_e78a7d7c8f.jpg
1150,http://farm1.static.flickr.com/70/207954941_75ccda298b.jpg
1151,http://farm3.static.flickr.com/2369/1660202038_bf08caa9f0.jpg
1152,http://static.flickr.com/194/493315307_8cd66da342.jpg
1153,http://static.flickr.com/55/145588549_daded4be6c.jpg
1154,http://www.petnet.co.za/images/633316882850233750633316882850233750.jpg
1155,http://farm3.static.flickr.com/2148/1974874102_4579e9d220.jpg
1156,http://www.cramerphotography.com/albums/album64/italian_grayhound_00001_57_001.thumb.jpg
1157,http://www.italian-greyhound.net/reddymoving041004.jpg
1158,http://farm1.static.flickr.com/221/466596871_62e10cd517.jpg
1159,http://farm2.static.flickr.com/1425/1080326856_427344e87d.jpg
1160,http://farm1.static.flickr.com/39/84967398_cc422fd539.jpg
1161,http://farm1.static.flickr.com/59/165005606_2878648bd2.jpg
1162,http://farm1.static.flickr.com/99/304867557_3968d2a498.jpg
1163,http://farm1.static.flickr.com/47/193010288_9ba438d77d.jpg
1164,http://farm1.static.flickr.com/33/37250349_15a1a2fb02.jpg
1165,http://farm2.static.flickr.com/1214/1064663439_30f10b3ca8.jpg
1166,http://data.photos-animaux.com/photos/12/115/11405.jpg
1167,http://farm1.static.flickr.com/222/490846301_0e60cbf7b9.jpg
1168,http://www.dogzonline.com.au/images/profiles/07/01/19935_700.jpg
1169,http://static.flickr.com/1416/976894217_5a73e90a41.jpg
1170,http://farm1.static.flickr.com/197/476326931_6aa749e207.jpg
1171,http://www.mahahounds.org/images/Sight%20Hound%20Photos/ig.jpg
1172,http://farm2.static.flickr.com/1282/1268780147_d8af91d722.jpg
1173,http://farm2.static.flickr.com/1063/890704941_a74566386e.jpg
1174,http://farm2.static.flickr.com/1370/699706586_45921b6db0.jpg
1175,http://farm1.static.flickr.com/160/433196903_05154aa912.jpg
1176,http://image57.webshots.com/457/4/55/20/2721455200000195974NdPPAc_fs.jpg
1177,http://farm1.static.flickr.com/144/321824396_04333bd996.jpg
1178,http://farm1.static.flickr.com/155/413122934_552f760b6d.jpg
1179,http://members.aol.com/KARENKATO/sport.jpg
1180,http://farm1.static.flickr.com/144/318268503_d2335e3f72.jpg
1181,http://farm1.static.flickr.com/232/474837592_c7fd7406ae.jpg
1182,http://www.petsplace.co.za/Italian_Greyhound.jpg
1183,http://farm1.static.flickr.com/76/246704520_27ff0b4dca.jpg
1184,http://farm2.static.flickr.com/1217/891671296_f262ad58ae.jpg
1185,http://farm1.static.flickr.com/57/212620989_c96457beaf.jpg
1186,http://farm2.static.flickr.com/1040/773629826_f4e9de9acd.jpg
1187,http://www.iloverudy.com/images/jan/10106.JPG
1188,http://farm2.static.flickr.com/1156/745435228_c37191ae50.jpg
1189,http://static.flickr.com/1303/1064386321_1f8fb4556c.jpg
1190,http://farm2.static.flickr.com/1277/772269316_b0751f2756.jpg
1191,http://farm2.static.flickr.com/1251/573248656_140bd5bee9.jpg
1192,http://farm3.static.flickr.com/2204/1974944506_282d67b663.jpg
1193,http://www.dkimages.com/discover/previews/791/90021343.JPG
1194,http://farm1.static.flickr.com/22/34741103_6f598ece22.jpg
1195,http://farm1.static.flickr.com/4/8099980_b2fa44b60f.jpg
1196,http://www.italian-greyhound.net/Couchedhunter.jpg
1197,http://farm1.static.flickr.com/128/392477957_bec35786d5.jpg
1198,http://farm1.static.flickr.com/212/489828607_3de6fc4e54.jpg
1199,http://cache.eb.com/eb/thumb?id=42434
1200,http://www.italiangreyhound.cz/foto/b1.jpg
1201,http://lib.store.yahoo.net/lib/glamourdogstore/11-italian-small.jpg
1202,http://farm1.static.flickr.com/38/105887774_da22a6c636.jpg
1203,http://static.flickr.com/178/394773792_3e14cf265c.jpg
1204,http://farm1.static.flickr.com/196/499898213_2a0a324028.jpg
1205,http://farm1.static.flickr.com/191/441270108_491883c860.jpg
1206,http://farm3.static.flickr.com/2025/2242052780_217d92ecc3.jpg
1207,http://static.flickr.com/182/389392537_566da06f61.jpg
1208,http://static.flickr.com/141/328548286_d488553dce.jpg
1209,http://farm1.static.flickr.com/68/165014232_a4e82d35f9.jpg
1210,http://www.PetsMo.com/pets/images/55.jpg
1211,http://farm1.static.flickr.com/116/310699268_153939c998.jpg
1212,http://static.flickr.com/139/326707598_c1442c57f7.jpg
1213,http://farm1.static.flickr.com/213/476295999_d3541c6f27.jpg
1214,http://farm1.static.flickr.com/167/424736781_854c0dd786.jpg
1215,http://farm1.static.flickr.com/57/172972728_d67ee3d291.jpg
1216,http://farm1.static.flickr.com/136/350170253_cec779a00f.jpg
1217,http://smalldogbreedsite.com/coppermine/albums/userpics/thumb_ig.jpg
1218,http://www.k-9designs.com/images/photogallery/willow.jpg
1219,http://farm1.static.flickr.com/221/460536534_ccc0ec99b5.jpg
1220,http://farm3.static.flickr.com/2040/1677769957_edc5615b39.jpg
1221,http://farm2.static.flickr.com/1323/866177160_4c6c605cc2.jpg
1222,http://farm1.static.flickr.com/34/104973583_ad3fb19b90.jpg
1223,http://farm1.static.flickr.com/49/193010290_24b42141dd.jpg
1224,http://farm1.static.flickr.com/177/371712784_3720543b39.jpg
1225,http://www.italiaano.net/gallery/rommi/8vkoa1.jpg
1226,http://farm3.static.flickr.com/2413/1677767571_b4aa886ef0.jpg
1227,http://www.suppiah.net/photogallery/photo12539/Img0023.jpg
1228,http://farm1.static.flickr.com/169/416200386_958767ac63.jpg
1229,http://farm2.static.flickr.com/1011/1356497427_dbf8db9f9d.jpg
1230,http://farm2.static.flickr.com/1199/865199775_037c4bb887.jpg
1231,http://farm3.static.flickr.com/2382/1986206483_a5b028203e.jpg
1232,http://www.italian-greyhound.net/bantu100_1294.jpg
1233,http://farm3.static.flickr.com/2380/2125746902_8d7079731a.jpg
1234,http://farm1.static.flickr.com/79/235171236_5b739e4236.jpg
1235,http://farm1.static.flickr.com/65/195034382_52734ae469.jpg
1236,http://farm1.static.flickr.com/4/3998714_982daa5026.jpg
1237,http://www.gotpetsonline.com/pictures-gallery/dog-pictures-breeders-puppies-rescue/italian-greyhound-pictures-breeders-puppies-rescue/pictures-photos/italian-greyhound-0004.jpg
1238,http://static.flickr.com/26/46578661_3d8c34a646.jpg
1239,http://farm1.static.flickr.com/149/420795814_f9403040bf.jpg
1240,http://farm2.static.flickr.com/1137/972575978_5e45a24cdc.jpg
1241,http://amberlowe.com/images/cubeimages/italian_greyhound_olivecube.jpg
1242,http://farm1.static.flickr.com/217/476295991_700d0416e8.jpg
1243,http://www.iloverudy.com/images/misc/friends.JPG
1244,http://farm2.static.flickr.com/1065/891432970_3c6bb901f7.jpg
1245,http://farm1.static.flickr.com/41/105154891_c07a066e0f.jpg
1246,http://farm1.static.flickr.com/210/508825675_21c167c185.jpg
1247,http://farm1.static.flickr.com/125/405562133_71725ea05d.jpg
1248,http://farm1.static.flickr.com/60/226535404_71a1b9e41c.jpg
1249,http://farm1.static.flickr.com/37/76873634_511af9e446.jpg
1250,http://www.abouttimeigs.com/images/ItalianGreyhoundColorRed.jpg
1251,http://farm2.static.flickr.com/1169/868551600_a09a0636b4.jpg
1252,http://farm2.static.flickr.com/1203/529162918_b6de589dff.jpg
1253,http://farm2.static.flickr.com/1313/1441625512_c6d9df8019.jpg
1254,http://farm1.static.flickr.com/23/34115735_f14249b5db.jpg
1255,http://farm2.static.flickr.com/1093/717866101_2392ae4c8a.jpg
1256,http://farm1.static.flickr.com/150/352370518_1f205979d6.jpg
1257,http://farm1.static.flickr.com/191/475910522_0ce26293e3.jpg
1258,http://farm1.static.flickr.com/113/293260610_34fb3cc498.jpg
1259,http://farm2.static.flickr.com/1402/1234411139_5f8ec74e5d.jpg
1260,http://static.flickr.com/35/105262282_7daae0e3f0.jpg
1261,http://farm2.static.flickr.com/1282/1394839530_1e5f6b919c.jpg
1262,http://www.gentlegiantsrescue.com/images/Tahoe%201.jpg
1263,http://farm1.static.flickr.com/12/18119162_b20236e1c2.jpg
1264,http://farm2.static.flickr.com/1178/1386710807_5984631153.jpg
1265,http://farm2.static.flickr.com/1071/868544456_b3dfb56c78.jpg
1266,http://farm2.static.flickr.com/1334/717013818_80afa97a6b.jpg
1267,http://www.iloverudy.com/images/dec/121505.JPG
1268,http://farm1.static.flickr.com/24/54226004_0820e3de6c.jpg
1269,http://farm3.static.flickr.com/2025/1653711463_076cf57256.jpg
1270,http://www.lvpaws.org/photogallery/photodogs/carter3.jpg
1271,http://farm1.static.flickr.com/163/355613140_88b1f623c8.jpg
1272,http://www.patjustis.com/graphics/jpegs/dogs/ddog_m6_brengan132thuh.jpg
1273,http://farm2.static.flickr.com/1194/756264891_049c0cb378.jpg
1274,http://www.agraria.org/cani/piccololevrieroitaliano.JPG
1275,http://www.fidobox.it/fotorazze26.gif
1276,http://www.e-wuff.com/CIBPrt06/FCI10.jpg
1277,http://www.allevamentilegrenzi.it/schede/immagini/piccolo_levriero_italiano.jpg
1278,http://www.quiannunci.com/user_images/47375_1.jpeg
1279,http://wwww.idog.pl/grafika/pies/517.jpg
1280,http://www.rednaturaleza.com/rednaturaleza/animales/fotos/t477.jpg
1281,
