0,http://image52.webshots.com/152/0/1/41/427900141cXkMpA_fs.jpg
1,http://www.thedogscene.co.uk/download.php?catid=107&field=photoattach
2,http://farm3.static.flickr.com/2229/2057696865_84a581b936.jpg
3,http://farm3.static.flickr.com/2137/2207623427_8572c0f421.jpg
4,http://www.giveusahome.co.uk/breederspages/allbreedsphotosdog/keeshond.jpg
5,http://static.flickr.com/2288/1564686799_77d86bf11d.jpg
6,http://farm2.static.flickr.com/1236/554675182_f8b432a21e.jpg
7,http://image50.webshots.com/150/0/5/23/427900523mdWFCU_ph.jpg
8,http://farm1.static.flickr.com/93/225474377_2ee30f8237.jpg
9,http://keesforum.net/images/keeshond.jpg
10,http://www.dog-breeds.name/pictures/keeshond/keeshond-2tn.jpg
11,http://thumb18.webshots.net/t/30/466/8/64/17/2735864170057615558IzDmUc_th.jpg
12,http://www.tcgcal.com/images/moochie.gif
13,http://farm2.static.flickr.com/1017/870159418_358a2bc499.jpg
14,http://farm2.static.flickr.com/1235/1469398963_41dd9e085f.jpg
15,http://farm3.static.flickr.com/2026/2154579069_3ff92c7d4f.jpg
16,http://farm1.static.flickr.com/23/29021375_24c3c0eca9.jpg
17,http://www.petpig.com/dog/dogs/Keeshond.jpg
18,http://www.pups4sale.co.nz/keeshond_02_puppies_for_sale.jpg
19,http://www.websurfin.com/keeshound/zipface.JPG
20,http://keeshond.ru/keeshond.files/keeshond.jpg
21,http://farm1.static.flickr.com/61/190143189_1623840b48.jpg
22,http://www.puppydogweb.com/gallery/keeshonden/keeshond_landri.jpg
23,http://home.hetnet.nl/~bvpraag/Snow_bestanden/image007.jpg
24,http://www.iciveitican.com/Piteoropvsp_kessut.JPG
25,http://farm1.static.flickr.com/110/289785139_2641c3883c.jpg
26,http://static.flickr.com/1209/1259569041_da8cf52ca7.jpg
27,http://farm3.static.flickr.com/2184/2130672385_6f46e56512.jpg
28,http://farm2.static.flickr.com/1319/1349420802_3c09f2e7a7.jpg
29,http://www.wellbredpets.com/images%5Cbreedpics%5Clgmain-Keeshond.jpg
30,http://www.sillionaire.com/aleta_mom_aj_web.JPG
31,http://farm1.static.flickr.com/85/225480040_9f925eb083.jpg
32,http://static.flickr.com/96/224302063_e5ec76331e.jpg
33,http://thumb5.webshots.net/s/thumb1/8/8/53/79580853SstMGH_th.jpg
34,http://farm2.static.flickr.com/1213/1333742000_646185c27a.jpg
35,http://farm1.static.flickr.com/54/156033487_ea910fb55e.jpg
36,http://farm2.static.flickr.com/1212/1058080448_ddff050529.jpg
37,http://www.spitz-loup.com/nos_chiens/well_pedigree/kyrie.jpg
38,http://farm1.static.flickr.com/245/520770436_928cf4a087.jpg
39,http://farm2.static.flickr.com/1292/1132220156_b748c0df36.jpg
40,http://www.wolfsspitzevomdahlemshof.de/Bilder/Bosse1neu.jpg
41,http://farm2.static.flickr.com/1053/1348569463_af3ebdd6c9.jpg
42,http://farm1.static.flickr.com/94/224300854_80098916cc.jpg
43,http://farm1.static.flickr.com/169/440767959_99e2a3dcae.jpg
44,http://www.pupcity.com/images/adpics/05275195826997_1.jpg
45,http://farm2.static.flickr.com/1238/750229317_0804d5847c.jpg
46,http://farm2.static.flickr.com/1329/1430677432_24b8cc5fa5.jpg
47,http://farm1.static.flickr.com/62/171725258_7b27fb7107.jpg
48,http://static.flickr.com/1186/1196494438_dff906b240.jpg
49,http://www.animalplanetbigworld.com/American%20Eskimo%20Dog%20photo.jpg
50,http://farm1.static.flickr.com/42/105319181_321e67a44e.jpg
51,http://farm2.static.flickr.com/1265/1331940916_00eaaaeed0.jpg
52,http://static.flickr.com/14/16847449_5ab6042fb9.jpg
53,http://farm2.static.flickr.com/1353/977100043_96b4f87ccb.jpg
54,http://www.puppypoopy.com/keeshond9.jpg
55,http://farm1.static.flickr.com/97/256606721_fa5fcb8f8f.jpg
56,http://static.flickr.com/105/293969372_126883f1bc.jpg
57,http://thumb9.webshots.net/s/thumb1/1/85/22/203218522LNWHWf_th.jpg
58,http://farm2.static.flickr.com/1178/854770582_b466a142e0.jpg
59,http://image05.webshots.com/5/7/19/90/71471990akGFzj_fs.jpg
60,http://dynastykeeshond.com/photos/scoutaom.jpg
61,http://farm1.static.flickr.com/138/347212312_31429c7a7a.jpg
62,http://farm2.static.flickr.com/1184/584502848_05c4f66530.jpg
63,http://static.flickr.com/34/105319520_64f061a607.jpg
64,http://ww2.cvalink.com/carakees/images/Dylan.jpg
65,http://farm2.static.flickr.com/1384/584477296_b0eb25bfd0.jpg
66,http://www.teezz.co.uk/images/dogs/shadow-box/keeshond.jpg
67,http://www.sbret.com/images/scooter-keeshond-success.jpg
68,http://www.gotpetsonline.com/pictures-gallery/dog-pictures-breeders-puppies-rescue/keeshond-pictures-breeders-puppies-rescue/pictures-photos/keeshond-0010.jpg
69,http://www.catalina-inter.net/cari-on/images/elvis.JPG
70,http://farm1.static.flickr.com/113/282990101_68fb762c99.jpg
71,http://www.zomart.com/Dog%20-%20Keeshond.jpg
72,http://www.spitz-loup.com/nos_chiens/engel_pedigree/chris.jpg
73,http://thumb10.webshots.net/t/36/36/7/10/27/275771027bdDmoA_th.jpg
74,http://farm3.static.flickr.com/2418/2205973622_9a14d2be3c.jpg
75,http://farm2.static.flickr.com/1026/750240591_58602377ec.jpg
76,http://www.sandalfootkeeshondclub.com/images/pastEventsImages/2003/Agility/Diamond.jpg
77,http://keeshond.no/images/k_no_venstre.jpg
78,http://farm1.static.flickr.com/113/293969465_69e5fb9389.jpg
79,http://girlstoboys.com/keeshond.jpg
80,http://farm2.static.flickr.com/1045/584467866_e63ade579a.jpg
81,http://theparson.net/teddy.jpg
82,http://www.gotpetsonline.com/pictures-gallery/dog-pictures-breeders-puppies-rescue/keeshond-pictures-breeders-puppies-rescue/pictures/keeshond-0023.jpg
83,http://www.priscillaspreciouspups.com/Images/mattsboy1.jpg
84,http://farm1.static.flickr.com/96/257500890_c88aa04a49.jpg
85,http://www.crestock.com/images/220000-229999/221130-xs.jpg
86,http://farm3.static.flickr.com/2376/2066015431_5706d595f0.jpg
87,http://farm2.static.flickr.com/1109/1348505719_d719559906.jpg
88,http://www.spicove.cz/img_f/fnv0005.jpg
89,http://farm1.static.flickr.com/94/271531409_2eebf64b1d.jpg
90,http://farm2.static.flickr.com/1305/1326265016_57f21d71d0.jpg
91,http://farm3.static.flickr.com/2032/1881822631_b21ee2d288.jpg
92,http://farm1.static.flickr.com/74/190143290_ddf885a1f5.jpg
93,http://static.flickr.com/13/14013764_a58ce3b923.jpg
94,http://static.flickr.com/126/360880605_d636cde8ce.jpg
95,http://farm2.static.flickr.com/1355/1348721115_ed8b512313.jpg
96,http://farm1.static.flickr.com/143/335315851_aabd033efc.jpg
97,http://farm1.static.flickr.com/143/317514801_4ebe7c8de4.jpg
98,http://forum.ptichka.ru/i/kees_1.jpg
99,http://i21.photobucket.com/albums/b263/dagefra/razas3/Keeshond.jpg
100,http://www.petlifeplus.com/Images/Photos/bridget3.jpg
101,http://www.vipaws.com/Graphics/keeshond_bernie_070805.JPG
102,http://image48.webshots.com/49/8/52/66/2260852660060634829OHhgFd_ph.jpg
103,http://www.keesstars.co.nz/Renewal%20of%20Vows%20(krystals%20camera)%20004.jpg
104,http://static.flickr.com/22/31466116_66cc9af3e4.jpg
105,http://www.pitbull-breed.com/BreedsPhoto/Keeshond.jpg
106,http://farm1.static.flickr.com/68/225466391_d4e65eec62.jpg
107,http://farm1.static.flickr.com/54/129099616_6cef63b548.jpg
108,http://farm1.static.flickr.com/159/335316222_1f0ed27219.jpg
109,http://www.shakeapaw.net/images/Stock%20Photos/keeshond1604.jpg
110,http://farm2.static.flickr.com/1366/1414705102_356a45b227.jpg
111,http://farm1.static.flickr.com/17/20631772_4d810b1fe1.jpg
112,http://www.ralfs-hundelexikon.de/foto/spitz/wolfsspitz2.jpg
113,http://www.gotpetsonline.com/pictures-gallery/dog-pictures-breeders-puppies-rescue/keeshond-pictures-breeders-puppies-rescue/pictures-photos/keeshond-0018.jpg
114,http://keeshond.ru/keeshond-our.files/keeshond-kristina-2.jpg
115,http://www.sidyboysfoolin.com/halloweenkennelkeshonde77.jpg
116,http://farm2.static.flickr.com/1344/977124479_6fcc144c5f.jpg
117,http://www.catalina-inter.net/cari-on/images/5weeks4.jpg
118,http://farm1.static.flickr.com/203/495465823_4d048e144f.jpg
119,http://www.gotpetsonline.com/pictures-gallery/dog-pictures-breeders-puppies-rescue/keeshond-pictures-breeders-puppies-rescue/pictures/keeshond-0021.jpg
120,http://www.gotpetsonline.com/pictures-gallery/dog-pictures-breeders-puppies-rescue/keeshond-pictures-breeders-puppies-rescue/pictures-photos/keeshond-0017.jpg
121,http://www.gotdogsonline.com/keeshond-pictures-breeders-puppies-rescue/pictures/keeshond-0007.jpg
122,http://farm2.static.flickr.com/1041/1349436938_a76200038b.jpg
123,http://farm1.static.flickr.com/38/85067641_88490b6fb9.jpg
124,http://216.219.201.98/KeeshTheKeeshond1971.jpg
125,http://www.doggy.net/images-rassen(J)/grote_keeshond.jpg
126,http://www.donnakelliher.com/galleries/pet_portraits/digital_effects/keeshond_102302B_13_db.jpg
127,http://farm2.static.flickr.com/1395/1349403504_4a495f3d54.jpg
128,http://farm1.static.flickr.com/82/224301930_799d20711e.jpg
129,http://www.showdognet.com/kotka2004/51.jpg
130,http://www.gotpetsonline.com/pictures-gallery/dog-pictures-breeders-puppies-rescue/keeshond-pictures-breeders-puppies-rescue/pictures/keeshond-0009.jpg
131,http://farm1.static.flickr.com/73/224300599_eaf603c531.jpg
132,http://image34.webshots.com/34/8/65/36/265586536STOzdy_fs.jpg
133,http://www.marceloharo.com.ar/fotos/images/Keeshond-Shack_jpg.jpg
134,http://www.ssuk.se/ras_present/keeshond/kees.jpg
135,http://farm3.static.flickr.com/2361/1621549535_89d29f25ea.jpg
136,http://www.clingycanines.com/KeeshondChair.jpg
137,http://www.hund.ch/jpg/eurasier2.jpg
138,http://farm2.static.flickr.com/1345/1307692699_ed5332a89d.jpg
139,http://animal-world.com/encyclo/featured_pets/Dog_Cat/Kelly/CuteBabyKellycropped.jpg
140,http://static.flickr.com/152/353805949_c75afde7d6.jpg
141,http://www.gotpetsonline.com/pictures-gallery/dog-pictures-breeders-puppies-rescue/keeshond-pictures-breeders-puppies-rescue/pictures-photos/keeshond-0036.jpg
142,http://www.keestorpet.com/2dogs2.jpg
143,http://farm1.static.flickr.com/122/289785154_dbcea622e0.jpg
144,http://www.dotcomrecycling.com/dog/image/maki_gumby.jpg
145,http://farm1.static.flickr.com/77/225474886_6709e6a0b2.jpg
146,http://static.flickr.com/49/108160200_14e22a088c.jpg
147,http://farm1.static.flickr.com/3/3913083_ea8fafb644.jpg
148,http://www.xyberpet.com/toy%20dog%20album/keeshond.jpg
149,http://crps2.sata1.com/kuvat/2002Kni-pentupun.jpg
150,http://static.flickr.com/1074/1349615052_dfe3cd44e7.jpg
151,http://farm2.static.flickr.com/1137/1307694569_698fd027a1.jpg
152,http://www.anypet.us/Dogbreeds/keshound2.jpg
153,http://farm1.static.flickr.com/148/335754554_e922bb989f.jpg
154,http://www.butlercountykennelclub.com/images/merlin.jpg
155,http://static.flickr.com/57/158143389_5623057c95.jpg
156,http://www.caninecorral.com/images/KeeshondS.bmp
157,http://farm2.static.flickr.com/1040/584074585_08a5f45db6.jpg
158,http://farm1.static.flickr.com/11/14006769_1175e9f527.jpg
159,http://farm2.static.flickr.com/1350/751065684_6fe93199e1.jpg
160,http://www.halloweenkennel.com/keeshond_galeria_6ch.jpg
161,http://farm1.static.flickr.com/193/454494842_5bbd5116a9.jpg
162,http://www.gotpetsonline.com/pictures-gallery/dog-pictures-breeders-puppies-rescue/keeshond-pictures-breeders-puppies-rescue/pictures-photos/keeshond-0027.jpg
163,http://www.menandpets.com/cani/images/AlexBig.jpg
164,http://www.roling.com/images/KeeshaUpClose.gif
165,http://www.vipaws.com/Graphics/keeshond_bernie_dec04.jpg
166,http://farm2.static.flickr.com/1319/1106490104_b695301f52.jpg
167,http://farm1.static.flickr.com/131/360877987_ea98448d55.jpg
168,http://www.nynka.com/Chelsea_stack05.jpg
169,http://www.dogzonline.com.au/images/profiles/07/06/403_1430_sm.jpg
170,http://www.nzkc.org.nz/nds2007/images/group7105
171,http://farm2.static.flickr.com/1047/1308069033_04c433fd3c.jpg
172,http://www.gotpetsonline.com/pictures-gallery/dog-pictures-breeders-puppies-rescue/keeshond-pictures-breeders-puppies-rescue/pictures-photos/keeshond-0034.jpg
173,http://www.catbreedinfo.net/images15/KeeshondSadie11yearsold2.jpg
174,http://www.catbreedinformation.com/images/keeshondcat.jpg
175,http://static.flickr.com/92/257500894_2d401115c6.jpg
176,http://farm1.static.flickr.com/30/47980460_bb16d84b85.jpg
177,http://bp2.blogger.com/_9zuGnQ0QDDQ/RpKi5g7sXOI/AAAAAAAAAOk/nyVjPn9uwx4/s320/Sleepng+Puppy+with+Rocks.JPG
178,http://www.321dogs.com/pictures/keeshond_10.jpg
179,http://farm1.static.flickr.com/29/64452947_1f273b7f9e.jpg
180,http://www.nzkc.org.nz/nds2005/images/7109.jpg
181,http://www.gotdogsonline.com/keeshond-pictures-breeders-puppies-rescue/pictures/keeshond-0011.jpg
182,http://farm2.static.flickr.com/1319/869313531_bea6e49dc8.jpg
183,http://farm1.static.flickr.com/134/323636111_6fdd91452a.jpg
184,http://farm2.static.flickr.com/1080/1332856619_7ea806c8f8.jpg
185,http://www.hondenras.com/encyclopedie/foto/3554_Wolfsgrauwe_Keeshond.jpg
186,http://farm2.static.flickr.com/1431/1333672148_437b7f256e.jpg
187,http://static.flickr.com/222/492679426_b297efab27.jpg
188,http://www.home.zonnet.nl/betina/images/maxligklein.gif
189,http://www.canineagility.org/pages/spotlt/images/AnikaDeBkJmp-JTpwP200305-110.jpg
190,http://farm2.static.flickr.com/1050/751074866_64d8cf26bd.jpg
191,http://farm3.static.flickr.com/2333/2094017835_aa1180c1fa.jpg
192,http://farm1.static.flickr.com/84/239868201_9d8a9f82b3.jpg
193,http://www.puppyfind.com/breed/keeshond/s_415003.jpg
194,http://farm2.static.flickr.com/1025/584237615_e4c6d72db4.jpg
195,http://www.gotpetsonline.com/pictures-gallery/dog-pictures-breeders-puppies-rescue/keeshond-pictures-breeders-puppies-rescue/pictures/keeshond-0025.jpg
196,http://farm1.static.flickr.com/148/347212309_02886cd36e.jpg
197,http://www.keeshond.se/sve/v.galleri/images/5.jpg
198,http://static.flickr.com/1388/1315735554_d2b6ba0ef7.jpg
199,http://farm1.static.flickr.com/28/40189822_f7c445cae0.jpg
200,http://www.i-love-dogs.com/dog-breeds/images/Keeshond.jpg
201,http://advisingtools.class.umn.edu/crimson/dependancies/multimedia/b0997724901166f91e8d61c6f611c355.jpg
202,http://static.flickr.com/2114/1621542739_f44a7d6004.jpg
203,http://www.zollhauswelt.de/KEESHOND%20FC2006.jpg
204,http://www.armahani.com/Images/newsimages/News06_Us.jpg
205,http://www.puppypoopy.com/keeshond25.jpg
206,http://www.canineguardiansforlife.org/volume_6/2HeadedKeeshond.jpg
207,http://farm1.static.flickr.com/124/330594482_a5d702ec8d.jpg
208,http://www.marvistavet.com/assets/images/Keeshond.gif
209,http://farm2.static.flickr.com/1419/575498321_d0839bc3ab.jpg
210,http://animal.discovery.com/guides/dogs/selector/gallery/1520b.jpg
211,http://static.flickr.com/42/106586551_40af1b00a6.jpg
212,http://farm1.static.flickr.com/27/100429132_4b9141496d.jpg
213,http://farm1.static.flickr.com/136/360878216_41c2ec46f6.jpg
214,http://static.flickr.com/106/293969086_bf11daba98.jpg
215,http://farm1.static.flickr.com/190/490185783_186711dab0.jpg
216,http://farm1.static.flickr.com/82/235461489_f525146912.jpg
217,http://farm1.static.flickr.com/80/219909147_53f58ecfda.jpg
218,http://farm2.static.flickr.com/1243/584194087_0f9180fbf9.jpg
219,http://farm1.static.flickr.com/169/446585942_aa08c3ac5b.jpg
220,http://farm2.static.flickr.com/1336/1224928763_6159409c84.jpg
221,http://www.spicove.cz/img_o/kees17.jpg
222,http://farm3.static.flickr.com/2420/2126744595_d075358bdb.jpg
223,http://farm2.static.flickr.com/1298/1307691765_791dfa6ffb.jpg
224,http://www.huisdiereninfo.nl/content/keeshond/3.jpg
225,http://www.sobreperros.com/fotos/keeshond/medium/nUnhdlqR.jpg
226,http://farm1.static.flickr.com/60/189612893_151bdaa81c.jpg
227,http://www.heydogs.com/breeds/k/photos/Keeshond1.jpg
228,http://farm1.static.flickr.com/115/273046896_13e47c1f0e.jpg
229,http://www.petplanet.co.uk/petplanet/fun/postcards/breedpostcards/Dogs/keeshond.jpg
230,http://farm1.static.flickr.com/166/371555651_cfb0163680.jpg
231,http://www.clubmascotas.cl/db_images/razas/3562AA54FECA052D88EF4E733660942F.jpg
232,http://www.keeshond.nu/Foton/cleo.gif
233,http://farm2.static.flickr.com/1023/584174405_d023058685.jpg
234,http://keeshond.ru/keeshond-puppy-5.files/best-2.jpg
235,http://farm1.static.flickr.com/201/491628786_bae2c09d09.jpg
236,http://www.cari-on.org/Images/proud.jpg
237,http://farm1.static.flickr.com/122/289785130_d50c508d51.jpg
238,http://farm1.static.flickr.com/199/495465793_612783979c.jpg
239,http://farm1.static.flickr.com/48/116048657_ec18f22728.jpg
240,http://farm2.static.flickr.com/1219/584179301_2f667ecad9.jpg
241,http://farm2.static.flickr.com/1189/1393324321_95566e73a9.jpg
242,http://www.o-sobakah.ru/images/site/156.jpg
243,http://farm1.static.flickr.com/94/266370155_5637914777.jpg
244,http://static.flickr.com/2116/1838599094_365e32f639.jpg
245,http://static.flickr.com/218/475877449_d9912e56ea.jpg
246,http://www.vca.org.au/assets/keeshond.gif
247,http://static.flickr.com/38/105319256_9e3bb842e8.jpg
248,http://farm1.static.flickr.com/41/85067643_48cffe0ae7.jpg
249,http://static.flickr.com/36/95206924_b3ea18e764.jpg
250,http://www.wolfsspitz-keeshond-beryll.de/Gegenueberstellung/Wolf/Portraits/Faust06b.jpg
251,http://www.yourdogs.info/images/breeds/keeshond_300.jpg
252,http://image05.webshots.com/5/5/46/20/71454620gcNexI_fs.jpg
253,http://www.keeshond.com/gizmo.jpg
254,http://upload.wikimedia.org/wikipedia/commons/thumb/2/2a/Keeshond_001_U.jpg/800px-Keeshond_001_U.jpg
255,http://farm2.static.flickr.com/1337/751120702_208b408dcc.jpg
256,http://farm2.static.flickr.com/1180/750265923_bdbc172b9e.jpg
257,http://www.nycleverk9.com/photos/48598516AmSyVz_ph.jpg
258,http://www.redevet.com.br/rcaes/keeshond.jpg
259,http://static.flickr.com/1209/1159905007_433622490b.jpg
260,http://farm1.static.flickr.com/22/27495868_288300be49.jpg
261,http://www.pedigreedatabase.com/dogs/i/keeshond_thumb.jpg
262,http://farm1.static.flickr.com/77/196693570_68aa14af4e.jpg
263,http://static.flickr.com/113/293969019_6790f697a2.jpg
264,http://www.breedersonline.net/dogs/photos/Keeshond.jpg
265,http://puppydogweb.com/gallery/keeshonden/Keeshond_renee.jpg
266,http://farm1.static.flickr.com/41/87004998_d35b8a77d1.jpg
267,http://farm2.static.flickr.com/1093/861193575_5f940e948c.jpg
268,http://farm1.static.flickr.com/51/128076703_80da07b090.jpg
269,http://static.flickr.com/44/145089775_fac79b8199.jpg
270,http://www.dkimages.com/discover/previews/946/35004394.JPG
271,http://static.flickr.com/16/22115718_67176367d4.jpg
272,http://farm2.static.flickr.com/1184/751098252_a8c838a16c.jpg
273,http://www.pawsruskennel.com/img/photo-old-navy-riley.jpg
274,http://farm1.static.flickr.com/70/219909216_0d3d40c35a.jpg
275,http://www.rubykees.com/aylah3513.jpg
276,http://www1.istockphoto.com/file_thumbview_approve/1565435/2/istockphoto_1565435_female_keeshond_with_scarf_and_bone.jpg
277,http://farm1.static.flickr.com/245/520800947_b5963545bd.jpg
278,http://farm2.static.flickr.com/1231/575345018_f1a4287ca9.jpg
279,http://farm1.static.flickr.com/19/111230313_61b9d7cfc8.jpg
280,http://farm1.static.flickr.com/87/321856722_02c9f33655.jpg
281,http://farm1.static.flickr.com/76/243485327_6996ea81d2.jpg
282,http://www.petsads.com/photos/thumb190/arrigsgdiy.jpg
283,http://farm1.static.flickr.com/60/224300574_2f131c701b.jpg
284,http://www.petwe.com/article/thumb/200608/20060806125724684.jpg
285,http://farm1.static.flickr.com/64/196693031_58393ab463.jpg
286,http://farm2.static.flickr.com/1272/854755288_dd220a549b.jpg
287,http://www.kmdogart.com/AJhallsnowprofile.jpg
288,http://farm1.static.flickr.com/130/360878546_4479bd6b96.jpg
289,http://keeshond.ru/keeshond-cap.files/keeshond-cap-3.jpg
290,http://farm1.static.flickr.com/98/380357633_49a7c076a0.jpg
291,http://farm2.static.flickr.com/1419/1308579434_d4c2395119.jpg
292,http://www.pawfecto.com/sitebuilder/images/Suzi_Keeshond-163x131.jpg
293,http://farm1.static.flickr.com/43/85067644_990a54fc56.jpg
294,http://home.hetnet.nl/~bvpraag/Familiedag%2007_bestanden/image019.jpg
295,http://farm1.static.flickr.com/29/39503193_5582c962d7.jpg
296,http://static.flickr.com/19/109709684_e5e177dc35.jpg
297,http://www.dogsmalta.com/keeshond.JPG
298,http://farm1.static.flickr.com/37/79392087_5a77628c83.jpg
299,http://www.hondentrimsalonmonica.nl/bestanden/fotos/140/DSCN5479.JPG
300,http://farm1.static.flickr.com/130/371558143_707e43d958.jpg
301,http://www.mijnlievelingsdier.nl/honden/images_honden/keeshond/of-the-vally.jpg
302,http://farm2.static.flickr.com/1023/1428250910_9185b87d33.jpg
303,http://farm2.static.flickr.com/1301/870160810_29c87f9343.jpg
304,http://www.huisdiereninfo.nl/content/keeshond/4.jpg
305,http://vic.australis.com.au/flash/images/flash2.jpg
306,http://farm2.static.flickr.com/1150/854763852_b057d7b444.jpg
307,http://www.fred.net/astarz/images/i05_20_1.gif
308,http://www.gotpetsonline.com/pictures-gallery/dog-pictures-breeders-puppies-rescue/keeshond-pictures-breeders-puppies-rescue/pictures-photos/keeshond-0063.jpg
309,http://farm3.static.flickr.com/2204/2094791656_9ddefdbabe.jpg
310,http://farm2.static.flickr.com/1099/1469398623_419c6300b7.jpg
311,http://www.dogzonline.com.au/images/profiles/07/06/22324_1697_sm.jpg
312,http://static.flickr.com/1267/1348633165_d48c457015.jpg
313,http://farm1.static.flickr.com/24/64111415_cf8b93542a.jpg
314,http://www.gotpetsonline.com/pictures-gallery/dog-pictures-breeders-puppies-rescue/keeshond-pictures-breeders-puppies-rescue/pictures-photos/keeshond-0044.jpg
315,http://farm2.static.flickr.com/1057/853907949_5d22d8f385.jpg
316,http://farm1.static.flickr.com/196/463269394_fbac057802.jpg
317,http://farm1.static.flickr.com/84/224302018_319fa58cfd.jpg
318,http://farm1.static.flickr.com/227/495440524_eb3dd2c3c3.jpg
319,http://www.dogzonline.com.au/images/profiles/07/08/23320_1076_sm.jpg
320,http://image38.webshots.com/39/8/99/84/2899899840060634829RtBjjZ_fs.jpg
321,http://sweb.cz/assil/galerie/kees2.jpg
322,http://farm3.static.flickr.com/2070/1681635927_23ff9aa88c.jpg
323,http://www.geocities.com/keeshond_club_of_sa/01RIS_large.jpg
324,http://www.mijnlievelingsdier.nl/honden/images_honden/keeshond/org.jpg
325,http://static.flickr.com/1175/1348346863_b3d18c2f04.jpg
326,http://www.caninecasual.com/nlca/images/Wooly.jpg
327,http://farm2.static.flickr.com/1061/750228287_93ae398034.jpg
328,http://farm1.static.flickr.com/161/378987549_4bf83504b9.jpg
329,http://farm2.static.flickr.com/1059/1349606348_6211b61c70.jpg
330,http://image22.webshots.com/22/0/18/4/206301804qvaSrh_fs.jpg
331,http://farm1.static.flickr.com/127/360877741_a3f79f940e.jpg
332,http://keeshond.ru/keeshond-bona.files/keeshond-bona-2.jpg
333,http://farm1.static.flickr.com/190/491648293_d084868f40.jpg
334,http://www.hondenras.com/encyclopedie/W/Wolfsgrauwe_Keeshond/foto.jpg
335,http://forum.ptichka.ru/i/keeshond.jpg
336,http://farm2.static.flickr.com/1430/584072415_4720e8d7d9.jpg
337,http://www.keeshondwales.co.uk/images/Clipart/keeshondart/keeshondart3comp.jpg
338,http://www.gotpetsonline.com/pictures-gallery/dog-pictures-breeders-puppies-rescue/keeshond-pictures-breeders-puppies-rescue/pictures/keeshond-0042.jpg
339,http://farm1.static.flickr.com/50/132571377_de676bf740.jpg
340,http://farm2.static.flickr.com/1031/1332838873_28e2909cbb.jpg
341,http://www.canuckdogs.com/prairies/images/CathyCinnamon-Keeshond.jpg
342,http://farm2.static.flickr.com/1288/1057224955_8c6a79013d.jpg
343,http://puppylocator.com/uploads/images/1156605177Keeshond.jpg
344,http://farm1.static.flickr.com/88/257500898_ba65fe81d8.jpg
345,http://pets-kojima.com/zukan/dog/dog_details/images/keeshond.jpg
346,http://www.gotdogsonline.com/keeshond-pictures-breeders-puppies-rescue/pictures/keeshond-0035.jpg
347,http://farm2.static.flickr.com/1011/870160044_d1f5da8a73.jpg
348,http://sweb.cz/assil/galerie/kees3.jpg
349,http://www.gotpetsonline.com/pictures-gallery/dog-pictures-breeders-puppies-rescue/keeshond-pictures-breeders-puppies-rescue/pictures/keeshond-0045.jpg
350,http://farm1.static.flickr.com/184/442906845_72028a0337.jpg
351,http://www.connect.ab.ca/~cinnakees/Puppy.jpg
352,http://www.paulchoward.com/pb/images/img11397470c5bcaeec38.jpg
353,http://www.hik.hu/tankonyvtar/site/books/b10023/images/00705.gif
354,http://www.freewebs.com/reglehound/Keeshond%20Giclee%20Print%2013x16.jpg
355,http://www.lewiscaycedo.com/images/2002/20020124Kyra/Kyra20011211.jpg
356,http://farm1.static.flickr.com/49/128178417_73fa4d2b1d.jpg
357,http://files.dogster.com/images/dogster/breeds/keeshond.jpg
358,http://static.flickr.com/114/293970044_6b9985893e.jpg
359,http://farm1.static.flickr.com/254/520770036_d59cbc7b5f.jpg
360,http://www.deutsche-spitze.de/assets/images/Wolfsspitz-1.jpg
361,http://www.planet-pets.com/germwspt.jpg
362,http://www.juvomi.de/hunde/bilder/m/WOLFS02M.jpg
363,http://www.joycefay.com/memorials/images/keiko.jpg
364,http://www.arctickees.com/Aimee%20valp%20klippet%20snudd.jpg
365,http://farm1.static.flickr.com/57/197730497_f85b33f4cb.jpg
366,http://centrecountypaws.org/images/Dogs/2005/Shadow071005_tn.jpg
367,http://farm1.static.flickr.com/50/108160085_e874e9ff76.jpg
368,http://static.flickr.com/41/77481982_ba0babe708.jpg
369,http://www.fred.net/astarz/mnr/images/pup_teenager2.jpg
370,http://farm2.static.flickr.com/1366/854772286_b4b6f024a7.jpg
371,http://farm1.static.flickr.com/101/261864333_630ce4847e.jpg
372,http://static.flickr.com/30/38454411_1ee0a3e1b3.jpg
373,http://www.spitz-loup.com/nos_chiens/well_pedigree/1stormy.jpg
374,http://www.spitz-loup.com/nos_chiens/photos/rapprochements.jpg
375,http://static.flickr.com/13/17637909_a339cf9efe.jpg
376,http://farm2.static.flickr.com/1381/1469397245_b58eef16a0.jpg
377,http://static.flickr.com/43/102105681_69b85e905e.jpg
378,http://farm2.static.flickr.com/1160/1307693455_f805f40264.jpg
379,http://farm1.static.flickr.com/30/102105683_09acde2067.jpg
380,http://farm2.static.flickr.com/1440/1332837249_c5a4a98dc9.jpg
381,http://www.dogtron.com/dog/img/keeshond-s.jpg
382,http://www.geocities.com/keeshond_club_of_sa/01BIS_large.jpg
383,http://farm1.static.flickr.com/56/145089774_cc255e27a3.jpg
384,http://www.12dog.com/blog/tang/13/upload/200510199097.png
385,http://www.evcilkopekler.com/fotolar/1113623500keeshond_8.jpg
386,http://static.flickr.com/52/132571373_898ede3cc9.jpg
387,http://farm1.static.flickr.com/9/85207758_fa5420f57c.jpg
388,http://www.gotpetsonline.com/pictures-gallery/dog-pictures-breeders-puppies-rescue/keeshond-pictures-breeders-puppies-rescue/pictures-photos/keeshond-0056.jpg
389,http://www.mollyjones.com/kbreeds/kbreed%20pics/keeshond.jpg
390,http://farm1.static.flickr.com/135/323636134_28ceba6e4d.jpg
391,http://farm2.static.flickr.com/1384/870134202_9f0a06d5a7.jpg
392,http://www.dogbreedinfo.org/images/Keeshondsadiestand.jpg
393,http://farm2.static.flickr.com/1083/1349352624_6ee3af1332.jpg
394,http://www.uusikaupunki.fi/~raka/img/toko_sm/tsm_lola2.jpg
395,http://farm1.static.flickr.com/90/257500907_aab403a755.jpg
396,http://www.inseparabile.com/cani/images/SonnyBig.jpg
397,http://www.dogzonline.com.au/images/profiles/07/06/22323_444_sm.jpg
398,http://farm1.static.flickr.com/111/293969745_e1eec37e87.jpg
399,http://www.keesbrook.ca/National2005k.jpg
400,http://freepages.genealogy.rootsweb.com/~chrisu/images/deutscher-spitz-wolfspitz_2.jpg
401,http://farm2.static.flickr.com/1424/584112811_d47407a049.jpg
402,http://www.4mdogbooks.com/images/product_images/ch-216.jpg
403,http://farm1.static.flickr.com/117/278060108_b2fdc38dea.jpg
404,http://www.pisa2000.it/cinofilia/images/compagnia/keeshond.gif
405,http://farm1.static.flickr.com/211/492697177_8703feb61f.jpg
406,http://farm2.static.flickr.com/1058/1227687294_61580fb26b.jpg
407,http://farm1.static.flickr.com/136/318251124_71f26ef3ae.jpg
408,http://farm1.static.flickr.com/80/224300625_9dcc6309c6.jpg
409,http://image57.webshots.com/457/3/91/24/2906391240060634829aSYTlq_fs.jpg
410,http://www.keeshond-genri.narod.ru/images/scaz_5.jpg
411,http://farm2.static.flickr.com/1007/1197045966_ee8041ccdb.jpg
412,http://farm3.static.flickr.com/2321/1852436989_ae73d92f02.jpg
413,http://www.scenicreflections.com/ithumbs/pedigree-dogs-03.jpg
414,http://www.hondenrassen.info/images/keeshond-dwerg3.jpg
415,http://farm1.static.flickr.com/91/257509615_d541321403.jpg
416,http://static.flickr.com/140/335314814_9a5f5765fb.jpg
417,http://www.calendars.com/images/066/6613/200700001122_hs.jpg
418,http://farm3.static.flickr.com/2373/2172506836_169405d1d6.jpg
419,http://static.flickr.com/120/293839883_aba2847336.jpg
420,http://farm3.static.flickr.com/2369/1910138357_2b8d62ccca.jpg
421,http://static.flickr.com/2169/2099312875_b1fa0cb3c9.jpg
422,http://thumb16.webshots.net/t/57/457/8/6/16/2170806160100609216vaKXbo_th.jpg
423,http://farm2.static.flickr.com/1075/1325339769_9a97ad1ed4.jpg
424,http://www.dszgejo.be/images/dieren/honden_grijzekeeshond_01.jpg
425,http://www.zvezdnykapriz.narod.ru/keeshond/112.jpg
426,http://static.flickr.com/21/29021376_910b40f2fe.jpg
427,http://farm1.static.flickr.com/108/308202921_33955ec1d5.jpg
428,http://www.catbreedinformation.com/images/keeshondsadiebark.jpg
429,http://www.dognews.com/pedigreegallery/2003/nonsporting/images/Keeshond.jpg
430,http://www.spitz-club.ch/images/foto_wolfspitz.jpg
431,http://farm1.static.flickr.com/37/87005003_93e5cf1acb.jpg
432,http://farm2.static.flickr.com/1317/1333671718_cfa9714bec.jpg
433,http://www.dogsindepth.com/nonsporting_dog_breeds/images/keeshond_h03.jpg
434,http://farm2.static.flickr.com/1117/869312003_3daa1c3f5a.jpg
435,http://farm1.static.flickr.com/138/360878803_a81a4bc61f.jpg
436,http://farm1.static.flickr.com/148/347288488_d70ff25878.jpg
437,http://farm2.static.flickr.com/1110/575500613_759c4e5f73.jpg
438,http://puppydogweb.com/gallery/keeshonden/keeshond_simpson2.jpg
439,http://farm2.static.flickr.com/1229/1308969064_3d03c4cd66.jpg
440,http://farm2.static.flickr.com/1180/750228767_170f7a4616.jpg
441,http://farm1.static.flickr.com/187/380349764_53b5e11519.jpg
442,http://farm1.static.flickr.com/99/293969506_4a11785c04.jpg
443,http://farm2.static.flickr.com/1066/1413824023_b15c2bcf52.jpg
444,http://www.petfriends.com.br/enciclopedia/images/Caes/Keeshond3.jpg
445,http://farm1.static.flickr.com/121/294528922_639774e270.jpg
446,http://farm2.static.flickr.com/1409/584064553_2e2f1905c1.jpg
447,http://static.flickr.com/10/16847452_3d2e977af0.jpg
448,http://farm1.static.flickr.com/77/190143128_981dbf0476.jpg
449,http://farm2.static.flickr.com/1269/1325341225_25894058b6.jpg
450,http://farm2.static.flickr.com/1088/869312113_240385eafa.jpg
451,http://www.puppydogweb.com/gallery/keeshonden/keeshond_shinofield.jpg
452,http://farm3.static.flickr.com/2013/2112110330_64e0471c46.jpg
453,http://www.gotdogsonline.com/keeshond-pictures-breeders-puppies-rescue/pictures/keeshond-0001.jpg
454,http://farm2.static.flickr.com/1117/1332835557_32dfabf257.jpg
455,http://www.dogzonline.com.au/images/profiles/62/13844_689_sm.jpg
456,http://www.catalina-inter.net/Cari-On/Images/katie.jpg
457,http://farm1.static.flickr.com/100/308202924_bbc611d8a9.jpg
458,http://image60.webshots.com/460/4/94/43/2107494430060634829RTCvCd_ph.jpg
459,http://www.gotpetsonline.com/pictures-gallery/dog-pictures-breeders-puppies-rescue/keeshond-pictures-breeders-puppies-rescue/pictures-photos/keeshond-0028.jpg
460,http://farm1.static.flickr.com/35/69371803_5e3f8f78bb.jpg
461,http://thumb18.webshots.net/s/thumb3/7/13/5/139571305SaHubP_th.jpg
462,http://www.nappet.se/images/118757/large.jpg
463,http://www.hund.ch/fotos/fwolfspitz1.jpg
464,http://farm1.static.flickr.com/117/294528925_96de6e121d.jpg
465,http://www.rochesterknitting.org/images/BetsyAurnou%26Theo.JPG
466,http://www.dierenplanet.nl/images/kees1.jpg
467,http://farm1.static.flickr.com/97/225469529_f9e2dfc722.jpg
468,http://www.touchamemory.com/set_aimals/kees_icon.jpg
469,http://southloopdogpac.org/gallery/individuals/wrigley/images/wrigley1.jpg
470,http://www.lovemypet.com.au/images/150_head_picture.gif
471,http://farm2.static.flickr.com/1009/584129329_b459d2df4d.jpg
472,http://farm1.static.flickr.com/79/271531400_87fa245028.jpg
473,http://farm1.static.flickr.com/69/225475391_a5e716aa04.jpg
474,http://www.danseavecleschiens.com/races-spitz/photo/eurasie/spitz-loup/spitz-loup_Canelle_200.jpg
475,http://farm2.static.flickr.com/1044/561413393_ca4e9891eb.jpg
476,http://farm2.static.flickr.com/1083/584578616_b5f90799d1.jpg
477,http://image28.webshots.com/29/7/31/83/275473183uKiNvK_fs.jpg
478,http://farm2.static.flickr.com/1399/1326219910_07c769a5dc.jpg
479,http://farm1.static.flickr.com/253/454516568_52f7e09440.jpg
480,http://farm2.static.flickr.com/1168/862065710_b89bf70254.jpg
481,http://farm2.static.flickr.com/1199/1430679680_b0aba14ac2.jpg
482,http://farm2.static.flickr.com/1172/1308488467_29b8dfbf93.jpg
483,http://static.flickr.com/101/288359708_e47110467d.jpg
484,http://image30.webshots.com/466/9/89/52/2037989520060634829wKETAW_ph.jpg
485,http://farm2.static.flickr.com/1009/750253927_90e7a02b88.jpg
486,http://farm2.static.flickr.com/1287/881145487_5985c5ae7a.jpg
487,http://www.dogzonline.com.au/images/profiles/61/12827_651.jpg
488,http://www.ssuk.se/ras_galleri/keeshond/theo_buske.jpg
489,http://static.flickr.com/41/85067643_48cffe0ae7.jpg
490,http://puppydogweb.com/gallery/keeshonden/keeshond_abraham.jpg
491,http://www.puppylove.com.sg/images/bernie_thumb.jpg
492,http://www.dogzonline.com.au/images/profiles/62/13847_157_sm.jpg
493,http://farm2.static.flickr.com/1102/1349468040_5b1dd938f4.jpg
494,http://www.dooziedog.com/dog_breeds/images/thumbs/tn_Keeshond.jpg
495,http://farm1.static.flickr.com/101/289785145_9872d00051.jpg
496,http://www.millercountrydogs.com/images/flags/flag_keeshond_tb6427.jpg
497,http://static.flickr.com/135/360878330_e7f6e44e6d.jpg
498,http://farm2.static.flickr.com/1003/1349416898_c69d5dcf08.jpg
499,http://static.flickr.com/102/293968900_a214846726.jpg
500,http://farm1.static.flickr.com/81/224301969_8f5abfe0da.jpg
501,http://farm3.static.flickr.com/2347/2172506840_a3664a8cb7.jpg
502,http://farm3.static.flickr.com/2264/2094796090_d72f4a0289.jpg
503,http://keeshond.no/Egne_Keeser/images/nike/54.jpg
504,http://farm2.static.flickr.com/1338/869313665_82f504c13d.jpg
505,http://farm2.static.flickr.com/1124/751089906_7d4d753690.jpg
506,http://farm1.static.flickr.com/7/12342668_84592f3107.jpg
507,http://www.winfreeenglishcockers.com/Christmas-2003-8.jpg
508,http://farm1.static.flickr.com/40/85207754_29a85914e5.jpg
509,http://farm1.static.flickr.com/46/256606726_1b73de2d41.jpg
510,http://farm1.static.flickr.com/106/293839854_408dcbaa8e.jpg
511,http://www.revistacanina.com/images/raza/keeshondficha.jpg
512,http://static.flickr.com/136/402613469_65f0b3e824.jpg
513,http://farm3.static.flickr.com/2367/1881822599_74d11e19cd.jpg
514,http://farm2.static.flickr.com/1296/750261589_99992d6de1.jpg
515,http://static.flickr.com/108/293970198_2749a22cc8.jpg
516,http://farm1.static.flickr.com/94/242666968_4991843443.jpg
517,http://static.flickr.com/114/308202925_d54c8b653e.jpg
518,http://www.the-counted-cross-stitch-store.com/catalog/keeshond.jpg
519,http://farm2.static.flickr.com/1015/1307937811_f63a1e6fdc.jpg
520,http://www.dogsorts.com/pics/topcell/keeshond1.jpg
521,http://farm3.static.flickr.com/2411/1830491567_b8c9d49e86.jpg
522,http://thumb16.webshots.net/s/thumb1/1/10/65/73911065ilHkWf_th.jpg
523,http://farm2.static.flickr.com/1331/1315008200_6bcfe9693b.jpg
524,http://www.pedigree.co.nz/breeds/images/keeshond_02.jpg
525,http://farm3.static.flickr.com/2013/1540815296_342887c01b.jpg
526,http://www.spitz-loup.com/nos_chiens/well_cotation/toulouse_2006.jpg
527,http://www.deutsche-spitze.de/assets/images/Wolfsspitz-baum.jpg
528,http://www.cabalcaninecandids.com/assets/images/7keeshr.jpg
529,http://farm2.static.flickr.com/1349/584596552_8b3d63cdcf.jpg
530,http://farm1.static.flickr.com/102/293968900_a214846726.jpg
531,http://farm1.static.flickr.com/83/219917653_e40bce6157.jpg
532,http://abnormality.purpleflowers.net/crufts/2005/saturday/keeshond.jpg
533,http://aboutdog.blogchina.com/aboutdog/inc/Keeshond2.jpg
534,http://www.hondenpage.com/foto/honden/308.jpg
535,http://www.keeshond-dogs.com/pictures-images-photos/keeshonds-dogs-07.jpg
536,http://farm1.static.flickr.com/63/225470222_88414c54fc.jpg
537,http://farm1.static.flickr.com/90/271531385_6aa3cedf14.jpg
538,http://www.juvomi.de/hunde/bilder/m/KEESH01M.jpg
539,http://farm1.static.flickr.com/78/196691562_b8c5f905d5.jpg
540,http://thumb9.webshots.net/t/24/565/4/91/32/2210491320060634829MpzfRE_th.jpg
541,http://image05.webshots.com/5/7/7/37/71470737UyMMAc_fs.jpg
542,http://farm1.static.flickr.com/121/282988921_aba60ce579.jpg
543,http://www.sandyman.fi/doghouse/minunkoirani/keeshond/toto.jpg
544,http://farm2.static.flickr.com/1197/1188387500_6d33925839.jpg
545,http://www.pet-portraitartist.com/all-about-dogs/dogbreeds/breed-pics/Keeshond.jpg
546,http://farm1.static.flickr.com/6/85207755_983e185454.jpg
547,http://www.spitz-loup.com/nos_chiens/well_pedigree/ready1.jpg
548,http://www.kezenhoeveke.be/Foto19.jpg
549,http://www.dog-breeds.name/pictures/keeshond/keeshond-4.jpg
550,http://static.flickr.com/115/294535241_f7a372f8f1.jpg
551,http://www.dogzonline.com.au/images/profiles/64/14755_487.jpg
552,http://farm3.static.flickr.com/2240/2127516084_49487ce3c2.jpg
553,http://static.flickr.com/21/27362079_4a9dc6a04b.jpg
554,http://farm2.static.flickr.com/1097/584529842_52aa25ffcf.jpg
555,http://farm1.static.flickr.com/126/360880605_d636cde8ce.jpg
556,http://farm1.static.flickr.com/118/271531375_03056d60d8.jpg
557,http://thumb9.webshots.net/t/62/462/1/23/8/2906123080060634829iZiyWM_th.jpg
558,http://farm1.static.flickr.com/5/8498220_162a664142.jpg
559,http://farm1.static.flickr.com/154/369040908_c227d63be7.jpg
560,http://www.keeshond.se/images/tikar/11.kiwi.jpg
561,http://www.crossover.net/sassy.jpg
562,http://www.pups4sale.co.nz/keeshond_01_puppies_for_sale.jpg
563,http://farm3.static.flickr.com/2326/1881822625_e314fa052d.jpg
564,http://farm2.static.flickr.com/1426/1226787643_156ae047b8.jpg
565,http://www.emmonspanish.com/05-06/spanish4/espanol-cundiff/Keeshond.jpg
566,http://www.markrobinett.com/assets/angel_1.jpg
567,http://www.zoospravka.ru/Dog/keeshond.jpg
568,http://farm2.static.flickr.com/1067/560994844_f3c7e74edd.jpg
569,http://static.flickr.com/66/208326888_dfbd29b0e1.jpg
570,http://farm2.static.flickr.com/1349/1349592114_8ca2cb59c1.jpg
571,http://farm1.static.flickr.com/233/446591216_ea860ce363.jpg
572,http://farm2.static.flickr.com/1098/584556794_4d6fa55986.jpg
573,http://static.flickr.com/1344/1315498928_d88eef84c9.jpg
574,http://farm2.static.flickr.com/1191/1349458602_67fd96be9a.jpg
575,http://www.dogfordbarks.ca/images/ourtail.JPG
576,http://www.spitz-loup.com/nos_chiens/well_pedigree/salty2.jpg
577,http://static.flickr.com/70/219909216_0d3d40c35a.jpg
578,http://static.flickr.com/227/495476101_5c30b18fe2.jpg
579,http://static.flickr.com/85/225480040_9f925eb083.jpg
580,http://farm1.static.flickr.com/68/190143325_416bf43dab.jpg
581,http://www.nextdaypets.com/ListingImages/t_f5e01afb-da013.jpg
582,http://farm1.static.flickr.com/80/280780329_2ebd7593f1.jpg
583,http://farm1.static.flickr.com/179/390599148_4579a4899b.jpg
584,http://farm1.static.flickr.com/46/190335432_dbbc4b8596.jpg
585,http://farm2.static.flickr.com/1370/751094144_d12846b0a1.jpg
586,http://www.wellbredpets.com/tempimages/PIC00000003469-0003_thumb.jpg
587,http://www.dkimages.com/discover/previews/795/50022441.JPG
588,http://www.wrinkydinks.com/yahoo/bstbreed/keeshound.jpg
589,http://static.flickr.com/100/294541454_3145cefc1e.jpg
590,http://image34.webshots.com/35/3/95/29/286339529EEitmL_fs.jpg
591,http://www.gotdogsonline.com/keeshond-pictures-breeders-puppies-rescue/pictures/keeshond-0002.jpg
592,http://farm2.static.flickr.com/1307/1348550161_6b7477e411.jpg
593,http://farm1.static.flickr.com/106/310430173_d993851344.jpg
594,http://farm1.static.flickr.com/32/36330122_d9b6aa7893.jpg
595,http://farm1.static.flickr.com/107/293969355_bbe3919e8a.jpg
596,http://farm2.static.flickr.com/1375/751123200_2ae77b5c31.jpg
597,http://www.keeshond.ru/english/keeshond-our.files/keeshond-amika.jpg
598,http://farm2.static.flickr.com/1259/590755438_59bcc27081.jpg
599,http://farm3.static.flickr.com/2082/1580498657_9458450108.jpg
600,http://pages.prodigy.net/rmhermen/miep4.jpg
601,http://farm1.static.flickr.com/182/445370844_6cfcbdb746.jpg
602,http://www.petnet.com.au/dogs/doggif/D149.jpg
603,http://www.catbreedinformation.com/images/keeshondface.jpg
604,http://www.gotdogsonline.com/keeshond-pictures-breeders-puppies-rescue/pictures/keeshond-0030.jpg
605,http://farm1.static.flickr.com/206/495475977_a9360bc690.jpg
606,http://www.catalina-inter.net/Cari-On/images/simon_3.jpg
607,http://farm1.static.flickr.com/110/284182278_f4440de04b.jpg
608,http://farm1.static.flickr.com/63/190315521_e32a47c041.jpg
609,http://home.hetnet.nl/~hansio2810/index_bestanden/image5331.jpg
610,http://farm1.static.flickr.com/9/85067640_425b6a0644.jpg
611,http://img.2dehands.be/f/view/24152943-dekreu-kleine-keeshond.jpg
612,http://farm3.static.flickr.com/2068/2094019401_5f8ce0f071.jpg
613,http://farm2.static.flickr.com/1049/751138096_a719f9f363.jpg
614,http://thumb6.webshots.net/s/thumb2/8/25/26/218182526XucTFk_th.jpg
615,http://farm2.static.flickr.com/1300/1227619336_060f526c5c.jpg
616,http://www.gotpetsonline.com/pictures-gallery/dog-pictures-breeders-puppies-rescue/keeshond-pictures-breeders-puppies-rescue/pictures-photos/keeshond-0008.jpg
617,http://www.dogbreedinfo.com/images15/KeeshondSadie11yearsold1.jpg
618,http://farm3.static.flickr.com/2250/2094020965_2fd9fc88b6.jpg
619,http://farm1.static.flickr.com/102/264631976_ee18dee0e1.jpg
620,http://www.keeshondenforum.nl/styles/magenta/imageset/site_logo.gif
621,http://www.kristalas.us/gallery/files/quick.jpg
622,http://www.kimito.fi/kennelklubb/utstallningsbilder/steffiulvila.gif
623,http://farm2.static.flickr.com/1288/1331341033_b13f2d1854.jpg
624,http://static.flickr.com/228/492697223_599453e5b4.jpg
625,http://farm2.static.flickr.com/1400/584596084_94fece0a58.jpg
626,http://farm1.static.flickr.com/247/454494864_5b095399da.jpg
627,http://farm2.static.flickr.com/1229/750263849_d8237cd304.jpg
628,http://farm3.static.flickr.com/2272/2094789842_9d5a40f01b.jpg
629,http://farm2.static.flickr.com/1131/750254335_84f08d5181.jpg
630,http://www.free-dogs-info.com/keeshond.jpg
631,http://farm2.static.flickr.com/1437/584493122_deaa3d4d34.jpg
632,http://www.keeshondrescue.org/images/shond2.jpg
633,http://farm2.static.flickr.com/1296/1057219765_aec7fd4af1.jpg
634,http://www.puppypoopy.com/keeshond4.jpg
635,http://server.hund.ch/fotos/fwolfspitz8.jpg
636,http://farm1.static.flickr.com/130/318251074_c335837883.jpg
637,http://static.flickr.com/25/102105684_df3358dc12.jpg
638,http://www.keeshond.ru/keeshond-best.files/keeshond-best-2.jpg
639,http://farm2.static.flickr.com/1327/584545822_6139e5e521.jpg
640,http://upload.wikimedia.org/wikipedia/commons/thumb/8/89/Keeshond_003_U.jpg/87px-Keeshond_003_U.jpg
641,http://farm2.static.flickr.com/1081/575504535_abc6c289f8.jpg
642,http://farm2.static.flickr.com/1227/1057228769_d7f094048a.jpg
643,http://www.spicove.cz/img_o/kees12.jpg
644,http://www.nochebahiense.com/fotos/DA-keeshond.jpg
645,http://www.wolfsspitz-keeshond-beryll.de/Gegenueberstellung/Kees/Portraits/melody-charter-dpc-s6n.jpg
646,http://bkk.vovve.net/4xronneby/resultat/bilder/040731_g5_big3.jpg
647,http://farm2.static.flickr.com/1419/1325335413_a86e20c36b.jpg
648,http://farm2.static.flickr.com/1356/1348465609_c6d1543ec9.jpg
649,http://farm2.static.flickr.com/1116/977971968_deae54a2da.jpg
650,http://farm1.static.flickr.com/131/382157511_b17bd09a8d.jpg
651,http://www.hunde-in-bielefeld.de/img/zucht_wolfsspitz.jpg
652,http://farm2.static.flickr.com/1203/854729596_d229e990b1.jpg
653,http://www.ogdog.net/breed_img/sm_keeshond.jpg
654,http://farm2.static.flickr.com/1318/867833416_a3e59c4c0b.jpg
655,http://library.thinkquest.org/CR0211900/dog_dictionary/keeshound.jpg
656,http://farm1.static.flickr.com/30/61578654_6181f94a5d.jpg
657,http://farm2.static.flickr.com/1298/1325332273_afb73b3c28.jpg
658,http://static.flickr.com/46/190143210_af8ebc4164.jpg
659,http://www.lechien.ch/images/races/photos/grandes/spitz_loup.jpg
660,http://farm1.static.flickr.com/142/330594320_6144547cc2.jpg
661,http://farm1.static.flickr.com/86/224301952_ce12cf2f5c.jpg
662,http://static.flickr.com/111/257500885_da6960c48c.jpg
663,http://farm1.static.flickr.com/44/128076624_7759be5ea6.jpg
664,http://farm1.static.flickr.com/144/325503757_84c910aa9d.jpg
665,http://farm1.static.flickr.com/4/9033682_9c290491bc.jpg
666,http://www.perrosdelaargentina.com.ar/imagth/keeshond02-047.JPG
667,http://www.veryhappening.com/images/things/small/468.jpg
668,http://farm2.static.flickr.com/1024/584176327_18cba5fd70.jpg
669,http://farm1.static.flickr.com/8/12342700_726778e977.jpg
670,http://farm1.static.flickr.com/83/239868296_799af0e02c.jpg
671,http://farm3.static.flickr.com/2377/2054522228_329ad75e93.jpg
672,http://www.gotdogsonline.com/keeshond-pictures-breeders-puppies-rescue/pictures/keeshond-0031.jpg
673,http://farm2.static.flickr.com/1162/751085596_e5d4acd224.jpg
674,http://farm1.static.flickr.com/142/330594349_294e49dcbc.jpg
675,http://www.websurfin.com/keeshound/l_247083.jpg
676,http://farm1.static.flickr.com/53/339768259_89aa9b8aa7.jpg
677,http://www.petfriends.com.br/enciclopedia/images/Caes/Keeshond%209.jpg
678,http://www.hoflin.com/images/image1134.gif
679,http://www.dog-breeds.name/pictures/keeshond/keeshond-5.jpg
680,http://www.keeshond.org.nz/dogimages/lucifer3.jpg
681,http://farm2.static.flickr.com/1104/1332768569_7b51382751.jpg
682,http://farm3.static.flickr.com/2101/2094019935_da1b2e8853.jpg
683,http://farm1.static.flickr.com/69/190143235_4f026390ca.jpg
684,http://farm1.static.flickr.com/68/196692845_9c43e09433.jpg
685,http://www.spitz-loup.com/nos_chiens/photos/02_15j.jpg
686,http://www.keeshondwales.co.uk/images/Photos/kennypuppy/kennypupthumb8.jpg
687,http://www.hondenras.com/encyclopedie/foto/6_Wolfsgrauwe_Keeshond.jpg
688,http://www.puppytodog.com/images/dog_category/non-sporting/keeshond_sporting.jpg
689,http://www.gotpetsonline.com/pictures-gallery/dog-pictures-breeders-puppies-rescue/keeshond-pictures-breeders-puppies-rescue/pictures-photos/keeshond-0032.jpg
690,http://petsfact.com/images/Keeshond%201.jpg
691,http://www.wolfsspitz-keeshond-beryll.de/Gegenueberstellung/Kees/olykees-olympia-mpc-s6.jpg
692,http://www.bexley.k12.oh.us/summer/sophie/keeshond.jpg
693,http://farm2.static.flickr.com/1373/1326215882_20ee6f84c3.jpg
694,http://farm1.static.flickr.com/52/145089773_98f81274c1.jpg
695,http://static.flickr.com/34/106586888_aeb19ec0b0.jpg
696,http://www.grandane.com/NS.Kennels/keeshond.jpg
697,http://farm2.static.flickr.com/1021/1356667602_003c9abac2.jpg
698,http://static.flickr.com/1197/1388062400_8ebc01c0db.jpg
699,http://www.spitz-loup.com/spitz_loup/presentation/t_lunettes.jpg
700,http://www.vipaws.com/Graphics/keeshond_bernie_080505.JPG
701,http://farm2.static.flickr.com/1435/1333669478_77d346e78b.jpg
702,http://users.telenet.be/wolfspitz/dayko_en_domi_in_de_tuin_bij_greta_mooi_2.JPG
703,http://www.petsonthenet.co.nz/images/bidkeeshondkeesha1.jpg
704,http://farm3.static.flickr.com/2176/2094785720_f860e88565.jpg
705,http://www.clingycanines.com/KeeshondDeckFlowers.jpg
706,http://farm2.static.flickr.com/1145/750256685_45036fa8c7.jpg
707,http://farm2.static.flickr.com/1229/1354152996_a9638158b4.jpg
708,http://farm1.static.flickr.com/142/382157948_5c11b88fd5.jpg
709,http://www.wolfsspitzevomdahlemshof.de/Kamerakind/DollyHaskamp.jpg
710,http://farm2.static.flickr.com/1278/1353272131_622b1c4184.jpg
711,http://farm1.static.flickr.com/119/294528932_822a8562c9.jpg
712,http://farm2.static.flickr.com/1304/1314652453_c78be6db6b.jpg
713,http://farm1.static.flickr.com/122/293969174_35875f50de.jpg
714,http://www.thekeeshond.com/img67.gif
715,http://farm2.static.flickr.com/1043/751146520_41a2aa2593.jpg
716,http://thumb9.webshots.net/t/55/455/9/63/12/2579963120060634829dKexYA_th.jpg
717,http://www.spitz-loup.com/spitz_loup/photos/jeux_de_spitz/diapo4_normal.jpg
718,http://www.gotpetsonline.com/pictures-gallery/dog-pictures-breeders-puppies-rescue/keeshond-pictures-breeders-puppies-rescue/pictures/keeshond-0022.jpg
719,http://static.flickr.com/2367/1881822599_74d11e19cd.jpg
720,http://www.nzkc.org.nz/nds2006/images/7136.jpg
721,http://keeshond.ru/keeshond-bona.files/keeshond-bona-4.jpg
722,http://www.rysup.com/keesimages/Mitch_baby.jpg
723,http://farm2.static.flickr.com/1360/1333745552_b5f54579bf.jpg
724,http://www.pawsruskennel.com/img/photo-meeko1.jpg
725,http://members.aol.com/floridakee/pix/keeshond.jpg
726,http://www.lampiluoto.net/omarotu/pictures/keeshond_1138724425.jpg
727,http://gamma.nic.fi/%7Epepper/tietopaketit/keeshond3.jpg
728,http://farm1.static.flickr.com/163/369040911_06ec53381b.jpg
729,http://judgesl.com/Keeshond/Image24.gif
730,http://i41.photobucket.com/albums/e294/karaytys1/keeshond_outi.jpg
731,http://keeshond.no/images/KeeshondBladet.jpg
732,http://www.gotpetsonline.com/pictures-gallery/dog-pictures-breeders-puppies-rescue/keeshond-pictures-breeders-puppies-rescue/pictures-photos/keeshond-0003.jpg
733,http://www.puppyfind.com/breed/keeshond/m_415003.jpg
734,http://besunami.tripod.com/Keeshondpicture.jpg
735,http://www.megacalendars.com/images/KEESHOND%20FC2008.jpg
736,http://www.inseparabile.com/cani/images/1werqwerwe1q2.jpg
737,http://farm1.static.flickr.com/85/224301811_a7f0cce3f3.jpg
738,http://farm2.static.flickr.com/1258/750253511_ca2e8a8d1e.jpg
739,http://farm2.static.flickr.com/1335/1308575544_94d4d591a4.jpg
740,http://image62.webshots.com/162/2/22/26/2944222260060634829AHCKsf_ph.jpg
741,http://farm1.static.flickr.com/64/278060114_92f8f9e7c8.jpg
742,http://farm1.static.flickr.com/89/225471429_529561967c.jpg
743,http://static.flickr.com/117/293970091_518d32d7df.jpg
744,http://www.zoo-logics.com/fotoshonden/keeshond.jpg
745,http://static.flickr.com/1424/1308495889_f37a674ce2.jpg
746,http://farm2.static.flickr.com/1180/750247083_76596f15e0.jpg
747,http://farm1.static.flickr.com/209/495440186_8838bbc9dc.jpg
748,http://upload.wikimedia.org/wikipedia/commons/thumb/f/f6/Keeshond_image_001.jpg/106px-Keeshond_image_001.jpg
749,http://farm1.static.flickr.com/92/242661248_585363b082.jpg
750,http://image24.webshots.com/24/4/9/72/286340972eTPGhG_fs.jpg
751,http://www.geocities.com/seacrestkees/Happy.jpg
752,http://farm1.static.flickr.com/203/513578966_2190b78af3.jpg
753,http://farm2.static.flickr.com/1175/1058090522_64a83cec50.jpg
754,http://farm3.static.flickr.com/2184/1567029712_fcdc46b9db.jpg
755,http://farm2.static.flickr.com/1026/1307694209_af41c9fc8e.jpg
756,http://farm3.static.flickr.com/2379/1540785130_b491a76923.jpg
757,http://farm1.static.flickr.com/24/43270915_18e0a2e0be.jpg
758,http://farm2.static.flickr.com/1143/1349605228_c482f42898.jpg
759,http://www.sweb.cz/vlcispic/argo0.jpg
760,http://farm1.static.flickr.com/118/280654164_4b652f4aae.jpg
761,http://farm2.static.flickr.com/1213/751088546_1d03baabd4.jpg
762,http://farm1.static.flickr.com/71/196691765_b0152f50cc.jpg
763,http://static.flickr.com/23/25554864_a94dc253a1.jpg
764,http://web.comhem.se/~u25700391/ozzyras.jpg
765,http://www.nzymes.com/Images/kabuki_zukowski.jpg
766,http://farm2.static.flickr.com/1033/1308568266_02d89c5569.jpg
767,http://www.catalina-inter.net/Cari-On/Images/chrissy2.jpg
768,http://farm1.static.flickr.com/58/196692385_6b6d676843.jpg
769,http://centralpets.com/critter_images/mammals/dogs/DOG_0003424_20020224100811.jpg
770,http://farm2.static.flickr.com/1217/854774802_6937910ceb.jpg
771,http://farm1.static.flickr.com/212/495429316_cce2631828.jpg
772,http://members.optusnet.com.au/%7Ecspear/images/index/tok.jpg
773,http://farm1.static.flickr.com/125/320712091_9cdf795c52.jpg
774,http://keesworld.com/2_KeesForum/2_America/USA_Windrift_Kees/T_Windrifts_Denmark_Blues_H.jpg
775,http://www.petking.co.il/petking/MediaServer/AnimalGuides/Dogs/200X150/Keeshond.jpg
776,http://farm1.static.flickr.com/207/520797495_dba16531f9.jpg
777,http://farm2.static.flickr.com/1111/584476178_03b9495e35.jpg
778,http://farm1.static.flickr.com/57/224302039_ce223513d2.jpg
779,http://static.flickr.com/96/276562874_a23d36dfd6.jpg
780,http://static.flickr.com/1073/535111832_307052908b.jpg
781,http://static.flickr.com/221/454516574_0f4f7f9506.jpg
782,http://bp1.blogger.com/_9zuGnQ0QDDQ/Ro_-_A7sXMI/AAAAAAAAAOU/JVvcgY5J2LY/s320/Windy+x+Andy+Boys+07+4+weeks.jpg
783,http://ww2.cvalink.com/carakees/images/choo.jpg
784,http://www.dkimages.com/discover/previews/947/75004767.JPG
785,http://image24.webshots.com/565/8/33/5/2840833050060634829otDYrG_ph.jpg
786,http://www.k9web.com/dog-faqs/breeds/pictures/keeshond.jpg
787,http://www.keeshondlovers.com/Sammy2.jpg
788,http://www.dogzonline.com.au/images/profiles/51/3841_58.jpg
789,http://www.ramsey-furkids.com/dogs/baxter03.jpg
790,http://farm2.static.flickr.com/1195/1469399807_57aca8041c.jpg
791,http://farm1.static.flickr.com/12/14742302_7f5e903228.jpg
792,http://farm1.static.flickr.com/102/273541446_65601e65a8.jpg
793,http://farm2.static.flickr.com/1045/575503773_4f335fc62a.jpg
794,http://www.coxswainkees.com/Resources/JuneSCL.jpg
795,http://www.spitz-loup.com/spitz_loup/entretien/resultat_well.jpg
796,http://www.danseavecleschiens.com/races-spitz/photo/eurasie/spitz-loup/spitz-loup_54_200.JPG
797,http://www.imaginekeeshond.com/pip.jpg
798,http://farm3.static.flickr.com/2398/2228810218_29f0d2cf93.jpg
799,http://static.flickr.com/2067/1502317677_e60b1ed4ec.jpg
800,http://farm2.static.flickr.com/1232/1314352697_e98b75a88b.jpg
801,http://farm2.static.flickr.com/1378/1315365464_79cd430ec4.jpg
802,http://www.dogzonline.com.au/images/profiles/07/01/15112_1560_sm.jpg
803,http://farm3.static.flickr.com/2182/1910139085_a2caacd1bf.jpg
804,http://farm2.static.flickr.com/1416/1315226600_12651a05b5.jpg
805,http://farm2.static.flickr.com/1048/584450698_e5c0339810.jpg
806,http://image36.webshots.com/36/3/65/28/344536528KFkXCn_ph.jpg
807,http://farm1.static.flickr.com/241/446591212_a82358cb5e.jpg
808,http://puppydogweb.com/gallery/keeshonden/Keeshond_jones.jpg
809,http://www.keeshond-dogs.com/pictures-images-photos/keeshonds-dogs-06.jpg
810,http://farm3.static.flickr.com/2210/2127518684_b396bbd84e.jpg
811,http://static.flickr.com/1311/1260424116_f5f55b1b44.jpg
812,http://thumb16.webshots.net/s/thumb2/2/91/42/217229142llReOO_th.jpg
813,http://farm3.static.flickr.com/2406/1540815282_7e81f3eda3.jpg
814,http://keeshond.ru/index.files/keeshonden.jpg
815,http://farm1.static.flickr.com/83/425262916_71ae3cc912.jpg
816,http://farm3.static.flickr.com/2105/2112111612_e7d1de9931.jpg
817,http://static.flickr.com/249/454516588_8a4f02ec98.jpg
818,http://farm2.static.flickr.com/1165/751072530_30e9e9f0ec.jpg
819,http://farm2.static.flickr.com/1377/584156381_4ed0a28090.jpg
820,http://farm1.static.flickr.com/103/294528929_979f10212c.jpg
821,http://www.donnakelliher.com/galleries/pet_portraits/digital_effects/keeshond_102302B_12_db.jpg
822,http://farm1.static.flickr.com/79/242666827_ac5ee43b0a.jpg
823,http://farm2.static.flickr.com/1240/584523734_51de124f5d.jpg
824,http://farm1.static.flickr.com/102/289785162_ed092a0107.jpg
825,http://www.nzkc.org.nz/nds2004/images/7083.jpg
826,http://users.pandora.be/hondenclub.thor/rassen/keeshond.gif
827,http://ExoticTropicals.com/encyclo/featured_pets/Dog_Cat/Kiki/Kiki_sm.jpg
828,http://farm2.static.flickr.com/1234/1339314086_ca0b27e8c7.jpg
829,http://www.ramsey-furkids.com/dogs/kaysee9.jpg
830,http://static.flickr.com/162/378966639_c68f5ba8ed.jpg
831,http://static.flickr.com/28/40189822_f7c445cae0.jpg
832,http://farm2.static.flickr.com/1202/854781950_e0c339045a.jpg
833,http://keeshond.ru/keeshond-our.files/keeshond-kristina-1.jpg
834,http://farm1.static.flickr.com/160/360879330_5bd2bcc607.jpg
835,http://farm1.static.flickr.com/91/225481757_b808a9d541.jpg
836,http://www.open.org/judjam/photos/MIA0205.jpg
837,http://static.flickr.com/24/62118393_39809ddbc1.jpg
838,http://www.dogzonline.com.au/images/profiles/54/11034_585_sm.jpg
839,http://farm2.static.flickr.com/1095/1227641958_6160db5ef6.jpg
840,http://farm1.static.flickr.com/153/344862001_4a993ce299.jpg
841,http://www.dierenwebshop.nl/images/plentypet/keeshondbrown.jpg
842,http://farm1.static.flickr.com/94/225473211_7fda1268e2.jpg
843,http://www.agraria.org/cani/spitztedescogigante.jpg
844,http://www.gotpetsonline.com/pictures-gallery/dog-pictures-breeders-puppies-rescue/keeshond-pictures-breeders-puppies-rescue/pictures-photos/keeshond-0004.jpg
845,http://farm2.static.flickr.com/1082/870160522_0af75db324.jpg
846,http://static.flickr.com/49/144293057_0db3fc3023.jpg
847,http://farm3.static.flickr.com/2304/2094013205_c23bcbaaa4.jpg
848,http://farm2.static.flickr.com/1210/853920925_0c24e54f30.jpg
849,http://www.catalina-inter.net/Cari-On/images/Suzie_and_Simon_1.jpg
850,http://farm2.static.flickr.com/1366/1349415014_8b4bf54ed9.jpg
851,http://farm1.static.flickr.com/99/289785155_bc6c17ec41.jpg
852,http://www3.sympatico.ca/linda.owens/Ruby1.jpg
853,http://farm2.static.flickr.com/1293/584239725_dd2440e1d1.jpg
854,http://www.rubykees.com/aylahdock.jpg
855,http://farm2.static.flickr.com/1073/535111832_307052908b.jpg
856,http://farm2.static.flickr.com/1420/1429795821_a7bf007aca.jpg
857,http://farm1.static.flickr.com/58/196693807_c074c7fa3e.jpg
858,http://farm2.static.flickr.com/1100/1469398263_463bfb8129.jpg
859,http://farm1.static.flickr.com/39/109709683_639ea06a0d.jpg
860,http://www.dogbreedinformation.com/images15/KeeshondSadie11yearsold3.jpg
861,http://www.cyberpet.com/dogs/1dogimages/08524.jpg
862,http://www.visualsunlimited.com/images/watermarked/431/431059.jpg
863,http://farm1.static.flickr.com/32/57777754_bac8a5b55b.jpg
864,http://www.mthoodkeeshond.com/new_images/castlekeeshond_full.jpg
865,http://www.catalina-inter.net/cari-on/images/5weeks2.jpg
866,http://farm1.static.flickr.com/129/371554760_a08d0b0f32.jpg
867,http://www.gotpetsonline.com/pictures-gallery/dog-pictures-breeders-puppies-rescue/keeshond-pictures-breeders-puppies-rescue/pictures-photos/keeshond-0005.jpg
868,http://www.hondenras.com/encyclopedie/foto/1986_Wolfsgrauwe_Keeshond.jpg
869,http://farm2.static.flickr.com/1051/1430681790_cc842055a4.jpg
870,http://static.flickr.com/160/363629680_1aa266d22e.jpg
871,http://terrificpets.com/images/uploads/dogbreedsadv96.jpg
872,http://www.centralpets.com/critter_images/mammals/dogs/DOG_0003214_20010104130613.jpg
873,http://www.keeshond-genri.narod.ru/images/scaz_3.jpg
874,http://farm1.static.flickr.com/115/293969607_6439b539f3.jpg
875,http://farm2.static.flickr.com/1358/1349479022_5fe1e04e69.jpg
876,http://www.therapyhayvanhastanesi.com/irkListe.aspx_files/Keeshond_s.jpg
877,http://farm2.static.flickr.com/1226/869312949_4d86b81839.jpg
878,http://farm1.static.flickr.com/149/360879546_c770044794.jpg
879,http://farm1.static.flickr.com/88/224301798_5e9cc4a8a3.jpg
880,http://farm3.static.flickr.com/2205/1833993517_67152d0f9d.jpg
881,http://static.flickr.com/26/93937747_4b7acd109a.jpg
882,http://static.flickr.com/52/145089776_4f8f9ee031.jpg
883,http://farm1.static.flickr.com/74/190322938_dd03eec5c2.jpg
884,http://farm1.static.flickr.com/99/306237446_01ef533a79.jpg
885,http://www.westminsterkennelclub.org/2006/photos/breed/NM92474903.jpg
886,http://farm2.static.flickr.com/1018/584455418_f87e56bb13.jpg
887,http://thumb3.webshots.net/t/51/151/0/83/45/2113083450048411283rEjcQN_th.jpg
888,http://farm1.static.flickr.com/200/454494822_12e427a457.jpg
889,http://upload.wikimedia.org/wikipedia/commons/thumb/3/32/Keeshond_Majic_standing.jpg/800px-Keeshond_Majic_standing.jpg
890,http://www.catalina-inter.net/Cari-On/images/bethdog1.jpg
891,http://www.evcilkopekler.com/fotolar/kucuk1113623541keeshond_9.jpg
892,http://www.puppy-kitten-sale.com/catimages/keeshond.jpg
893,http://farm1.static.flickr.com/104/278060110_962cc07dd6.jpg
894,http://farm2.static.flickr.com/1237/1227639452_81034233dc.jpg
895,http://farm2.static.flickr.com/1437/584560868_545644367c.jpg
896,http://www.dogzonline.com.au/images/profiles/44/7452_503.jpg
897,http://www.animalstamps.com/acalendar/KEESHOND2006sm.jpg
898,http://www.keeshond.no/images/NikeHode.jpg
899,http://farm1.static.flickr.com/184/440235260_b9e9c064bd.jpg
900,http://www.spitz-loup.com/spitz_loup/photos/jeux_de_spitz/diapo3_normal.jpg
901,http://www.cari-on.org/images/Faith_4.jpg
902,http://www.dogtimes.com.br/imagens/spitz-medio-cc.JPG
903,http://www.neradmikkeeshonden.co.uk/images/thumb/chester.jpg
904,http://static.flickr.com/170/382707088_77477c83a2.jpg
905,http://farm2.static.flickr.com/1416/870160654_127e46f3e5.jpg
906,http://www.asko-baer.de/mediac/400_0/media/DIR_41527/Wolfsspitz_Seite.jpg
907,http://farm1.static.flickr.com/159/380357119_15da24841d.jpg
908,http://www.dreamscapek9.com/catalog/images/MaryBeaconArt/2006/MB145-Keeshond.jpg
909,http://farm1.static.flickr.com/175/369040909_d18ec49f7b.jpg
910,http://tiger.towson.edu/users/afenne1/istc301/keeshond1.jpg
911,http://www.tomorrow01.com/are/barry07.jpg
912,http://www.perrosargentinos.com.ar/portadas/keeshond.jpg
913,http://farm2.static.flickr.com/1120/1226778933_f12511bf48.jpg
914,http://farm2.static.flickr.com/1038/584109337_24547eca1d.jpg
915,http://farm3.static.flickr.com/2007/2145715260_5d0d5d8717.jpg
916,http://farm1.static.flickr.com/42/85207752_127a446d12.jpg
917,http://farm3.static.flickr.com/2378/1682470540_8d8e8b349b.jpg
918,http://farm2.static.flickr.com/1076/1349553978_c752f73d27.jpg
919,http://www.thepetdirectory.us/Dogbreeds/spitz.jpg
920,http://farm2.static.flickr.com/1356/751143914_4b45778390.jpg
921,http://yaplog.jp/cv/keeshond/img/935/img20071017_p.jpg
922,http://static.flickr.com/143/318251191_22a8b0ed13.jpg
923,http://www.canadogs.com/images/Keeshondadult.jpg
924,http://www.canadasguidetodogs.com/customergraphics/keeshond_1.jpg
925,http://www.petgroomerforums.com/images/avatars/avatar-keeshond.jpg
926,http://www.vipaws.com/Graphics/keeshond_bernie_100705.JPG
927,http://farm1.static.flickr.com/107/293969432_9a6ab20258.jpg
928,http://farm2.static.flickr.com/1287/584240661_dee29d4beb.jpg
929,http://farm2.static.flickr.com/1052/1323988246_ead5ad5dbd.jpg
930,http://farm2.static.flickr.com/1180/751141080_7048d85645.jpg
931,http://www.boxerbreed.info/images/dogbreeds/07030642431pt.jpg
932,http://judgesl.com/Keeshond/Image13.gif
933,http://www.eskiefriends.com/klu/k209a/zimages/klu_d4a.jpg
934,http://www.wendywylde.com/sitebuilder/images/ShadowInYerFace-379x278.jpg
935,http://www3.sympatico.ca/linda.owens/Tanya.jpg
936,http://farm1.static.flickr.com/81/257500917_7923969311.jpg
937,http://www.mijnlievelingsdier.nl/honden/images_honden/keeshond/dino.jpg
938,http://bp1.blogger.com/_9zuGnQ0QDDQ/Rl-ACkhGzII/AAAAAAAAAK0/PwyHbxueROY/s320/IMG_0627.jpg
939,http://farm2.static.flickr.com/1367/870158736_91bd922976.jpg
940,http://farm1.static.flickr.com/72/224300872_5206ee530c.jpg
941,http://static.flickr.com/149/360879546_c770044794.jpg
942,http://www.nynka.com/images/14wkshead1aws.jpg
943,http://farm1.static.flickr.com/210/440767971_86ac7a285b.jpg
944,http://vomkreigenfeld.de/grafiken/babette2.jpg
945,http://static.flickr.com/170/425263220_dd76233bb7.jpg
946,http://farm2.static.flickr.com/1265/870161084_4692c3054b.jpg
947,http://www.ssuk.se/ras_galleri/keeshond/keeshond_04.jpg
948,http://web.telia.com/~u15514933/dog1_kopia.jpg
949,http://www.finelinedigital.com/dogs/images/Keeshond.jpg
950,http://www.boazvet.com/Images/Dogs/NonSporting/keeshond.jpg
951,http://www.devrolijkeviervoeters.org/images/keesh03.jpg
952,http://www.nzkc.org.nz/nds2007/images/7110.jpg
953,http://farm2.static.flickr.com/1401/1226785179_ae780691ab.jpg
954,http://farm1.static.flickr.com/80/225464692_1b2b6c7831.jpg
955,http://static.flickr.com/21/32059465_c00775555e.jpg
956,http://farm1.static.flickr.com/121/369040904_793baa5982.jpg
957,http://www.kirasoftware.com/images_hunderassen/Keeshondsadiestand.jpg
958,http://04.img.v4.skyrock.com/049/dogs-paradis/pics/350693023.jpg
959,http://farm2.static.flickr.com/1093/870160590_8e52b81136.jpg
960,http://static.flickr.com/65/224300542_06a3bca3df.jpg
961,http://farm2.static.flickr.com/1100/1333716242_10edc992c4.jpg
962,http://photocache.petfinder.com/fotos/IL119/IL119.6203562-2-pn.jpg
963,http://www.perrosdelaargentina.com.ar/imagth/keeshond01-042.JPG
964,http://www.keeshondwales.co.uk/images/Photos/Kenny/kenny5comp.jpg
965,http://www.keesstars.co.nz/4.08.05%20047.jpg
966,http://www.petcave.com/Non_Sporting_Group/Keeshond/Photos/kris.gif
967,http://www.starstore.com/acatalog/Keeshond-f-01.jpg
968,http://static.flickr.com/48/133857862_13d12a43c7.jpg
969,http://farm1.static.flickr.com/115/266370152_b3e0fd8269.jpg
970,http://static.flickr.com/220/520798767_bbbf3d41c4.jpg
971,http://www.pawsruskennel.com/img/photo-keesha.jpg
972,http://farm1.static.flickr.com/67/225465431_08c9049099.jpg
973,http://farm2.static.flickr.com/1385/584198329_7f56968eb5.jpg
974,http://www.britannica.com/eb/thumb?id=8180
975,http://static.flickr.com/42/85207752_127a446d12.jpg
976,http://static.flickr.com/40/75062256_83468ef506.jpg
977,http://farm1.static.flickr.com/108/293969261_dad5ebc700.jpg
978,http://static.flickr.com/211/492697177_8703feb61f.jpg
979,http://static.flickr.com/103/293968941_3ed362e783.jpg
980,http://static.flickr.com/119/293969391_18d5d02c42.jpg
981,http://farm1.static.flickr.com/201/520768402_a847053ec1.jpg
982,http://www.calivalekeeshonds.com/images/DanaSideC.jpg
983,http://www.dogzonline.com.au/images/profiles/07/11/22874_342.jpg
984,http://static.flickr.com/33/40950603_1aee17d281.jpg
985,http://farm2.static.flickr.com/1088/1349412610_ada1380865.jpg
986,http://www.spitz-loup.com/spitz_loup/photos/jeux_de_spitz/230306_diapo10_normal.jpg
987,http://farm1.static.flickr.com/69/242667195_849c25b541.jpg
988,http://farm1.static.flickr.com/34/64111400_0b5096f0a7.jpg
989,http://static.flickr.com/1233/1308059745_c7c2924279.jpg
990,http://farm1.static.flickr.com/16/22116639_3f49676149.jpg
991,http://farm1.static.flickr.com/55/131098312_3dda35a69f.jpg
992,http://photocache.petfinder.com/fotos/RI57/RI57.5591972-2-x.jpg
993,http://www.pats-pets.de/rassen/keeshound/Keeshno4.jpg
994,http://farm2.static.flickr.com/1087/854758938_222d2911fe.jpg
995,http://image05.webshots.com/5/6/91/84/71469184ewhzuQ_fs.jpg
996,http://www.e-rescue-houston.org/mediumdogs/Bear%20(7).JPG
997,http://www.tunturisusi.com/koiralinkit/osku2.jpg
998,http://static.flickr.com/2358/1622436048_d1687d1a65.jpg
999,http://farm1.static.flickr.com/165/330594414_e5da606f7a.jpg
1000,http://www.spitz-loup.com/spitz_loup/humour/baton.jpg
1001,http://farm2.static.flickr.com/1279/750238223_ec2ca2b268.jpg
1002,http://farm2.static.flickr.com/1069/1323091379_9d6a0c0f9b.jpg
1003,http://farm3.static.flickr.com/2021/1681593785_3495f92d52.jpg
1004,http://www.collectorsprints.com/_images/dogs/d29/keeshond-150.jpg
1005,http://thumb9.webshots.net/t/44/44/9/50/51/2414950510060634829xfdqsN_th.jpg
1006,http://farm3.static.flickr.com/2360/1540815256_bf84e6d8ff.jpg
1007,http://static.flickr.com/1259/1343200760_6c05618228.jpg
1008,http://farm1.static.flickr.com/132/386075727_25c3e19ccd.jpg
1009,http://farm3.static.flickr.com/2342/2094016231_57165b8371.jpg
1010,http://farm1.static.flickr.com/251/520796615_e16b8915f2.jpg
1011,http://farm1.static.flickr.com/24/37361524_7334fcf925.jpg
1012,http://i142.photobucket.com/albums/r83/cmdo/BabyKeeshond.jpg
1013,http://farm2.static.flickr.com/1416/584491592_c4b736620b.jpg
1014,http://www.websurfin.com/keeshound/lexus9wks.jpg
1015,http://www.inkypaw.com/rmkeeshondboat_273x315.jpg
1016,http://www.geocities.com/jellkees/VolrijkofVordena.jpg
1017,http://www.dynastykeeshond.com/photos/rocketwindog.jpg
1018,http://www.catalina-inter.net/Cari-On/images/suzie_3.jpg
1019,http://farm2.static.flickr.com/1402/1308813972_af020b681f.jpg
1020,http://farm2.static.flickr.com/1131/584152859_5b6dc558e5.jpg
1021,http://e6.img.v4.skyrock.com/e6f/attilamagic/pics/695768061_small.jpg
1022,http://farm1.static.flickr.com/142/360877839_f81ddc9582.jpg
1023,http://static.flickr.com/2347/1837772171_923f26646b.jpg
1024,http://farm1.static.flickr.com/80/236141055_7191f3b75c.jpg
1025,http://freezone.ssan.com/graphics/dogbreed/keeshond.jpg
1026,http://www.dog-breeds.name/pictures/keeshond/keeshond-5tn.jpg
1027,http://upload.wikimedia.org/wikipedia/commons/thumb/f/f6/Keeshond_image_001.jpg/529px-Keeshond_image_001.jpg
1028,http://www.dogguide.net/images/breeds/keeshond.jpg
1029,http://static.flickr.com/1242/1333673566_3523561f99.jpg
1030,http://www.4pawsu.com/images/ashya.jpg
1031,http://gamma.nic.fi/%7Epepper/tietopaketit/keeshtorri.jpg
1032,http://bp0.blogger.com/_w0qurOIPoHM/RcvsggD1ryI/AAAAAAAAAK0/muPcALQqCk4/s320/Sigrid+on+Tiles+2.jpg
1033,http://farm1.static.flickr.com/60/224301358_3bc1bc421c.jpg
1034,http://www.hondenras.com/encyclopedie/foto/786_Wolfsgrauwe_Keeshond.jpg
1035,http://www.geocities.com/keeshond_club_of_sa/Rymist_Scene_Stealer1.jpg
1036,http://farm3.static.flickr.com/2404/2124310257_f063fc0114.jpg
1037,http://farm2.static.flickr.com/1050/869313219_61dac420f3.jpg
1038,http://e6.img.v4.skyrock.com/e6f/attilamagic/pics/695784865.jpg
1039,http://www.spitz-loup.com/nos_chiens/photos/jeux.jpg
1040,http://www.dog-breeds.name/pictures/keeshond/keeshond-4tn.jpg
1041,http://www.doggiefun.com/articles/images/breeds/keeshond.jpg
1042,http://www.photosphrases.com/images/keeshond.JPG
1043,http://www.mytopdogs.com/pics/keeshond.jpg
1044,http://www.mousematstore.co.uk/prodimages/cat7/detail/7019.jpg
1045,http://honden.digi.nl/images/thumb.asp?image=271
1046,http://static.flickr.com/217/495429342_fa6099f101.jpg
1047,http://static.flickr.com/74/276562881_1aa3adf434.jpg
1048,http://farm2.static.flickr.com/1093/1333706508_1fe4ad78f3.jpg
1049,http://www.spcanorthampton.org/inc/thumb.aspx?img=bandit.JPG&width;=150&loc;=pet
1050,http://farm1.static.flickr.com/133/335754573_c35c3bba9c.jpg
1051,http://www.oog-dierenarts.be/images/Fotos/hond/pics/tn_keeshond_met_bril_2_web.jpg
1052,http://farm1.static.flickr.com/69/225478960_ca9d9c48fd.jpg
1053,http://www.roling.com/images/keesha.gif
1054,http://farm3.static.flickr.com/2068/2094012329_318ab43bf1.jpg
1055,http://www.milouchouchou.com/milannu/inc/im_cat/97.jpg
1056,http://farm1.static.flickr.com/9/74717813_362d013f56.jpg
1057,http://farm2.static.flickr.com/1357/750287965_029a39dbe0.jpg
1058,http://www.gotdogsonline.com/keeshond-pictures-breeders-puppies-rescue/pictures/keeshond-0010.jpg
1059,http://static.flickr.com/21/32714971_9ab8a09bec.jpg
1060,http://farm1.static.flickr.com/200/490185799_615a96270b.jpg
1061,http://www.dogzonline.com.au/images/profiles/07/05/21196_157_sm.jpg
1062,http://farm1.static.flickr.com/126/360878097_5cfea81938.jpg
1063,http://farm2.static.flickr.com/1434/1315264246_e69de237d1.jpg
1064,http://farm1.static.flickr.com/87/224302032_ec9159c150.jpg
1065,http://farm3.static.flickr.com/2211/1682460010_fcd17f6d6c.jpg
1066,http://www.connect.ab.ca/~cinnakees/homedogk.jpg
1067,http://farm1.static.flickr.com/86/225482660_faa18b1968.jpg
1068,http://www.world-dogs-breeders.com/free-photos/allforus_Keeshond.jpg
1069,http://farm1.static.flickr.com/249/454516588_8a4f02ec98.jpg
1070,http://static.flickr.com/145/378966634_c63f061cd9.jpg
1071,http://farm2.static.flickr.com/1116/584230717_64e082a194.jpg
1072,http://farm1.static.flickr.com/25/38693874_b657c5646d.jpg
1073,http://farm3.static.flickr.com/2046/2094022077_7294ef5f36.jpg
1074,http://farm2.static.flickr.com/1307/1308949124_6fa54bc769.jpg
1075,http://users.kymp.net/kotkankiva/keeshond.jpg
1076,http://static.flickr.com/1381/1469397245_b58eef16a0.jpg
1077,http://www.lesanimaux.ca/images/K/keeshondppcal.jpg
1078,http://farm2.static.flickr.com/1058/1332867355_5d6bd09b84.jpg
1079,http://farm1.static.flickr.com/130/330594517_290465d00d.jpg
1080,http://www.koskelo.net/koirataide/images/nesbitt/keeshond_1.jpg
1081,http://farm1.static.flickr.com/82/225467102_a0f8c01b03.jpg
1082,http://farm1.static.flickr.com/11/14138774_74dbb48a26.jpg
1083,http://farm1.static.flickr.com/44/190331899_f52f67a3a3.jpg
1084,http://farm2.static.flickr.com/1314/1333672710_4b7af3bf55.jpg
1085,http://farm2.static.flickr.com/1327/584541642_94d09efde0.jpg
1086,http://www.kennelinfinity.no/keeshond/2008/silver.jpg
1087,http://farm2.static.flickr.com/1174/1314477937_18fb7ef251.jpg
1088,http://www.keeshondwales.co.uk/images/Clipart/keeshondart/keeshondart4comp.jpg
1089,http://keeshond.ru/keeshonds.files/keeshond-puppies.jpg
1090,http://pets-place.net/Breeds/KeeshondPhoto1.jpg
1091,http://farm2.static.flickr.com/1014/854749610_4477a6d52d.jpg
1092,http://farm2.static.flickr.com/1086/584181229_fc46f7d9cc.jpg
1093,http://farm1.static.flickr.com/106/293969086_bf11daba98.jpg
1094,http://www.pets7.com/linkfile/keeshond.jpg
1095,http://farm1.static.flickr.com/164/425263062_f3474cf1f2.jpg
1096,http://www.websurfin.com/keeshound/tumble.jpg
1097,http://farm3.static.flickr.com/2021/2111331999_488bdfe499.jpg
1098,http://farm2.static.flickr.com/1244/1315071778_6fb5df4656.jpg
1099,http://static.flickr.com/106/293968796_b53d2b8501.jpg
1100,http://farm2.static.flickr.com/1035/1106493580_11fd6171ce.jpg
1101,http://farm1.static.flickr.com/209/445370846_d320bdbd93.jpg
1102,http://www.spitz-loup.com/activites/6282.jpg
1103,http://farm1.static.flickr.com/110/283493026_af02f27b61.jpg
1104,http://www.lovedog.co.kr/world/user_images/keeshond.gif
1105,http://farm3.static.flickr.com/2067/2094014727_3e653ac24a.jpg
1106,http://www.isonkarhun.com/images/linkit.jpg
1107,http://farm2.static.flickr.com/1232/870160292_c0d6c9d9c0.jpg
1108,http://www.lunni.net/angorian/dilly3.jpg
1109,http://www.spitzcav.co.uk/resources/_wsb_286x194_puppy+bailey.JPG
1110,http://farm2.static.flickr.com/1096/750242093_d03189e360.jpg
1111,http://farm1.static.flickr.com/31/93919374_c9625cc533.jpg
1112,http://farm2.static.flickr.com/1405/1058093634_743dd5fb53.jpg
1113,http://static.flickr.com/167/446591218_d4e59cd776.jpg
1114,http://farm3.static.flickr.com/2352/2127517924_9bd93a5562.jpg
1115,http://farm1.static.flickr.com/58/188576079_c0e27a98de.jpg
1116,http://farm1.static.flickr.com/78/212697192_1c38111bf6.jpg
1117,http://www.megacalendars.com/images/KEESHOND%20FC2008.jpg
1118,http://neradmikkeeshonden.co.uk/images/pop/emmy.jpg
1119,http://bp2.blogger.com/_9zuGnQ0QDDQ/Ror-Og7sXJI/AAAAAAAAAN8/LZYnkXco7yQ/s320/ph1717586674.jpg
1120,http://farm2.static.flickr.com/1285/1307931155_4a7b5fb3ca.jpg
1121,http://farm2.static.flickr.com/1331/882038270_63382cded8.jpg
1122,http://farm2.static.flickr.com/1219/584189929_655a98c7f9.jpg
1123,http://farm1.static.flickr.com/57/224301372_cb478480ba.jpg
1124,http://farm1.static.flickr.com/217/445370842_1596196b36.jpg
1125,http://www.catalina-inter.net/Cari-On/images/candide_c5.jpg
1126,http://www.desertstardogs.com/LegendScarleSt.gif
1127,http://farm1.static.flickr.com/92/225478132_e4301c1b23.jpg
1128,http://www.keeshondclub.org.uk/assets/images/KeeshondWorld03a.jpg
1129,http://puppyparadise.com/puppyparadisetest/site/Breeds/keeshound.jpg
1130,http://farm1.static.flickr.com/80/224301946_e65b94eca6.jpg
1131,http://www.spitz-loup.com/spitz_loup/presentation/ribanbelle_7s.jpg
1132,http://farm2.static.flickr.com/1320/1325338479_03d6077925.jpg
1133,http://farm1.static.flickr.com/109/261799583_9a08473272.jpg
1134,http://www.dkimages.com/discover/previews/815/613477.JPG
1135,http://farm1.static.flickr.com/23/32638993_1a5ff5c911.jpg
1136,http://farm2.static.flickr.com/1081/1348731053_290c177716.jpg
1137,http://www.pet-directory.net/uploads/100/Keeshond.jpg
1138,http://www.calivalekeeshonds.com/images/ScullyPupB&W.jpg;
1139,http://farm2.static.flickr.com/1295/1331078611_879d639668.jpg
1140,http://gamma.nic.fi/%7Epepper/tietopaketit/keeshuinu.jpg
1141,http://thumb3.webshots.net/t/53/553/0/53/48/2943053480092797523doLHSn_th.jpg
1142,http://www.caringcanines.org/raoulpg3.jpg
1143,http://farm3.static.flickr.com/2311/2094015493_9760d82cee.jpg
1144,http://www.sandonoakhill.com/Artgallery/images/keeshondenL-349x249_jpg.jpg
1145,http://farm2.static.flickr.com/1147/854742298_452ee36d35.jpg
1146,http://static.flickr.com/22/32251138_3a3427a338.jpg
1147,http://farm1.static.flickr.com/92/223284858_4df52fa937.jpg
1148,http://farm2.static.flickr.com/1434/1469400915_0f439376da.jpg
1149,http://blog64.fc2.com/k/keeleojay/file/20070708120617.jpg
1150,http://farm2.static.flickr.com/1132/561414825_b4b919ee45.jpg
1151,http://farm1.static.flickr.com/165/347288409_b63aabe124.jpg
1152,http://static.flickr.com/15/20207297_c3da856747.jpg
1153,http://www.dkimages.com/discover/previews/815/613521.JPG
1154,http://www.catbreedinformation.com/images/Keeshondsadiesideview.jpg
1155,http://farm1.static.flickr.com/45/129098565_448f192d3c.jpg
1156,http://static.flickr.com/1173/1260402516_ad22779579.jpg
1157,http://www.dog-breeds.name/pictures/keeshond/keeshond-6tn.jpg
1158,http://www.elclubdelkeeshond.com.ar/teo6.jpg
1159,http://farm2.static.flickr.com/1036/1314347613_ec57ae88c5.jpg
1160,http://static.flickr.com/1312/1309396160_85ca1ce1cb.jpg
1161,http://static.flickr.com/194/495475739_c813f0f78d.jpg
1162,http://farm3.static.flickr.com/2293/1881822575_65ba5f44d8.jpg
1163,http://www.k9magazine.com/pictures-of-dogs/d/1393-2/Kelly.jpg
1164,http://farm2.static.flickr.com/1324/750232251_9e555464ea.jpg
1165,http://farm1.static.flickr.com/199/490185801_e860b67080.jpg
1166,http://farm2.static.flickr.com/1405/853894281_c72a5e767f.jpg
1167,http://www.petgroomer.com/Grooming101/Photos/keeshond.jpg
1168,http://www.vipaws.com/Graphics/keeshond_bernie_oct04.jpg
1169,http://www.gotpetsonline.com/pictures-gallery/dog-pictures-breeders-puppies-rescue/keeshond-pictures-breeders-puppies-rescue/pictures-photos/keeshond-0016.jpg
1170,http://www.lovemypet.com.au/images/150_body_picture_small.gif
1171,http://www.puppyfind.com/breed/keeshond/m_247083.jpg
1172,http://farm3.static.flickr.com/2237/2094014011_a7e73eb510.jpg
1173,http://farm1.static.flickr.com/209/440767961_ac00268111.jpg
1174,http://www.grandane.com/NS.Kennels/keeshondA.jpg
1175,http://upload.wikimedia.org/wikipedia/commons/thumb/2/26/Keeshond_Majic_standing_cropped.jpg/250px-Keeshond_Majic_standing_cropped.jpg
1176,http://www.champion-puppies.com/images/trio_folf_final.jpg
1177,http://farm2.static.flickr.com/1174/1057237469_2975e66fbc.jpg
1178,http://www.fordoggielovers.com/images/Calendars/ZISBN2296-4.jpg
1179,http://farm1.static.flickr.com/46/128178416_ed8fc3e26b.jpg
1180,http://farm2.static.flickr.com/1130/854746498_1703e87b85.jpg
1181,http://farm2.static.flickr.com/1378/584195889_67373a21a1.jpg
1182,http://farm2.static.flickr.com/1086/854788256_f4ad8be9c6.jpg
1183,http://farm3.static.flickr.com/2139/2099312869_59294121f7.jpg
1184,http://farm1.static.flickr.com/79/224301989_410aeaaf4b.jpg
1185,http://www.catalina-inter.net/Cari-On/Images/chest2.jpg
1186,http://static.flickr.com/58/202366839_52160d1655.jpg
1187,http://www.pets-hop.com/zukan/nonsports/keeshond/keeshond.jpg
1188,http://farm1.static.flickr.com/84/263833278_e7ad12f8be.jpg
1189,http://farm1.static.flickr.com/56/137062136_72c194696c.jpg
1190,http://farm1.static.flickr.com/93/225470894_0d7816fe0e.jpg
1191,http://static.flickr.com/17/22114672_80a8249c98.jpg
1192,http://www.sobachnick.com/img/keeshond_02.jpg
1193,http://farm2.static.flickr.com/1195/1348620715_210a120b09.jpg
1194,http://www.kaboodle.com/hi/img/2/0/0/25/3/AAAAAje3-LwAAAAAACU3-w.jpg
1195,http://farm2.static.flickr.com/1013/751150014_842327d003.jpg
1196,http://farm2.static.flickr.com/1215/977958458_134dfe2721.jpg
1197,http://www.dogwhimsy.com/keeshond.jpg
1198,http://farm1.static.flickr.com/113/293970175_3389327c08.jpg
1199,http://farm2.static.flickr.com/1264/750279323_480e341b5b.jpg
1200,http://www.danseavecleschiens.com/races-spitz/photo/eurasie/spitz-loup/spitz-loup_profil_200.jpg
1201,http://www.danseavecleschiens.com/races-spitz/photo/eurasie/spitz-loup/spitz-loup_samoyede_200.jpg
1202,http://farm2.static.flickr.com/1100/1332830815_b88cad5803.jpg
1203,http://farm2.static.flickr.com/1091/584199913_e14f98b148.jpg
1204,http://www.dogbreedinfo.com/images/keeshondkid.jpg
1205,http://keeshond.ru/keeshond-cap.files/keeshond-cap-4.jpg
1206,http://www.dierenplanet.nl/images/kees2.jpg
1207,http://farm2.static.flickr.com/1365/1348631221_302ed301de.jpg
1208,http://keeshond.ru/keeshond-best.files/keeshond-best-4.jpg
1209,http://www.hondenras.com/encyclopedie/foto/2506_Wolfsgrauwe_Keeshond.jpg
1210,http://farm2.static.flickr.com/1325/751099020_44c8b6079f.jpg
1211,http://www.cari-on.org/images/boyndogalone2.jpg
1212,http://farm2.static.flickr.com/1188/1333708556_4b3dd95959.jpg
1213,http://farm1.static.flickr.com/89/224301305_63a1fa1f89.jpg
1214,http://l.yimg.com/us.yimg.com/i/us/pets/brgd/keeshond.jpg
1215,http://farm3.static.flickr.com/2257/1852437725_7b3df204c2.jpg
1216,http://image05.webshots.com/5/7/14/34/71471434EZYyUb_fs.jpg
1217,http://farm1.static.flickr.com/113/293969668_5cfaf5e711.jpg
1218,http://www.hondenplaza.nl/page/akita/4.jpg
1219,http://farm1.static.flickr.com/78/228008552_248350043c.jpg
1220,http://farm1.static.flickr.com/68/224300620_8b5783da8f.jpg
1221,http://static.flickr.com/43/91904026_42fc9af7ba.jpg
1222,http://www.dogsindepth.com/nonsporting_dog_breeds/images/keeshond_v02.jpg
1223,http://i39.photobucket.com/albums/e187/isawell/IMG_7165.jpg
1224,http://www.ssuk.se/ras_galleri/keeshond/stenfiamona.jpg
1225,http://showdogs.co.uk/.conf/image.php?ximg=S2Vlc2hvbmQuanBn&d;=1&f;=1
1226,http://www.dogzonline.com.au/images/profiles/63/11960_1871.jpg
1227,http://static.flickr.com/1216/1387572819_6d2a31d893.jpg
1228,http://www.dkimages.com/discover/previews/815/613354.JPG
1229,http://photocache.petfinder.com/fotos/IL119/IL119.6203562-3-pn.jpg
1230,http://farm1.static.flickr.com/85/228752138_5b1f9ae525.jpg
1231,http://farm2.static.flickr.com/1169/584069171_7e4ef30274.jpg
1232,http://farm3.static.flickr.com/2003/2094011059_d861f1d926.jpg
1233,http://farm2.static.flickr.com/1191/1307935067_53ac1caeef.jpg
1234,http://farm1.static.flickr.com/117/294546862_1fad86ad0a.jpg
1235,http://static.flickr.com/92/225478132_e4301c1b23.jpg
1236,http://hem.passagen.se/silvertassen/pict/front.jpg
1237,http://www.pawsonpaths.com.au/images/Munch.JPG
1238,http://www.puppyfind.com/breed/keeshond/l_415003.jpg
1239,http://farm3.static.flickr.com/2033/1682465006_5a75e062f9.jpg
1240,http://www.canadogs.com/images/Eurasieradult4.jpg
1241,http://hem.passagen.se/leguns/bild.jpg
1242,http://static.flickr.com/25/35435516_e0ff705794.jpg
1243,http://farm3.static.flickr.com/2018/2094785174_8486b64013.jpg
1244,http://www.kgcf.co.kr/image/keeshond.jpg
1245,http://farm2.static.flickr.com/1365/744773416_cfc168e1dd.jpg
1246,http://farm1.static.flickr.com/60/225480768_88882c8740.jpg
1247,http://www.links4pets.com/shops/yahoo/karen/images/KEESHOND.jpg
1248,http://farm2.static.flickr.com/1362/1324826444_ca41a120c6.jpg
1249,http://farm1.static.flickr.com/71/225502898_a1359f4aec.jpg
1250,http://www.justdogbreeds.com/images/breeds/keeshond.jpg
1251,http://www.koinuno-heya.com/syurui/type1/keeshond/keeshond.jpg
1252,http://keeshond.ru/keeshond-bona.files/keeshond-bona-3.jpg
1253,http://farm1.static.flickr.com/82/225473592_cf9cd0632f.jpg
1254,http://farm2.static.flickr.com/1129/744773378_ab43da535c.jpg
1255,http://farm2.static.flickr.com/1240/1226792491_1bff4c8f60.jpg
1256,http://farm1.static.flickr.com/208/495465879_440978cd86.jpg
1257,http://farm2.static.flickr.com/1034/1326221770_414c6b954d.jpg
1258,http://www.mthoodkeeshondclub.org/new_images/LearningDogWalk_full.jpg
1259,http://farm2.static.flickr.com/1179/1429799055_0439d0d3d1.jpg
1260,http://www.shakeapaw.net/images/Stock%20Photos/keeshond040204.jpg
1261,http://www.puppypoopy.com/keeshond3.jpg
1262,http://farm2.static.flickr.com/1198/1224933611_f4271b9932.jpg
1263,http://image05.webshots.com/5/7/22/26/71472226rwUGek_fs.jpg
1264,http://users.techline.com/crummett/gallery/keeshond.jpg
1265,http://farm2.static.flickr.com/1040/1349557636_88602191a3.jpg
1266,http://static.flickr.com/2318/2044126712_a7f4c2099e.jpg
1267,http://farm1.static.flickr.com/38/78130663_bf04756e26.jpg
1268,http://image05.webshots.com/5/5/66/61/71456661heIEiK_fs.jpg
1269,http://www.ralfs-hundelexikon.de/foto/spitz/wolfsspitz1.jpg
1270,http://www.infor.nl/honden/images/grijskee.jpg
1271,http://www.gotdogsonline.com/keeshond-pictures-breeders-puppies-rescue/pictures/keeshond-0004.jpg
1272,http://www.petnohiroba.com/zukan/ka/keeshond.jpg
1273,http://farm3.static.flickr.com/2380/1910138515_17df0774d0.jpg
1274,http://farm1.static.flickr.com/91/225508142_263c031edf.jpg
1275,http://farm3.static.flickr.com/2082/2038702181_ac1f1ce152.jpg
1276,http://www.k9host.co.uk/grafix/Breeds/KeeshondNO.jpg
1277,http://www.spitz-loup.com/spitz_loup/photos/jeux_de_spitz/diapo7_normal.jpg
1278,http://farm2.static.flickr.com/1028/750270601_f34501c583.jpg
1279,http://www.desertstardogs.com/RowdyNationalCropSM.gif
1280,http://farm2.static.flickr.com/1154/1333752054_8de96b8deb.jpg
1281,http://farm1.static.flickr.com/83/224300552_db936f5955.jpg
1282,http://farm1.static.flickr.com/48/129099001_5f059977eb.jpg
1283,http://farm1.static.flickr.com/51/190143257_7db674b925.jpg
1284,http://www.gotpetsonline.com/pictures-gallery/dog-pictures-breeders-puppies-rescue/keeshond-pictures-breeders-puppies-rescue/pictures-photos/keeshond-0043.jpg
1285,http://freeweb.siol.net/akocar/_private/2540-02.jpg
1286,http://farm1.static.flickr.com/172/410083849_54e8374956.jpg
1287,http://farm2.static.flickr.com/1033/1260399438_56649f9e7d.jpg
1288,http://static.flickr.com/23/29021373_e1fde8df4d.jpg
1289,http://farm1.static.flickr.com/107/278636597_32e778edc0.jpg
1290,http://www.gotpetsonline.com/pictures-gallery/dog-pictures-breeders-puppies-rescue/keeshond-pictures-breeders-puppies-rescue/pictures/keeshond-0006.jpg
1291,http://farm2.static.flickr.com/1408/1227668420_70bc16deb1.jpg
1292,http://www.viewpoints.com/images/review/2007/109/11/1177000370-86718_thumb.jpg
1293,http://farm2.static.flickr.com/1414/862057416_529c33b454.jpg
1294,http://www.dooziedog.com/dog_breeds/images/full/Keeshond-1.jpg
1295,http://www.tousvosanimaux.com/photo_chiens/59.jpg
1296,http://www.gotpetsonline.com/pictures-gallery/dog-pictures-breeders-puppies-rescue/keeshond-pictures-breeders-puppies-rescue/pictures/keeshond-0026.jpg
1297,http://static.flickr.com/50/115678475_6edb6d35c0.jpg
1298,http://farm2.static.flickr.com/1396/1348510797_5b84843658.jpg
1299,http://us.iams.com/iams/en_US/data_root/image/dog_breed/amereski.jpg
1300,http://farm1.static.flickr.com/137/360878962_cb34903a74.jpg
1301,http://www.gotpetsonline.com/pictures-gallery/dog-pictures-breeders-puppies-rescue/keeshond-pictures-breeders-puppies-rescue/pictures/keeshond-0020.jpg
1302,http://farm1.static.flickr.com/78/224300864_37dbf060cd.jpg
1303,http://www.dkimages.com/discover/previews/815/613415.JPG
1304,http://static.flickr.com/190/520768132_e51c6867ba.jpg
1305,http://www.lunni.net/angorian/penny3.jpg
1306,
