0,http://farm1.static.flickr.com/120/274587562_a3b3ce41a3.jpg
1,http://www.mypets.net.au/template_images/Miniature-Schnauzer.jpg?0.7874175855710097
2,http://farm1.static.flickr.com/113/288876678_80faaa6a06.jpg
3,http://www.bettsenterprises.com/images/Dogs/colors/bsparti.jpg
4,http://farm3.static.flickr.com/2388/1588116113_0caeb9dad0.jpg
5,http://farm1.static.flickr.com/108/313967537_68c7fb2845.jpg
6,http://www.gotpetsonline.com/pictures-gallery/dog-pictures-breeders-puppies-rescue/miniature-schnauzer-pictures-breeders-puppies-rescue/pictures/miniature-schnauzer-0091.jpg
7,http://www.trufasnegras.com/fotospersonales/Chelsea/schnauzer_chelsea.jpg
8,http://farm1.static.flickr.com/23/25057179_345c26757a.jpg
9,http://farm1.static.flickr.com/217/462368841_5585f6cd55.jpg
10,http://farm1.static.flickr.com/72/168827398_f874d5e5eb.jpg
11,http://farm2.static.flickr.com/1115/1194359903_ad2a256b75.jpg
12,http://farm1.static.flickr.com/73/181939702_0afbfe5fd1.jpg
13,http://farm2.static.flickr.com/1298/1398327603_5ade7a70cd.jpg
14,http://www.dog-breeds.name/pictures/miniature-schnauzer/miniature-schnauzer-5.jpg
15,http://www.dog-breeds-infosite.com/images/miniatureschnauzer4.jpg
16,http://farm2.static.flickr.com/1427/1296980308_eab2ab2267.jpg
17,http://farm1.static.flickr.com/7/10363264_6f99e02dc0.jpg
18,http://www.gotpetsonline.com/pictures-gallery/dog-pictures-breeders-puppies-rescue/miniature-schnauzer-pictures-breeders-puppies-rescue/pictures-photos/miniature-schnauzer-0064.jpg
19,http://farm3.static.flickr.com/2244/1805488802_68b06c3074.jpg
20,http://farm1.static.flickr.com/225/457343784_b99ed55ec1.jpg
21,http://farm1.static.flickr.com/147/359689107_c5d6f59e30.jpg
22,http://farm1.static.flickr.com/4/6106928_decec50b6d.jpg
23,http://farm1.static.flickr.com/64/194101278_babd24ef7c.jpg
24,http://www.caninecrib.com/dog/pictures/images/schnauzer7_s.jpg
25,http://farm2.static.flickr.com/1283/736547255_291abd027a.jpg
26,http://farm1.static.flickr.com/55/173872245_03afff890f.jpg
27,http://farm1.static.flickr.com/122/291542028_7a8c81245c.jpg
28,http://farm3.static.flickr.com/2173/1927920155_d0c4bed599.jpg
29,http://farm3.static.flickr.com/2319/1545031859_5e74a15e5b.jpg
30,http://farm1.static.flickr.com/52/153091391_4afd8fa5b4.jpg
31,http://farm1.static.flickr.com/7/10823785_38f789a049.jpg
32,http://farm1.static.flickr.com/160/348378137_4645da2940.jpg
33,http://farm2.static.flickr.com/1166/772669446_0d6eba1358.jpg
34,http://farm2.static.flickr.com/1275/1197059860_f2928f674c.jpg
35,http://www.gotpetsonline.com/pictures-gallery/dog-pictures-breeders-puppies-rescue/miniature-schnauzer-pictures-breeders-puppies-rescue/pictures/miniature-schnauzer-0078.jpg
36,http://www.viarural.com.py/ganaderia/mascotas/fotografias-perros/schnauzer-miniatura-03.jpg
37,http://www.hart4dogs.org/Baron.jpg
38,http://www.animalbreedinfo.com/images20/MiniatureSchnauzzieMissBabyBlueAussieSchnauzerHybrid1.jpg
39,http://farm3.static.flickr.com/2165/2040084954_5a0d1fb719.jpg
40,http://farm1.static.flickr.com/194/441300939_a88d92e401.jpg
41,http://puppydogweb.com/gallery/miniatureschnauzers/miniatureschnauzer_p001.JPG
42,http://farm1.static.flickr.com/149/337553230_b9d6493fa0.jpg
43,http://farm2.static.flickr.com/1371/1354380964_cf3836a116.jpg
44,http://farm3.static.flickr.com/2088/2010881205_dad9d8ce23.jpg
45,http://www.puppysites.com/deluxe/tinkertoy.jpg
46,http://static.flickr.com/111/301338551_879d26c0c0.jpg
47,http://static.flickr.com/2212/1800177283_a6100699ae.jpg
48,http://animal-photography.co.uk/thumbs/AP-SDSQCK-TH.jpg
49,http://farm2.static.flickr.com/1114/1137520478_3c702f4221.jpg
50,http://upload.wikimedia.org/wikipedia/commons/thumb/9/9f/Miniature_Schnauzer_Flickr_edit.jpg/250px-Miniature_Schnauzer_Flickr_edit.jpg
51,http://farm1.static.flickr.com/130/349336204_a08745e09e.jpg
52,http://farm1.static.flickr.com/5/8583758_2c4ba2b11e.jpg
53,http://farm1.static.flickr.com/35/73655858_9fd68f5a5c.jpg
54,http://farm1.static.flickr.com/23/24916754_4b16884c71.jpg
55,http://farm1.static.flickr.com/212/500209545_9b01486b92.jpg
56,http://farm3.static.flickr.com/2127/2241648410_17d48d9ecb.jpg
57,http://farm1.static.flickr.com/18/22957538_0221fd63d4.jpg
58,http://farm2.static.flickr.com/1308/557743761_84609c81b2.jpg
59,http://www.petlovers.com.sg/PetMonth/UploadImg/1077.JPG
60,http://farm1.static.flickr.com/182/443506282_b94bbe9b97.jpg
61,http://farm1.static.flickr.com/67/173659770_c27f9b03bb.jpg
62,http://farm2.static.flickr.com/1052/1195514694_32bfe9a319.jpg
63,http://farm1.static.flickr.com/119/255380297_1f2d34cd80.jpg
64,http://www.linggenekennel.com/Feragamo.jpg
65,http://farm3.static.flickr.com/2248/2222954471_36b395aa7c.jpg
66,http://farm3.static.flickr.com/2046/1543405241_7cb987bd6a.jpg
67,http://farm1.static.flickr.com/27/36670781_d7092adcb0.jpg
68,http://farm2.static.flickr.com/1003/1194544589_b64a1324c9.jpg
69,http://farm1.static.flickr.com/23/25057748_073028f123.jpg
70,http://farm3.static.flickr.com/2052/2153046166_35eb6f6ac1.jpg
71,http://farm1.static.flickr.com/104/305475771_8cfdcb6bd5.jpg
72,http://www.davolvoreta.com/galeria/schnauzers/medianos/salpimienta/zaherir/zar003-180x126.jpg
73,http://farm1.static.flickr.com/127/416747559_606ee0b965.jpg
74,http://www.desertviewterriers.com/Wolfer_1.jpg
75,http://farm2.static.flickr.com/1438/1296129605_c94aa225bf.jpg
76,http://www.spritkaschnauzers.com/award.jpg
77,http://farm2.static.flickr.com/1405/1419759558_3b45c3d029.jpg
78,http://www.msrnorthwest.org/images/Rudy_II_copy_sm.jpg
79,http://www.breederretriever.com/photopost/data/719/medium/schnauzer.jpg
80,http://www.dehartschnauzer.com/P1010012_800x600.jpg
81,http://www.puppydogweb.com/gallery/miniatureschnauzers/miniatureschnauzer_michael.jpg
82,http://farm1.static.flickr.com/139/323375636_efe1c9d557.jpg
83,http://www.nowisconsinpuppymills.com/thorpauction-jo.jpg
84,http://www.qualitydogs.com/qdupimages/ad5357p2.JPG
85,http://farm3.static.flickr.com/2089/2110550095_0f6e97e4e6.jpg
86,http://farm1.static.flickr.com/30/47843494_7a58ab3a99.jpg
87,http://farm2.static.flickr.com/1395/1413753773_29130a7d3d.jpg
88,http://farm1.static.flickr.com/8/6849496_81612e822c.jpg
89,http://www.puppysites.com/deluxe/classicminifarm.jpg
90,http://farm1.static.flickr.com/95/211310941_134d082455.jpg
91,http://farm1.static.flickr.com/45/173658205_81f433d710.jpg
92,http://www.kateconnick.com/postcards/anniebath0905th.jpg
93,http://farm3.static.flickr.com/2093/1950961709_2d8cf1ac9b.jpg
94,http://farm1.static.flickr.com/77/173563998_27999cbbef.jpg
95,http://farm1.static.flickr.com/53/173859263_58c1293940.jpg
96,http://farm1.static.flickr.com/189/450103932_018a5fbfc4.jpg
97,http://farm1.static.flickr.com/22/25852490_35abfae1b0.jpg
98,http://static.flickr.com/171/455859402_56ec56a85f.jpg
99,http://farm1.static.flickr.com/46/186580632_10089e09e1.jpg
100,http://www.doginfos.com/html/DogPictures/greta.jpg
101,http://www.schnauzerbaby.com/images/joey9wks.jpg
102,http://www.findapuppy.com/images/Schnauzer3.jpg
103,http://www.gotdogsonline.com/miniature-schnauzer-pictures-breeders-puppies-rescue/pictures/miniature-schnauzer-0030.jpg
104,http://farm2.static.flickr.com/1050/1196547562_d0c71350df.jpg
105,http://static.flickr.com/1140/558427219_d0bcb7e174.jpg
106,http://farm3.static.flickr.com/2379/2083123506_e63fe66112.jpg
107,http://www.kennelupdogs.com/farley.jpg
108,http://farm1.static.flickr.com/126/409222392_a08ffd1735.jpg
109,http://farm1.static.flickr.com/164/362320223_60c9325fb6.jpg
110,http://www.carboneum.net/litter_b/blizzard/blizzard_06_07.jpg
111,http://static.flickr.com/1210/716791871_497710ca1e.jpg
112,http://farm2.static.flickr.com/1100/1195684183_e26aec37e7.jpg
113,http://farm2.static.flickr.com/1055/686113431_83a3a8e49b.jpg
114,http://farm1.static.flickr.com/127/399838056_be9b9cdb59.jpg
115,http://farm2.static.flickr.com/1041/1404083297_82372f13fa.jpg
116,http://www.findapuppy.com/images/ms3.jpg
117,http://www.btcanada.com/photos/photo4053.jpg
118,http://farm2.static.flickr.com/1016/1419980302_8f3bdd6e32.jpg
119,http://farm1.static.flickr.com/48/154868266_2666e4d912.jpg
120,http://farm2.static.flickr.com/1124/1263431414_f380c8ac83.jpg
121,http://farm1.static.flickr.com/170/453884398_1a6e4d66b3.jpg
122,http://www.masterpieceschnauzers.com/sitebuilder/images/Sterling11-162-311x325.jpg
123,http://www.pupcity.com/images/adpics/05259194229517_1.jpg
124,http://farm2.static.flickr.com/1417/1443897235_bbff7188e9.jpg
125,http://farm1.static.flickr.com/88/258906198_c8702dd022.jpg
126,http://www.toypups4u.com/assets/casper1.jpg
127,http://farm3.static.flickr.com/2177/2104100707_31be851899.jpg
128,http://farm1.static.flickr.com/50/134040827_c9f50cf4c6.jpg
129,http://www.dogzonline.co.nz/images/profiles/07/01/705_1689.jpg
130,http://farm1.static.flickr.com/45/181939823_2ff6bca589.jpg
131,http://static.flickr.com/49/136127147_89decb6cd9.jpg
132,http://schnauzersr-us.com/images/130-3097_img.jpg
133,http://www.ourdogs.co.uk/BreederDirectory/images/schnauzer-martonburg.jpg
134,http://farm1.static.flickr.com/161/431158383_b419b525db.jpg
135,http://static.flickr.com/2184/2021140944_efc60c07e3.jpg
136,http://farm1.static.flickr.com/157/362320169_706bbcbaa6.jpg
137,http://farm1.static.flickr.com/198/484242805_799b317b37.jpg
138,http://farm1.static.flickr.com/61/186578337_d360043bee.jpg
139,http://farm1.static.flickr.com/86/211307049_cc1448992e.jpg
140,http://farm1.static.flickr.com/63/230144191_961cdc0c49.jpg
141,http://farm2.static.flickr.com/1094/1194393289_62e9b88aae.jpg
142,http://www.netpuppy.com.hk/dog%20photo%20album/miniarure%20schnauzer.JPG
143,http://farm1.static.flickr.com/21/31792813_5037ce1a59.jpg
144,http://farm3.static.flickr.com/2297/1545017075_6a3f406c4c.jpg
145,http://farm1.static.flickr.com/47/173868881_3c3534ab32.jpg
146,http://farm1.static.flickr.com/170/474696096_ea40a25a6a.jpg
147,http://farm3.static.flickr.com/2250/1920210237_a81b3a3c32.jpg
148,http://theartoftimesuckage.chollyson.com/wp/wp-content/uploads/2007/01/wiltonstair2.jpg
149,http://farm1.static.flickr.com/17/22957511_d760957df9.jpg
150,http://farm1.static.flickr.com/34/123852941_fdb0b5482d.jpg
151,http://en.ce.cn/Life/news/photo%20news/200605/21/W020060521472008113429.jpg
152,http://farm1.static.flickr.com/230/455848190_2342ec51d3.jpg
153,http://www.silvergull.net/2003photos/03-04-03.jpg
154,http://farm3.static.flickr.com/2076/1703102445_617a3800a3.jpg
155,http://www.europuppy.com/dog_images/specials/miniature_schnauzer_for_sale.jpg
156,http://farm1.static.flickr.com/21/33808640_237857d913.jpg
157,http://farm1.static.flickr.com/23/25852506_399268ed6e.jpg
158,http://farm1.static.flickr.com/22/26436876_deb9ff7329.jpg
159,http://farm1.static.flickr.com/39/113293759_b0dc5bb3f9.jpg
160,http://farm1.static.flickr.com/221/524350265_c1c26d0c8e.jpg
161,http://www.petfriendsmagazine.com/killian1.jpg
162,http://sasalad.com/salad/type/minischnauzer01.JPG
163,http://farm3.static.flickr.com/2275/2072209513_28999550cd.jpg
164,http://farm1.static.flickr.com/185/433816630_c9ec9d8860.jpg
165,http://farm1.static.flickr.com/22/35814482_1a652a8cc8.jpg
166,http://farm3.static.flickr.com/2313/2153925739_e12c91e092.jpg
167,http://farm1.static.flickr.com/141/377590249_b407656679.jpg
168,http://farm1.static.flickr.com/145/372622221_78d0829e86.jpg
169,http://farm1.static.flickr.com/214/492991137_c8af6076ff.jpg
170,http://static.flickr.com/121/301641406_0cd88deed5.jpg
171,http://www.westminsterkennelclub.org/breedinformation/terrier/images/minsch.jpg
172,http://farm1.static.flickr.com/6/8240783_b13a4334f0.jpg
173,http://farm1.static.flickr.com/98/232147656_3d8f70caaf.jpg
174,http://farm2.static.flickr.com/1329/543729994_0ea44fd442.jpg
175,http://farm2.static.flickr.com/1232/1137583272_37989ae8b7.jpg
176,http://www.tempioantico.it/schnauzernani/italiano/idefix.jpg
177,http://farm1.static.flickr.com/32/57129670_c1ff6e54ba.jpg
178,http://farm1.static.flickr.com/125/320984557_247296f4e3.jpg
179,http://www.gotpetsonline.com/pictures-gallery/dog-pictures-breeders-puppies-rescue/miniature-schnauzer-pictures-breeders-puppies-rescue/pictures/miniature-schnauzer-0035.jpg
180,http://farm1.static.flickr.com/53/134040775_38760c6356.jpg
181,http://farm1.static.flickr.com/19/23237562_a99cf13183.jpg
182,http://farm1.static.flickr.com/46/134871365_7739e8eea4.jpg
183,http://farm2.static.flickr.com/1347/541064848_64cc3aa075.jpg
184,http://farm3.static.flickr.com/2283/1547541934_ebd0011513.jpg
185,http://farm3.static.flickr.com/2329/1736349432_f0c31987d2.jpg
186,http://www.kateconnick.com/postcards/schnauz0905bth.jpg
187,http://farm1.static.flickr.com/228/455859414_5d6c91614c.jpg
188,http://farm2.static.flickr.com/1424/1079031990_46580f31a5.jpg
189,http://farm2.static.flickr.com/1155/737406566_099a8c9851.jpg
190,http://farm1.static.flickr.com/48/173566224_4ab6031e40.jpg
191,http://farm3.static.flickr.com/2297/2084340007_4c18e5ed9d.jpg
192,http://farm1.static.flickr.com/3/6849489_3570554146.jpg
193,http://farm2.static.flickr.com/1177/1291420928_98b1a109ba.jpg
194,http://static.flickr.com/148/357603097_f83dfb5959.jpg
195,http://www.heloise.com/cabbie.jpg
196,http://farm2.static.flickr.com/1158/704103484_0b8ad3d703.jpg
197,http://farm1.static.flickr.com/114/313136516_26642711b7.jpg
198,http://johannesburg.gumtree.co.za/posting_images/27/11901427__1190297726__1__1-efa91666bc3470cf8e0cacd0e77d641e.__big__.jpg
199,http://farm1.static.flickr.com/69/165376455_9abf3c4530.jpg
200,http://pets-place.net/Breeds/MiniatureSchnauzerPhoto11.jpg
201,http://farm3.static.flickr.com/2054/1591413633_6f55515c17.jpg
202,http://farm1.static.flickr.com/75/173862360_5e99e01dc1.jpg
203,http://www.puppydogweb.com/gallery/miniatureschnauzers/miniatureschnauzer_p001.JPG
204,http://farm2.static.flickr.com/1336/1127380487_a1381aff87.jpg
205,http://farm3.static.flickr.com/2053/1545890766_c5d1bcab6c.jpg
206,http://www.kennels.co.uk/images/U.MiniatureSchnauzer.jpg
207,http://www.sidyboysfoolin.com/Promo/3mschnauzer33c.jpg
208,http://farm2.static.flickr.com/1387/1354598407_1037729088.jpg
209,http://www.allsmalldogbreeds.com/images/smalldogbreeds/miniature-schnauzer.jpg
210,http://static.flickr.com/1334/1401748113_78e78b12ee.jpg
211,http://homepage.usask.ca/~schmutz/TasminSchnauzer.jpg
212,http://www.gotpetsonline.com/pictures-gallery/dog-pictures-breeders-puppies-rescue/miniature-schnauzer-pictures-breeders-puppies-rescue/pictures-photos/miniature-schnauzer-0025.jpg
213,http://farm1.static.flickr.com/7/6417834_6e30e679c2.jpg
214,http://static.flickr.com/2292/1703108585_9ea8b47655.jpg
215,http://cms.dt.uh.edu/Faculty/HodgessE/VANDE2.jpg
216,http://lh3.google.com/_ULMMwSOqsik/RgabuHymIPI/AAAAAAAAABU/Bib3MeS4FSU/s800/IMAGE_054.jpg
217,http://farm1.static.flickr.com/73/173864163_d834ea2eb1.jpg
218,http://www.mini-schnauzersarefun.com/3generations.JPG
219,http://farm2.static.flickr.com/1220/1195479610_2df41ffc77.jpg
220,http://doggies4sale.com/images/schnzrfirstbath.jpg
221,http://www.pooch-connection.com/gallery/d/972-2/miniature-schnauzer-m.jpg
222,http://farm1.static.flickr.com/4/6847486_41e4ae5724.jpg
223,http://farm1.static.flickr.com/32/64862278_0c1e822e67.jpg
224,http://farm2.static.flickr.com/1262/1299612669_8b2791078e.jpg
225,http://farm1.static.flickr.com/54/173657888_0390288c91.jpg
226,http://www.schnauzermini.co.za/images/Sesame1.jpg
227,http://farm3.static.flickr.com/2100/2086211706_1dfe4e3f56.jpg
228,http://farm3.static.flickr.com/2180/1583799150_31580de517.jpg
229,http://www.toapayohvets.com/images/dogpix/050639AAMiniature_Schnauzer_4months_ToaPayohVets.jpg
230,http://farm1.static.flickr.com/45/177215614_e2f94ab590.jpg
231,http://farm1.static.flickr.com/220/508765347_eec9333e80.jpg
232,http://static.flickr.com/104/313113128_9657295213.jpg
233,http://wudhi.com/Assets/Images/oasis%20schnauzer%205.jpg
234,http://www.twosistersschnauzers.com/i/u/2055634/i/brandy_lil_boy_ezr.jpg
235,http://farm1.static.flickr.com/130/323540775_c367178179.jpg
236,http://farm2.static.flickr.com/1217/913146520_2ae74cfb14.jpg
237,http://www.littlekidstuff.com/images/melissa-doug-4857-plush-schnauzer-stuffed-animal-dog-550.jpg
238,http://farm2.static.flickr.com/1327/1194646725_066734d996.jpg
239,http://www.caninecrib.com/dog/pictures/images/schnauzer6_s.jpg
240,http://farm1.static.flickr.com/29/62223675_097b6d317f.jpg
241,http://petsfact.com/images/Miniature-Schnauzer%201.jpg
242,http://farm1.static.flickr.com/22/29332165_9a6b5fb6ba.jpg
243,http://www.viarural.com.uy/ganaderia/mascotas/fotografias-perros/schnauzer-miniatura-05.jpg
244,http://farm3.static.flickr.com/2326/2084357958_4c9fde4291.jpg
245,http://farm1.static.flickr.com/109/284390826_dc5ea57d3e.jpg
246,http://www.breedersonline.co.uk/Dogs/Photos/Miniature-Schnauzer.jpg
247,http://farm1.static.flickr.com/23/25057828_f6b4f225c9.jpg
248,http://farm1.static.flickr.com/42/79498257_57e541078c.jpg
249,http://www.schnauzer.sk/fotogaleria/BMk+s_tr_dorastu.jpg
250,http://doggiewoggie.com/wp-images/breeds/miniatureschnauzer.jpg
251,http://www.dogbreedinfo.com/images/minschnauzerboomerearsup.jpg
252,http://farm3.static.flickr.com/2104/2198249527_18fa3aa600.jpg
253,http://farm1.static.flickr.com/27/41564351_a92ee3170f.jpg
254,http://farm1.static.flickr.com/74/171952140_e0f197413e.jpg
255,http://farm2.static.flickr.com/1377/611888533_87f77aeabe.jpg
256,http://farm1.static.flickr.com/215/490809338_5bde858076.jpg
257,http://www.sherman.ca/wp-content/uploads/2006/12/IMG_1264.jpg
258,http://www.dogbreedinfo.com/images17/ChonzerLuigi14Months.JPG
259,http://static.flickr.com/2287/2110548727_17b18da2b8.jpg
260,http://farm1.static.flickr.com/45/136623187_e4834acf2a.jpg
261,http://farm3.static.flickr.com/2075/1557937422_bf9b520ded.jpg
262,http://www.alldogvideos.com/image/bObRqFrcXuQ/0/Miniature-Schnauzer-Mini-Skeeter-Having-Treat.jpg
263,http://farm3.static.flickr.com/2249/1557924242_04eb35e162.jpg
264,http://farm2.static.flickr.com/1433/1194539529_e748c62d90.jpg
265,http://users.telenet.be/theminiatureschnauzer/Chablis/chablis200.jpg
266,http://farm3.static.flickr.com/2213/2095626880_d797e225ea.jpg
267,http://farm3.static.flickr.com/2075/1827582681_b1977b7342.jpg
268,http://www.gotpetsonline.com/pictures-gallery/dog-pictures-breeders-puppies-rescue/miniature-schnauzer-pictures-breeders-puppies-rescue/pictures/miniature-schnauzer-0032.jpg
269,http://www.furbabyrescue.com/gifs/Aprilframed.jpg
270,http://www.taras.ro/pictures/sg-ghostbuster.jpg
271,http://farm2.static.flickr.com/1263/1197051176_efd5cee4dd.jpg
272,http://www.mulberryfarm.com/schnauzer_Black-Cindi7.jpg
273,http://farm1.static.flickr.com/246/521981748_3741441386.jpg
274,http://www.praegredior.com/angelina_podkoldumem.jpg
275,http://www.mtnhighminis.com/MaxBischoffer0507.jpg
276,http://farm1.static.flickr.com/21/24948061_b86282e606.jpg
277,http://dl.dogomania.com/breeds/min_schnauzer_white.jpg
278,http://www.gotpetsonline.com/pictures-gallery/dog-pictures-breeders-puppies-rescue/miniature-schnauzer-pictures-breeders-puppies-rescue/pictures-photos/miniature-schnauzer-0073.jpg
279,http://puppydogweb.com/gallery/miniatureschnauzers/miniatureschnauzer_jennyhowarth.jpg
280,http://www.dog-obedience-training-review.com/images/miniature-schnauzer-potty-training.jpg
281,http://static.flickr.com/2190/1806777531_e08a7227c9.jpg
282,http://farm1.static.flickr.com/186/421929947_ebf005d0e2.jpg
283,http://www.dogzonline.com.au/images/profiles/07/04/21077_35.jpg
284,http://farm1.static.flickr.com/22/30527191_5b2cb6ef6d.jpg
285,http://www.deeleeschnauzer.com/puppy.jpg
286,http://farm1.static.flickr.com/160/356570372_087b70cfb1.jpg
287,http://farm3.static.flickr.com/2327/2130494919_e5b83951e0.jpg
288,http://farm2.static.flickr.com/1107/1429498910_129fa35623.jpg
289,http://farm1.static.flickr.com/15/21417250_a029f163d9.jpg
290,http://www.gotpetsonline.com/pictures-gallery/dog-pictures-breeders-puppies-rescue/miniature-schnauzer-pictures-breeders-puppies-rescue/pictures/miniature-schnauzer-0038.jpg
291,http://farm1.static.flickr.com/21/25057184_52d750e221.jpg
292,http://home.hiwaay.net/~tgates/sleepr.jpg
293,http://farm1.static.flickr.com/70/200435203_81abcd0a19.jpg
294,http://farm1.static.flickr.com/149/404775475_41895b7cbb.jpg
295,http://farm2.static.flickr.com/1327/1290509365_0c67d618d4.jpg
296,http://farm3.static.flickr.com/2259/2042183538_2e8b8f4ddb.jpg
297,http://farm3.static.flickr.com/2220/2020340361_f6c3d9bcef.jpg
298,http://www.findapuppy.com/images/ms7.jpg
299,http://www.pamperedpuppy.com/images/contests/200605/winner03.jpg
300,http://farm1.static.flickr.com/56/113304684_3ec8137f73.jpg
301,http://farm1.static.flickr.com/50/134871458_30947d5580.jpg
302,http://www.toyschnauzer.com/Twinkle_my_girl.jpg
303,http://static.flickr.com/169/458369848_91552bb40b.jpg
304,http://www.awesomepawsomes.co.uk/Images/m_schnauzer3.jpg
305,http://farm2.static.flickr.com/1329/671231269_4259bd2b4d.jpg
306,http://static.flickr.com/2350/1580480011_47c73b4d64.jpg
307,http://farm1.static.flickr.com/213/448817559_4dd556466d.jpg
308,"http://www.duiops.net/seresvivos/galeria/perros/Tammi,%20Miniature%20Schnauzer%20Puppy.jpg"
309,http://farm1.static.flickr.com/117/296552427_a20d7a6948.jpg
310,http://farm2.static.flickr.com/1425/1196155991_6c3b975472.jpg
311,http://www.kennelcreations.com/images/Page%203%20-%20Contact%20-%20Bella%20&%20Holly%20-%20from%20Lizzy%20&%20Marty%20litter%202005%20-%20100_0145a.jpg
312,http://farm1.static.flickr.com/24/35345556_6262422e6c.jpg
313,http://farm2.static.flickr.com/1104/1193978587_61819939c2.jpg
314,http://farm1.static.flickr.com/27/35345793_36dd44dde2.jpg
315,http://mysite.verizon.net/greatwhitepaw/uploaded_images/brady-785615.jpg
316,http://www.arb-boxer.ru/images/bismark2.JPG
317,http://farm1.static.flickr.com/50/147083146_b6f2d916be.jpg
318,http://farm3.static.flickr.com/2382/2112046135_281257d34f.jpg
319,http://farm1.static.flickr.com/65/173564934_5241487f04.jpg
320,http://static.flickr.com/54/136127148_b3ba654c62.jpg
321,http://www.durfee.net/blog/uploaded_images/Polo%20016s-737067.jpg
322,http://www.dogsrus.com.au/images/schnauzer_l.jpg
323,http://farm3.static.flickr.com/2214/1545035059_a04dc14ef1.jpg
324,http://farm1.static.flickr.com/1/187995681_c8a7d65413.jpg
325,http://www.petlovers.com.sg/PetMonth/UploadImg/550.jpg
326,http://farm1.static.flickr.com/46/181939769_4a78cd3246.jpg
327,http://upload.wikimedia.org/wikipedia/commons/thumb/7/72/Miniature_Schnauzer_watchdog.jpg/450px-Miniature_Schnauzer_watchdog.jpg
328,http://www.petsplace.co.za/miniature%20schnauzer%20Monty%20Gowans.jpg
329,http://static.flickr.com/136/379071594_dd641ae310.jpg
330,http://static.flickr.com/108/276930594_737e7680d0.jpg
331,http://www.petnet.com.au/dogs/doggif/D170.jpg
332,http://static.flickr.com/1162/529228561_3f4460af2a.jpg
333,http://farm2.static.flickr.com/1326/1307387929_eac0f2dec8.jpg
334,http://wkrg.com/media/original/news/cache/01-12-2008_schnauzer_200x152.jpg
335,http://www.pupcity.com/images/adpics/2005139150454.jpg
336,http://farm2.static.flickr.com/1440/1196150741_e524496e0b.jpg
337,http://img.quamut.com/chart/1031/00_MiniatureSchnauzer_splash.jpg
338,http://farm1.static.flickr.com/200/477226795_ed5d37f724.jpg
339,http://farm3.static.flickr.com/2044/1545034621_f2b0fd88e3.jpg
340,http://www.europuppyusa.com/images/europu_galimages/1901.jpg
341,http://farm1.static.flickr.com/45/173878220_a4e33c3b1a.jpg
342,http://farm1.static.flickr.com/16/22957527_39385a0a5a.jpg
343,http://farm1.static.flickr.com/147/427245095_9330a135f3.jpg
344,http://www.west-highland-white-terrier-breeders.com/db_miniature_schnauzer1.jpg
345,http://farm1.static.flickr.com/114/366192290_45151d094f.jpg
346,http://farm3.static.flickr.com/2128/1545018345_0ce1030976.jpg
347,http://www.abiquadogs.com/schnauzers/images/seminar_uncropped.jpg
348,http://farm1.static.flickr.com/82/232145250_240bd011c0.jpg
349,http://www.anloandy.co.uk/images/lottielulujpg.jpg
350,http://www.alandsuejohnson.com/west%20virginia%20folder/dolly%20sods%20album%203/album/slides/dsc_3003.jpg
351,http://farm1.static.flickr.com/203/467967386_5e94ada838.jpg
352,http://farm3.static.flickr.com/2405/2205726539_921c4ef0b7.jpg
353,http://farm1.static.flickr.com/37/102975255_80d2a8c030.jpg
354,http://www.miniature-schnauzer-dogs.com/pictures-images-photos/miniature-schnauzers-08.jpg
355,http://farm1.static.flickr.com/44/148214359_e85bbc2d00.jpg
356,http://www.thepetprofessor.com/images/breed_profiles/dogs/Miniature_Schnauzer.jpg
357,http://www.dogfacts.org/Miniature-Schnauzer-1.jpg
358,http://schnauzertex.com/images/VinChair.jpg
359,http://farm1.static.flickr.com/221/491416073_78f274ac5c.jpg
360,http://static.flickr.com/1375/581838430_3055a1fe58.jpg
361,http://farm1.static.flickr.com/59/212805706_827f37dd43.jpg
362,http://farm1.static.flickr.com/217/468638728_15156c3bde.jpg
363,http://farm3.static.flickr.com/2263/2013906439_fed416d11c.jpg
364,http://www.dogpicture.mypetdogs.com/images/miniature_schnauzer/cocoa_vicki_meldrum_usa.JPG
365,http://farm1.static.flickr.com/26/42717661_8cd59a9457.jpg
366,http://farm1.static.flickr.com/79/232145004_046b5d29fc.jpg
367,http://farm2.static.flickr.com/1271/1059233588_66f2b2ccbf.jpg
368,http://farm2.static.flickr.com/1365/1019283531_a343954301.jpg
369,http://www.gotpetsonline.com/pictures-gallery/dog-pictures-breeders-puppies-rescue/miniature-schnauzer-pictures-breeders-puppies-rescue/pictures-photos/miniature-schnauzer-0058.jpg
370,http://www.dogbreedinfo.com/images16/CHONZERReeceMaddoxSchnauzerBichon1.jpg
371,http://farm1.static.flickr.com/189/477227633_5d0729d988.jpg
372,http://news.bbc.co.uk/media/images/40956000/jpg/_40956190_pebbles.jpg
373,http://farm2.static.flickr.com/1211/865870645_4edd15a325.jpg
374,http://farm1.static.flickr.com/206/499072695_2d756b63e1.jpg
375,http://static.flickr.com/64/201182069_610de2fa7c.jpg
376,http://www.2000dogs.com/photos/minischnauzer_pdw.jpg
377,http://farm1.static.flickr.com/51/173869294_9120a87f7a.jpg
378,http://farm2.static.flickr.com/1167/1194661375_facd90e6a8.jpg
379,http://farm3.static.flickr.com/2079/2020341919_9f292857b1.jpg
380,http://farm2.static.flickr.com/1243/852841772_63693c977c.jpg
381,http://farm1.static.flickr.com/180/411577051_25a051edcc.jpg
382,http://farm1.static.flickr.com/135/326129648_e9e887ab6b.jpg
383,http://static.flickr.com/64/191340980_399bc81300_b.jpg
384,http://farm1.static.flickr.com/186/461000352_2d0cf6e733.jpg
385,http://farm2.static.flickr.com/1081/527810654_80167dfbf0.jpg
386,http://www.jessandleroy.com/wp/wp-content/wally-007.jpg
387,http://farm3.static.flickr.com/2352/2051395023_07a27c0bac.jpg
388,http://farm1.static.flickr.com/219/450617181_ec8005cb48.jpg
389,http://www.gotpetsonline.com/pictures-gallery/dog-pictures-breeders-puppies-rescue/miniature-schnauzer-pictures-breeders-puppies-rescue/pictures-photos/miniature-schnauzer-0151.jpg
390,http://www.nero-argento.dk/images/gruppe-2001-19x10.jpg
391,http://www.gotpetsonline.com/pictures-gallery/dog-pictures-breeders-puppies-rescue/miniature-schnauzer-pictures-breeders-puppies-rescue/pictures/miniature-schnauzer-0090.jpg
392,http://farm1.static.flickr.com/95/232147362_3d316568e5.jpg
393,http://farm1.static.flickr.com/171/403596566_79a2992e86.jpg
394,http://farm3.static.flickr.com/2007/2144765117_06790afdcb.jpg
395,http://www.mulberryfarm.com/schnauzer_Maggie-on-sofa_closeup_298x320.jpg
396,http://www.dogbreedinfo.com/images10/SchnuazerMINdogs%20039.jpg
397,http://www.luvdgpuppies.com/Copy%20of%20100_0378%20(Custom).JPG
398,http://www.wizardsofpaws.com/SchnauzerVideo001_0003.jpg
399,http://farm3.static.flickr.com/2104/2064659076_bc75b2e316.jpg
400,http://farm2.static.flickr.com/1407/578111763_bc6e3d5cdf.jpg
401,http://farm1.static.flickr.com/69/171946924_ad55cb86d7.jpg
402,http://farm2.static.flickr.com/1424/1136575000_f4aba3a85e.jpg
403,http://farm2.static.flickr.com/1320/1058363765_b28499c569.jpg
404,http://static.flickr.com/2241/1890440521_aee4df1055.jpg
405,http://farm1.static.flickr.com/25/35814367_1a634bc250.jpg
406,http://axcium.com/Images/phod.jpg
407,http://farm1.static.flickr.com/125/421201245_1697442256.jpg
408,http://farm2.static.flickr.com/1094/1197065600_295942dfb5.jpg
409,http://farm1.static.flickr.com/114/276274160_f759b68894.jpg
410,http://farm1.static.flickr.com/21/26437015_e615501ea6.jpg
411,http://farm2.static.flickr.com/1096/1137457758_48f1d6ae1a.jpg
412,http://farm3.static.flickr.com/2056/2132125996_36884bda2e.jpg
413,http://www.gotpetsonline.com/pictures-gallery/dog-pictures-breeders-puppies-rescue/miniature-schnauzer-pictures-breeders-puppies-rescue/pictures/miniature-schnauzer-0004.jpg
414,http://farm1.static.flickr.com/55/152011220_8be17ef4e8.jpg
415,http://farm1.static.flickr.com/54/181940234_79801e602c.jpg
416,http://www.schnauzerlover.com/images/BreedingCrew/Joy/joy.jpg
417,http://farm1.static.flickr.com/21/32124528_613049922e.jpg
418,http://farm3.static.flickr.com/2120/1799063206_c0940e00f5.jpg
419,http://farm3.static.flickr.com/2317/2222819490_f7fc1d57e2.jpg
420,http://farm1.static.flickr.com/59/171952141_250e51e1a9.jpg
421,http://farm1.static.flickr.com/222/502782372_2a82aaba1b.jpg
422,http://farm1.static.flickr.com/144/323540634_99ae9d16a6.jpg
423,http://farm1.static.flickr.com/152/333995811_9a4880c0fc.jpg
424,http://axcium.com/Images/p10.jpg
425,http://farm1.static.flickr.com/227/460673653_06fefe4e60.jpg
426,http://www.jklgrooming.com/Images06/Photo8/grooming_Schnauzer2_small.jpg
427,http://www.miniature-schnauzer-dogs.com/pictures-images-photos/miniature-schnauzers-06.jpg
428,http://farm1.static.flickr.com/234/456853405_e39c8fee2d.jpg
429,http://farm2.static.flickr.com/1378/1196201117_9d57329724.jpg
430,http://farm2.static.flickr.com/1361/1311880643_11dc4437b4.jpg
431,http://static.flickr.com/250/450103938_11e4c9e24d.jpg
432,http://www.k9gifts.com/dog-art/1steddum-prints/schnauzer-paperboy.jpg
433,http://farm1.static.flickr.com/70/171949873_d48824e31c.jpg
434,http://farm1.static.flickr.com/104/296140528_62af09b732.jpg
435,http://farm1.static.flickr.com/164/391484887_ab20fc1ecd.jpg
436,http://farm1.static.flickr.com/237/452635641_e02f36d01d.jpg
437,http://www.thaisecondhand.com/view/productpic/p3788220n1.jpg
438,http://farm2.static.flickr.com/1341/655831255_80b963ea32.jpg
439,http://farm2.static.flickr.com/1073/720532108_eab36812b3.jpg
440,http://www.europuppy.com/images/dog_breed_info/miniature_schnauzer.jpg
441,http://www.gotdogsonline.com/miniature-schnauzer-pictures-breeders-puppies-rescue/pictures/miniature-schnauzer-0010.jpg
442,http://www.gotpetsonline.com/pictures-gallery/dog-pictures-breeders-puppies-rescue/miniature-schnauzer-pictures-breeders-puppies-rescue/pictures/miniature-schnauzer-0082.jpg
443,http://farm3.static.flickr.com/2105/2155830995_a26b58bca6.jpg
444,http://farm1.static.flickr.com/7/8018266_3947434c08.jpg
445,http://farm2.static.flickr.com/1232/1444914642_753d80f02d.jpg
446,http://www.markcampanella.com/images/Armchair_Schnauzer.jpg
447,http://farm3.static.flickr.com/2305/2053023359_edd926e61a.jpg
448,http://wwww.petfinder.com/fotos/SC115/SC115.6557534-1-x.jpg
449,http://farm2.static.flickr.com/1103/1135421854_e1389a19b8.jpg
450,http://www.gotpetsonline.com/pictures-gallery/dog-pictures-breeders-puppies-rescue/miniature-schnauzer-pictures-breeders-puppies-rescue/pictures-photos/miniature-schnauzer-0070.jpg
451,http://farm1.static.flickr.com/8/10369846_33084be467.jpg
452,http://farm3.static.flickr.com/2004/2228395161_6d8a7f00c5.jpg
453,http://farm2.static.flickr.com/1289/1197057298_8ae75a7c89.jpg
454,http://farm1.static.flickr.com/143/348378030_c49f77e612.jpg
455,http://farm1.static.flickr.com/3/5174975_7cb5f94ebd.jpg
456,http://farm1.static.flickr.com/62/173866790_0842aa34c6.jpg
457,http://farm3.static.flickr.com/2065/1799063854_7de0e2ffcf.jpg
458,http://farm2.static.flickr.com/1094/1195687851_debe4d0b2b.jpg
459,http://www.k9breedlist.com/images/Cheryl_Nims_Yorkshire_Terrier.jpg
460,http://www.gotpetsonline.com/pictures-gallery/dog-pictures-breeders-puppies-rescue/miniature-schnauzer-pictures-breeders-puppies-rescue/pictures/miniature-schnauzer-0014.jpg
461,http://farm2.static.flickr.com/1113/623713416_fe5e03111b.jpg
462,http://farm1.static.flickr.com/21/25344628_8545e6547f.jpg
463,http://www.caninecrib.com/dog/pictures/images/schnauzer4_s.jpg
464,http://www.e-koinu.jp/koinu/2007072208.53.jpg
465,http://farm1.static.flickr.com/237/461015899_2aba8303a4.jpg
466,http://www.csmsc.org/images/members_dogs/ohr_nesseth.jpg
467,http://farm2.static.flickr.com/1137/534810573_95821454e6.jpg
468,http://farm3.static.flickr.com/2305/2067706109_bdd39e38e6.jpg
469,http://farm1.static.flickr.com/78/173662090_0a5a0734af.jpg
470,http://farm1.static.flickr.com/76/173658649_eec33a8b5b.jpg
471,http://www.valleyviewdogs.com/images/schnauzers/schnauzer-miniature-gumpie-poo-02_small.jpg
472,http://farm1.static.flickr.com/7/6048959_958a938d52.jpg
473,http://farm2.static.flickr.com/1148/1291440954_bbc3b90235.jpg
474,http://farm2.static.flickr.com/1380/1106167906_290ee0f8cd.jpg
475,http://www.gotpetsonline.com/pictures-gallery/dog-pictures-breeders-puppies-rescue/miniature-schnauzer-pictures-breeders-puppies-rescue/pictures-photos/miniature-schnauzer-0100.jpg
476,http://farm2.static.flickr.com/1261/1137318884_b8c1ec1504.jpg
477,http://farm1.static.flickr.com/23/35814404_5bdcbf88e9.jpg
478,http://farm1.static.flickr.com/178/474188135_10505f08d5.jpg
479,http://farm2.static.flickr.com/1295/1133617364_c1f51c43d4.jpg
480,http://farm2.static.flickr.com/1165/1429484468_bd2bd32771.jpg
481,http://www.gotpetsonline.com/pictures-gallery/dog-pictures-breeders-puppies-rescue/miniature-schnauzer-pictures-breeders-puppies-rescue/pictures/miniature-schnauzer-0057.jpg
482,http://farm2.static.flickr.com/1258/543829137_15c83b94cb.jpg
483,http://static.flickr.com/166/413871601_fd022b611e.jpg
484,http://farm1.static.flickr.com/23/25057187_655df23201.jpg
485,http://farm1.static.flickr.com/95/263141426_db7dd3ebec.jpg
486,http://farm3.static.flickr.com/2414/2054894118_66735879d8.jpg
487,http://farm2.static.flickr.com/1126/1019284337_8b4ec98e6b.jpg
488,http://farm2.static.flickr.com/1076/1354372568_b784d3932b.jpg
489,http://www.trammellsqualityschnauzers.com/100_0598.jpg
490,http://farm3.static.flickr.com/2396/2104822836_8ee528ddf2.jpg
491,http://farm1.static.flickr.com/253/522948316_4e91cfb6bd.jpg
492,http://www.gotpetsonline.com/pictures-gallery/dog-pictures-breeders-puppies-rescue/miniature-schnauzer-pictures-breeders-puppies-rescue/pictures/miniature-schnauzer-0061.jpg
493,http://farm3.static.flickr.com/2217/2111643686_bb4a41dd67.jpg
494,http://farm1.static.flickr.com/21/25057181_4e09ea7e84.jpg
495,http://farm1.static.flickr.com/61/180296539_048254d940.jpg
496,http://farm1.static.flickr.com/133/411575592_e825738bac.jpg
497,http://www.mulberryfarm.com/heidis_boy-face_320x369.jpg
498,http://home.k06.itscom.net/lapulapu/img242.jpg
499,http://farm1.static.flickr.com/178/417046316_dfc4cfd0d2.jpg
500,http://farm1.static.flickr.com/21/25852493_0fbaa3556b.jpg
501,http://www.tallguywebdesigns.com/Aschnauzer/images/mylo/mylo08.jpg
502,http://farm1.static.flickr.com/169/482842368_c1ee979a60.jpg
503,http://farm3.static.flickr.com/2150/1993978151_d1476ec482.jpg
504,http://farm1.static.flickr.com/22/25057646_e8f3802bec.jpg
505,http://farm1.static.flickr.com/4/6849482_9d26100075.jpg
506,http://farm1.static.flickr.com/67/173564748_22d3d890c4.jpg
507,http://farm1.static.flickr.com/32/35345813_56286ea137.jpg
508,http://farm1.static.flickr.com/90/236093870_66c9c8d402.jpg
509,http://farm1.static.flickr.com/220/510888258_f38d44da81.jpg
510,http://farm1.static.flickr.com/52/134871409_1450e9851d.jpg
511,http://static.flickr.com/203/512028403_8d5cbaf4ea.jpg
512,http://farm1.static.flickr.com/23/25057643_e1de6b91c7.jpg
513,http://farm1.static.flickr.com/29/35345677_980ab503ed.jpg
514,http://www.sidyboysfoolin.com/Richlene/buckeyelillypuppy1.jpg
515,http://farm1.static.flickr.com/6/6980939_78d640d81c.jpg
516,http://www.kinologija.com/images/ss04/SPK_Club_Special_Show_BOB_Miniature_SP_Schnauzer_1.jpg
517,http://static.flickr.com/26/102975114_6f67f1b487.jpg
518,http://www.tinychihuahua.com/adbianca.jpg
519,http://farm1.static.flickr.com/61/181940089_5845ebfafb.jpg
520,http://www.motherknowsbest.ca/grads/images/rocky_miniatureschnauzer.jpg
521,http://www.durfee.net/blog/uploaded_images/Christmas%202005%20062%20smaller-714001.jpg
522,http://www.dogbreedinformation.com/images/miniatureschnauzerface.JPG
523,http://farm1.static.flickr.com/27/101294258_51b4a7d1af.jpg
524,http://www.gotpetsonline.com/pictures-gallery/dog-pictures-breeders-puppies-rescue/miniature-schnauzer-pictures-breeders-puppies-rescue/pictures/miniature-schnauzer-0024.jpg
525,http://www.kateconnick.com/postcards/joyschnth.jpg
526,http://farm1.static.flickr.com/51/173852180_a43b77a3ba.jpg
527,http://farm3.static.flickr.com/2416/1586748225_15947431fe.jpg
528,http://farm1.static.flickr.com/5/6980938_3c4ce24d64.jpg
529,http://farm1.static.flickr.com/59/165816308_c2a22a6049.jpg
530,http://farm1.static.flickr.com/26/45769378_57d911d613.jpg
531,http://www.dogbreedinfo.com/images18/MiniatureSchnaupinJasmineSittinwithDad.JPG
532,http://farm1.static.flickr.com/155/330392911_d77e3bac04.jpg
533,http://farm3.static.flickr.com/2087/1543400447_24fb9ee1ee.jpg
534,http://farm2.static.flickr.com/1363/1296923360_c09d5e0f9c.jpg
535,http://aireborneagility.com/db1/00091/aireborneagility.com/_uimages/Tigger2.jpg
536,http://mauchspetsuperstore.com/images/breed.images/mini.schnauzer.jpg
537,http://farm2.static.flickr.com/1219/562038600_4123f4546b.jpg
538,http://www.gotpetsonline.com/pictures-gallery/dog-pictures-breeders-puppies-rescue/miniature-schnauzer-pictures-breeders-puppies-rescue/pictures-photos/miniature-schnauzer-0016.jpg
539,http://farm2.static.flickr.com/1042/612502610_1a0bb683bd.jpg
540,http://farm1.static.flickr.com/110/290464065_2a072f9811.jpg
541,http://www.dogs.net.au/graubartminischnauzers/images/extra_239.jpg
542,http://farm3.static.flickr.com/2145/1878691224_e7e8efd8ea.jpg
543,http://farm1.static.flickr.com/45/173565605_a094d3c34a.jpg
544,http://farm1.static.flickr.com/199/488307774_08ff07def4.jpg
545,http://farm1.static.flickr.com/214/488318758_16a58e8ba5.jpg
546,http://farm3.static.flickr.com/2403/2130495141_c21136f441.jpg
547,http://treetalks.org/100_0495_800x532.jpg
548,http://farm3.static.flickr.com/2003/1703076295_4d8dc6d77f.jpg
549,http://farm1.static.flickr.com/2/2911758_1c69ce7030.jpg
550,http://www.elrodsminiatureschnauzers.com/images/Tie%20003Print.jpg
551,http://farm2.static.flickr.com/1178/1461942035_662a0ce0df.jpg
552,http://farm2.static.flickr.com/1362/1364492220_3555f45a39.jpg
553,http://www.dogzonline.com.au/images/profiles/64/8240_1449.jpg
554,http://farm1.static.flickr.com/27/35345790_95c1a4162e.jpg
555,http://farm2.static.flickr.com/1069/790717774_5badf5176e.jpg
556,http://farm1.static.flickr.com/28/60902626_69df0f9964.jpg
557,http://farm3.static.flickr.com/2378/2040084948_b15478d568.jpg
558,http://brinleesbarkers.com/Salti%201.jpg
559,http://www.diversifiedideas.com/rainbow_kennels/images/schnauzer.jpg
560,http://www.gotpetsonline.com/pictures-gallery/dog-pictures-breeders-puppies-rescue/miniature-schnauzer-pictures-breeders-puppies-rescue/pictures/miniature-schnauzer-0065.jpg
561,http://farm3.static.flickr.com/2292/2134290937_9c6ce5c78e.jpg
562,http://farm2.static.flickr.com/1247/865969699_e11c13d564.jpg
563,http://www.jklgrooming.com/Images06/Photo12/grooming_Miniature_Schnauzer.jpg
564,http://static.flickr.com/2259/2110551291_3e4b00ef62.jpg
565,http://farm3.static.flickr.com/2091/1598875727_186186eb8f.jpg
566,http://home.earthlink.net/~msfriends/rescueboard/adoptedphotos/misty.jpg
567,http://caninecoalition.com/img/Miniature-Schnauzer--2.jpg
568,http://static.flickr.com/1063/541841019_72f48196f8.jpg
569,http://www.dogbreedinfo.com/images3/MiniatureSchnauzerdscdex5.jpg
570,http://farm1.static.flickr.com/200/443783017_9f6a6c3653.jpg
571,http://farm1.static.flickr.com/182/486672149_af8113a47a.jpg
572,http://farm2.static.flickr.com/1161/623713468_8f8bf18afe.jpg
573,http://farm1.static.flickr.com/140/394462699_3e4a883db3.jpg
574,http://farm1.static.flickr.com/158/343253681_efae7917ea.jpg
575,http://farm3.static.flickr.com/2111/1580487181_92ee93f5b2.jpg
576,http://farm1.static.flickr.com/193/484044163_99603a3931.jpg
577,http://farm2.static.flickr.com/1128/1392987116_f8ea97e45d.jpg
578,http://farm1.static.flickr.com/53/173659957_d7485b7502.jpg
579,http://farm2.static.flickr.com/1218/1136979015_828b121c65.jpg
580,http://farm1.static.flickr.com/209/457555258_52f68be81f.jpg
581,http://farm2.static.flickr.com/1266/865866759_922acc6971.jpg
582,http://farm1.static.flickr.com/118/315009301_4c2983785b.jpg
583,http://farm1.static.flickr.com/27/36670750_55f217798c.jpg
584,http://farm2.static.flickr.com/1230/918681954_bdd864706a.jpg
585,http://farm1.static.flickr.com/139/369599370_0c36dd0de1.jpg
586,http://www.hassanhills.com/nyheter_files/bilder_dec-maj-03/DustinApr03_stor.jpg
587,http://farm2.static.flickr.com/1137/1353499521_0aa4111587.jpg
588,http://farm1.static.flickr.com/78/171949871_b2aa8a64c9.jpg
589,http://www.kateconnick.com/postcards/cosschflowrsth.jpg
590,http://www.gotdogsonline.com/miniature-schnauzer-pictures-breeders-puppies-rescue/pictures/miniature-schnauzer-0027.jpg
591,http://www.gotdogsonline.com/miniature-schnauzer-pictures-breeders-puppies-rescue/pictures/miniature-schnauzer-0022.jpg
592,http://farm1.static.flickr.com/208/488318800_998fdc7712.jpg
593,http://farm2.static.flickr.com/1114/1117181305_62db1fcfa1.jpg
594,http://farm1.static.flickr.com/75/173877196_bccf9d0a15.jpg
595,http://farm1.static.flickr.com/195/465210371_6d285de6d9.jpg
596,http://farm1.static.flickr.com/59/173853732_13e24d6e99.jpg
597,http://farm1.static.flickr.com/64/181940006_3471dbd6ba.jpg
598,http://farm1.static.flickr.com/141/321472405_f1b25db5a0.jpg
599,http://farm1.static.flickr.com/200/443506276_080845af4a.jpg
600,http://farm1.static.flickr.com/9/77603705_e13e327488.jpg
601,http://farm2.static.flickr.com/1438/913146840_58372d7d6c.jpg
602,http://farm1.static.flickr.com/43/84632692_188fe3a8ca.jpg
603,http://farm1.static.flickr.com/8/8240781_f6536d2c3a.jpg
604,http://farm1.static.flickr.com/64/191341885_0b8939b3ef.jpg
605,http://farm2.static.flickr.com/1020/1444664820_1a263e8677.jpg
606,http://farm2.static.flickr.com/1095/1392987658_994395e537.jpg
607,http://farm2.static.flickr.com/1215/722062563_5a79abcb35.jpg
608,http://farm3.static.flickr.com/2056/2189106765_26dd01f153.jpg
609,http://farm1.static.flickr.com/3/6417835_ba6aa3913d.jpg
610,http://farm2.static.flickr.com/1407/1429562944_8ee842b27d.jpg
611,http://farm1.static.flickr.com/34/123852938_beaff093da.jpg
612,http://bamasteelmagnolia.files.wordpress.com/2007/05/babyface-2.jpg
613,http://farm1.static.flickr.com/221/501593485_b93e92458a.jpg
614,http://farm1.static.flickr.com/124/362320351_22cf87a8aa.jpg
615,http://farm1.static.flickr.com/23/27960642_f3115c1e7e.jpg
616,http://farm1.static.flickr.com/128/348033113_b93620d296.jpg
617,http://farm1.static.flickr.com/55/173872652_c39688748e.jpg
618,http://farm3.static.flickr.com/2041/2239492690_c6a8599527.jpg
619,http://farm2.static.flickr.com/1090/561709027_35b44d4618.jpg
620,http://farm3.static.flickr.com/2111/1878688864_a80208b542.jpg
621,http://farm1.static.flickr.com/221/453420751_677e6cb945.jpg
622,http://www.gotpetsonline.com/pictures-gallery/dog-pictures-breeders-puppies-rescue/miniature-schnauzer-pictures-breeders-puppies-rescue/pictures/miniature-schnauzer-0076.jpg
623,http://farm3.static.flickr.com/2324/2206785974_8bea50b474.jpg
624,http://farm3.static.flickr.com/2240/2155825587_2be648a87d.jpg
625,http://farm1.static.flickr.com/23/31146208_f3e028a1f0.jpg
626,http://farm1.static.flickr.com/60/170165962_a1fd28ebc7.jpg
627,http://farm2.static.flickr.com/1401/720573717_d818cfa755.jpg
628,http://farm3.static.flickr.com/2331/2040698419_1fcc297ac1.jpg
629,http://farm1.static.flickr.com/197/506819271_72cdd27069.jpg
630,http://static.flickr.com/2152/2052811172_5faf95783a.jpg
631,http://farm1.static.flickr.com/22/29826426_57706907bf.jpg
632,http://farm3.static.flickr.com/2068/2232241339_75cec5ff87.jpg
633,http://farm2.static.flickr.com/1029/1196553612_94ab1b24c3.jpg
634,http://farm3.static.flickr.com/2298/2195931511_25328b0017.jpg
635,http://farm1.static.flickr.com/121/315022817_51ab03d665.jpg
636,http://farm1.static.flickr.com/5/9898049_2d508fab97.jpg
637,http://farm1.static.flickr.com/56/134378027_c298d11449.jpg
638,http://www.sandrasminiatureschnauzers.com/pepper.jpg
639,http://farm1.static.flickr.com/173/476819048_abd44a9b57.jpg
640,http://farm2.static.flickr.com/1412/865963105_da786c67b0.jpg
641,http://farm1.static.flickr.com/23/26436855_bfd1053ee3.jpg
642,http://www.brissard.ro/Portals/2/PropertyAgent/411/Images/89.jpg
643,http://www.trufasnegras.com/fotospersonales/camada_h/hazelnut/schnauzer.jpg
644,http://farm1.static.flickr.com/57/187677679_ea173efebb.jpg
645,http://www.valleyviewdogs.com/images/schnauzers/schnauzer-miniature-gumpie-poo-01_small.jpg
646,http://www.theguys.org/Monkey/pix/NikeHoldsKnees.jpg
647,http://farm1.static.flickr.com/23/35345850_b76c8ef66e.jpg
648,http://www.sidyboysfoolin.com/Richlene/040906schnpuppybig.jpg
649,http://www.praegredior.com/orin_uvod.gif
650,http://farm3.static.flickr.com/2112/2066998381_4a0b9f916b.jpg
651,http://farm1.static.flickr.com/36/123853870_1327dff884.jpg
652,http://files.dogster.com/pix/dogs/68/468/1.jpg
653,http://farm2.static.flickr.com/1289/750238793_aca322e9f5.jpg
654,http://farm1.static.flickr.com/181/482161972_2cbcc6242b.jpg
655,http://farm3.static.flickr.com/2403/2055693826_eec086b552.jpg
656,http://farm3.static.flickr.com/2288/1544228754_6c90fa1d7e.jpg
657,http://pets-place.net/Breeds/MiniatureSchnauzerPhoto4.jpg
658,http://farm3.static.flickr.com/2079/2075561673_64ca64f2ba.jpg
659,http://farm1.static.flickr.com/153/427128166_39357f9346.jpg
660,http://farm1.static.flickr.com/3/6847494_2340cdea82.jpg
661,http://farm2.static.flickr.com/1308/759280709_18dabf70b0.jpg
662,http://farm1.static.flickr.com/170/452635259_5803ad3fc6.jpg
663,http://farm3.static.flickr.com/2088/2110550417_bdc1b81d1f.jpg
664,http://farm1.static.flickr.com/62/173661559_b58d93d549.jpg
665,http://farm2.static.flickr.com/1300/1195216686_4174fd5a7f.jpg
666,http://farm3.static.flickr.com/2250/1759343466_b201f70682.jpg
667,http://farm3.static.flickr.com/2159/1663884036_a45fe0dd7e.jpg
668,http://farm2.static.flickr.com/1287/1354328456_367b9e0ad3.jpg
669,http://www.doggylabo.com/schna/axl/axl.ftitle.jpg
670,http://www.pikelien.com/pics/288.jpg
671,http://farm1.static.flickr.com/3/6849495_4233c14dbf.jpg
672,http://farm1.static.flickr.com/137/321472707_e338ec6399.jpg
673,http://farm3.static.flickr.com/2257/2083289389_b42e1d7fdc.jpg
674,http://farm3.static.flickr.com/2231/1931807105_ef28a74997.jpg
675,http://farm1.static.flickr.com/8/8240769_4cc9d92c6d.jpg
676,http://farm1.static.flickr.com/125/336684513_0e9f87a98f.jpg
677,http://www.tempioantico.it/schnauzernani/inglese/nuovo-2.jpg
678,http://www.gotpetsonline.com/pictures-gallery/dog-pictures-breeders-puppies-rescue/miniature-schnauzer-pictures-breeders-puppies-rescue/pictures-photos/miniature-schnauzer-0005.jpg
679,http://farm1.static.flickr.com/57/188579280_99434b4cda.jpg
680,http://farm1.static.flickr.com/218/498473192_5ec772a55b.jpg
681,http://www.studyourdog.com/images/ph1033.jpg
682,http://www.dognews.com/pedigreegallery/2003/terrier/images/Miniature%20Schnauzer%20.jpg
683,http://farm1.static.flickr.com/16/20602853_208af7aefd.jpg
684,http://farm3.static.flickr.com/2220/2164422852_b7cc7946aa.jpg
685,http://farm3.static.flickr.com/2077/2059387469_a8d8278de1.jpg
686,http://www.petlovers.com.sg/PetMonth/UploadImg/1220.jpg
687,http://farm3.static.flickr.com/2125/2099356389_9c00b35b55.jpg
688,http://farm1.static.flickr.com/28/35340906_faf421a278.jpg
689,http://www.petsplace.co.za/schnauzer%20puppy.jpg
690,http://farm1.static.flickr.com/56/153992290_d435aa5b56.jpg
691,http://www.tkdogs.com/img/resources/breeds/miniature_schnauzer.jpg
692,http://farm1.static.flickr.com/151/434457270_273635fa63.jpg
693,http://farm3.static.flickr.com/2126/2063550129_876814c737.jpg
694,http://farm1.static.flickr.com/40/102975012_73d4dad7d4.jpg
695,http://farm1.static.flickr.com/170/384662504_2d112c100a.jpg
696,http://farm1.static.flickr.com/193/488307688_f093b9690a.jpg
697,http://farm1.static.flickr.com/32/63110730_c9465863c1.jpg
698,http://farm3.static.flickr.com/2089/2046261384_8e978de1f1.jpg
699,http://farm3.static.flickr.com/2115/2151290017_c7dccf6162.jpg
700,http://farm1.static.flickr.com/166/416739300_8ee7124cc6.jpg
701,http://farm1.static.flickr.com/153/337314907_0df675037e.jpg
702,http://farm3.static.flickr.com/2420/2199038918_a62db0bd2b.jpg
703,http://www.possumhollowfarms.com/images/WhiskeyWillis_small.jpg
704,http://farm3.static.flickr.com/2064/2198250475_f834158140.jpg
705,http://www.kateconnick.com/postcards/cossit3th.jpg
706,http://www.kateconnick.com/postcards/cosschnauzfaceth.jpg
707,http://farm1.static.flickr.com/30/35814442_87ea85cdba.jpg
708,http://www.pedigree.co.nz/breeds/images/schnauzer.jpg
709,http://farm1.static.flickr.com/55/168420648_72fbc41949.jpg
710,http://www.monticellominis.com/Dark%20S&P;%20male%2021407.jpg
711,http://www.law.missouri.edu/devine/baileydevine.JPG
712,http://members.tripod.com/allaboutdogs/images/cutestface.jpg
713,http://www.olliesgroomingstudio.co.uk/images/ArnieMiniatureSchnacher.thumb.jpg
714,http://farm2.static.flickr.com/1087/1136970588_96087a98ba.jpg
715,http://farm2.static.flickr.com/1239/1340615582_47ca543515.jpg
716,http://image28.webshots.com/29/1/97/42/250919742wGQhzQ_fs.jpg
717,http://www.cuddlycritters.org/images/critters/Patty_Jo_600x800.jpg
718,http://farm1.static.flickr.com/3/5174997_c9b4e37bc9.jpg
719,http://farm1.static.flickr.com/222/512141894_5eeb3aab4c.jpg
720,http://farm2.static.flickr.com/1389/1194357153_82437f0f16.jpg
721,http://www.dogbreedinfo.com/images17/ChonzerLuigi4Months.jpg
722,http://farm3.static.flickr.com/2385/2087917450_9e08e5c1c4.jpg
723,http://farm1.static.flickr.com/172/376682392_e99f043026.jpg
724,http://farm1.static.flickr.com/23/24319275_874566e678.jpg
725,http://farm1.static.flickr.com/28/44655346_8bbfe6bbfd.jpg
726,http://farm2.static.flickr.com/1031/1127472139_228e5954ca.jpg
727,http://farm2.static.flickr.com/1428/763817518_fcfc758ec0.jpg
728,http://farm2.static.flickr.com/1136/1197027644_527838064e.jpg
729,http://www.paulafenton.co.uk/images/portraits/large/alfie_schnauzer.jpg
730,http://farm1.static.flickr.com/225/512183455_c7828cda4d.jpg
731,http://files.dogster.com/pix/dogs/70/471670/471670_1170615389.jpg
732,http://www.gotpetsonline.com/pictures-gallery/dog-pictures-breeders-puppies-rescue/miniature-schnauzer-pictures-breeders-puppies-rescue/pictures-photos/miniature-schnauzer-0007.jpg
733,http://farm1.static.flickr.com/128/372362752_026cc16e66.jpg
734,http://www.lapdogrescue.org/allie.jpg
735,http://farm1.static.flickr.com/6/6106947_442302d628.jpg
736,http://dl.dogomania.com/breeds/min_schnauzer.jpg
737,http://farm1.static.flickr.com/21/36670730_83e3afa0e5.jpg
738,http://farm1.static.flickr.com/31/60902597_39f2b144a5.jpg
739,http://lh3.google.com/_wd5-MvQztGA/RJOh6TK9ABI/AAAAAAAAAWQ/tohL3U5wCds/s800/img_2232.jpg
740,http://www.petsplace.co.za/Schnauzer%20pup%20Fritz.jpg
741,http://farm1.static.flickr.com/25/101294452_89ebceb5e5.jpg
742,http://farm3.static.flickr.com/2390/2021144502_dd076c2a3e.jpg
743,http://www.gotpetsonline.com/pictures-gallery/dog-pictures-breeders-puppies-rescue/miniature-schnauzer-pictures-breeders-puppies-rescue/pictures-photos/miniature-schnauzer-0094.jpg
744,http://www.champdogs.co.uk/images/k7636d2.jpg?2
745,http://farm1.static.flickr.com/26/35342766_a8d931b81b.jpg
746,http://farm3.static.flickr.com/2130/2050643719_a4c2ecc96d.jpg
747,http://farm1.static.flickr.com/49/173662324_d5a949a39b.jpg
748,http://farm1.static.flickr.com/9/77064530_e5f4e52279.jpg
749,http://farm2.static.flickr.com/1036/998048419_82c550929f.jpg
750,http://farm1.static.flickr.com/76/173656981_e73db431c3.jpg
751,http://farm2.static.flickr.com/1321/1354365320_cd81c0bf39.jpg
752,http://static.flickr.com/2279/2021146054_55c61a82a3.jpg
753,http://farm1.static.flickr.com/47/173663274_8d385705a6.jpg
754,http://farm3.static.flickr.com/2023/1525136597_28ace559df.jpg
755,http://farm3.static.flickr.com/2025/2138888505_8c748ca3ab.jpg
756,http://farm3.static.flickr.com/2366/2115216809_a5e2af0f64.jpg
757,http://farm2.static.flickr.com/1071/866814828_6ebe542ed4.jpg
758,http://farm1.static.flickr.com/224/463581915_9cd4c40085.jpg
759,http://farm1.static.flickr.com/23/29332210_2bfa6d89e1.jpg
760,http://farm1.static.flickr.com/19/22838379_833c1184ba.jpg
761,http://farm3.static.flickr.com/2100/2229293754_975e836c72.jpg
762,http://farm1.static.flickr.com/23/25852510_82e2eabea9.jpg
763,http://farm2.static.flickr.com/1390/1273935614_f13f43974a.jpg
764,http://farm1.static.flickr.com/57/173750477_58041ee07f.jpg
765,http://farm2.static.flickr.com/1085/1490568360_926f8a647c.jpg
766,http://farm3.static.flickr.com/2301/1574300604_2bf6ac359f.jpg
767,http://static.flickr.com/1081/581599349_5c180bf0a0.jpg
768,http://farm2.static.flickr.com/1066/1197035792_4244b0ac51.jpg
769,http://farm2.static.flickr.com/1358/1395462485_408b91efd8.jpg
770,http://farm1.static.flickr.com/67/165814588_97aa38f7ee.jpg
771,http://farm3.static.flickr.com/2276/1599194293_55c014ca60.jpg
772,http://farm1.static.flickr.com/242/449009856_2059776836.jpg
773,http://farm1.static.flickr.com/95/226443512_ea60b72f2a.jpg
774,http://farm1.static.flickr.com/205/491415767_83d2c4bf98.jpg
775,http://farm1.static.flickr.com/36/123851087_21c0d9b2d8.jpg
776,http://farm1.static.flickr.com/28/51878113_840572b3d9.jpg
777,http://members.tripod.com/allaboutdogs/images/thekill2.jpg
778,http://farm1.static.flickr.com/31/35342628_37b0e5f610.jpg
779,http://farm1.static.flickr.com/179/401010174_0f34c8369b.jpg
780,http://www.dogbreedinfo.com/images19/MiniSchnauzerTheRainCoat.JPG
781,http://farm1.static.flickr.com/181/484010576_70552fbc65.jpg
782,http://farm3.static.flickr.com/2036/1703926770_108945dd7a.jpg
783,http://farm2.static.flickr.com/1299/1299612341_cd6ab84224.jpg
784,http://static.flickr.com/2270/2094201296_e8ffba2ec4.jpg
785,http://farm2.static.flickr.com/1374/737402272_27cb156e2a.jpg
786,http://www.blaizenoak.com/Teedy%20head%20Outside.jpg
787,http://farm1.static.flickr.com/7/6106919_cebd310bdd.jpg
788,http://www.viarural.com.py/ganaderia/mascotas/fotografias-perros/schnauzer-miniatura-02.jpg
789,http://farm1.static.flickr.com/46/166086175_0224ab19f4.jpg
790,http://farm1.static.flickr.com/127/348378081_edc973a15f.jpg
791,http://farm1.static.flickr.com/34/123852943_5717e5cb9b.jpg
792,http://farm3.static.flickr.com/2015/2122034710_db3c69de24.jpg
793,http://farm1.static.flickr.com/5/6849485_96150c4987.jpg
794,http://farm1.static.flickr.com/154/416739072_f65fad0882.jpg
795,http://www.gotpetsonline.com/pictures-gallery/dog-pictures-breeders-puppies-rescue/miniature-schnauzer-pictures-breeders-puppies-rescue/pictures-photos/miniature-schnauzer-0048.jpg
796,http://farm1.static.flickr.com/5/6847484_6c9cf81b47.jpg
797,http://farm1.static.flickr.com/8/10317370_050b76bf99.jpg
798,http://farm2.static.flickr.com/1149/1290581747_75507d1d82.jpg
799,http://farm1.static.flickr.com/150/380403652_a4e1270a74.jpg
800,http://farm2.static.flickr.com/1305/680942148_be1c364f76.jpg
801,http://farm1.static.flickr.com/22/24915832_0251432714.jpg
802,http://farm3.static.flickr.com/2307/2050637845_24ba49ae3b.jpg
803,http://farm1.static.flickr.com/71/181940191_4454289670.jpg
804,http://farm2.static.flickr.com/1417/737403344_ef7371f1bb.jpg
805,http://farm1.static.flickr.com/29/67728316_e1f1e1e875.jpg
806,http://farm1.static.flickr.com/22/31146080_f6cc804472.jpg
807,http://farm1.static.flickr.com/8/9578660_2b05cf7c4c.jpg
808,http://farm2.static.flickr.com/1366/1287240401_0ac52b028b.jpg
809,http://farm3.static.flickr.com/2082/2240057525_700464442f.jpg
810,http://canadasguidetodogs.com/customergraphics/minschnauzer.jpg
811,http://farm2.static.flickr.com/1026/929329269_3d4c6c58f0.jpg
812,http://farm1.static.flickr.com/116/365178195_b56a93c496.jpg
813,http://farm1.static.flickr.com/141/390301125_df07de98ec.jpg
814,http://farm1.static.flickr.com/7/8240795_2fd2e256b7.jpg
815,http://farm1.static.flickr.com/224/463967892_f081574ab7.jpg
816,http://farm1.static.flickr.com/118/272139205_491743de0c.jpg
817,http://farm1.static.flickr.com/24/35814423_2975881bb1.jpg
818,http://farm1.static.flickr.com/221/461988267_9231d1858b.jpg
819,http://farm3.static.flickr.com/2062/2169044711_b9edc05e71.jpg
820,http://www.minischnauzers.com/images/dallas.jpg
821,http://farm1.static.flickr.com/210/489383208_2e6c14b578.jpg
822,http://neighborsgo.beloblog.com/archives/Bootie.jpg
823,http://farm3.static.flickr.com/2184/2089874695_24a99cb122.jpg
824,http://farm1.static.flickr.com/67/189125706_d647d6fcd3.jpg
825,http://farm2.static.flickr.com/1244/1194333791_bb94559030.jpg
826,http://farm1.static.flickr.com/84/207022578_695893f494.jpg
827,http://farm1.static.flickr.com/218/454845014_ac08f77739.jpg
828,http://dreamangelkennel.com/images/baby_mitzi.jpg
829,http://www.grancaribekennel.com/images/230_schnauzer_tres_variedades_propietario_Ivonne_Sep_lveda.jpg
830,http://farm1.static.flickr.com/21/30955239_d5de6754b6.jpg
831,http://farm1.static.flickr.com/59/173850024_e19f2a40e6.jpg
832,http://farm2.static.flickr.com/1173/1296941276_219bace954.jpg
833,http://farm1.static.flickr.com/52/133142728_a3a49ce31f.jpg
834,http://farm2.static.flickr.com/1294/1194659559_635481cbd2.jpg
835,http://farm3.static.flickr.com/2058/2084101840_3ae78ac9d6.jpg
836,http://farm1.static.flickr.com/149/348378322_3607ea6226.jpg
837,http://farm2.static.flickr.com/1043/1429405342_1a8c78f8cd.jpg
838,http://farm2.static.flickr.com/1055/1444669168_e129249e9c.jpg
839,http://farm2.static.flickr.com/1424/1194460717_0f37557f57.jpg
840,http://www.townncountryschnoodles.com/Sophie.jpg
841,http://farm3.static.flickr.com/2383/2057022842_7e20a4a7e3.jpg
842,http://farm2.static.flickr.com/1435/1195436896_8ebd2b76fa.jpg
843,http://farm3.static.flickr.com/2347/2184600556_4cc28a42f8.jpg
844,http://farm3.static.flickr.com/2300/1662989135_b32c7d6c5c.jpg
845,http://farm2.static.flickr.com/1112/1217602131_b44ec20d7e.jpg
846,http://farm1.static.flickr.com/4/6106935_81ab5ce5a5.jpg
847,http://farm2.static.flickr.com/1399/1077937049_fe8098c372.jpg
848,http://farm2.static.flickr.com/1070/1195452298_9a81bd9e7b.jpg
849,http://farm1.static.flickr.com/6/8240785_47133951b3.jpg
850,http://farm1.static.flickr.com/21/24948058_87f4707058.jpg
851,http://farm1.static.flickr.com/160/416739223_0bd4df6624.jpg
852,http://farm2.static.flickr.com/1202/736548693_715c4ae4be.jpg
853,http://farm2.static.flickr.com/1018/566447665_4e07c5dc25.jpg
854,http://farm1.static.flickr.com/132/416744989_7c77f264fa.jpg
855,http://farm1.static.flickr.com/31/35345847_a2157e03fe.jpg
856,http://farm3.static.flickr.com/2277/2235107232_a9c5bfde77.jpg
857,http://farm1.static.flickr.com/5/6048961_34151c335c.jpg
858,http://farm2.static.flickr.com/1229/1471107202_3c766d2c99.jpg
859,http://farm1.static.flickr.com/168/482851821_fb51dd1672.jpg
860,http://farm3.static.flickr.com/2257/1938078908_a027c2615a.jpg
861,http://farm2.static.flickr.com/1226/1296905280_b9a61e645a.jpg
862,http://farm1.static.flickr.com/5/6048944_649cc05861.jpg
863,http://farm1.static.flickr.com/148/416734994_8439a667a5.jpg
864,http://farm2.static.flickr.com/1413/929301063_f7b56755e3.jpg
865,http://farm2.static.flickr.com/1235/722934762_c9d1c89712.jpg
866,http://farm1.static.flickr.com/70/196054550_98ea3a85ff.jpg
867,http://farm1.static.flickr.com/32/52860027_d75c4e7393.jpg
868,http://farm1.static.flickr.com/16/22957516_d8c4915321.jpg
869,http://farm3.static.flickr.com/2396/2240833298_1beaa077ee.jpg
870,http://farm1.static.flickr.com/73/168337189_3ec4513685.jpg
871,http://farm1.static.flickr.com/170/391471052_230ee683e9.jpg
872,http://farm1.static.flickr.com/126/333995582_2a45abe72b.jpg
873,http://farm1.static.flickr.com/66/184077669_9b2f42d340.jpg
874,http://farm1.static.flickr.com/69/173658842_321356ae52.jpg
875,http://britmorschnauzers.com/greta.jpg
876,http://farm1.static.flickr.com/31/52420945_543ef93521.jpg
877,http://www.petfancypuppies.com/schnauz.jpg
878,http://farm1.static.flickr.com/31/35342211_9d12cab223.jpg
879,http://static.flickr.com/1245/537400337_86679d72b1.jpg
880,http://www.gotpetsonline.com/pictures-gallery/dog-pictures-breeders-puppies-rescue/miniature-schnauzer-pictures-breeders-puppies-rescue/pictures-photos/miniature-schnauzer-0086.jpg
881,http://www.gotpetsonline.com/pictures-gallery/dog-pictures-breeders-puppies-rescue/miniature-schnauzer-pictures-breeders-puppies-rescue/pictures-photos/miniature-schnauzer-0053.jpg
882,http://farm1.static.flickr.com/150/385939830_137665dc61.jpg
883,http://farm2.static.flickr.com/1148/1354319420_84a7d161b1.jpg
884,http://www.dogbreedinfo.com/images16/SnorkieHuey6MonthsOld2.JPG
885,http://farm1.static.flickr.com/23/31146146_0aae430919.jpg
886,http://www.mytopdogs.com/pics/miniatureschnauzer.jpg
887,http://farm2.static.flickr.com/1323/1195206140_569e826307.jpg
888,http://farm1.static.flickr.com/31/42717872_0cd59e6bf2.jpg
889,http://farm1.static.flickr.com/174/380395732_490649a3ac.jpg
890,http://farm1.static.flickr.com/51/133834511_0536996073.jpg
891,http://www.gotpetsonline.com/pictures-gallery/dog-pictures-breeders-puppies-rescue/miniature-schnauzer-pictures-breeders-puppies-rescue/pictures-photos/miniature-schnauzer-0036.jpg
892,http://farm1.static.flickr.com/23/29826431_6921900006.jpg
893,http://www.dvergschnauzer.net/images/uschamp.jpg
894,http://farm2.static.flickr.com/1081/657309348_a2eadbde96.jpg
895,http://www.animalbreedinfo.com/images20/MiniatureSchnauzzieMissBabyBlueAussieSchnauzerHybrid2.jpg
896,http://www.gentlyborn.com/g/robin/tbRobin2.jpg
897,http://static.flickr.com/2015/2103564175_d8552c814a.jpg
898,http://farm2.static.flickr.com/1080/1339666583_f58c94da78.jpg
899,http://www.pepalfas.com/media/2006/vit_vaggeryd.jpg
900,http://farm2.static.flickr.com/1197/1196157213_9525d29b2f.jpg
901,http://bp2.blogger.com/_TkcChljXENQ/RvHWglk1m1I/AAAAAAAABDE/P9I3U1S6fAk/s320/miniature+schnauzer.jpg
902,http://farm1.static.flickr.com/248/445273388_c5f92d5f9b.jpg
903,http://farm2.static.flickr.com/1105/722061925_7a42685f31.jpg
904,http://www.olddogcookie.com/images/dog_photos/keyton.jpg
905,http://farm3.static.flickr.com/2114/1600078970_03a6efd5f6.jpg
906,http://static.flickr.com/1218/1461890391_17bfc23878.jpg
907,http://static.flickr.com/190/500926218_7e4a5f4ae5.jpg
908,http://farm1.static.flickr.com/16/20306753_f6e5d3ac8d.jpg
909,http://farm3.static.flickr.com/2029/1545043837_8ca43491a7.jpg
910,http://farm1.static.flickr.com/181/372619061_81816be237.jpg
911,http://farm1.static.flickr.com/97/276244816_1a6c247505.jpg
912,http://farm1.static.flickr.com/122/311410128_89a56edc47.jpg
913,http://farm1.static.flickr.com/183/450103936_ff12e4d0a2.jpg
914,http://static.flickr.com/125/320033914_88ac23bbf3.jpg
915,http://farm2.static.flickr.com/1201/1195521344_fa9e08dc32.jpg
916,http://farm1.static.flickr.com/64/216721538_717f41b988.jpg
917,http://www.puppydogbreedinfo.com/schnauzer_miniature_02a.jpg
918,http://www.viarural.com.uy/ganaderia/mascotas/fotografias-perros/schnauzer-miniatura-06.jpg
919,http://farm1.static.flickr.com/34/102975048_1cf648aa68.jpg
920,http://www.moonlightkennels.com/puppypics/Julie407.jpg
921,http://farm3.static.flickr.com/2160/1581374890_fdc0086d35.jpg
922,http://farm1.static.flickr.com/232/446921728_c3607473f0.jpg
923,http://farm2.static.flickr.com/1402/1443803567_0526917776.jpg
924,http://farm3.static.flickr.com/2285/1557938866_be766345c7.jpg
925,http://farm2.static.flickr.com/1212/759278829_addd8e0d75.jpg
926,http://farm3.static.flickr.com/2267/1927001982_9467bb3fb2.jpg
927,http://farm1.static.flickr.com/14/15292524_8eab18171a.jpg
928,http://farm1.static.flickr.com/5/10237902_90c56f5e01.jpg
929,http://farm2.static.flickr.com/1284/1195193658_a27bf92972.jpg
930,http://www.miniature-schnauzers.com/Made-by-RCC/scooter-valentine4.jpg
931,http://farm2.static.flickr.com/1423/1058560027_179358911f.jpg
932,http://farm1.static.flickr.com/22/26437021_2ac7750683.jpg
933,http://www.gotpetsonline.com/pictures-gallery/dog-pictures-breeders-puppies-rescue/miniature-schnauzer-pictures-breeders-puppies-rescue/pictures/miniature-schnauzer-0041.jpg
934,http://farm2.static.flickr.com/1404/1195333252_e233d2d1dc.jpg
935,http://farm2.static.flickr.com/1296/716716457_18a0273c30.jpg
936,http://www.pawpatchkennel.net/Micky-schnauzer-dad.JPG
937,http://www.gotpetsonline.com/pictures-gallery/dog-pictures-breeders-puppies-rescue/miniature-schnauzer-pictures-breeders-puppies-rescue/pictures-photos/miniature-schnauzer-0028.jpg
938,http://static.flickr.com/2260/1801012092_0dba8484e1.jpg
939,http://farm2.static.flickr.com/1123/1194452613_1e6ebcc865.jpg
940,http://farm3.static.flickr.com/2179/1938079594_b9797845a2.jpg
941,http://www.wendygraham.com.au/wendy_img/Mitzi.jpg
942,http://farm2.static.flickr.com/1401/1399256750_b0bc36d4b5.jpg
943,http://farm2.static.flickr.com/1171/623713474_de7ba90cb9.jpg
944,http://farm1.static.flickr.com/113/297540928_8d5a1c4891.jpg
945,http://farm1.static.flickr.com/21/30953851_1ea6d06f93.jpg
946,http://www.mutleymakeovers.com/i/tn_tinkerbell1.jpg
947,http://farm2.static.flickr.com/1190/1010174328_0df8d66a8d.jpg
948,http://farm1.static.flickr.com/21/32124516_c65c115972.jpg
949,http://www.traffordphotos.com/assets/images/Miniature_Schnauzer.jpg
950,http://farm1.static.flickr.com/53/134871481_da3238e38a.jpg
951,http://www.gangwayms.com/Gangway_files/Gangway_photos/Junie_blowup.jpg
952,http://farm3.static.flickr.com/2261/2076368844_e90a1a3f29.jpg
953,http://www.pichera.com/imgs/fichas/watsonficha.jpg
954,http://static.flickr.com/1288/557279401_84bc36d8c5.jpg
955,http://farm3.static.flickr.com/2233/2198247695_092c13d471.jpg
956,http://farm3.static.flickr.com/2207/2182404015_7561b07d30.jpg
957,http://farm1.static.flickr.com/213/498473216_62d37af249.jpg
958,http://puppydogweb.com/gallery/photogallery/photo00013461/miniatureschnauzer_josh.jpg
959,http://legacyms.com/images/roxytdam.jpg
960,http://farm1.static.flickr.com/178/375986929_775a3f19a0.jpg
961,http://farm3.static.flickr.com/2155/1703960730_e6ce6a39a7.jpg
962,http://farm2.static.flickr.com/1233/1291401846_7ffa450eff.jpg
963,http://farm2.static.flickr.com/1364/623713578_eb8a5b59cd.jpg
964,http://farm1.static.flickr.com/70/173861305_2745df89ea.jpg
965,http://farm1.static.flickr.com/54/134871445_04bf7f7b22.jpg
966,http://farm1.static.flickr.com/19/23247606_0f11ff2d71.jpg
967,http://harrisonspuppypaws.com/sitebuilder/images/Friska8-28-2005B-273x247.jpg
968,http://farm1.static.flickr.com/79/236150418_17e76ed28d.jpg
969,http://farm1.static.flickr.com/24/102975021_0bbfa782bb.jpg
970,http://farm2.static.flickr.com/1017/1195537830_be923c352c.jpg
971,http://www.dogbreedinfo.com/calendars/Miniature_Schnauzer.jpg
972,http://farm1.static.flickr.com/24/57954191_367849eaa6.jpg
973,http://farm1.static.flickr.com/54/134040876_997aca9387.jpg
974,http://farm3.static.flickr.com/2231/2169599304_c6440fbb21.jpg
975,http://farm3.static.flickr.com/2025/1545893816_8c7dec0297.jpg
976,http://farm2.static.flickr.com/1145/1296102401_358f008297.jpg
977,http://barakaminiatureschnauzers.com/rory.jpg
978,http://farm1.static.flickr.com/4/5174993_3c26456de3.jpg
979,http://farm1.static.flickr.com/21/26436883_b2903621c0.jpg
980,http://www.yourpurebredpuppy.com/dogbreeds/photos/miniatureschnauzers.jpg
981,http://farm2.static.flickr.com/1410/1019282733_bae5e93509.jpg
982,http://farm2.static.flickr.com/1217/1429470678_8c5c803a07.jpg
983,http://farm1.static.flickr.com/4/6106931_e35d73aac6.jpg
984,http://farm2.static.flickr.com/1024/763817542_110a6170d9.jpg
985,http://hobietails.com/upload/2006/03/rudolf.jpg
986,http://farm2.static.flickr.com/1046/1195488952_7c9e919dd5.jpg
987,http://farm3.static.flickr.com/2374/2153064832_0c0ae17b3d.jpg
988,http://farm3.static.flickr.com/2164/2074198945_d553853c99.jpg
989,http://farm3.static.flickr.com/2126/2228496163_1b42c64c96.jpg
990,http://farm1.static.flickr.com/53/134871378_7ad78cb766.jpg
991,http://farm2.static.flickr.com/1179/1037938360_46d40e6fb3.jpg
992,http://static.flickr.com/105/283916827_154bb17427.jpg
993,http://farm1.static.flickr.com/17/22957537_d5839245c0.jpg
994,http://static.flickr.com/51/133532506_f52c738707.jpg
995,http://farm2.static.flickr.com/1214/1194428765_12188f7ab3.jpg
996,http://www.perrosdelaargentina.com.ar/imag2th/schnauzermi02-8109.JPG
997,http://farm1.static.flickr.com/214/489616475_2b1e168071.jpg
998,http://farm1.static.flickr.com/36/118541541_18c28da03f.jpg
999,http://www.griefonline.com/images/eddie.jpg
1000,http://farm2.static.flickr.com/1316/533468893_3ef1dee416.jpg
1001,http://farm3.static.flickr.com/2419/2196704232_61198f1506.jpg
1002,http://www.gotpetsonline.com/pictures-gallery/dog-pictures-breeders-puppies-rescue/miniature-schnauzer-pictures-breeders-puppies-rescue/pictures-photos/miniature-schnauzer-0087.jpg
1003,http://farm1.static.flickr.com/3/6048973_4bf693c783.jpg
1004,http://farm1.static.flickr.com/23/24916032_921e66b8d1.jpg
1005,http://farm1.static.flickr.com/72/153992983_5ffbb5b850.jpg
1006,http://farm1.static.flickr.com/59/272136475_f8124faae2.jpg
1007,http://farm1.static.flickr.com/5/6048957_bd1bfde77b.jpg
1008,http://farm1.static.flickr.com/21/35345816_c0fc8689fc.jpg
1009,http://farm1.static.flickr.com/225/498473200_2321142ec9.jpg
1010,http://farm3.static.flickr.com/2381/1674620000_b554ebd712.jpg
1011,http://farm2.static.flickr.com/1034/760135498_f258fa0e96.jpg
1012,http://www.caninecrib.com/dog/pictures/images/schnauzer7_l.jpg
1013,http://farm1.static.flickr.com/120/287103157_509b94b245.jpg
1014,http://farm1.static.flickr.com/161/372621565_b9d2046149.jpg
1015,http://farm2.static.flickr.com/1068/1353501579_1d0b9ce85d.jpg
1016,http://www.gotpetsonline.com/pictures-gallery/dog-pictures-breeders-puppies-rescue/miniature-schnauzer-pictures-breeders-puppies-rescue/pictures-photos/miniature-schnauzer-0092.jpg
1017,http://farm1.static.flickr.com/31/42717128_0dbf925aa2.jpg
1018,http://farm1.static.flickr.com/205/458609961_b5f0055a80.jpg
1019,http://farm1.static.flickr.com/74/153079033_5ed4f645a4.jpg
1020,http://www.gotpetsonline.com/pictures-gallery/dog-pictures-breeders-puppies-rescue/miniature-schnauzer-pictures-breeders-puppies-rescue/pictures/miniature-schnauzer-0079.jpg
1021,http://secure.terrificpets.com/images/uploads/05360220919044_1.jpg
1022,http://farm1.static.flickr.com/218/488325328_cdca6045f0.jpg
1023,http://farm2.static.flickr.com/1411/887678864_7f7686e79c.jpg
1024,http://farm1.static.flickr.com/83/232145169_c683ba310f.jpg
1025,http://www.gotpetsonline.com/pictures-gallery/dog-pictures-breeders-puppies-rescue/miniature-schnauzer-pictures-breeders-puppies-rescue/pictures/miniature-schnauzer-0043.jpg
1026,http://farm1.static.flickr.com/211/484011820_46784f2ab3.jpg
1027,http://farm1.static.flickr.com/6/9164616_88abf83c7e.jpg
1028,http://farm1.static.flickr.com/5/8596579_984d9d67b7.jpg
1029,http://farm1.static.flickr.com/25/61530942_8ec660d591.jpg
1030,http://farm2.static.flickr.com/1116/1390497878_883d1dae56.jpg
1031,http://farm3.static.flickr.com/2278/2198247133_fb7002262e.jpg
1032,http://farm1.static.flickr.com/46/134040751_d2564938b4.jpg
1033,http://farm3.static.flickr.com/2366/2053809444_48b0452c79.jpg
1034,http://farm2.static.flickr.com/1103/1195220766_d8053ff653.jpg
1035,http://farm2.static.flickr.com/1001/1197018812_3f1651a7b0.jpg
1036,http://farm1.static.flickr.com/205/477208834_a4d607c415.jpg
1037,http://farm1.static.flickr.com/61/180568196_94de352aeb.jpg
1038,http://farm1.static.flickr.com/26/39496950_c13fc8a169.jpg
1039,http://farm1.static.flickr.com/5/8240766_02ff80c494.jpg
1040,http://static.flickr.com/2392/2111331862_65b185ea8e.jpg
1041,http://farm1.static.flickr.com/69/172164229_0ea86b24a6.jpg
1042,http://farm1.static.flickr.com/55/173856950_e40dd8d55b.jpg
1043,http://www.gamesinathens.com/media/b/b3/miniature_schnauzer4_small.jpg
1044,http://farm1.static.flickr.com/160/408387985_86d2deba48.jpg
1045,http://www.appyhorsey.com/sitebuildercontent/sitebuilderpictures/lily2.jpg
1046,http://www.halenani.com/sect/photos/zoe/DSC01377.JPG
1047,http://farm1.static.flickr.com/108/297540972_67f7739c0b.jpg
1048,http://www.relatingtodogs.com/about-dogs/images/180px-Sc.jpg
1049,http://static.flickr.com/66/184077669_9b2f42d340.jpg
1050,http://farm2.static.flickr.com/1186/1428525903_2754f2565e.jpg
1051,http://www.967andy.com/images/Picture%20001.jpg
1052,http://farm1.static.flickr.com/54/173655308_778144396c.jpg
1053,http://farm2.static.flickr.com/1110/1321927196_4bc7dfc081.jpg
1054,http://farm1.static.flickr.com/43/416739454_1acf0e0f6c.jpg
1055,http://www.hassanhills.com/Dvarg/dvarghundar_files/dvargbilder/vanliga_bilder/Money.jpg
1056,http://farm1.static.flickr.com/176/375984394_86e0c6831c.jpg
1057,http://farm1.static.flickr.com/171/394575313_83173c4c0a.jpg
1058,http://www.taras.ro/pictures/cm2.jpg
1059,http://farm3.static.flickr.com/2058/2166838806_fab388d2fb.jpg
1060,http://www.xunuo.net/webfiles/2006_6_24/200662491088_83631.jpg
1061,http://farm1.static.flickr.com/4/6849488_8b2fa52ce5.jpg
1062,http://www.mustangs.org/academics/seniorsites/erinsdogsite/2010b.jpg
1063,http://farm1.static.flickr.com/28/39765394_27fdce06d4.jpg
1064,http://farm1.static.flickr.com/70/175712690_2f1d088962.jpg
1065,http://farm2.static.flickr.com/1326/1196547008_789fcbc3d5.jpg
1066,http://farm1.static.flickr.com/33/93943959_de973854eb.jpg
1067,http://farm1.static.flickr.com/63/211307887_360491a23b.jpg
1068,http://farm1.static.flickr.com/172/391427691_0a215a2511.jpg
1069,http://minischnauzers4u.com/images/newfront.gif
1070,http://farm2.static.flickr.com/1421/1196162021_85f3b7ee6a.jpg
1071,http://farm3.static.flickr.com/2202/2134290749_6c51cce530.jpg
1072,http://farm1.static.flickr.com/124/416837082_9379294ab1.jpg
1073,http://www.puppydogimages.com/images/Schnauzer/Miniature%20Schnauzer/miniature_schnauzer_35a_puppies_for_sale.jpg
1074,http://farm1.static.flickr.com/77/197431584_73949e48ea.jpg
1075,http://farm1.static.flickr.com/58/173568527_bdffebdea4.jpg
1076,http://farm2.static.flickr.com/1018/759305893_742817d50d.jpg
1077,http://farm1.static.flickr.com/132/353406328_13f47c7f7d.jpg
1078,http://www.gotdogsonline.com/miniature-schnauzer-pictures-breeders-puppies-rescue/pictures/miniature-schnauzer-0026.jpg
1079,http://www.petfriend.com/puppy_pictures/1-24-07/yorkie.jpg
1080,http://farm3.static.flickr.com/2260/1795640582_b452f4c263.jpg
1081,http://farm2.static.flickr.com/1150/1397930974_2c934ee628.jpg
1082,http://farm1.static.flickr.com/17/20602855_32576205b2.jpg
1083,http://www.lapdogclub.com/Images/Media/schnauzer_sm.jpg
1084,http://www.gotpetsonline.com/pictures-gallery/dog-pictures-breeders-puppies-rescue/miniature-schnauzer-pictures-breeders-puppies-rescue/pictures/miniature-schnauzer-0019.jpg
1085,http://static.flickr.com/1129/1353418531_a2c9a0b727.jpg
1086,http://farm1.static.flickr.com/16/22957535_991438881c.jpg
1087,http://upload.wikimedia.org/wikipedia/commons/thumb/4/47/Miniature_Schnauzer_R_02.JPG/760px-Miniature_Schnauzer_R_02.JPG
1088,http://farm3.static.flickr.com/2305/1545883780_3bc475a212.jpg
1089,http://farm1.static.flickr.com/141/372362905_d34366f702.jpg
1090,http://farm2.static.flickr.com/1043/1291348658_dabe7f1fb6.jpg
1091,http://farm1.static.flickr.com/223/452635047_1e55b7452a.jpg
1092,http://farm1.static.flickr.com/77/173662960_567e4ec165.jpg
1093,http://farm3.static.flickr.com/2161/2206513638_e3431b1e72.jpg
1094,http://www.dogdaysproductions.com/Cow%20Palace%20Show/D-20%20-%20MiniatureSchnauzerRebecca.jpg
1095,http://farm1.static.flickr.com/75/167165467_b64ca038ce.jpg
1096,http://farm1.static.flickr.com/53/134040900_0286cc71bb.jpg
1097,http://farm1.static.flickr.com/193/458206942_16f6f433b5.jpg
1098,http://farm1.static.flickr.com/22/30954415_14c8143997.jpg
1099,http://www.dog-breeds.name/pictures/miniature-schnauzer/miniature-schnauzer-4tn.jpg
1100,http://farm1.static.flickr.com/104/287376608_d9b9441de1.jpg
1101,http://farm1.static.flickr.com/180/441722901_5dc3d27e09.jpg
1102,http://static.flickr.com/64/181940006_3471dbd6ba.jpg
1103,http://www.pets4you.com/images/standardschnauzeroakvalley.jpg
1104,http://farm1.static.flickr.com/67/180295363_43637dd567.jpg
1105,http://farm1.static.flickr.com/53/134040858_769718ec5b.jpg
1106,http://www.evalillkennels.com/assets/images/Untitled-9_copy.jpg
1107,http://www.animalhealthserv.com/images/May06POM.jpg
1108,http://farm2.static.flickr.com/1150/1195288914_499cdca306.jpg
1109,http://www.gotpetsonline.com/pictures-gallery/dog-pictures-breeders-puppies-rescue/miniature-schnauzer-pictures-breeders-puppies-rescue/pictures/miniature-schnauzer-0075.jpg
1110,http://farm1.static.flickr.com/186/394576944_559d529a57.jpg
1111,http://farm1.static.flickr.com/22/25344965_fc48badf20.jpg
1112,http://farm2.static.flickr.com/1113/1194565395_25dc1a18f3.jpg
1113,http://farm3.static.flickr.com/2185/2221623161_70634c6344.jpg
1114,http://www.jamakennels.com/spring%20rally%20misty%20web%20116.jpg
1115,http://farm3.static.flickr.com/2032/2138888475_9b370f7758.jpg
1116,http://www.breederretriever.com/photopost/data/719/min_schnauzer.jpg
1117,http://farm1.static.flickr.com/46/134040644_d1e93a3f51.jpg
1118,http://farm1.static.flickr.com/6/6847479_a346b6458f.jpg
1119,http://www.miniature-schnauzer-dogs.com/pictures-images-photos/miniature-schnauzers-04.jpg
1120,http://farm3.static.flickr.com/2074/2061054617_c9945aac28.jpg
1121,http://terrierlover.com/wp-content/uploads/2007/08/puppymugshot.JPG
1122,http://farm3.static.flickr.com/2136/2130497599_b3f2f8b892.jpg
1123,http://content.answers.com/main/content/wp/en-commons/thumb/1/14/180px-Zwergschnauzer.jpg
1124,http://mywayhomerescue.com/dogs/42/thumbnail.jpg
1125,http://farm1.static.flickr.com/193/450617003_6b41d49a5c.jpg
1126,http://farm3.static.flickr.com/2214/2111328380_4614762344.jpg
1127,http://farm1.static.flickr.com/72/181725058_53a8696f13.jpg
1128,http://j.b5z.net/i/u/2055634/i/DSC09089_ezr.JPG
1129,http://www.gotpetsonline.com/pictures-gallery/dog-pictures-breeders-puppies-rescue/miniature-schnauzer-pictures-breeders-puppies-rescue/pictures/miniature-schnauzer-0044.jpg
1130,http://farm3.static.flickr.com/2083/2219875249_08f1d800ea.jpg
1131,http://farm1.static.flickr.com/152/334835078_53b35f24b5.jpg
1132,http://www.petuniversity.com/assets/003/7781.jpg
1133,http://farm1.static.flickr.com/23/42717463_7b51de9ecc.jpg
1134,http://farm2.static.flickr.com/1077/525545812_cfab4896a4.jpg
1135,http://farm2.static.flickr.com/1330/1195467378_1ad1ee4716.jpg
1136,http://farm1.static.flickr.com/60/173569833_639e04e2b4.jpg
1137,http://farm1.static.flickr.com/3/6892149_34a6dd4211.jpg
1138,http://static.flickr.com/24/56815192_9eb1e60db9.jpg
1139,http://farm1.static.flickr.com/75/173877708_50fa5e3be1.jpg
1140,http://farm1.static.flickr.com/134/356725811_531f7fd6d7.jpg
1141,http://farm2.static.flickr.com/1115/1200147184_96996ef65b.jpg
1142,http://farm1.static.flickr.com/131/420555476_ec455443c0.jpg
1143,http://farm2.static.flickr.com/1198/1131422433_b276286c3e.jpg
1144,http://farm1.static.flickr.com/7/11447317_5dc07bb141.jpg
1145,http://farm3.static.flickr.com/2055/1967614803_550606672e.jpg
1146,http://farm1.static.flickr.com/188/381467513_ad84887419.jpg
1147,http://farm1.static.flickr.com/84/212873225_10e1b9b973.jpg
1148,http://home.att.net/~aragonms/images/deuce.jpg
1149,http://farm2.static.flickr.com/1188/1194522983_9cbdde0e9c.jpg
1150,http://static.flickr.com/47/167697545_4836444574.jpg
1151,http://www.dogfacts.org/Miniature-Schnauzer-2.jpg
1152,http://www.corniea.com/uploaded_images/Sailor1-734880.jpg
1153,http://farm3.static.flickr.com/2273/2213085116_70f7ef4570.jpg
1154,http://www.schnauzer.co.za/Katie2.jpg
1155,http://farm1.static.flickr.com/6/8692522_dfdda8fcc9.jpg
1156,http://farm3.static.flickr.com/2162/2045470433_99d4228c7d.jpg
1157,http://farm1.static.flickr.com/117/316172368_1ea4ef88af.jpg
1158,http://farm1.static.flickr.com/230/488318734_82d8fd2bbe.jpg
1159,http://cdn-www.dailypuppy.com/images/mac_schnauzer3.jpg
1160,http://farm2.static.flickr.com/1194/1418898351_e655fc68a7.jpg
1161,http://www.puppydogweb.com/gallery/miniatureschnauzers/miniatureschnauzer_hibbler.jpg
1162,http://farm1.static.flickr.com/65/197502008_367db135a5.jpg
1163,http://www.sznaucery-replika.pl/zdjecia/miniatura_eks.jpg
1164,http://www.praegredior.com/besta_uvod.gif
1165,http://farm1.static.flickr.com/56/173885384_fabd56d4b0.jpg
1166,http://farm2.static.flickr.com/1323/1195401754_39fd840129.jpg
1167,http://farm3.static.flickr.com/2301/2075581115_8918bb3e6e.jpg
1168,http://farm1.static.flickr.com/7/9164101_8e1db55753.jpg
1169,http://farm1.static.flickr.com/52/143801206_be9190a98f.jpg
1170,http://farm1.static.flickr.com/105/363853213_057d8c4a9c.jpg
1171,http://farm2.static.flickr.com/1004/1364493614_ce1f4cea04.jpg
1172,http://www.valleyviewdogs.com/images/schnoodles/schnoodle-schnauzer-poodle.jpg
1173,http://www.appyhorsey.com/sitebuildercontent/sitebuilderpictures/boots2.jpg
1174,http://farm1.static.flickr.com/64/173884917_7e30039ebf.jpg
1175,http://farm1.static.flickr.com/98/209107973_aac6974f89.jpg
1176,http://static.flickr.com/21/24938366_6d8233979e.jpg
1177,http://bp3.blogger.com/_t9BtdZa7Kn8/ReDoj1HGORI/AAAAAAAAAQ4/v7StRGhROq4/s400/Pepper+02.JPG
1178,http://www.gotdogsonline.com/miniature-schnauzer-pictures-breeders-puppies-rescue/pictures/miniature-schnauzer-0025.jpg
1179,http://farm2.static.flickr.com/1138/1196556912_01fc5400a3.jpg
1180,http://farm2.static.flickr.com/1231/1195678497_9130e5dc3a.jpg
1181,http://bp0.blogger.com/_qF2oKPx9TX8/RxO7qQz-inI/AAAAAAAAAjY/SYCtzT8U21k/s320/DSC00782.JPG
1182,http://farm1.static.flickr.com/5/9898050_6fc2243a91.jpg
1183,http://www.awesomepawsomes.co.uk/Images/M_Schnauzer_beau-2.JPG
1184,http://www.canadasguidetodogs.com/customergraphics/gamble_schnauzer_new1.jpg
1185,http://www.petloverscentre.com/PetMonth/UploadImg/1085.jpg
1186,http://farm1.static.flickr.com/33/35342073_3b8287718f.jpg
1187,http://www.dogpicture.mypetdogs.com/images/miniature_schnauzer/luci_ernie_baker_usa.JPG
1188,http://www.happypawskennel.com/images/100_2946.JPG
1189,http://www.dogbreedinfo.com/images6/SchnauzerLittlefieldDzlC0F1.jpg
1190,http://www.brocktaylorkennels.com/Savanah2.jpg
1191,http://farm1.static.flickr.com/7/6849479_a420bfff41.jpg
1192,http://farm1.static.flickr.com/58/153080287_59d4bed3df.jpg
1193,http://farm1.static.flickr.com/58/177177050_e179a4f19e.jpg
1194,http://farm1.static.flickr.com/22/24916484_9ca9261387.jpg
1195,http://qualifiedpets.com/images/pets/56/160/photo.jpg
1196,http://farm1.static.flickr.com/227/498741828_518d6a446b.jpg
1197,http://www.mulberryfarm.com/mfk-pic_0876.jpg
1198,http://custom-pet-portraits.net/Dogs_Pet_Portraits_Images/Emma-Schnauzer_5R.jpg
1199,http://farm2.static.flickr.com/1274/1196156909_6c854e790d.jpg
1200,http://farm1.static.flickr.com/54/141668788_a057f8fd45.jpg
1201,http://farm2.static.flickr.com/1230/1291432188_d0508df01f.jpg
1202,http://farm1.static.flickr.com/47/134040937_79a7ed413f.jpg
1203,http://lh3.google.com/_HkkamZiLvRo/RdC-Ij6MZoI/AAAAAAAAAIk/rIkFy7mlt8c/s800/snowyday+005.jpg
1204,http://www.dogchannel.com/images/articles/breed_profile_images/mini_schnauzer_new.jpg
1205,http://farm2.static.flickr.com/1372/1195299862_d8239954aa.jpg
1206,http://images.denniswoo.multiply.com/image/3/photos/10/300x300/2/P1330425.JPG?et=VIVpE9iOcEdLtFKUuH1eVQ
1207,http://farm2.static.flickr.com/1305/1196182025_e9b8128cb2.jpg
1208,http://www.mypets.net.au/template_images/Miniature-Schnauzer.jpg
1209,http://farm1.static.flickr.com/67/173657582_f5ea8bf8b3.jpg
1210,http://www.breedneeds.com/panel/photos/Min%20Schn.jpg
1211,http://farm1.static.flickr.com/21/29332167_e6b72b1d40.jpg
1212,http://farm3.static.flickr.com/2227/2072210223_bfb50034e2.jpg
1213,http://www.pzorba.se/lankarbild.JPG
1214,http://farm3.static.flickr.com/2339/1800178409_b2be07e843.jpg
1215,http://farm2.static.flickr.com/1317/722062063_403511aaa8.jpg
1216,http://farm1.static.flickr.com/6/6417839_9277d2e1dd.jpg
1217,http://www.gotpetsonline.com/pictures-gallery/dog-pictures-breeders-puppies-rescue/miniature-schnauzer-pictures-breeders-puppies-rescue/pictures/miniature-schnauzer-0069.jpg
1218,http://www.traffordphotos.com/assets/images/9R096D-065.jpg
1219,http://www.taras.ro/news/data/upimages/bella-s.jpg
1220,http://static.flickr.com/2134/1580478241_a718d1c639.jpg
1221,http://www.contactzonies.org/images/Carl/1.jpg
1222,http://farm1.static.flickr.com/40/102974932_6fb13b7390.jpg
1223,http://static.flickr.com/58/181939900_a6d1987a31.jpg
1224,http://farm1.static.flickr.com/187/416738500_30fc3aa47d.jpg
1225,http://malykavalir.com/ph_maly_kavalir_love_me_kate_01.jpg
1226,http://farm1.static.flickr.com/227/527515909_f9d5027a7c.jpg
1227,http://farm1.static.flickr.com/215/476214639_971614cfdf.jpg
1228,http://static.flickr.com/2356/1703928090_bcf4d27105.jpg
1229,http://farm1.static.flickr.com/76/211305457_812d879924.jpg
1230,http://farm1.static.flickr.com/41/77064604_1fb8664c0d.jpg
1231,http://farm3.static.flickr.com/2189/2052257712_9677f887bd.jpg
1232,http://static.flickr.com/1295/1133617364_c1f51c43d4.jpg
1233,http://www.starmagicminis.com/simonpage3.jpg
1234,http://farm1.static.flickr.com/209/482158932_6892751894.jpg
1235,http://farm2.static.flickr.com/1178/1197028442_cd3feb7aa7.jpg
1236,http://farm3.static.flickr.com/2055/2240849460_a400ecdd5c.jpg
1237,http://farm1.static.flickr.com/60/173664977_bde2480f51.jpg
1238,http://farm3.static.flickr.com/2271/2105566821_b675317c61.jpg
1239,http://www.kateconnick.com/postcards/anniesch0905dth.jpg
1240,http://farm1.static.flickr.com/44/134871371_c0fb9051b1.jpg
1241,http://farm2.static.flickr.com/1262/666674499_cff7177aef.jpg
1242,http://farm1.static.flickr.com/242/461000064_22bacb766f.jpg
1243,http://www.quailridgeminischnauzers.com/mariah-aboutus.gif
1244,http://farm1.static.flickr.com/55/130635490_f9412f8c65.jpg
1245,http://farm1.static.flickr.com/6/76997097_c81f3d2b0c.jpg
1246,http://farm1.static.flickr.com/241/454845938_d54ed58a66.jpg
1247,http://farm1.static.flickr.com/79/232147573_fb7be56065.jpg
1248,http://farm3.static.flickr.com/2313/2131529659_80c7a2afec.jpg
1249,http://farm2.static.flickr.com/1280/722062703_edbd114772.jpg
1250,http://farm2.static.flickr.com/1335/1250595397_35ad60f00d.jpg
1251,http://www.studyourdog.com/images/ph1218.jpg
1252,http://barakaminiatureschnauzers.com/zabanlace.jpg
1253,http://images03.olx.com/user_images/48/t_481047_3.jpg
1254,http://dailypuppy.com/images/07/biggies/kaiser_schnauzer10.jpg
1255,http://farm3.static.flickr.com/2182/2240853483_200ef6e885.jpg
1256,http://farm3.static.flickr.com/2265/2064344222_93e1ba1315.jpg
1257,http://farm3.static.flickr.com/2411/2069344019_9a84163dcd.jpg
1258,http://farm1.static.flickr.com/21/25852501_1f4f2ffd8a.jpg
1259,http://static.flickr.com/2140/2110548479_329f514174.jpg
1260,http://farm1.static.flickr.com/110/308066330_7843685adb.jpg
1261,http://farm3.static.flickr.com/2113/2058585258_2446dbcc1f.jpg
1262,http://farm1.static.flickr.com/190/449009858_e1c9597f9a.jpg
1263,http://farm1.static.flickr.com/197/465841425_0fde233ac4.jpg
1264,http://www.dogzonline.com.au/images/profiles/62/14515_1909.jpg
1265,http://www.gotpetsonline.com/pictures-gallery/dog-pictures-breeders-puppies-rescue/miniature-schnauzer-pictures-breeders-puppies-rescue/pictures-photos/miniature-schnauzer-0059.jpg
1266,http://farm1.static.flickr.com/186/475632485_c4bfbd4aa2.jpg
1267,http://www.praegredior.com/gort_uvod.gif
1268,http://farm1.static.flickr.com/22/29332221_36f302008a.jpg
1269,http://farm3.static.flickr.com/2232/2114589119_f6b0d4a17b.jpg
1270,http://farm1.static.flickr.com/34/278704408_968272aeb0.jpg
1271,http://farm1.static.flickr.com/54/173864956_38dd5a4605.jpg
1272,http://farm3.static.flickr.com/2324/2127247526_d178402a6b.jpg
1273,http://farm2.static.flickr.com/1335/1196547398_3f65a9a689.jpg
1274,http://photos.imageevent.com/heatheranddenis/sandy/icons/cutie2.jpg
1275,http://farm1.static.flickr.com/56/142048028_d2518de40b.jpg
1276,http://farm1.static.flickr.com/211/451951708_0e702481ae.jpg
1277,http://www.gotpetsonline.com/pictures-gallery/dog-pictures-breeders-puppies-rescue/miniature-schnauzer-pictures-breeders-puppies-rescue/pictures/miniature-schnauzer-0040.jpg
1278,http://farm3.static.flickr.com/2105/2207030426_8c1560d4b1.jpg
1279,http://static.flickr.com/21/25057751_3873fd6e80.jpg
1280,http://terrierlover.com/wp-content/uploads/2007/09/precious-_1.JPG
1281,http://www.praegredior.com/kirke_uvod.jpg
1282,http://farm2.static.flickr.com/1404/691085559_50aee8d13a.jpg
1283,http://farm3.static.flickr.com/2115/2199036112_48a94965a2.jpg
1284,http://farm1.static.flickr.com/156/434457250_10cab0278f.jpg
1285,http://www.valleyviewdogs.com/images/schnauzers/schnauzer-miniature-cleopatra-04.jpg
1286,http://farm3.static.flickr.com/2324/2010807159_894cb8daa7.jpg
1287,http://farm1.static.flickr.com/69/197500266_5ba116c98c.jpg
1288,http://www.markcampanella.com/images/miloandalbert.jpg
1289,http://www.k9puppy.co.uk/ShowImage.aspx?size=350&img;=tamodan_A200711714454.jpg&pth;=Members/tamodan
1290,http://farm2.static.flickr.com/1033/1296064079_f520333bfa.jpg
1291,http://farm3.static.flickr.com/2006/2099746869_a8685d0f59.jpg
1292,http://farm2.static.flickr.com/1322/1397921496_a65f1d7bfc.jpg
1293,http://farm2.static.flickr.com/1127/1194318351_671ee9ed3a.jpg
1294,http://farm2.static.flickr.com/1039/1440294901_959cfd0dbc.jpg
1295,http://secure.terrificpets.com/images/uploads/07287172713767_1.jpg
1296,http://farm1.static.flickr.com/22/25057650_85c3fd3f10.jpg
1297,http://farm1.static.flickr.com/217/468695397_da02837cdd.jpg
1298,http://farm1.static.flickr.com/193/441724331_cec9f4e85f.jpg
1299,http://farm3.static.flickr.com/2249/1951793918_fc1b8e0ae3.jpg
1300,http://farm3.static.flickr.com/2408/1586746603_1009094088.jpg
1301,http://galeria.fcs.com.pl/albums/wystawa_raciborz/normal_Miniature_Schnauzer_R_06.JPG
1302,http://dreamangelkennel.com/images/mitzi_and_monte.jpg
1303,http://farm2.static.flickr.com/1070/1162237225_9ed02efbb4.jpg
1304,http://farm2.static.flickr.com/1033/1307394861_bb3e56e657.jpg
1305,http://www.pupcity.com/images/adpics/05283171300884_1.jpg
1306,http://farm1.static.flickr.com/29/35342491_8a286b70d1.jpg
1307,http://farm3.static.flickr.com/2321/2138888491_2ff303c7d0.jpg
1308,http://farm1.static.flickr.com/27/102975176_33ee13aba8.jpg
1309,http://farm1.static.flickr.com/130/386199064_a8c86919b4.jpg
1310,http://www.moonlightkennels.com/images/dog%20pics/tilly.jpg
1311,http://pets-place.net/Breeds/MiniatureSchnauzerPhoto7.jpg
1312,http://www.windoweb.it/guida/mondo/foto_di_cani/Schnauzer_nano5.jpg
1313,http://www.agraria.org/cani/schnauzernano.JPG
1314,http://www.windoweb.it/guida/mondo/foto_di_cani/Schnauzer_standard5.jpg
1315,http://bp2.blogger.com/_gQKefLFt6hI/RxCTdQGLKUI/AAAAAAAAAVc/4qkYKFaXTLI/s400/PARSIFAL2.JPG
1316,http://annunci.justshopping.it/adpics/474ebc363c910ddf0dbcd964a.jpg
1317,http://annunci.undermoney.it/adpics/46d2cfaee00119e3e6f497d21.jpg
1318,http://www.windoweb.it/guida/mondo/foto_di_cani/Schnauzer_gigante.jpg
1319,http://www.windoweb.it/guida/mondo/foto_di_cani/Schnauzer_standard7.jpg
1320,http://www.agraria.org/cani/yorkshire1.JPG
1321,
