0,http://www.evcilkopekler.com/fotolar/dahakucuk1113648149norfolk_terrier_6.jpg
1,http://www.norwich-norfolk-swnnta.org/images0203/02090101.jpg
2,http://www.doglost.co.uk/data/Registered/terrier.JPG
3,http://www.dogtimes.com.br/imagens/harroldphotos01.jpg
4,http://usapups.com/breed_pics/1173780800.jpg
5,http://www.wildgooseterriers.com/Photo%20Gallery/Norfolk/goose_pro1.jpg
6,http://www.terrier.ch/images/b20.jpg
7,http://home.online.no/~mon-hof/Animal%20Paradise/n.avelshanner.lurifax%20tur%20i%20oturen.jpg
8,http://farm3.static.flickr.com/2368/2152614492_bd17438487.jpg
9,http://www.encore-editions.com/dogs/darling/thumb/thm_thm_norfolk%20terriers%20embed.jpg
10,http://aboutdog.blogchina.com/aboutdog/inc/australianterrier2.jpg
11,http://www.gotpetsonline.com/pictures-gallery/dog-pictures-breeders-puppies-rescue/norfolk-terrier-pictures-breeders-puppies-rescue/pictures/norfolk-terrier-0002.jpg
12,http://www.fleetwood-ley.de/Pferde/PferdeBilder/norfolk1.jpg
13,http://static.flickr.com/40/113059993_596545cccb.jpg
14,http://farm1.static.flickr.com/23/27977513_fddbc5445f.jpg
15,http://static.flickr.com/41/113059997_7f62c3d570.jpg
16,http://dogs-puppies.dogs-central.com/images/190309867X.01._SCLZZZZZZZ_.jpg
17,http://static.flickr.com/172/408830122_136e48216f.jpg
18,http://farm1.static.flickr.com/5/4849844_ab7d69329a.jpg
19,http://www.dogtron.com/dog/img/norfolk_terrier-s.jpg
20,http://www.dogbreedinfo.org/images14/NorfolkTerrierPic61601.JPG
21,http://farm2.static.flickr.com/1294/1350517037_2b4140f418.jpg
22,http://www.hundesalon-grantz.de/norfolk.JPG
23,http://www.buysellpuppies.com/images/DSC04157.JPG
24,http://farm1.static.flickr.com/219/497295182_669c281470.jpg
25,http://www.wildgooseterriers.com/Photo%20Gallery/Grooming_Norfolk/norfolk_body_groom_finished.jpg
26,http://farm2.static.flickr.com/1146/1350514349_4531b25dba.jpg
27,http://farm1.static.flickr.com/81/234117765_3cb19b8f88.jpg
28,http://home.planet.nl/~boer9064/i1867774-2.jpg
29,http://farm1.static.flickr.com/49/167151856_4cd4f8f9c7.jpg
30,http://farm2.static.flickr.com/1171/1351403552_8245e7ac29.jpg
31,http://farm3.static.flickr.com/2306/1562919502_afff147083.jpg
32,http://ecx.images-amazon.com/images/I/31eq46P6LxL.jpg
33,http://www.gareds.de/fotos/n_baxter.jpg
34,http://www.wildgooseterriers.com/Photo%20Gallery/Norfolk/sabrina_show1.jpg
35,http://farm1.static.flickr.com/34/121823391_b1903ff226.jpg
36,http://www.vergleichen-und-sparen.de/images/Norfolk-Terrier.jpg
37,http://www.animalforum.com/dbreed/images/zpdtenorf.jpg
38,http://static.flickr.com/44/137252839_599c76c38c.jpg
39,http://farm2.static.flickr.com/1379/685734048_d5d6aa1cac.jpg
40,http://www.wrinkydinks.com/yahoo/jcimousepads/1779.jpg
41,http://www.marshallpaintings.co.uk/Paintings/WEB/Terrier/thumbnails/Norfolk_1.jpg
42,http://www.norfolk-terrier.dk/img/strandtur_12-3-2006/DSCN0451.JPG
43,http://static.flickr.com/1047/1216200861_715eb11596.jpg
44,http://i.pbase.com/u39/adamslin/small/32408140.p2.jpg
45,http://farm1.static.flickr.com/195/475773628_0b6882a42c.jpg
46,http://static.flickr.com/1097/1475240360_33c222ef49.jpg
47,http://www.3DRose.com/images/pic/desk-clock/lg/desk-clock-493.jpg
48,http://www.infocaini.ro/poze/caini/terrier-de-norfolk/terrier-de-norfolk-001.jpg
49,http://www.terrierman.com/cairnpair.JPG
50,http://images-jp.amazon.com/images/P/1421607794.01.MZZZZZZZ.jpg
51,http://www.giveusahome.co.uk/breederspages/allbreedsphotosdog/norfolkterrier.jpg
52,http://static.flickr.com/71/190265318_fd29b1f431.jpg
53,http://www.telefonica.net/web2/mtplantas/mtperro/imagens/norfol43.jpg
54,http://www.anatomyinmotion.com/4norfolks1.jpg
55,http://www.puppyeducation.com/breeds/images/dogs/norfolk_terrier.jpg
56,http://www.norwich-norfolk-swnnta.org/images0303/03160009.jpg
57,http://farm2.static.flickr.com/1415/1061498366_affc88b0fe.jpg
58,http://www.breederretriever.com/photopost/data/720/norwich_terrier.jpg
59,http://www.wellbredpets.com/images%5Cbreedpics%5Csmmain-Norfolk-Terrier.jpg
60,http://farm2.static.flickr.com/1407/1476727331_16580518f8.jpg
61,http://www.champion-puppies.com/images/norfolk%20terrier.jpg
62,http://www.hondenras.com/encyclopedie/foto/2843_Norfolk_Terrier.jpg
63,http://www.fordoggylovers.com/images/Calendars/ZISBN27585.jpg
64,http://static.flickr.com/48/153710125_9c979c874f.jpg
65,http://www.petline.com.tw/member/PHOTO/1271/MYPET.jpg
66,http://farm1.static.flickr.com/4/4849847_88405f90a7.jpg
67,http://farm1.static.flickr.com/18/68881723_ea451d8058.jpg
68,http://www.norwich-norfolk-swnnta.org/images0203/02090083.jpg
69,http://www.norwichandnorfolkterrier.org/images/norfolksm.jpg
70,http://farm2.static.flickr.com/1040/1314780808_db9bfda717.jpg
71,http://farm1.static.flickr.com/21/25353371_d591088af1.jpg
72,http://www.dooziedog.com/dog_breeds/images/thumbs/tn_Norfolk-Terrier.jpg
73,http://www.hund.ch/fotos/fnorfolkterrier3.jpg
74,http://farm3.static.flickr.com/2408/2165244041_ac889feef9.jpg
75,http://www.propettransports.com/graphics/dogs/109.png
76,http://www.dogbreedinfo.org/images14/NorfolkTerrierPic61303.JPG
77,http://my.internetacademy.jp/~s1203467/images/norfolk.jpg
78,http://www.norfolk-norwich-terrier.de/mediac/400_0/media/Hook$7E3.jpg
79,http://farm2.static.flickr.com/1177/685735094_8ef0ce3a33.jpg
80,http://farm2.static.flickr.com/1159/1351406004_f24bef77c4.jpg
81,http://www.fordoggielovers.com/images/Calendars/ZISBN2073-2.jpg
82,http://farm2.static.flickr.com/1237/1075216593_045081159e.jpg
83,http://www.dogshow.ru/pic/norfolk_terrier.jpg
84,http://www.norfolk.nl/images/boek%20Norfolk.jpg
85,http://www.ntk.org/raser/rasebilder/norfolk.jpg
86,http://netsalesinc.com/Breeds/NorfolkTerrier.jpg
87,http://static.flickr.com/50/136023209_11fce1bbfa.jpg
88,http://www.norwich-norfolk-swnnta.org/images0103/01120057.jpg
89,http://farm2.static.flickr.com/1426/1313883265_0de4ca31d3.jpg
90,http://mangie.se/annas_norfolkterrier_frida_sommar.jpg
91,http://www.hondenplaza.nl/page/norfolkterrier/1.jpg
92,http://static.flickr.com/180/471141629_11503bd8a8.jpg
93,http://farm2.static.flickr.com/1046/685733748_959f423a50.jpg
94,http://www.freedoglistings.com/pics/breeds/Norfolk-Terrier.jpg
95,http://www.canineagility.org/pages/spotlt/images/RuffReadPru-jag09160-110.jpg
96,http://www.norwich-norfolk-swnnta.org/images1202/bailey.jpg
97,http://farm1.static.flickr.com/34/68881600_53557097c0.jpg
98,http://home20.inet.tele.dk/belgier_norfolk/hund1.JPG
99,http://www.wildgooseterriers.com/Photo%20Gallery/Norfolk/goose_ina_bucket_b.jpg
100,http://www.sempativet.net/irklarresim/Norfolk_Terrier_f.jpg
101,http://www.norwich-norfolk-swnnta.org/images0303/03160008.jpg
102,http://static.flickr.com/47/113059994_af32a5fdae.jpg
103,http://irishfieldsports.com/terriers/images/norfolk2.jpg
104,http://www.pedigreesearch.co.uk/breed_guides/graphics/norfolkterrier.jpg
105,http://www.o-sobakah.ru/images/site/217.jpg
106,http://lh3.google.com/_6Y2_BoQlE7E/Ry5fZo3CrtI/AAAAAAAAAbc/U1uFVrPECJQ/s800/norfolkterrier_calle_26.jpg
107,http://static.flickr.com/25/56334438_9fb6a91433.jpg
108,http://farm1.static.flickr.com/198/475774436_1a89801eb8.jpg
109,http://static.flickr.com/33/56694646_5ac25205e9.jpg
110,http://seattlepi.nwsource.com/dayart/20040210/450dog10.jpg
111,http://www.celysvet.cz/stanice/obrazek/danja-5.jpg
112,http://www.buysellpuppies.com/images/puppy%20080.jpg
113,http://bowkids.hmc6.net/inuzukan/_img/norfolkterrier_002.jpg
114,http://www.wildgooseterriers.com/Photo%20Gallery/Davic%20Dalton/Sidney_and_Storm_DD_a.jpg
115,http://www.poppyfields.net/poppy/photos/images/020603_dogs/norfolk2.jpg
116,http://farm1.static.flickr.com/5/4827809_1acdcab1b7.jpg
117,http://zapatastudios.com/blog_images/Pet_portrait__pittsburgh__zapata_studios__donna_paul2.jpg
118,http://static.flickr.com/23/27981575_b9273ca0ff.jpg
119,http://static.flickr.com/137/408121263_c082cf6f97.jpg
120,http://www.seapets.co.uk/gallery/131498.jpg
121,http://home.g08.itscom.net/stk/tisp/photo/img/061005-2.jpg
122,http://www.dogbreedinfo.com/images16/NorfolkTerriersBelleTailShot1.JPG
123,http://static.flickr.com/158/380053495_4a5d8c8edb.jpg
124,http://farm2.static.flickr.com/1191/1468031173_bedc897eee.jpg
125,http://img230.imageshack.us/img230/5619/133midoinhetgras188027hw.jpg
126,http://farm1.static.flickr.com/22/153710063_187bf09c3f.jpg
127,http://www.norwich-norfolk-swnnta.org/images0503/05180050.jpg
128,http://www.justdogbreeds.com/images/breeds/norwich-terrier.jpg
129,http://farm2.static.flickr.com/1085/647854721_b44a0c00a7.jpg
130,http://www.my0553.com/Files/Remoteupfile/2007-8/16/2006111923426377.jpg
131,http://static.flickr.com/1216/1107353967_493e4e9561.jpg
132,http://www.pets.be/UploadedFilesMyPets/thumbnails/P1050005_580x580.JPG
133,http://farm1.static.flickr.com/45/167153341_cfc7323363.jpg
134,http://farm3.static.flickr.com/2050/2142117358_b35ed444e1.jpg
135,http://www.topdogobedience.com/images/lb-oz4.jpg
136,http://www.kennels.co.uk/images/Ter.xs.NorfolkTerrier.jpg
137,http://www.hund.ch/fotos/fnorfolkterrier2.jpg
138,http://www.chiens-des-champs.com/NorfolkTerrier.jpg
139,http://lh3.google.com/_6Y2_BoQlE7E/Ry5cbI3CrrI/AAAAAAAAAao/9sfaK6Wq-3s/s800/norfolkterrier_calle_24.jpg
140,http://images.amazon.com/images/P/3826380878.01._PE_PI_SCMZZZZZZZ_.jpg
141,http://static.flickr.com/1170/1436140017_9045546624.jpg
142,http://konjin.woweb.net/m6/see/dog/images/norfolkterrier[1].gif
143,http://news.bbc.co.uk/media/images/39717000/jpg/_39717139_floyd.jpg
144,http://www.pawsofenchantment.com/images/prods/2490.jpg
145,http://www.kateconnick.com/postcards/norfolkterr2th.jpg
146,http://www.haogouw.com/ggzx/UploadFiles/200611/20061125143158250.jpg
147,http://www.norwich-norfolk-swnnta.org/images0103/01120077.jpg
148,http://www.biziworks.com.au/natuescreaturesdownunder/graphics/norfolkterrier.jpg
149,http://farm2.static.flickr.com/1128/1308502273_5becd43652.jpg
150,http://static.flickr.com/1260/1313883235_76a3b85bac.jpg
151,http://www.dralionkennels.com/Keegan%20Page/Keegan%20just%20BISS%20smallw.jpg
152,http://farm1.static.flickr.com/39/89356689_16a1a3140b.jpg
153,http://farm2.static.flickr.com/1043/1351404748_ce9f9b11b2.jpg
154,http://puppydogweb.com/gallery/norfolkterriers/norfolkterreir_ciko.jpg
155,http://www.breederretriever.com/kthumbs/179.jpg
156,http://www.canadogs.com/images/NorfolkTerradult4.jpg
157,http://farm1.static.flickr.com/21/27977693_476877e56e.jpg
158,http://www.das-weingut.com/weingut/images/weinberge/norfolk_terrier_weinberg01.jpg
159,http://ecx.images-amazon.com/images/I/71B9ZZP8J6L._AA240_.gif
160,http://nancykembry.com/leo/images/brothers2.jpg
161,http://www.pedigreedatabase.com/dogs/i/norfolk_terrier_thumb.jpg
162,http://www.corsini.co.uk/fineart/images/prints/staya.jpg
163,http://www.5stardog.com/gallery/images/Norfolk%20Terrier/723508280864.JPG
164,http://www.canadogs.com/images/NorfolkTerradult5.jpg
165,http://www.christinemerrill.com/images/CM_10_TN.jpg
166,http://www.welpenteam.de/images/norwter_1.jpg
167,http://gotpetsonline.com/pictures-gallery/dog-pictures-breeders-puppies-rescue/norfolk-terrier-pictures-breeders-puppies-rescue/pictures/norfolk-terrier-0001.jpg
168,http://www.hundund.de/rassen/norfolk-terrier/head.jpg
169,http://www.nextdaypets.com/directory/breeds/images/1100185.jpg
170,http://static.flickr.com/1355/1313883271_a88a69889e.jpg
171,http://www.dog-breeds.name/pictures/norfolk-terrier/norfolk-terrier-6tn.jpg
172,http://lh3.google.com/_6Y2_BoQlE7E/Ry5bz43CrYI/AAAAAAAAAYM/W2ICUIbQ5dU/s800/norfolkterrier_calle_4.jpg
173,http://home.no.net/terrinor/bildermedlemmer/bronnoysund.jpg
174,http://www.norwich-norfolk-swnnta.org/imagesnew/4.jpg
175,http://www.johnpayne.portraitcorner.co.uk/images/dogs/norfolk-terrier.gif
176,http://www.norfolkterrier.org/pastevents/montgomeryny05/montgomeryny05e.jpg
177,http://www.allright-norfolkterrier.de/studd/chester5.jpg
178,http://www.petsplace.co.za/Norfolk%20terrier%20Ted.jpg
179,http://farm1.static.flickr.com/35/73887726_d63f04b974.jpg
180,http://www.petgroomer.com/grooming101/Photos/norfolk_terrier-small.jpg
181,http://www.store4dogs.at/blog/wp-content/uploads/hunde/norfolk_terrier.jpg
182,http://photos2.flickr.com/2059654_8c81881140.jpg
183,http://farm1.static.flickr.com/21/27977524_7b1dbea0bd.jpg
184,http://www.clubmascotas.cl/db_images/razas/norfolk.jpg
185,http://farm3.static.flickr.com/2397/2142141610_65eeef2446.jpg
186,http://www.kleo.ru/encyclopedia/dog/norfolk_terrier_01.jpg
187,http://www.norwich-norfolk-swnnta.org/images/AKCnorfolk.jpg
188,http://static.flickr.com/140/408108375_b79bae0d1d.jpg
189,http://static.flickr.com/214/471140273_b8105ec0d3.jpg
190,http://www.dog-dogs.com/images/BreedPics/Ndogs/norfolkterrier02.jpg
191,http://www.dogbreedinfo.org/images/NorfolkTerrierinde7124.jpg
192,http://farm2.static.flickr.com/1234/1075215263_26cbf97d7c.jpg
193,http://www.inseparabile.com/cani/images/Norfolk_terrier_Red.jpg
194,http://www.pupcity.com/images/adpics/06136184222210_1.jpg
195,http://www.cabalcaninecandids.com/assets/images/SR7BOBNORFOLK.jpg
196,http://www.petgroomer.com/BREEDS/norfolk.jpg
197,http://static.flickr.com/59/167806027_59d28bb4ef.jpg
198,http://www.coloradocathouse.com/Norfolk0128.jpg
199,http://www.allsmalldogbreeds.com/images/smalldogbreeds/norfolk-terrier.jpg
200,http://farm2.static.flickr.com/1112/1477586664_37dcafce57.jpg
201,http://images.icnetwork.co.uk/upl/icliverpool/mar2005/5/9/00028CE6-6B9E-1235-A98A80C328EC0000.jpg
202,http://www.terrier-bordesholmerland.de/mediac/450_0/media/Norfolk1.jpg
203,http://www.norwich-norfolk-swnnta.org/images1202/128-12.jpg
204,http://farm1.static.flickr.com/89/276083656_6a269ed74b.jpg
205,http://www.dreamscapek9.com/Gift%20Pages/Sovereign/2005/YS21-Norfolksqr.jpg
206,http://hundefriseur-tierpflege.de/hunde-rassen/hunde/norfolkterrier.jpg
207,http://www.thepetdirectory.us/Dogbreeds/gabe.jpg
208,http://farm2.static.flickr.com/1250/649020076_1385cfe67c.jpg
209,http://static.flickr.com/35/68881509_6cf98e532b.jpg
210,http://www.queensborough.nl/images/zandneus.jpg
211,http://www.evcilkopekler.com/fotolar/kucuk1113648204norfolk_terrier_9.jpg
212,http://www.celysvet.cz/images/norfolk-terrier_1.jpg
213,http://www.koinuno-heya.com/syurui/no/norfolk-terrier/norfolk-terrier2.jpg
214,http://static.flickr.com/178/442575402_f2f0619668.jpg
215,http://www.hundefinder.de/bilder/hunderassen/107_0.jpg
216,http://www.hundekalender.de/produktbilder/thumb_img1584-2991.jpg
217,http://www.bayleafs.com/bilder/boys20070603_pojkarna_4.jpg
218,http://farm1.static.flickr.com/51/152096906_75ef784856.jpg
219,http://www.lionheart-norfolkterrier.de/pages/images/kopfstudieupsi10.jpg
220,http://www.pets.ca/breedprofiles/a/norfolkterrier/n3.jpg
221,http://users.telenet.be/norfolkterrier/Sunny1.jpg
222,http://farm1.static.flickr.com/143/388168399_31bd043317.jpg
223,http://www.dooziedog.com/dog_breeds/images/full/Norfolk-Terrier.jpg
224,http://www.norfolknibbles.com/images/thomas.jpg
225,http://farm2.static.flickr.com/1116/658428723_ce170eee7e.jpg
226,http://farm1.static.flickr.com/29/47952815_e86fcbb787.jpg
227,http://static.flickr.com/75/158868658_dfd5637f56.jpg
228,http://www.vdh-lv-hessen.de/bilder/rassen/alibabaneu.jpg
229,http://www.celysvet.cz/foto/norfolk-terier_2.jpg
230,http://farm1.static.flickr.com/198/475784369_83f980d70d.jpg
231,http://www.pointernet.pds.hu/Kutya/fajtalexikon/fci3/20060113163245411000000500.jpg
232,http://farm3.static.flickr.com/2282/2142224130_a8dfa8e1ff.jpg
233,http://farm1.static.flickr.com/154/372881653_81b028dc44.jpg
234,http://farm1.static.flickr.com/45/153202304_5bc992689b.jpg
235,http://static.flickr.com/1118/1242366251_ab2c8d5556.jpg
236,http://www.dogbreedinfo.com/images14/NorfolkTerrierPic61404.JPG
237,http://cherishpet.com/wp-content/uploads/2007/10/norfolk-terrier.jpg
238,http://www.power97.com/shared/corus_content/corcon/images/general_content/Zack%20day%20one.jpg
239,http://farm1.static.flickr.com/204/464563637_07799af79f.jpg
240,http://www.clingycanines.com/norfolksit.jpg
241,http://www.canadogs.com/images/NorfolkTerrpup4.jpg
242,http://ourdogs.co.uk/acatalog/ampNorfolk-Terrier.jpg
243,http://farm1.static.flickr.com/52/143390465_798ff7c52d.jpg
244,http://www.wildgooseterriers.com/Photo%20Gallery/Wildgoose_cover.jpg
245,http://static.flickr.com/55/161181405_a2e9c03e13.jpg
246,http://farm2.static.flickr.com/1025/1437005502_922d348dfc.jpg
247,http://www.razas-de-perros.info/fotos/norfolk-terrier/norfolk-terrier-1.jpg
248,http://www.junglewalk.com/animal-pictures/638/BT/Norfolk-terrier-6911.jpg
249,http://www.thedogsgallery.com/gallery/images/carolimages/carol11.jpg
250,http://litenhund.se/assets/images/rasbilder/norfolkterrier1.jpg
251,http://www.dralionkennels.com/Keegan%20Page/Keegan%20Group%204%20just%20Keegan%20w.jpg
252,http://static.flickr.com/1364/1075220013_3da64e332b.jpg
253,http://www.veryhappening.com/images/things/big/472.jpg
254,http://farm3.static.flickr.com/2034/2151750161_a570209029.jpg
255,http://www.dog-breeds.name/pictures/norfolk-terrier/norfolk-terrier-4tn.jpg
256,http://farm1.static.flickr.com/39/74796120_bfedc5c005.jpg
257,http://static.flickr.com/1069/551917659_c40450f731.jpg
258,http://www.norwich-norfolk-swnnta.org/images/051904.jpg
259,http://farm2.static.flickr.com/1102/1468041819_65bf29b3a3.jpg
260,http://www.norwich-norfolk-swnnta.org/images0503/05180028.jpg
261,http://www.dogbreedinfocenter.com/images/NorfolkTerrierinde7358.jpg
262,http://static.flickr.com/52/113059995_46249ff91c.jpg
263,http://img135.imageshack.us/img135/1695/bellasmall4mi.jpg
264,http://www.dogs4sale.com.au/Breeds/Norfolk_Terriers/Fact_Sheets/Norfolk.jpg
265,http://www.thebristlesdoggrooming.com/Ruby.JPG
266,http://static.flickr.com/135/329289117_cd1cc44a35.jpg
267,http://www.myrskytuuli.com/images/Both.jpg
268,http://farm1.static.flickr.com/56/161180032_bab985c511.jpg
269,http://farm1.static.flickr.com/227/477087286_87fb50f2d7.jpg
270,http://blogimages.seniorennet.be/rusty/9-a0cb017def2394469ae854b00b39f52c.jpg
271,http://farm1.static.flickr.com/163/408830132_0329c94ecb.jpg
272,http://blog1.rspcasa.asn.au/wp-content/uploads/Rentoulis_Terrier.jpg
273,http://lh3.google.com/_iaw7Ld78o-o/RzSnfpElNGI/AAAAAAAAAaQ/KIkWg1hhzxU/s800/apt_flip.jpg
274,http://www.razas-de-perros.info/fotos/norfolk-terrier/norfolk-terrier-4.jpg
275,http://farm1.static.flickr.com/196/479018469_9aa80f0a9f.jpg
276,http://static.flickr.com/201/442577553_f108b51551.jpg
277,http://www.jphpk.gov.my/English/latdog.jpg
278,http://www.puppydogweb.com/gallery/norfolkterriers/norfolkterreir_ferreira.jpg
279,http://farm1.static.flickr.com/32/41946094_081ec46878.jpg
280,http://photos.signonsandiego.com/gallery1.5/albums/dogshow/B85BEFDC_51E4_45FD_9B44_F86BB20D2DCE_pobj_MINI_1.jpg
281,http://www.canadasguidetodogs.com/customergraphics/amblegreen/norwich1.jpg
282,http://www.mydogneeds.com/dog-groups/terriers-dogs/norfolk-terrier.jpg
283,http://cache.viewimages.com/xc/2954566.jpg?v=1&c;=ViewImages&k;=2&d;=17A4AD9FDB9CF1934A2752006EF5F0ED40963936A76387425A5397277B4DC33E
284,http://farm2.static.flickr.com/1013/1468031063_d4b187a397.jpg
285,http://farm2.static.flickr.com/1143/1243225680_da640733bb.jpg
286,http://www.teokopek.net/norfolk_terrier.jpg
287,http://static.flickr.com/1092/685734358_63f6cd02f2.jpg
288,http://farm2.static.flickr.com/1382/648148139_e631816bb8.jpg
289,http://www.wataugademocrat.com/2006/0925web/0929_400_smoochy.jpg
290,http://www.pennantshop.com/images/dog_shirts/norfolk-terrier.gif
291,http://www.cokl.cz/cacheImage/sekce-stanice-1581.b221f41371a708804799cf1be66b8fb1-80-c160xc160.jpg
292,http://farm1.static.flickr.com/54/157047418_06cce16509.jpg
293,http://www.puppydogweb.com/breeders/pic_images/norfolkterrier_fitzpatrick.jpg
294,http://farm1.static.flickr.com/85/227382917_e11ca6d510.jpg
295,http://www.pats-pets.de/rassen/norfolk-terrier/Norfote4.jpg
296,http://farm2.static.flickr.com/1295/1071680521_08b4665311.jpg
297,http://www.norfolk-terrier.net/Juultje_5_Monate_alt_04.bmp
298,http://www.waggitt.co.uk/acatalog/dj277.jpg
299,http://www.dogsindia.com/images/Norfolk_Terrier-DI.jpg
300,http://www.wellbredpets.com/images/breedpics/lgmain-Norfolk-Terrier.jpg
301,http://news.bbc.co.uk/media/images/39843000/jpg/_39843627_dog_bath.jpg
302,http://www.glendalenorwich.com/gallery/images/Picture.jpg
303,http://home.no.net/terrinor/bildermedlemmer/Love%20me%20tender.jpg
304,http://www.thebristlesdoggrooming.com/josh.JPG
305,http://i10.ebayimg.com/03/i/000/cb/ac/952f_2.JPG
306,http://www.norwich-norfolk-swnnta.org/images1202/Jodi2.jpg
307,http://i175.photobucket.com/albums/w138/richfunpic/norfolkterrier.jpg
308,http://www.noffe.se/images/g_2.jpg
309,http://farm3.static.flickr.com/2289/2134132112_404029c780.jpg
310,http://www.norfolk-terrier-brandenburg.de/Welpen%202007/norfolkterrier%20035.jpg
311,http://www.du.art.br/slides/image0075.jpg
312,http://farm2.static.flickr.com/1112/1309386360_9f9156a925.jpg
313,http://www.poppyfields.net/poppy/photos/images/020603_dogs/norfolk3.jpg
314,http://lh3.google.com/_6Y2_BoQlE7E/Ry5cVY3CroI/AAAAAAAAAaQ/NKMgDFdP9bs/s800/norfolkterrier_calle_20.jpg
315,http://www.caninesportscenter.com/e107_images/custom/brag_sheila.jpg
316,http://farm2.static.flickr.com/1042/649026658_6255b9a370.jpg
317,http://www.tierpalast.de/rassehunde/norfolk_terrier_Rosa_thulin_krebs.jpg
318,http://www.dogsworld.net/images/norfolk.jpg
319,http://farm1.static.flickr.com/209/482847617_acb230b7f0.jpg
320,http://www.razas-de-perros.info/fotos/norfolk-terrier/norfolk-terrier-3tn.jpg
321,http://www.highwaygirl.com/hwg/images/westminster_coco.jpg
322,http://www.pedigreedogs.co.uk/images_breeds/norfolk_terrier_small.jpg
323,http://www.tuperro.com.mx/images/perros/estandares/norfolk_terrier_02.jpg
324,http://braunschweig-touren.de/Seiten/Tour_1-Dateien/charly1.jpg
325,http://www.bpotter.com/portal_images/media/w47.jpg
326,http://www.chooseyourpuppy.com/catimages/Norfolk_Terrier.jpg
327,http://farm1.static.flickr.com/107/277907185_7f02494349.jpg
328,http://www.ciaopet.com/upload/udxq-norfolk-pi.jpg
329,http://www.k9magazinefree.com/magazines/iss8/images/showdaynorfolk.jpg
330,http://www.bbc.co.uk/portuguese/especial/images/853_feiracrufts/185028_dog01.jpg
331,http://farm2.static.flickr.com/1158/1071691627_7cefb43118.jpg
332,http://www.kftbayern.de/Ringtraining.jpg
333,http://www.narva-kks.ee/pic/f/5.jpg
334,http://www.terrier.it/img/DOLLY.GIF
335,http://farm3.static.flickr.com/2160/2118975073_9467b216c2.jpg
336,http://www.lobeiroskennel.com/gallerifiler/parasempre.jpg
337,http://www.raggen.se/images/Mera%20hundar/ILLER.jpg
338,http://farm1.static.flickr.com/147/380053509_1f7684866e.jpg
339,http://www.starstore.com/acatalog/Norwich_Norfolk_Terrier-t.jpg
340,http://farm1.static.flickr.com/209/480431976_c3eb827ab3.jpg
341,http://www.katzenmoebel.com/norfolk/LOTTE1.jpg
342,http://www.breedersonline.co.uk/photos/3a/2569x_1.jpg
343,http://farm2.static.flickr.com/1259/648172191_7805e022a6.jpg
344,http://www.petplanet.co.uk/petplanet/images/breeds/lakeland_terrier.jpg
345,http://animal-photography.co.uk/thumbs/AP-KVESTX-TH.jpg
346,http://farm3.static.flickr.com/2062/2063398436_353f2e9382.jpg
347,http://www.infodog.com/wm00/garden/RM13794602.JPG
348,http://www.petdoumi.co.kr/images/petkind/121-norfolkterrier.jpg
349,http://farm1.static.flickr.com/120/262221486_acd975c5ac.jpg
350,http://farm1.static.flickr.com/37/104849580_2decd98868.jpg
351,http://www.norfolk.nl/images/060427%20Norfolk%20rechts.jpg
352,http://farm1.static.flickr.com/195/516225214_b0bfc7ca7f.jpg
353,http://www.sctcaz.org/sm_artwork17.jpg
354,http://farm1.static.flickr.com/92/243926288_dae2f5b2f0.jpg
355,http://farm1.static.flickr.com/230/475773588_7c35de7a5f.jpg
356,http://www.sportinglucasterrierassociation.co.uk/norfolkcrosses.jpg
357,http://www.dailyecho.co.uk/_images/misc/temp/toastie.jpg
358,http://www.canadogs.com/images/NorfolkAdDorini2.jpg
359,http://www.nationalterrier.co.uk/spg/2006/6/tn_Norfolk%20Terrier.jpg
360,http://www.bayviewvet.com/images/tiki%20sullivan.jpg
361,http://www.scenicreflections.com/ithumbs/pedigree-dogs-08.jpg
362,http://www.napbta.com/superdog-newton.jpg
363,http://www.bobtail-zuechter.de/int/images/rassen/norfolk/norfolk-1.jpg
364,http://www.terriers.de/Terrier15/Daten15/Bilder15/witte07.gif
365,http://polarmet.mps.ohio-state.edu/norwood/norfolk.gif
366,http://www.yochu.com/cnorfolk/nor2.jpg
367,http://dogs-puppies.dogs-central.com/images/breedthumbs/1846620732.01._SS500_SCLZZZZZZZ_V50348009_.jpg
368,http://farm1.static.flickr.com/4/4849906_d83bbd9906.jpg
369,http://www.dogzonline.com.au/images/profiles/51/8453_644.jpg
370,http://farm2.static.flickr.com/1148/538610473_aadc2b8cd3.jpg
371,http://www.dkimages.com/discover/previews/920/32667.JPG
372,http://www.kgcf.co.kr/image/norwich_terrier.jpg
373,http://www.fda-jagthunde.dk/billeder/album01/NORFOLK_TERRIER.thumb.jpg
374,http://abnormality.purpleflowers.net/crufts/terrier/norfolk.jpg
375,http://farm1.static.flickr.com/73/161181286_8014fe8130.jpg
376,http://farm1.static.flickr.com/143/365253285_62623db0ac.jpg
377,http://www.wildgooseterriers.com/Photo%20Gallery/Grooming_Norfolk/norfolk_head_profile.jpg
378,http://farm3.static.flickr.com/2222/2118975279_6ac630606b.jpg
379,http://okej.de/img/wordpress/VergesstKnuthierkommtKalle_14111/kalle_1.jpg
380,http://farm2.static.flickr.com/1321/649147730_de9d50a097.jpg
381,http://www.norwich-norfolk-swnnta.org/images1202/Eddie3.jpg
382,http://www.dog-breeds.name/pictures/norfolk-terrier/norfolk-terrier-5.jpg
383,http://static.flickr.com/104/296278106_83861fae88.jpg
384,http://farm2.static.flickr.com/1156/1437005082_8dfda01f5f.jpg
385,http://www1.clikpic.com/rolftaggart/images/IMG_0823-6x41_thumb.jpg
386,http://www.vdh.de/media/lexikon/110/o2704_05_neu.jpg
387,http://www.webwaddle.com/dinosite/dino01/dinosofah.jpg
388,http://www.razas-de-perros.info/fotos/norfolk-terrier/norfolk-terrier-6tn.jpg
389,http://farm1.static.flickr.com/47/152664531_c58b6d18c0.jpg
390,http://farm2.static.flickr.com/1050/1393022927_49d6b6fdd1.jpg
391,http://www.dogbreedinfo.net/images/NorfolkTerrierinde7310.jpg
392,http://farm2.static.flickr.com/1267/1242365967_bf2ef5f7df.jpg
393,http://farm1.static.flickr.com/64/190265376_620a6d4366.jpg
394,http://www.persian.dk/images/asbj23_4_07_2.jpg
395,http://www.norwich-norfolk-swnnta.org/images/051902.jpg
396,http://newsimg.bbc.co.uk/media/images/39996000/jpg/_39996731_teddy203.jpg
397,http://www.freedoglistings.com/pics/breeds/Norfolk-Terrier-been-judged.jpg
398,http://www.joker.co.jp/stutdog2/norfolk/harry.jpg
399,http://www.puppiesanddogsforsale.com/classifieds/..%5Ccadpic%5C628_Pic1.jpeg
400,http://www.dogchannel.com/images/articles/breed_profile_images/norfolk_terrier_new.jpg
401,http://www.hondenplaza.nl/page/norfolkterrier/2.jpg
402,http://www.susanharperartist.com/animals/images/Norfolk-Terrier-1.gif
403,http://farm1.static.flickr.com/192/471141631_50f663059b.jpg
404,http://www.du.art.br/slides/DSC_8620.JPG
405,http://farm2.static.flickr.com/1040/848431846_d000c30bea.jpg
406,http://farm2.static.flickr.com/1040/648173109_3d15568ecc.jpg
407,http://www.dogtimes.com.br/imagens/heimbachbridey01.jpg
408,http://static.flickr.com/1187/998366408_f75868c27a.jpg
409,http://farm3.static.flickr.com/2030/2151748579_82e7497121.jpg
410,http://farm2.static.flickr.com/1365/1242365247_7df7c636ce.jpg
411,http://www.dog-breeds.name/pictures/norfolk-terrier/norfolk-terrier-2tn.jpg
412,http://farm1.static.flickr.com/209/513144973_31965b3db4.jpg
413,http://farm2.static.flickr.com/1352/1076080208_bc971e4cff.jpg
414,http://www.cc-terriers.com/norkao.jpg
415,http://www.wildgooseterriers.com/Photo%20Gallery/Grooming_Norfolk/norfolk_head_profile_b.jpg
416,http://www.hunde-im-web.de/bilder/norfolkfot.jpg
417,http://www.breederweb.com/PICS/norfolk.jpg
418,http://www.ralfs-hundelexikon.de/foto/terr/norfolk.jpg
419,http://www.pets4you.com/ABC/images/norfolklittle.jpg
420,http://us.st11.yimg.com/us.st.yimg.com/I/grdog_1908_132902659
421,http://farm1.static.flickr.com/59/167150688_e421bc07f5.jpg
422,http://farm2.static.flickr.com/1093/1350515671_eefe066abf.jpg
423,http://dogizen.com/upload_file/news/111142285193112500.jpg
424,http://farm2.static.flickr.com/1179/1308503191_d578909d32.jpg
425,http://farm2.static.flickr.com/1378/1435607027_2d955e3b36.jpg
426,http://animalgiftsgalore.com/pics/Norfolk_Terrier_1.jpg
427,http://www.pedigree.com.sg/breeds/images/norfolk_terr.jpg
428,http://www.hondenras.com/encyclopedie/foto/1416_Norfolk_Terrier.jpg
429,http://static.flickr.com/20/68881665_cfffaef87c.jpg
430,http://farm2.static.flickr.com/1122/1313883349_f58624e8f9.jpg
431,http://www.ronhevener.com/cart/product_image.php?imageid=502
432,http://farm1.static.flickr.com/3/5974323_6250174a4a.jpg
433,http://photos4.meetupstatic.com/photos/event/5/6/6/6/event_2902118.jpeg
434,http://www.999answers.com/thumbs/norfolk-terrier-dog-breed-standard.jpg
435,http://farm2.static.flickr.com/1142/1468030917_3e7edced3f.jpg
436,http://www.norfolkterrier-sweetladys.de/mediac/400_0/media/DSC01903.JPG
437,http://home.netcom.com/~joiris/sitebuildercontent/sitebuilderpictures/.pond/tmobile1.jpg.w300h225.jpg
438,http://farm1.static.flickr.com/212/482847479_42bf6f342e.jpg
439,http://farm2.static.flickr.com/1326/1072551996_6b50a796a7.jpg
440,http://www.askhult.com/amalthea6ms.jpg
441,http://www.doginc.jp/menu/album/na/7.jpg
442,http://farm1.static.flickr.com/234/1511608289_719bd55f34.jpg
443,http://farm1.static.flickr.com/55/148354944_592c40e09f.jpg
444,http://farm2.static.flickr.com/1251/1305533037_4113ee5fbb.jpg
445,http://farm2.static.flickr.com/1369/649030992_8c0976dc86.jpg
446,http://www.wildgooseterriers.com/Photo%20Gallery/Grooming_Norfolk/frame_bodyprofile2.jpg
447,http://www.norwich-norfolk-terrier.nl/images/40dagenfaith.jpg
448,http://blogs.orlandosentinel.com/features_lifestyle_animal/images/uswestminsterdogshowst.jpg
449,http://farm1.static.flickr.com/47/149232113_fe893e9aac.jpg
450,http://badpoodle.com/ert_world/lokiface.jpg
451,http://www.hondenplaza.nl/page/norfolkterrier/3.jpg
452,http://www.wildgooseterriers.com/Photo%20Gallery/Grooming_Norfolk/norfolk_head_groom_a.jpg
453,http://farm3.static.flickr.com/2333/2160511166_63270b0929.jpg
454,http://www.cabalcaninecandids.com/assets/images/No-1-BOB-Norfolk-Terrier-Ex.jpg
455,http://farm2.static.flickr.com/1033/1308502857_324f5d0617.jpg
456,http://static.flickr.com/39/82003249_f994457d90.jpg
457,http://www.bayleafs.com/bilder/daydream13.jpg
458,http://lh3.google.com/_6Y2_BoQlE7E/RpnieJEKmsI/AAAAAAAAABs/3dNyUSZLZho/s800/20070628_5.jpg
459,http://www.dog-breeds-infosite.com/images/norfolkterrier1.jpg
460,http://www.norwich-norfolk-swnnta.org/images0103/01120015.jpg
461,http://usapups.com/breed_pics/2897673327.jpg
462,http://www.caninemediaservices.co.uk/rbt2007/Terrier/slides/Norfolk.JPG
463,http://farm2.static.flickr.com/1004/684870785_a563150374.jpg
464,http://www.wildgooseterriers.com/Photo%20Gallery/Grooming_Norfolk/norfolk_body_groom_a.jpg
465,http://www.dierenplanet.nl/images/nor2.jpg
466,http://farm1.static.flickr.com/41/106972494_5ad64b2e7c.jpg
467,http://www.dog-dogs.com/images/BreedPics/Ndogs/norfolkterrier03.jpg
468,http://farm1.static.flickr.com/211/492285593_d624472f6a.jpg
469,http://aboutpedigreedogs.com/dog%20pictures/Norfolk%20terrier%20415009_small.jpg
470,http://www.pet1616.com/zukan/dog/photo/norfolk_terrier.jpg
471,http://www.bayviewvet.com/images/tiki%20sullivan%202.jpg
472,http://static.flickr.com/1013/1075215987_59fc9136fb.jpg
473,http://www.okej.de/img/wordpress/wald_macht_muede.jpg
474,http://www.pets4you.com/images/norfolkterrierarroyo.jpg
475,http://3138272.la01.neti.ee/images/newspost_images/LottaBOG4.jpg
476,http://lh3.google.com/_6Y2_BoQlE7E/RpnieJEKmtI/AAAAAAAAAB0/IAQpTLv0QYE/s800/20070514_1.jpg
477,http://farm2.static.flickr.com/1419/541396168_24bb7f6a25.jpg
478,http://farm1.static.flickr.com/163/380063434_15e4876b11.jpg
479,http://farm3.static.flickr.com/2348/2151751175_e4bb18d53c.jpg
480,http://bowkids.hmc6.net/inuzukan/_img/norfolkterrier_001.jpg
481,http://farm2.static.flickr.com/1169/649035180_257ae00b08.jpg
482,http://static.flickr.com/77/191988750_3e72a0082a_b.jpg
483,http://www.norfolkterrier.dog.sk/pics/hevans_tan_man_cutie.jpg
484,http://www.norwich-norfolk-swnnta.org/images0303/03160005.jpg
485,http://static.flickr.com/166/380053526_d5c77608d3.jpg
486,http://images.inmagine.com/img/creatas/cr15550/cr15550050.jpg
487,http://static.flickr.com/1440/1072565076_99c0d47c19.jpg
488,http://www.petportraits.org/terriers/norwich_terrier_fbo_max_400h.jpg
489,http://www.ceskyterriers.nl/afbeeldingen/showshoots_norfolkclub05.jpg
490,http://www.rassehundezucht.net/NorfolkTerrierSchulzFoto1.jpg
491,http://www.bayleafs.com/bilder/daydream12.jpg
492,http://www.dogbreedinfo.com/images14/NorfolkTerrierPic61205.JPG
493,http://www.sidyboysfoolin.com/norfolk1.jpg
494,http://www.jodypaquette.com/photos/oliver.jpg
495,http://farm2.static.flickr.com/1392/1436140653_df29e98f5a.jpg
496,http://farm1.static.flickr.com/23/27591379_823883f6ce.jpg
497,http://www.windermers.de/bilder/toddy3.jpg
498,http://www.buysellpuppies.com/images/n812845437_991598_9312.jpg
499,http://farm2.static.flickr.com/1209/1075208791_74f6aeead8.jpg
500,http://www.kleintierpension-laemmerhirt.de/pension/pix/klein/norfolkterrier.jpg
501,http://farm1.static.flickr.com/127/408830123_92a9182737.jpg
502,http://farm3.static.flickr.com/2057/2142117644_c3fdbb526e.jpg
503,http://www.juen.com.tr/UPLOAD/Irk_Resim/Irk_Small_Resim/Irk_S_Kopek/Norfolk_Terrier_s.jpg
504,http://static.flickr.com/9/68881738_fac682943c.jpg
505,http://seattlepi.nwsource.com/dayart/20040210/450dog6.jpg
506,http://farm3.static.flickr.com/2353/2121666728_2d41efc6e0.jpg
507,http://farm2.static.flickr.com/1015/648286219_2c9b4815d8.jpg
508,http://us.yimg.com/i/pets/d/norfolk.jpg
509,http://farm2.static.flickr.com/1313/1475273928_991a44fc40.jpg
510,http://farm2.static.flickr.com/1226/648295813_bdc320928b.jpg
511,http://www.cadf.ca/dimages/4-Norfolk-Terrier.jpg
512,http://farm2.static.flickr.com/1364/602822105_9228f88616.jpg
513,http://petsfact.com/images/Norfolk-Terrier%201.jpg
514,http://www.norfolk-norwich-terrier.de/mediac/400_0/media/Welpen$7E10$7ETage$7Ealt.jpg
515,http://www.dog-breeds-infosite.com/images/norfolkterrier.jpg
516,http://static.flickr.com/1010/1313883335_65efff1f59.jpg
517,http://www.dogclub.co.uk/gallery/image/200412081723Scamp3_thumb.jpg
518,http://www.perfectpuppiesonline.com/breedimages/Norfolk_Terrier.jpg
519,http://farm2.static.flickr.com/1407/1468031319_8c6cb7bc15.jpg
520,http://www.terrier.it/img/NORFOLK.GIF
521,http://www.viarural.com.ar/viarural.com.ar/ganaderia/mascotas/pets/perros8/norfolk-terrier01.jpg
522,http://farm1.static.flickr.com/57/159426238_748ae76a30.jpg
523,http://animalmakers.com/Catalog/images/terrier_1727-01.jpg
524,http://www.nationaldogbreeders.com/images/breed/NorfolkTerrier.jpg
525,http://www.westminsterkennelclub.org/2006/photos/breed/RM36731901.jpg
526,http://www.dkimages.com/discover/previews/948/65020937.JPG
527,http://www.capricornkennel.com/images/norfolk-01.gif
528,http://www.marketharboroughanddistrictcaninesociety.org/photos/show4.jpg
529,http://farm2.static.flickr.com/1376/648276747_a0d0d24216.jpg
530,http://images.acclaimimages.com/_gallery/_TN/0104-0509-2020-2046_TN.jpg
531,http://images.inmagine.com/168nwm/creatas/cr15550/cr15550050.jpg
532,http://www.vjdesigns.com/elliott/Jorge-Elliott.jpg
533,http://www.demaineimage.com/shop/imagemagic.php?page=prod_info&img;=zrHGtMbcnZVXdp6RlJZ4koGSoqKZQHGfipWvlKw%3D&w;=100&h;=100
534,http://inzerce.chovzvirat.com/img/inzeraty/img_1621-2429-mini.jpg
535,http://files.dogster.com/images/dogster/breeds/norfolk_terrier.jpg
536,http://www.norwich-norfolk-swnnta.org/imagesnew/3.jpg
537,http://www.pedigreedpups.com/images/Norwich.jpg
538,http://www.agraria.org/cani/norfolkterrier.jpg
539,http://anti-dockingalliance.co.uk/BTerrierNorfolkWindsora.JPG
540,http://www.neumann-neudamm.de/store_files/1/images/product_images/info_images/139_0.jpg
541,http://static.flickr.com/53/152096822_70e24f901f.jpg
542,http://farm1.static.flickr.com/216/513144931_1ead7bf18f.jpg
543,http://farm2.static.flickr.com/1038/1351402086_bb772128dc.jpg
544,http://www.n-seker.de/norfolk_terrier/kopf.jpg
545,http://static.flickr.com/1077/1476728613_c338777c8b.jpg
546,http://www.pupcity.com/images/adpics/06242120601122_1.jpg
547,http://www.e-inu.com/male/images/norfolk-terrier-s01.jpg
548,http://www.nextdaypets.com/directory/breeds/images/t_1100185.gif
549,http://www.regencynorfolks.com/uploads/AllieCH.jpg
550,http://www.beaglebrasil.com.br/imagens/grupos/norfolk_terrier.jpg
551,http://lh3.google.com/_6Y2_BoQlE7E/Ry5b_o3CrfI/AAAAAAAAAZE/mWNMtIWmt9w/s800/norfolkterrier_calle_11.jpg
552,http://www.norwich-norfolk-swnnta.org/images0103/01120011.jpg
553,http://www.regencynorfolks.com/uploads/ElainaMajor.jpg
554,http://koti.mbnet.fi/~omskakas/annipuus.jpg
555,http://static.flickr.com/2389/1796743402_4e8e8b642b.jpg
556,http://www.boazvet.com/Images/Dogs/Terrier/norfolk_terrier.jpg
557,http://www.goubaobao.com/upload/news/2005/04/08/fj_norfolk01.jpg
558,http://farm3.static.flickr.com/2344/2058421856_c388762766.jpg
559,http://www.wildgooseterriers.com/Photo%20Gallery/Gallery/Goose10.jpg
560,http://users.pandora.be/norfolkterrier/ZORBA2.JPG
561,http://www.worldexplorer.be/norfolk_terrier.gif
562,http://www.dreamscapek9.com/Gift%20Pages/Sovereign/2005/YS21-Norfolkrec.jpg
563,http://farm1.static.flickr.com/67/155737060_507c08074c.jpg
564,http://farm1.static.flickr.com/47/163203921_bec0ab8944.jpg
565,http://www.norwich-norfolk-swnnta.org/images/0519010.jpg
566,http://farm1.static.flickr.com/188/365250533_8504ed5f20.jpg
567,http://www.pupcity.com/images/adpics/05292233301872_1.jpg
568,http://farm3.static.flickr.com/2409/2118975449_016e154eac.jpg
569,http://nancysneedlecrafts.com/dogs_m_n_o_files/Norfolk%20Terrier%20(body).jpg
570,http://farm1.static.flickr.com/144/388168403_cfd53f8b3c.jpg
571,http://www.expertdog.com/images/razas/norfolkterrier.jpg
572,http://www.lucarossi.com/foto/razze/117.jpg
573,http://farm3.static.flickr.com/2259/2063827652_a20e6f18b6.jpg
574,http://farm1.static.flickr.com/93/276083648_843d8d415a.jpg
575,http://www.puppydogweb.com/breeders/prem_images/norfolkterrier_jager9277.jpg
576,http://static.flickr.com/5/4849843_226963a84a.jpg
577,http://farm1.static.flickr.com/110/296278082_a4bd7be45c.jpg
578,"http://www.norwich-norfolk-terrier.nl/images/barchem,%20wandeling%20NNTC%209-4-2006%20037.jpg"
579,http://www.westminsterkennelclub.org/breedinformation/terrier/images/borderte.jpg
580,http://farm1.static.flickr.com/184/475773568_4f3c985946.jpg
581,http://content.dogspot.de/img/rassen/Norfolk-Terrier.jpg
582,http://www.kateconnick.com/postcards/norfolkterr1th.jpg
583,http://www.cabalcaninecandids.com/assets/images/2-norfolk02.jpg
584,http://home.swipnet.se/norfolkterrier/uts%2022.jpg
585,http://www.kennels.co.uk/images/Ter.NorwichTerrier.jpg
586,http://www.animundo.com/honden/Images/1084995898Norfolk-Terrier.jpg
587,http://www.vets.org.nz/photogallery/photo13287/Norfolk.jpg
588,http://www.ralfs-hundelexikon.de/foto/terr/norwich.jpg
589,http://www.freewebs.com/mainly/NN-NNSHOW07%20059.jpg
590,http://www.emmonspanish.com/05-06/spanish4/espanol-cundiff/Norfolk%20Terrier.jpg
591,http://farm1.static.flickr.com/104/365251392_80a36895a6.jpg
592,http://www.norwich-norfolk-swnnta.org/images1202/lance1.jpg
593,http://static.flickr.com/157/380063440_4197b4aa96.jpg
594,http://ak.buy.com/db_assets/prod_lrg_images/481/202056481.jpg
595,http://anti-dockingalliance.co.uk/breeds/001_TerrierNorfolkRicketts.jpg
596,http://farm1.static.flickr.com/173/442578789_73e44eb8f6.jpg
597,http://www.a-zanimals.co.uk/dogs/images/peds/norfolk_terrier/1.jpg
598,http://static.flickr.com/1183/1436139359_ed53c805a0.jpg
599,http://farm1.static.flickr.com/195/442577009_3ca9f75b27.jpg
600,http://absolument.toutou.free.fr/Images/norwich.jpg
601,http://www.puppyfinder.com/breed_images/103_image1_thumb.jpg
602,http://www.unser-norfolk-terrier.de/bilder/06.jpg
603,http://img99.imageshack.us/img99/1151/184echtgenietenhier89027vi.jpg
604,http://static.flickr.com/1088/1061357532_9fe9394d3f.jpg
605,http://static.flickr.com/1320/685734570_88fa1ec3e3.jpg
606,http://www.pecangrovekennel.com/Images/EventPics/Pets/BOM/Norfolk.jpg
607,http://static.flickr.com/2119/2076092843_af83a30770.jpg
608,http://www.terrierman.com/crufts2005bestinshowcoco.jpg
609,http://www.kutyatanya.hu/images/fajok/norfolk_terrier.jpg
610,http://animal-photography.co.uk/thumbs/AP-0I1AHN-TH.jpg
611,http://farm2.static.flickr.com/1027/648651622_642a56e36a.jpg
612,http://www.terrierclub.be/img_honden_clean/norfolk.jpg
613,http://www.wildgooseterriers.com/Photo%20Gallery/Grooming_Norfolk/norfolk_body_groom_d.jpg
614,http://www.animal-portraits.co.uk/images/norfolk.jpg
615,http://www.gulabinsterriers.nl/assets/images/Norfolk_kl.jpg
616,http://farm3.static.flickr.com/2210/2119753446_9f3d64c429.jpg
617,http://farm2.static.flickr.com/1219/1436139789_8a1e32477a.jpg
618,http://farm1.static.flickr.com/6/68881531_887871311b.jpg
619,http://www.tammybears.com/terrier2_files/image025.jpg
620,http://static.flickr.com/1432/1313883341_2961ee259d.jpg
621,http://fauxcaster.com/home/gallery/thumbnails/kaia.jpg
622,http://www.breedersonline.co.uk/Dogs/Photos/Norfolk-Terrier.jpg
623,http://www.dogbreedinfo.org/images14/NorfolkTerrierPic61112.JPG
624,http://www.chiens.fr/images/races/norwich_terrier.jpg
625,http://www.icpetportraits.com/terriers/norfolk_terrier_gfb_270w.jpg
626,http://www.norwich-norfolk-swnnta.org/images0103/01120043.jpg
627,http://www.terriers.de/Terrier15/Daten15/Bilder15/th_rasse15.jpg
628,http://www.norfolkterrierclub.co.uk/photoarchiv2005/web%20Norfolk%20Show%20Sep%2005%20006.jpg
629,http://nordoxandsoaps.com/norwich/images/favorites.JPG
630,http://farm2.static.flickr.com/1115/684869081_7c33caa1c6.jpg
631,http://girlstoboys.com/norfolk_terrier.jpg
632,http://farm2.static.flickr.com/1306/1076072594_ab205a553a.jpg
633,http://farm1.static.flickr.com/20/68881580_dc0bb4b593.jpg
634,http://upload.wikimedia.org/wikipedia/commons/b/be/Norfolk_terrier_CAC.jpg
635,http://www.zarea.de/tagebuch/bilder/jerry1.jpg
636,http://www.pedigree.com.au/breeds/images/norfolk_terr.jpg
637,http://www.free-dogs-info.com/norfolk_pds.JPG
638,http://static.flickr.com/6/68881546_d6e78bbf62.jpg
639,http://www.razas-de-perros.info/fotos/norfolk-terrier/norfolk-terrier-5tn.jpg
640,http://server.hund.ch/fotos/fnorfolkterrier5.jpg
641,http://farm2.static.flickr.com/1010/1468885782_0969d54d29.jpg
642,http://farm2.static.flickr.com/1389/1461348744_1c13cd144e.jpg
643,http://www.dog-breeds.name/pictures/norfolk-terrier/norfolk-terrier-6.jpg
644,http://farm3.static.flickr.com/2393/2228087259_18f386c354.jpg
645,http://www.datingpuppy.com/Breeds/breed_n/NorwichTerrier1.jpg
646,http://farm1.static.flickr.com/39/74707288_a349587ac9.jpg
647,http://farm2.static.flickr.com/1165/707304963_e80d7ba6e6.jpg
648,http://lh3.google.com/_6Y2_BoQlE7E/Ry5bxI3CrWI/AAAAAAAAAX8/zlopUOjuwq4/s800/norfolkterrier_calle_2.jpg
649,http://farm1.static.flickr.com/120/307068721_05a3356fb0.jpg
650,http://www.dogbreedinformation.com/images16/NorfolkTerriersBelleSit.JPG
651,http://farm2.static.flickr.com/1284/647886527_e04e1eb4c1.jpg
652,http://www.wolfswords.com/dogs/RT/20050604%20norwich.jpg
653,http://www.hondenras.com/encyclopedie/foto/1643_Norfolk_Terrier.jpg
654,http://www.landmarknorfolks.net/assets/images/willsbeaxbasket.jpg
655,http://farm2.static.flickr.com/1119/814860862_b12be2141b.jpg
656,http://static.flickr.com/18/68881613_b42417f8cf.jpg
657,http://www.zooworld.com.ua/img/dogs/norfolk-terer.jpg
658,http://images.usatoday.com/sports/_photos/2004-02-09-thumb-dog2.jpg
659,http://farm1.static.flickr.com/175/475784233_d80554accc.jpg
660,http://www.cutestdoggy.com/dogpics/preview/105_0532.jpg
661,http://farm2.static.flickr.com/1023/684871205_e79e4f3cf4.jpg
662,http://farm2.static.flickr.com/1400/647671047_06482b9ba8.jpg
663,http://www.gotpetsonline.com/pictures-gallery/dog-pictures-breeders-puppies-rescue/norfolk-terrier-pictures-breeders-puppies-rescue/pictures-photos/norfolk-terrier-0001.jpg
664,http://www.xyberpet.com/terrier%20album/norfolk_terrier.jpg
665,http://www.pets-hop.com/kenshuimg/norfolkterrier.JPG
666,http://farm1.static.flickr.com/59/158113539_7c357643d7.jpg
667,http://www.dog-best.com/rase/slikeras/norf_ter.jpg
668,http://www.sempativet.net/irklarresim/Norfolk_Terrier_L.jpg
669,http://www.wildgooseterriers.com/Photo%20Gallery/Norfolk/piper10jul04e.jpg
670,http://www.pets4you.com/pages/images/norfolk.jpg
671,http://farm2.static.flickr.com/1262/1468885924_b0c8d4eef6.jpg
672,http://home.g08.itscom.net/stk/tisp/hello/hello-photo.jpg
673,http://www.dansk-terrier-klub.dk/racer/images/norfolk2.jpg
674,http://www.dogzonline.com.au/images/profiles/07/01/18797_651.jpg
675,http://www.hondenspul.nl/media/2758-5_f450.jpg
676,http://www.hundefibel.de/images/norwich.jpg
677,http://farm1.static.flickr.com/25/49640487_2f23b4f157.jpg
678,http://www.aussies.se/norfolk/Bilder/norfolkterrier-harry.jpg
679,http://www.dogclub.co.uk/gallery/image/200503240948nft.front.21.03.05_thumb.jpg
680,http://www.norwich-norfolk-swnnta.org/images0103/01120018.jpg
681,http://farm1.static.flickr.com/54/113059996_b51e0a64cd.jpg
682,http://www.razas-de-perros.info/fotos/norfolk-terrier/norfolk-terrier-4tn.jpg
683,http://adogslife.net/gallery_images/thumbnail/061907134806.jpg
684,http://farm1.static.flickr.com/127/408901775_63823f6240.jpg
685,http://www.thebaydoglimited.com/_thumbnails/011norfolk_thumbnail.gif
686,http://www.tallpoppy.org/graphics/misc2003/dogs/nor.jpg
687,http://farm2.static.flickr.com/1089/649029918_faccac5b82.jpg
688,http://www.btcanada.com/photos/photo4368.jpg
689,http://farm1.static.flickr.com/158/380053514_b7ac748da9.jpg
690,http://farm1.static.flickr.com/20/68089890_3182e1c72f.jpg
691,http://www.wildgooseterriers.com/Photo%20Gallery/Grooming_Norfolk/norfolk_head_groom_v.jpg
692,http://www.cinofilionline.it/images/norfolkterrierbuono.jpg
693,http://www.peanuts-norfolkterrier.de/bilder/daisy.gif
694,http://static.flickr.com/205/471140281_c3035de471.jpg
695,http://farm3.static.flickr.com/2356/2224617262_d62a4d27ef.jpg
696,http://www.doggysteps.com/images/richardB.jpg
697,http://farm1.static.flickr.com/51/168384415_c3a694f51e.jpg
698,http://www.norwich-norfolk-swnnta.org/images0203/02090001.jpg
699,http://nancykembry.com/leo/images/brothers1.jpg
700,http://www.winchesterstar.com/TheWinchesterStar/020715/dogsho.jpg
701,http://farm2.static.flickr.com/1110/1071705663_e7157395e7.jpg
702,http://www.milouchouchou.com/milannu/inc/im_cat/272.jpg
703,http://lh3.google.com/_6Y2_BoQlE7E/Ry3hG43CrPI/AAAAAAAAAS4/DNbQeBF3jt8/s800/snow_9.jpg
704,http://www.dognews.com/pedigreegallery/2003/terrier/thumbnails/Norfolk%20terrier%20.jpg
705,http://www.dognews.com/pedigreegallery/2003/terrier/images/Norfolk%20terrier%20.jpg
706,http://www.bulldogsale.net/pictures/norfolk-terrier-picture.jpg
707,http://www.viarural.com.ar/viarural.com.ar/ganaderia/mascotas/fotografias-perros/terrier-norfolk-03.jpg
708,http://static.flickr.com/2259/2118975209_f5823b22da.jpg
709,http://freddie-walker.steve-walker.co.uk/galleries/images/freddietn03.jpg
710,http://z.about.com/d/dogs/1/7/N/l/1/DSC_4540.JPG
711,http://farm2.static.flickr.com/1341/1468893060_1e2a3847d9.jpg
712,http://farm3.static.flickr.com/2189/2059735584_5b0db37c94.jpg
713,http://farm3.static.flickr.com/2207/1511608819_433991cad3.jpg
714,http://www.norwich-norfolk-swnnta.org/imagesnew/5.jpg
715,http://www.mybuddydog.com/norfolk1.jpg
716,http://static.flickr.com/66/160189719_bb9198ee14.jpg
717,http://www.tias.com/stores/doxette/thumbs/ccka020ca.jpg
718,http://static.flickr.com/1135/1076082952_f4e4b1b581.jpg
719,http://farm2.static.flickr.com/1137/1071699425_178397cb7a.jpg
720,http://www.landmarknorfolks.net/assets/images/SeikanLisa.jpg
721,http://www.dooziedog.com/dog_breeds/norfolk_norwich_terriers/main.jpg
722,http://pets-place.net/Breeds/NorfolkTerrierPhoto1.jpg
723,http://www.viarural.com.uy/ganaderia/mascotas/fotografias-perros/terrier-norfolk-06.jpg
724,http://mysite.wanadoo-members.co.uk/findteddy/TeddyOnGrass.jpg
725,http://www.doginc.jp/menu/album/na/6.jpg
726,http://farm1.static.flickr.com/229/480432004_fe18cc393d.jpg
727,http://www.terriers.de/Terrier15/Daten15/Bilder15/Lueger01.jpg
728,http://www.hundepflege-langenhagen.de/mediac/400_0/media/DIR_62701/scotti$20web$20400pix$20hoch.jpg
729,http://farm1.static.flickr.com/74/167806113_d2338e0591.jpg
730,http://farm1.static.flickr.com/39/104849505_7a6e0fa860.jpg
731,http://www.bondanimalhospital.com/butters2005.jpg
732,http://www.westminsterkennelclub.org/breedinformation/terrier/images/austter.jpg
733,http://www.goldrush.com/~amyvick/assets/images/norfolk_terrier.jpg
734,http://www.europuppy.com/images/dog_breed_info/158_1.jpg
735,http://farm1.static.flickr.com/23/27977506_016e17df94.jpg
736,http://www.cuug.ab.ca/~animal/NorfolkTerrier.jpg
737,http://www.i-love-dogs.com/dog-breeds/images/Cairn-Terrier.jpg
738,http://static.flickr.com/1243/1470784291_48242128cd.jpg
739,http://farm1.static.flickr.com/232/513144953_fc67e258e5.jpg
740,http://www.austinchronicle.com/binary/a04a89ef/screens_tveye-36891.jpeg
741,http://farm1.static.flickr.com/1/126910031_3c23a31391.jpg
742,http://www.norwich-norfolk-swnnta.org/images0203/02090047.jpg
743,http://farm1.static.flickr.com/200/480432028_2f745ee99b.jpg
744,http://farm1.static.flickr.com/22/28966290_196ef25b95.jpg
745,http://www.hondeninfo.net/images/norfolk-terrier4.jpg
746,http://www.norwich-norfolk-swnnta.org/images/Bailey.jpg
747,http://www.naturespet.com/pics/magpk2.jpg
748,http://farm1.static.flickr.com/222/513108850_df0374c455.jpg
749,http://www.dogchannel.com/images/articles/breed_profile_images/norfolk_terrier_80x80.jpg
750,http://www.dogtron.com/dog/pictures/norfolk_terrier.jpg
751,http://home.netcom.com/~mercator/sitebuildercontent/sitebuilderpictures/.pond/cover_norfolkterr.jpg.w300h396.jpg
752,http://farm1.static.flickr.com/21/38615491_beee1bf69e.jpg
753,http://www.ontek.terrierklubben.se/norfolkapril.jpg
754,http://www.wildgooseterriers.com/Photo%20Gallery/Grooming_Norfolk/norfolk_head_ears.jpg
755,http://photocache.petfinder.com/fotos/CA474/CA474.5922131-3-x.jpg
756,http://www.thebristlesdoggrooming.com/Terriers/Rubynorfolk.jpg
757,http://www.showdogsireland.com/%5CImageLibrary%5CDogs%5C21_thm.jpg
758,http://farm1.static.flickr.com/6/68881694_d5d4587669.jpg
759,http://farm1.static.flickr.com/114/296278151_4143c6e4bc.jpg
760,http://www.viarural.com.uy/ganaderia/mascotas/fotografias-perros/terrier-norfolk-05.jpg
761,http://farm3.static.flickr.com/2027/2236741217_e3ecd677f9.jpg
762,http://static.flickr.com/1119/814860862_b12be2141b.jpg
763,http://www.curracloe.co.uk/images/norfolkTerrier.jpg
764,http://farm3.static.flickr.com/2219/2141349741_d30865633b.jpg
765,"http://www.gareds.de/norfolk/LOTTE,%20STEHEND.jpg"
766,http://images.amazon.com/images/P/0763176303.01._PE_PI_SCMZZZZZZZ_.jpg
767,http://www.hondenras.com/encyclopedie/foto/1472_Norfolk_Terrier.jpg
768,http://terrierlover.com/wp-content/uploads/2007/08/puppymugshot.JPG
769,http://www.vaughanart.com/lauren-images/prints-two/norfolk.jpg
770,http://www.veterinaire-dewarrat.ch/siteweb/images/chiens/N1.jpg
771,http://www.goldenkitestore.com/images/gk/119.jpg
772,http://www.pawprinteditions.co.uk/Jalbum%20PayPal/Dogs/slides/Norfolk%20Terrier.jpg
773,http://farm2.static.flickr.com/1167/1350513089_e1eccf65a3.jpg
774,http://z.about.com/d/boston/1/6/C/1/-/-/IMG_4635.JPG
775,http://images2.speurders.nl/images/32/3261/32610512_1_detail.jpg
776,http://www.2000puppies.com/photos/norfolk_pdw.jpg
777,http://farm1.static.flickr.com/166/380053526_d5c77608d3.jpg
778,http://img238.imageshack.us/img238/7756/86week8mido4xw.jpg
779,http://www.border-terrier-enjoy.de/img/past/past9.jpg
780,http://static.flickr.com/31/56258322_4009f3269d.jpg
781,http://hundejo.de/books/images/3826380878.jpg
782,http://www.wildgooseterriers.com/Photo%20Gallery/Gallery/lucky.jpg
783,http://www.mjp-kaarten.com/images/norfolk2thumb.jpg
784,http://farm2.static.flickr.com/1007/1076085492_5c7507af51.jpg
785,http://ww.dogzonline.com.au/images/profiles/63/15276_241.jpg
786,http://www.norwich-norfolk-swnnta.org/images0103/01120088.jpg
787,http://farm2.static.flickr.com/1006/1216205901_ad7ad59892.jpg
788,http://www.norfolkterrier-sweetladys.de/mediac/400_0/media/DSC01901.JPG
789,http://home.online.no/~mon-hof/Animal%20Paradise/n.avelshanner.Jiffy%20Flashpoint.jpg
790,http://farm3.static.flickr.com/2156/2151753389_a3e9eea260.jpg
791,http://www.yvonnesovereign.com/norfolkterrier.jpg
792,http://www.border-und-norfolk-terrier.de/assets/images/rehoming2.jpg
793,http://static.flickr.com/29/46599531_2d546422ae.jpg
794,http://www.petfriends.com.br/enciclopedia/images/Caes/Norfolkterrier_2.jpg
795,http://www.pets.be/UploadedFilesMyPets/thumbnails/dashie_580x580.jpg
796,http://farm2.static.flickr.com/1097/1350512589_58c462c90b.jpg
797,http://www.dog-breed-facts.com/images/australian-terrier-1.jpg
798,http://www.dogdays.co.jp/puppy/images/puppy_pic35.gif
799,http://static.flickr.com/1120/985469522_33c7f02256.jpg
800,http://farm2.static.flickr.com/1319/1476729153_c682bdaad0.jpg
801,http://data10.showpets.com/petimages/3/maggie1.jpg
802,http://www.dogtimes.com.br/imagens/ChidleyMajorG03.jpg
803,http://farm1.static.flickr.com/174/442578985_b2e69b7223.jpg
804,http://www.bcallterrier.com/images/norfolk.jpg
805,http://us.eukanuba.com/eukanuba/en_US/data_root/Images/Breeds_Dogs/individual_breeds/Norfolk-Terrier.jpg
806,http://static.flickr.com/35/73887726_d63f04b974.jpg
807,http://www.zzinzzu.net/data/file/dog_kind/748137279_324e054c_Norfolk-Terrier.jpg
808,http://www.norfolkbramphton.nl/images/donna.jpg
809,http://www.smokk.se/Bild/030906/oland_valp_son_norfolk.jpg
810,http://farm1.static.flickr.com/184/475774384_12ee4ffcee.jpg
811,http://www.digitaldog.com/images/breeds/norfolk.jpg
812,http://www.petfriends.com.br/enciclopedia/images/Caes/Norfolkterrier_1.jpg
813,http://www.norwich-norfolk-swnnta.org/images1202/helen4.jpg
814,http://farm1.static.flickr.com/79/231654527_e780690c9a.jpg
815,http://www.lupus.hjem.wanadoo.dk/racer4/Norfolk%20Terrier.jpg
816,http://www.doginc.jp/menu/album/na/4.jpg
817,http://farm1.static.flickr.com/89/227382921_50deb7cfb2.jpg
818,http://www.mrmac-usa.com/ja/hammockg_files/user-hammock-33.jpg
819,http://www.perrosdemexico.com.mx/arte/medart/a22_003.jpg
820,http://farm3.static.flickr.com/2361/2084659225_698e560f65.jpg
821,http://www.pets4you.com/images/norfolkterriertrinity.jpg
822,http://www.wildgooseterriers.com/Photo%20Gallery/Norfolk/storm_piper_jul04.jpg
823,http://www.norwich-norfolk-swnnta.org/images0103/01120047.jpg
824,http://www.pupcity.com/images/adpics/06224042811181_1.jpg
825,http://www.agraria.org/cani/norfolkterrier1.jpg
826,http://www.dog-superguide.com/image/data_03-norfolk_terrier_knuckle.jpg
827,http://www.puppy-kitten-sale.com/catimages/norfolk.jpg
828,http://www.petgroomer.com/Grooming101/Photos/0793807611%20norfolk%20terrier%20amazon.jpg
829,http://www.westminsterkennelclub.org/breedinformation/terrier/images/glenimaal.jpg
830,http://www.carolynsonline.com/a7696e10.jpg
831,http://www.wildgooseterriers.com/Photo%20Gallery/Norwich/Norwich_head_Sattler.jpg
832,http://lh3.google.com/_6Y2_BoQlE7E/Ry5bxo3CrXI/AAAAAAAAAYE/fjrdbcI5N18/s800/norfolkterrier_calle_3.jpg
833,http://farm3.static.flickr.com/2355/2165241521_e271be0d1f.jpg
834,http://lh3.google.com/_6Y2_BoQlE7E/Ry5cYo3CrqI/AAAAAAAAAag/2__RscKhaOI/s800/norfolkterrier_calle_23.jpg
835,http://www.mousematstore.co.uk/prodimages/cat7/detail/7065.jpg
836,http://us.iams.com/iams/en_US/data_root/image/dog_breed/norfterr.jpg
837,http://www.norfolk-terrier.de/darling/trudy_kopf.jpg
838,http://www.champdogs.co.uk/images/l10088p2.jpg?1
839,http://www.norwich-norfolk-swnnta.org/images1202/lance2.jpg
840,http://static.flickr.com/51/149231900_bb0910a841.jpg
841,http://www.furrycritter.com/resources/dogs/Images/Norwich-Norfolk%20Terrier%202.jpg
842,http://www.caninefilmacademy.com/PhotoshootPics/Oct05/Russell024.jpg
843,http://www.wagandfetch.com/images/breeds/breed_norfolk_terrier.jpg
844,http://users.pandora.be/norfolkterrier/chia4.JPG
845,http://www.uptowneventing.co.uk/images/millie_[320x200].jpg
846,http://news.bbc.co.uk/media/images/40922000/jpg/_40922419_coco203pa.jpg
847,http://www.ikc.ie/bpis.jpg
848,http://westminsterkennelclub.org/2003/photos/breed/RM36731901.jpg
849,http://www.borderterrier-vonwarnberg.de/nft.jpg
850,http://www.thebreedsofdogs.com/images/NORFOLK_TERRIER.jpg
851,http://dl.dogomania.com/pics/1/norfolk1.jpg
852,http://www.razas-de-perros.info/fotos/norfolk-terrier/norfolk-terrier-1tn.jpg
853,http://www.petking.co.il/petking/MediaServer/AnimalGuides/Dogs/200X150/Norfolk_Terrier.jpg
854,http://www.encore-editions.com/dogs/darling/darling2/thumb/thm_thm_norwich%20terrier%20black%20and%20tan%20copy.jpg
855,http://www.terrierpage.de/Rassen/Norfolk_Terrier/Norfolk_Standard/NORFOLK1.jpg
856,http://farm3.static.flickr.com/2219/2141325701_a49eceab57.jpg
857,http://www.dogdomain.com/images/160B_norfolk-terrier.jpg
858,http://www.norwich-norfolk-swnnta.org/images/0519012.jpg
859,http://farm2.static.flickr.com/1128/1072547364_a8d22b93dd.jpg
860,http://www.terrierclub.ch/images/Norfolk-1.jpg
861,http://www.nzkc.org.nz/nds2007/images/2073.jpg
862,http://farm3.static.flickr.com/2089/2142141406_7f393ef012.jpg
863,http://www.unser-norfolk-terrier.de/bilder/beide.jpg
864,http://www.deltapages.com/images/norfolkterrier.jpg
865,http://www.specialgrooming.nl/cursusresultaten/norfolk-b.jpg
866,http://www.norfolk.nl/images/timhead.jpg
867,http://www.dogtimes.com.br/imagens/agility_healysclipper01.jpg
868,http://farm1.static.flickr.com/4/6102001_25e9692bfc.jpg
869,http://www.doggonegood.com/art/breedicons/Norfolk-terrier.jpg
870,http://www.geocities.com/virtualpet2000/norwichterrier1.jpg
871,http://www.dogs4sale.com/images_breed/norfolk_terrier.jpg
872,http://www.pisa2000.it/cinofilia/images/norwich.gif
873,http://www.norwich-norfolk-swnnta.org/images0104/01110016.jpg
874,http://www.redevet.com.br/rcaes/norfolk.jpg
875,http://static.flickr.com/147/388168415_22b12659bd.jpg
876,http://www.mollyjones.com/nobreeds/no%20breed%20pics/norfolk.jpg
877,http://www.dogbreedinformation.com/images17/NorfolkTerrierRed9WeeksJessie.jpg
878,http://www7a.biglobe.ne.jp/~poohpoco/050908114-w320.jpg
879,http://farm2.static.flickr.com/1298/551917897_44c93a26a2.jpg
880,http://photos.signonsandiego.com/gallery1.5/albums/dogshow/res46098.jpg
881,http://farm2.static.flickr.com/1184/665102781_2f9345ae49.jpg
882,http://www.cinofiliaitaliana.it/estero/2005/CRUFTS/norfolk.jpg
883,http://farm2.static.flickr.com/1395/801011852_2bd540ac38.jpg
884,http://farm2.static.flickr.com/1422/648661080_c54b30cec4.jpg
885,http://www.dogtimes.com.br/imagens/norfol15.jpg
886,http://img139.imageshack.us/img139/6836/368mooihe201037fx.jpg
887,http://www.barbspics.com/dog/gifts/ad_pics/norfolkterrier_a_gift.jpg
888,http://www.dog-breeds.name/pictures/norfolk-terrier/norfolk-terrier-3tn.jpg
889,http://farm3.static.flickr.com/2179/2142856394_9d4e26d3f9.jpg
890,http://www.gopetsamerica.com/norwich-terrier/norwich-terrier.jpg
891,http://www.kennel-caths.com/bilder.html/lucky%20och%20kiwi.jpg
892,http://www.norwich-norfolk-swnnta.org/images0203/02090106.jpg
893,http://farm1.static.flickr.com/198/479610562_31f694086a.jpg
894,http://farm1.static.flickr.com/28/56259040_2e9c94cc0d.jpg
895,http://users.telenet.be/norfolkterrier/Vicky6.jpg
896,http://farm1.static.flickr.com/81/243926292_0f54fcd287.jpg
897,http://www.kft-og-kreis-neuwied.de/Rassen/Australian_Terrier/Border/Cairn/Toy/Ch._Allright_Charlie_Brown_Kopf.jpg
898,http://f9g.yahoofs.com/groups/g_9079880/.HomePage/__sr_/2dce.jpg?grA6AhHBFepVXVxX
899,http://animal-photography.co.uk/thumbs/AP-F6QI7J-TH.jpg
900,http://www.lemkoboxers.com/BaileyNorfolkthumbnail.jpg
901,http://static.flickr.com/25/104849652_27328a6d87.jpg
902,http://www.dog-breeds.name/pictures/norfolk-terrier/norfolk-terrier-2.jpg
903,http://www.wildgooseterriers.com/Photo%20Gallery/Grooming_Norfolk/norfolk_head_groom_aa.jpg
904,http://farm1.static.flickr.com/184/408121256_03c393de42.jpg
905,http://www.dogproblems.com/images/tuckerseries.jpg
906,http://www.iowapetbreeders.com/maltipoo_female_037.jpg
907,http://www.norwich-norfolk-swnnta.org/images/Billy.jpg
908,http://www.borderterrier-enjoy.de/img/past/past13.jpg
909,http://www.wildgooseterriers.com/Photo%20Gallery/Davic%20Dalton/Victor_Sidney_and_Storm_DD_.jpg
910,http://www.kutya.hu/0203/images/22-3.jpg
911,http://www.dogs-care.com/Images/dog6.jpg
912,http://www.dog-breeds-infosite.com/images/norfolkterrier2.jpg
913,http://www.dogchannel.com/images/articles/breed_profile_images/Norwich-black-and-tan2.jpg
914,http://farm2.static.flickr.com/1335/1071692655_2b86e25501.jpg
915,http://www.krismaimages.com/norfolk1.jpg
916,http://www.devrolijkeviervoeters.org/images/norwicht05.jpg
917,http://farm3.static.flickr.com/2073/1512463828_30e150c5ca.jpg
918,http://farm1.static.flickr.com/140/380053501_de1b68f1a5.jpg
919,http://www.imported-dog.com/norfolkterrier.gif
920,http://farm3.static.flickr.com/2358/1653963795_4395a54193.jpg
921,http://farm1.static.flickr.com/39/113060008_b5e42b2d8c.jpg
922,http://www.besfern.com/RAZAS%20FCI/fotosperros/grupo%203/Norwich%20Terrier.jpg
923,http://www.freedoglistings.co.uk/pics/puppies-classifieds_uk/000582_32W_Ready-winning-his-International-Championship1.jpg
924,"http://razas.de.perros.googlepages.com/norfolk-terrier.jpg/norfolk-terrier-full;crop:0.05,0,0.95,0.94.jpg"
925,http://home.swipnet.se/norfolkterrier/Honey%204.jpg
926,http://farm3.static.flickr.com/2194/2121928183_eec192996f.jpg
927,http://www.planet-pets.com/nrfkterr.jpg
928,http://www.hvuttar.net/db/f-v.0.9-eu-46b923f656a6846b923f65b886.jpg
929,http://www.wellbredpets.com/tempimages/PROFILEPIC00000002299-0001_display.jpg
930,http://www.gopetsamerica.com/norfolk-terrier/norfolk-terrier.jpg
931,http://farm1.static.flickr.com/22/27876356_0c84b6afb4.jpg
932,http://www.directoryofdogs.com/norwich_terrier.jpg
933,http://www.hundepflege-langenhagen.de/media/DIR_62701/benny$20nach$20d$20trimmen$20web.jpg
934,http://farm2.static.flickr.com/1330/1351401604_a45329af64.jpg
935,http://www.china.org.cn/images/66222.jpg
936,http://farm1.static.flickr.com/204/516460612_820b23de63.jpg
937,http://lh3.google.com/_7XnubWVIeLU/R0kOlhKXJ5I/AAAAAAAAAPw/oaxcDhgc5z8/s800/41685614.jpg
938,http://www.ny-petrescue.org/Cognac/cognac1sm.jpg
939,http://www.priderockridgebacks.com/Taz_photo6.jpg
940,http://farm1.static.flickr.com/139/325144542_66141fd233.jpg
941,http://server.hund.ch/zuechter/zpages/z3125.jpg
942,http://static.flickr.com/191/1511608011_7da559246b.jpg
943,http://www.norfolkbramphton.nl/images/poppie1.jpg
944,http://farm1.static.flickr.com/117/308593943_be0a930d7a.jpg
945,http://www.noffe.se/images/g_3.jpg
946,http://www.hondenras.com/encyclopedie/foto/3218_Norfolk_Terrier.jpg
947,http://www.unser-norfolk-terrier.de/bilder/07.jpg
948,http://dl.dogomania.com/pics/32/nt.jpg
949,http://static.flickr.com/41/86637517_15ee4ce434.jpg
950,http://farm2.static.flickr.com/1394/1468885812_6e1a326435.jpg
951,http://www.hunde-in-dresden.de/img/zucht_norwich_terrier.jpg
952,http://www.wellbredpets.com/tempimages/PROFILEPIC00000000567-0001_thumb.JPG
953,http://home.netcom.com/~mercator/sitebuildercontent/sitebuilderpictures/.pond/pia.jpg.w300h203.jpg
954,http://www.cokl.cz/public/Image/sekce-stanice-1581/b221f41371a708804799cf1be66b8fb1.jpg
955,http://farm1.static.flickr.com/40/118727676_56ee0ddcb7.jpg
956,http://www.vargberget.se/hundbilder/norfolk1.jpg
957,http://www.dogzonline.com.au/images/profiles/64/17577_54.jpg
958,http://www.border-terrier-enjoy.de/img/past/past8.gif
959,http://www.dogbreedinfo.com/images16/NorfolkTerriersBelleTailShot2.JPG
960,http://www.norwich-norfolk-swnnta.org/images/Maggie.jpg
961,http://www.pageweb.com/norfolk/uploads/RosPun.jpg
962,http://www.goubaobao.com/upload/news/2005/04/08/fj_norfolk02.jpg
963,http://farm2.static.flickr.com/1208/1071705029_ef8146125c.jpg
964,http://farm3.static.flickr.com/2358/2152544174_d6b7afbda7.jpg
965,http://www.chipfriends.com/0218nengachipcoco.JPG
966,http://lh3.google.com/_6Y2_BoQlE7E/RpnjCZEKmzI/AAAAAAAAACk/1OnQdbQov3Q/s800/20070713_2.jpg
967,http://farm2.static.flickr.com/1357/1350503373_175744012b.jpg
968,http://www.terrierclub.ch/images/lovas-miffo-web.jpg
969,http://www.olliesgroomingstudio.co.uk/images/GadsbyNorfolkTerrier.sized.jpg
970,http://www.canilurakens.com.br/bulldog/imagens/novi_norfok.jpg
971,http://static.flickr.com/196/442578155_a76a2cb552.jpg
972,http://www.puccimanuli.com/upload/images/HAN_Dog_Terrier_Nor_4126-1.jpg
973,http://www.dickner.de/HPHunderassen/images/Norfolk.jpg
974,http://www.mtperro.com/imagens/norfol42.jpg
975,http://farm1.static.flickr.com/28/46599532_a8cf123f31.jpg
976,http://farm2.static.flickr.com/1095/649168550_4141fb53a3.jpg
977,http://farm3.static.flickr.com/2147/2141325793_c883c9f081.jpg
978,http://www.dierenplanet.nl/images/nor5.jpg
979,http://www.ny-petrescue.org/Nutmeg/nutmeg1sm.jpg
980,http://www.wildgooseterriers.com/Photo%20Gallery/Grooming_Norfolk/norfolk_head_groom_u.jpg
981,http://farm3.static.flickr.com/2011/2237792739_6059e6bb51.jpg
982,http://farm3.static.flickr.com/2182/2152546772_b146983fb4.jpg
983,http://static.flickr.com/1426/1369734024_bb35f5f247.jpg
984,http://farm2.static.flickr.com/1400/1071688587_e4de75c4e9.jpg
985,http://img124.imageshack.us/img124/584/s25100251vh.jpg
986,http://www.champdogs.co.uk/images/l10088p1.jpg?1
987,http://farm1.static.flickr.com/30/89356685_56dfb7f81e.jpg
988,http://www.doginc.jp/menu/album/na/5.jpg
989,http://www.norwich-norfolk-terrier.nl/images/busio1.jpg
990,http://www.norfolkdennis.net/bakgrunn.jpg
991,http://farm1.static.flickr.com/117/296278134_83890c214e.jpg
992,http://farm1.static.flickr.com/52/152664477_03fe696672.jpg
993,http://www.sidyboysfoolin.com/norfolk2.jpg
994,http://farm2.static.flickr.com/1164/648526078_2e2bb08b7a.jpg
995,http://server.hund.ch/fotos/fnorfolkterrier4.jpg
996,http://www.petsplace.co.za/Norfolk%20terrier%20Young%201.jpg
997,http://www.norwich-norfolk-swnnta.org/images0103/01120008.jpg
998,http://www.devrolijkeviervoeters.org/images/norfolkt02.jpg
999,http://www.gareds.de/fotos/n_leo2.jpg
1000,
