0,http://www.petplanet.co.uk/petplanet/images/breeds/westie91.jpg
1,http://animal.discovery.com/guides/dogs/selector/gallery/2030b.jpg
2,http://static.flickr.com/237/459272219_f668580cd7.jpg
3,http://www.norwichterrier.at/images/INDEX.jpg
4,http://www.norwich.de/fotos/champions/27.jpg
5,http://static.flickr.com/147/426971836_c98f12eb33.jpg
6,http://static.flickr.com/43/104919453_17d89b0d06.jpg
7,http://www.petsearch.co.kr/pet/pds/pet_kind/norwich-terrier1.gif
8,http://www.norwichterrier.de/bilder/gallerie/momo/slides/momo04.jpg
9,http://server.hund.ch/fotos/fnorwichterrier14.jpg
10,http://www.copyright-free-pictures.org.uk/animals/dogs/bull-terrier.jpg
11,http://www.hundund.de/rassen/norwich-terrier/head.jpg
12,http://www.dogtron.com/dog/img/norwich_terrier.jpg
13,http://www.pupcity.com/images/adpics/200512093529.jpg
14,http://www.pandas-hundesalon.ch/mod/userpage/images/Norwich2.jpg
15,http://www.red-bandits.de/Leo2.jpg
16,http://norwich-terrier.pl/images/2006/100_2582.jpg
17,http://www.dogzonline.com.au/images/profiles/07/05/21482_473.jpg
18,http://www.srdogs.com/Media/ruby.sdrl.JPG
19,http://bowkids.hmc6.net/inuzukan/_img/norwichterrier_002.jpg
20,http://www.therapyhayvanhastanesi.com/irkListe.aspx_files/Norwich_Terrier_s.jpg
21,http://www.norwich.de/fotos/champions/31.jpg
22,http://www.doginc.jp/menu/album/na/13.jpg
23,http://farm3.static.flickr.com/2228/2129741539_daee1822f3.jpg
24,http://farm1.static.flickr.com/76/156206754_c271a5f63a.jpg
25,http://www.dogtron.com/dog/img/norfolk_terrier-s.jpg
26,http://www.santaclaradog.org/images/306CGC1.jpg
27,http://www.serilde.it/Images/Norwich_sq.jpg
28,http://farm1.static.flickr.com/192/473661489_d87af8ada5.jpg
29,http://www.bcallterrier.com/images/norwich.jpg
30,http://www.lucarossi.com/foto/razze/118.jpg
31,http://farm1.static.flickr.com/36/124743027_2ffc81f41c.jpg
32,http://static.flickr.com/5/8607254_0cccd108cd.jpg
33,http://farm2.static.flickr.com/1212/1492162716_7ea1cbced5.jpg
34,http://farm3.static.flickr.com/2327/2047231704_fcc0270193.jpg
35,http://static.flickr.com/50/127415793_0999384a4d.jpg
36,http://static.flickr.com/197/526964587_bc0ab5dde6.jpg
37,http://www.buysellpuppies.com/images/DSC04157.JPG
38,http://farm2.static.flickr.com/1036/1139717847_75f3a6d039.jpg
39,http://static.flickr.com/160/369203192_22ce6e3e49.jpg
40,http://www.norwich.ch/photos/hg.jpg
41,http://farm1.static.flickr.com/25/60823385_54ec74a77b.jpg
42,http://www.photoshopuser.com/members/portfolios/files/uploads/59336/full/remleypbase.jpg
43,http://www.terriers.sk/image/foto/NorwT.jpg
44,http://www.schlaab.com/bild/PICT0606.jpg
45,http://ecx.images-amazon.com/images/I/31eq46P6LxL.jpg
46,http://www.webindia123.com/pets/dog/picture/norwich.jpg
47,http://farm1.static.flickr.com/66/156206114_23cba6b78b.jpg
48,http://static.flickr.com/54/127415935_699a9878a8.jpg
49,http://www.patboydworld.com/Fun/CrissyDogAlbum1/images/Norwich-Unknown.jpg
50,http://static.flickr.com/198/459272601_60b1aa36ec.jpg
51,http://wdc.cmdot.com/gra/GP_3/img/Norwich_terrier.jpg
52,http://www.bearsgalore.co.uk/Shop/productimages/4651.jpg
53,http://farm3.static.flickr.com/2044/2133314647_810e8f7642.jpg
54,http://www.sosmascotas.com.ar/fotosenciclopedia/063.jpg
55,http://honden.dierenplanet.nl/images/norwichterrier150_200.jpg
56,http://www.wildgooseterriers.com/Photo%20Gallery/Gallery/Sid-in-basket.jpg
57,http://www.pupcity.com/images/adpics/07016153225980_1.jpg
58,http://www.dogbreedinfo.com/calendars/Norwich_Terrier.jpg
59,http://www.parva.nl/koelkastmagneet%20norwich%20terrier.jpg
60,http://farm1.static.flickr.com/212/512892960_21ae8ae4c7.jpg
61,http://farm3.static.flickr.com/2017/2011753911_b98931fee1.jpg
62,http://danterbeagles.com/Images/ChilebeforeNorwich.jpg
63,http://nextdaypets.com/directory/breeds/images/1100189.jpg
64,http://www.allsmalldogbreeds.com/images/smalldogbreeds/norwich-terrier.jpg
65,http://www.hund.ch/fotos/fnorwichterrier2.jpg
66,http://farm1.static.flickr.com/137/417677700_2fb2c36b1d.jpg
67,http://www.norwichterrierclub.co.uk/Images%20for%20site/Ragus%20True%20Romance.jpg
68,http://beheer.uwhondenkat.nl/pictures/doginterviews/20071025-14.jpg
69,http://norwich-terrier.pl/images/2006/100_2533.jpg
70,http://static.flickr.com/4/4849906_d83bbd9906.jpg
71,http://www.ntk.org/bilder/big1_vet_trond_6_06.jpg
72,http://www.aus-hosting.com/~terriers/WtcNorwich/GenInfoPic2.jpg
73,http://www.furrycritter.com/resources/dogs/Images/Norwich_Terrier.jpg
74,http://farm2.static.flickr.com/1196/525827697_25c4151936.jpg
75,http://www.norwich-norfolk-terrier.nl/images/ras_ruth.jpg
76,http://static.flickr.com/34/115242564_435c18c0c2.jpg
77,http://www.hotspicekennel.com/images/top%20dog/Joe/IMG_0166.JPG
78,http://www.hundevermittlung.ch/images/norwichterrier.jpg
79,http://static.flickr.com/1183/525827723_18a2c4f14f.jpg
80,http://www.amblegreen.com/TracerHeadshotAd15SEpt04.jpg
81,http://www.pet-net.net/usa/images/norwich_small.jpg
82,http://anti-dockingalliance.co.uk/BTerrierNorfolkRicketts1.jpg
83,http://www.breederretriever.com/photopost/data/720/norwich_terrier.jpg
84,http://www.juen.com.tr/UPLOAD/Irk_Resim/Irk_Large_resim/Irk_L_Kopek/Norwich_Terrier_L.jpg
85,http://www.lizspeaks.com/campics/scarlet1.jpg
86,http://www.dog.com/breed/docgrafx/norwiter.jpg
87,http://farm1.static.flickr.com/97/269357195_6bd9f8f0f8.jpg
88,http://farm2.static.flickr.com/1183/525827723_18a2c4f14f.jpg
89,http://www.wildgooseterriers.com/images/images/Mikey_head_finished_d.jpg
90,http://www.norwich-norfolk-swnnta.org/images1202/CaraSue2.jpg
91,http://www.petmotelandsalon.com/images/pictures/phase1/thumbnails/norwich-breed.jpg
92,http://www.infodog.com/wm00/garden/RM10090601.JPG
93,http://www.puppydogweb.com/breeders/pic_images/norwichterrier_feenstra3207.jpg
94,http://www.skyewalker.dk/salon/pels/norwich1.jpg
95,http://farm1.static.flickr.com/36/104931396_f70e46e118.jpg
96,http://static.flickr.com/1369/1479292759_263bbd9dd8.jpg
97,http://www.preciouspetpaintings.com/images/NORWICH%20TERRIER%20NC185%20%2073dpi.JPG
98,http://jemskennel.com/images/Poker%2011.jpg
99,http://farm1.static.flickr.com/51/140851314_0b7c154bcc.jpg
100,"http://ecx.images-amazon.com/images/I/515N30XKZVL._BO01,224,223,220_SY120_SH20_PIsitb-dp-arrow,TopRight,15,-21_OU01_.jpg"
101,http://farm2.static.flickr.com/1415/1491309917_80d32e38d4.jpg
102,http://habitat.joewehrens.nl/images/rode%20teef.jpg
103,http://www.zoo-reschke.de/images/norwichterrier1_400.jpg
104,http://www.der-scottish-terrier.de/OGNeuss/Schau06/06-035No.jpg
105,http://www.welpen.com/zuechter/fabianek/06.jpg
106,http://farm3.static.flickr.com/2237/2123826387_674c2b1e55.jpg
107,http://www.thebreedsofdogs.com/images/NORWICH_TERRIER.jpg
108,http://farm2.static.flickr.com/1006/965596941_6ac0f0b145.jpg
109,http://www.bmdesigns.co.uk/dogs/dogsn/not002b.jpg
110,http://farm1.static.flickr.com/144/322409758_86df0175f6.jpg
111,http://www.rutanorte.net/norwich/cali2.jpg
112,http://www.terrier.cl/img/texto_2420_1745_570.jpg
113,http://www.norfolk-norwich-terrier.de/mediac/400_0/media/Hook$7E3.jpg
114,http://www.guidautile.com/manuale/cani/img/cani/Norwich_Terrier.jpg
115,http://www.jagdspaniel.de/kref4.jpg
116,http://www.dreamscapek9.com/Gift%20Pages/Beacon/2005/MB52-Norwichsqr.jpg
117,http://www.furrypup.com/breed_pictures/AiredaleTerrier.jpg
118,http://hem1.passagen.se/zonda/images/Z_QQueen.jpg
119,http://farm1.static.flickr.com/61/218768652_a12b9fffcc.jpg
120,http://www.calendars.com/images/083/8302/200700012694_hs.jpg
121,http://www.nationaldogbreeders.com/images/breed/NorwichTerrier.jpg
122,http://www.cramerphotography.com/gallery/Dogs/thumbnails/Norwich%20Terrier_7336.jpg
123,http://farm1.static.flickr.com/150/426971814_74efecc025.jpg
124,http://www.puppydogweb.com/gallery/photogallery/photo6436/norwich_hall.jpg
125,http://farm1.static.flickr.com/252/459277823_869d3d4cdd.jpg
126,http://www.wrinkydinks.com/familytreeimaging/smallerimages/norwhich_small.jpg
127,http://farm1.static.flickr.com/1/128855317_f8be8572d5.jpg
128,http://www.eloragorgekennelclub.com/GV7G5330.JPG
129,http://www.terrier.de/home/rasseportraits/images/21_00001.jpg
130,http://www.patboydworld.com/Fun/CrissyDogAlbum1/images/Norwich-F-Juno.jpg
131,http://www.hondenplaza.nl/page/norfolkterrier/1.jpg
132,http://www.petsstation.com/gif/dogs/dogslivestock/may13-norwichterrier2.gif
133,http://farm1.static.flickr.com/86/224083532_72622f9c6c.jpg
134,http://www.klubbarp.nu/Raser/Norvich_Terrier_Harry.jpg
135,http://norwich-terrier.pl/images/2006/100_2596.jpg
136,http://static.flickr.com/53/114577305_cf03b6b676.jpg
137,http://www.terrierklub.hu/tagok/dumbanimalsnorwich.jpg
138,http://static.flickr.com/184/466041721_484b285e9a.jpg
139,http://static.flickr.com/1156/957038186_44406ba531.jpg
140,http://www.animaldesign.nl/5cf40f00.jpg
141,http://static.flickr.com/154/407880653_ff15980868.jpg
142,http://www.terrierpage.de/Rassen/Norwich_Terrier/Norwich2.jpg
143,http://www.hundemagazin.ch/bilder/hm_9_05_01.jpg
144,http://www.wildgooseterriers.com/images/images/Mikey_head_ungroomed_a.jpg
145,http://www.hundeverzeichnis.de/images/rasse321_1.jpg
146,http://farm2.static.flickr.com/1322/1200280316_33132bf057.jpg
147,http://www.norwich-norfolk-swnnta.org/images1202/patrick2.jpg
148,http://www.wildgooseterriers.com/images/images/Mikey_Front_ungroomed.jpg
149,http://www.jphpk.gov.my/English/norwich_terrier.jpg
150,http://www.norwich-terrier.org/site/foto/000000098901.jpg
151,http://www.petcollarsandmore.com/mb51-norwich.jpg
152,http://secure.adpay.com/Images/Items/1587784.Jpg
153,http://www.breederssa.com/80px-Norfolk_show.jpg
154,http://farm1.static.flickr.com/60/222124494_45b20631dd.jpg
155,http://www.roverrescue.com/dogs/355-3-20060614151937.jpg
156,http://www.dkimages.com/discover/previews/793/55005845.JPG
157,http://www.norwich.de/fotos/2005/mini/2005-01-19-03.jpg
158,http://farm1.static.flickr.com/43/123672535_7c17c4b8cf.jpg
159,http://images.tiere-rassen.de/hunde/102-200-norwichterrier-06.jpg
160,http://www.millercountrydogs.com/images/flags/sg_norwich_4_flagt.jpg
161,http://www.wildgooseterriers.com/Photo%20Gallery/Davic%20Dalton/Sidney_and_Storm_DD_a.jpg
162,http://www.highwoodnorwich.com/images/grizzlyriffle/rifstandard.jpg
163,http://static.flickr.com/101/299528251_c624526efd.jpg
164,http://static.flickr.com/44/145017051_f9f1d5fc19.jpg
165,http://norwich-terrier.com/site/foto/000001818000.jpg
166,http://farm3.static.flickr.com/2396/1865045567_90de0aa4bb.jpg
167,http://www.hund.ch/fotos/fnorwichterrier38.jpg
168,http://www.cayennegraphics.co.uk/Traditional/Pet_Portrait/Terrier_Cross/meldogpaint.jpg
169,http://static.flickr.com/36/77454371_45558a07ca.jpg
170,http://norwich-terrier.pl/images/2006/100_2609.jpg
171,http://www.wildgooseterriers.com/Photo%20Gallery/Davic%20Dalton/Sidney_DD_a.jpg
172,http://www.aus-hosting.com/~terriers/WtcNorwich/GenInfoPop5.jpg
173,http://forum.dog.com/members/susan_t/photos/images/490957/267x200.aspx
174,http://lcdreparo.com/Puppys/pups.JPG
175,http://www.aus-hosting.com/~terriers/WtcNorwich/GenInfoPic1.jpg
176,http://farm1.static.flickr.com/50/151116642_4f71cde879.jpg
177,http://www.samu.co.kr/PET/BBS01/UPFILE_04/NorwichTerrier.gif
178,http://farm1.static.flickr.com/39/77454239_dfaeb210dc.jpg
179,http://home.hetnet.nl/~gkrabbe/fotoalbum/mei2007/fotos%20honden%20009.jpg
180,http://www.norwich-terrier.org/site/foto/000000097200.jpg
181,http://dogsonthenet.com/NGDogs/Norwich.jpg
182,http://www.rockwellwestie.hu/images/original/Joker%202004%20december%20013.jpg
183,http://www.noahsarkii.com/aa6.jpg
184,http://121.15.245.59/xkrj5cn/imagesnorwich_terrier_small.gif
185,http://www.aus-hosting.com/~terriers/WtcNorwich/GenInfoPic5.jpg
186,http://static.flickr.com/1171/848516230_89316107bd.jpg
187,http://farm1.static.flickr.com/154/372881653_81b028dc44.jpg
188,http://www.thebestlinks.com/images/6/6c/Norwich_terrier_kacy.jpg
189,http://www.gipote.dk/race/image/171/d7fs7o/norwich_terrier.jpg
190,http://www.norwich.nl/De%20Norwich_bestanden/image006.gif
191,http://www.FigurinePlace.biz/images/Dogs/df79_small.jpg
192,http://www.chiens-des-champs.com/NorfolkTerrier.jpg
193,http://www.europuppy.com/images/dog_breed_info/97_1.jpg
194,http://home.hetnet.nl/~gkrabbe/fotoalbum/export/CRW_4562.jpg
195,http://www.haogouw.com/ggzx/UploadFiles/200611/20061125142744592.jpg
196,http://farm2.static.flickr.com/1070/526875634_49bd23cd89.jpg
197,http://static.flickr.com/194/459277431_4162d80793.jpg
198,http://www.wildgooseterriers.com/Photo%20Gallery/Gallery/kiwi-7wks.jpg
199,http://allabout.co.jp/pet/doghealth/closeup/CU20070312G/linglintoday.jpg
200,http://www.femalenetwork.com/fnblog/wp-content/uploads/2007/08/faye-norwichterrier.jpg
201,http://static.flickr.com/104/271532587_22de673b4c.jpg
202,http://farm1.static.flickr.com/156/347142972_1f041ca9fb.jpg
203,http://rockwellwestie.hu/images/original/Touch%202004.10.03.%20Baja.jpg
204,http://www.veryhappening.com/images/things/big/473.jpg
205,http://home.att.ne.jp/kiwi/wirering/pochitto/po3-25.jpg
206,http://chien.ouest-atlantis.com/images/norwitch.jpg
207,http://www.jphpk.gov.my/English/norfolk_terrier.jpg
208,http://farm2.static.flickr.com/1148/848516130_03166e8ac8.jpg
209,http://www.terrierclub.ch/images/Norwich-1.jpg
210,http://www.dogbreedinfo.com/images/norwichsydnpais.jpg
211,http://www.wildgooseterriers.com/images/images/Mikey_side_halfgroomed.jpg
212,http://www.free-dogs-info.com/norwich_pds.jpg
213,http://www.norwichandnorfolkterrier.org/breeders/images/bails.jpg
214,http://www.millercountrydogs.com/images/flags/sg_norwich_flagt.jpg
215,http://static.flickr.com/40/113685314_d23447cad8.jpg
216,http://www.puppyfinder.com/breed_images/105_image1_thumb.jpg
217,http://allabout.co.jp/pet/doghealth/closeup/CU20070208E/linlin2.jpg
218,http://static.flickr.com/1220/1139712159_ed426ddfbe.jpg
219,http://farm1.static.flickr.com/200/473664313_5150f1a23f.jpg
220,http://beavercreekpets.net/images/8-3-07/img395.jpg
221,http://www.norwich-norfolk-swnnta.org/images1202/CaraSue.jpg
222,http://static.flickr.com/1/127887086_a26d3a9d87.jpg
223,http://farm1.static.flickr.com/229/512892568_00406a4d55.jpg
224,http://www.pedigree.co.nz/breeds/images/norwich_terr_02.jpg
225,http://www.ballfestplace.com/my_photos/chaucer1.jpg
226,http://www.canis.nl/fokkers/fotoos/norwichterrier.JPG
227,http://www.dog-breeds.name/pictures/norwich-terrier/norwich-terrier-5tn.jpg
228,http://www.gotpetsonline.com/pictures-gallery/dog-pictures-breeders-puppies-rescue/norwich-terrier-pictures-breeders-puppies-rescue/pictures-photos/norwich-terrier-0003.jpg
229,http://www.zooworld.com.ua/img/dogs/norvich-terer.jpg
230,http://www.hund.ch/fotos/fnorwichterrier39.jpg
231,http://www.welpenteam.de/images/norwter_1.jpg
232,http://www.norwich-terrier.com/Norwich_Terrier.jpg
233,http://static.flickr.com/50/132338761_7a3a62ad50.jpg
234,http://farm1.static.flickr.com/37/77454497_4148cfdbe2.jpg
235,http://www.petwe.com/picture/uploadfile/200608/20060813031812101.jpg
236,http://www.hondenras.com/encyclopedie/foto/1417_Norwich_Terrier.jpg
237,http://farm2.static.flickr.com/1416/1208678024_276f047d90.jpg
238,http://static.flickr.com/207/459276541_f4e8e0adda.jpg
239,http://www.planetabicho.com.br/norwichTERRIER.jpg
240,http://www.doggy.net/images-rassen(J)/norwich_terrier.jpg
241,http://www.talybont.com/henry%20sta%204.jpg
242,http://www.chiens-des-champs.com/Norwich-terrier.jpg
243,http://www.foxleafarm.net/images/nts.jpg
244,http://www.redevet.com.br/rcaes/norwich.jpg
245,http://www.store4dogs.at/blog/wp-content/uploads/hunde/norfolk_terrier.jpg
246,http://norwich-terrier.pl/pics/100_1248b.jpg
247,http://www.sbprdogs.org/images/bella11104_small.jpg
248,http://farm1.static.flickr.com/38/102094028_e5795553c8.jpg
249,http://farm1.static.flickr.com/33/94037135_aa285fac1b.jpg
250,http://static.flickr.com/2327/2076576608_b20d560f58.jpg
251,http://www.neurovideos.vet.cornell.edu/thumbnails/12-02.gif
252,http://www.norwichterrier-dogs.com/bilder/toddy3.jpg
253,http://static.flickr.com/49/166395161_cb1007b7d8_o.jpg
254,http://www.dreamscapek9.com/catalog/images/MaryBeaconArt/2005/MB81-norwich.jpg
255,http://static.flickr.com/40/87013894_4716e6bcb1.jpg
256,http://static.flickr.com/42/104110755_5d1fe6a97a.jpg
257,http://static.flickr.com/1428/1178714527_21090fe349.jpg
258,http://www.dogzland.com/content_images/norwichterrier1.jpg
259,http://farm1.static.flickr.com/124/352700835_bb69600807.jpg
260,http://www.norwich.de/fotos/champions/29.jpg
261,http://www.nedreli.no/side2/MyImages/Bun_20O_27Honey.jpg
262,http://www.beargarden.co.uk/images/kosen_norwich_4651_tm.jpg
263,http://www.pawsabilities.com/conf_sassy_tmb_small.JPG
264,http://www.norwich-norfolk-swnnta.org/images1202/Winnie2.jpg
265,http://www.wildgooseterriers.com/Photo%20Gallery/Gallery/Tanner%20door.jpg
266,http://farm1.static.flickr.com/206/491846172_67fb627c6c.jpg
267,http://www.welpen.de/zuechter/fabianek/03.jpg
268,http://static.flickr.com/139/336981599_ccd0534498.jpg
269,http://farm1.static.flickr.com/160/371644213_35e072cd23.jpg
270,http://www.cadf.ca/dimages/NorwichTerrier.jpg
271,http://static.flickr.com/1158/526965603_0617c7d56c.jpg
272,http://www.besfern.com/RAZAS%20FCI/fotosperros/grupo%203/Norfolk%20Terrier.jpg
273,http://www.pet-portraitartist.com/all-about-dogs/dogbreeds/breed-pics/Norwich-Terrier.jpg
274,http://www.thefastandthefabulous.com/wp-content/uploads/2007/09/california_lolabusch.jpg
275,http://farm1.static.flickr.com/92/270554025_5eb65991ff.jpg
276,http://static.flickr.com/1299/965596443_9550ae4d30.jpg
277,http://www.dierenplanet.nl/images/norw1.jpg
278,http://www.dreamscapek9.com/catalog/images/MaryBeaconArt/2006/MB160-Norwich.jpg
279,http://www.agraria.org/cani/norwichterrier1.jpg
280,http://www.puppydogweb.com/caninebreeds/dogimages/norwich_pdw.jpg
281,http://www.padk.com/Images/Sm_47.jpg
282,http://farm1.static.flickr.com/184/415761335_db1beb5de5.jpg
283,http://luckydogpetsalon.com/db1/00057/luckydogpetsalon.com/_uimages/ingridspictures001.jpg
284,http://www.hundefinder.de/bilder/hunderassen/108_0.jpg
285,http://www.norwichterrier.org/widgets/gen_78.1.gif
286,http://upload.wikimedia.org/wikipedia/commons/thumb/5/54/Norwich_Terrier_Sitting.jpg/800px-Norwich_Terrier_Sitting.jpg
287,http://norwich-terrier.pl/images/2006/100_2580.jpg
288,http://farm2.static.flickr.com/1300/956045812_67c638b729.jpg
289,http://www.fidofinder.com/dogpics/53388.jpg
290,http://www.petspots.frih.net/images/Dogs/Norwich%20Terrier.jpg
291,http://farm1.static.flickr.com/77/212027535_cf025ddd7a.jpg
292,http://www.a-zanimals.co.uk/dogs/images/peds/norwich_terrier/norwich.jpg
293,http://www.norwichterrier-dogs.com/bilder/cranberry111.jpg
294,http://www.hondenrassen.info/images/norwich-terrier3.jpg
295,http://www.yourpurebredpuppy.com/dogbreeds/photos/norwichterriers.jpg
296,http://www.pets7.com/linkfile/norwich-terrier.jpg
297,http://farm1.static.flickr.com/120/305072448_9772abb73d.jpg
298,http://www.cabalcaninecandids.com/assets/images/2norwich.jpg
299,http://www.pointernet.pds.hu/Kutya/fajtalexikon/fci3/20060113163245411000000500.jpg
300,http://norwich-terrier.pl/images/2006/100_2589.jpg
301,http://farm3.static.flickr.com/2056/2117996469_0551f59a70.jpg
302,http://www.dog-breeds.name/pictures/norwich-terrier/norwich-terrier-3.jpg
303,http://www.petplanet.co.uk/petplanet/images/breeds/scottie.jpg
304,http://farm2.static.flickr.com/1238/1139693827_4384a93e2f.jpg
305,http://www.serilde.it/Serilde/Norwich/Images/Soja_sm.jpg
306,http://pets-place.net/Breeds/NorwichTerrierPhoto1.jpg
307,http://www.hundegalleri.dk/uploads_large_wm/107126.jpg
308,http://farm1.static.flickr.com/39/104931904_42d72118eb.jpg
309,http://farm1.static.flickr.com/78/211265650_3377c8f6fa.jpg
310,http://www.wildgooseterriers.com/Photo%20Gallery/Wildgoose_cover.jpg
311,http://www.dog-breeds.name/pictures/norwich-terrier/norwich-terrier-6tn.jpg
312,http://jemskennel.com/images/cider5.jpg
313,http://www.vopelakterriers.com/images/sm100_4558%20Norwich%20Dad.jpg
314,http://terrificpets.com/images/uploads/dogbreedsadv120.jpg
315,http://www.barkbytes.com/direct/norw01.jpg
316,http://www.wildgooseterriers.com/Photo%20Gallery/Gallery/jemima_puppy.jpg
317,http://farm1.static.flickr.com/80/280232418_efa87fa14a.jpg
318,http://www.pedigreedogs.co.uk/images_breeds/norwich_terrier_small.jpg
319,http://www.seabornsilkys.com/SeabornPhotos/Norwich1.jpg
320,http://farm1.static.flickr.com/134/317291295_7fed938d9a.jpg
321,http://www.specialgrooming.nl/cursusresultaten/norwich1.jpg
322,http://www.kinderkiste.de/images/KOE-4651.jpg
323,http://farm1.static.flickr.com/72/160797596_3510304b48.jpg
324,http://www.veryhappening.com/images/things/big/472.jpg
325,http://www.westminsterdogshow.org/2007/photos/breed/RN05583301.jpg
326,http://www.dog-breeds-infosite.com/images/norwichterrier3.jpg
327,http://www.sobreperros.com/fotos/norwich_terrier/medium/EeLVh4qL.jpg
328,http://allabout.co.jp/pet/doghealth/closeup/CU20070509I/linlintoday.jpg
329,http://www.gotpetsonline.com/pictures-gallery/dog-pictures-breeders-puppies-rescue/norwich-terrier-pictures-breeders-puppies-rescue/pictures/norwich-terrier-0001.jpg
330,http://farm1.static.flickr.com/49/415927385_a9f57a7b44.jpg
331,http://www.buypuppiesdirect.com/images/Category/norwich-terrier.jpg
332,http://www.terriervomlenzholz.de/assets/images/haba3.jpg
333,http://www.hik.hu/tankonyvtar/site/books/b10023/images/00356.gif
334,http://farm1.static.flickr.com/89/246627514_f319f33b2d.jpg
335,http://farm1.static.flickr.com/238/459260890_5b9d53d9f4.jpg
336,http://static.flickr.com/15/88294751_dae5ac66d6.jpg
337,http://www.dreamscapek9.com/catalog/images/MaryBeaconArt/2006/Norwich-MB93.jpg
338,http://www.chiens-des-champs.com/Nova%20Scotia%20Duck%20Tolling%20Retriever.jpg
339,http://farm1.static.flickr.com/45/153550815_0e553cd63e.jpg
340,http://www.deafdogsatlas.com/imgUSAad/picCARubyTuesday.jpg
341,http://farm1.static.flickr.com/35/112835793_8f00d1c30a.jpg
342,http://www.evcilkopekler.com/fotolar/dahakucuk1113646938norwich_terrier_8.jpg
343,http://www.myrskytuuli.com/images/Both.jpg
344,http://www.breederinfocenter.com/images2/20051013115857_083544_5.jpg
345,http://l.yimg.com/us.yimg.com/i/us/pets/brgd/norwich-terrier.jpg
346,http://www.of-fountain.de/pics/small/031.jpg
347,http://www.breedersonline.net/photos/3a/913_1.jpg
348,http://www.dogbreedinfo.net/images/norwichpaisleybag.jpg
349,http://farm1.static.flickr.com/67/215927675_203afb1aa7.jpg
350,http://www.chiens-de-france.com/media/eleveurs/3/462/contacts/u34lubktar.jpg
351,http://www.terryschaefer.com/Images/artiegrad.jpg
352,http://www.puppydogweb.com/gallery/norfolkterriers/norfolkterreir_ferreira.jpg
353,http://farm1.static.flickr.com/56/127415406_aef44c13fc.jpg
354,http://farm1.static.flickr.com/168/437298687_fe15348743.jpg
355,http://farm1.static.flickr.com/40/228448400_07fe91f713.jpg
356,http://static.flickr.com/1324/1140529020_99893fda8e.jpg
357,http://farm1.static.flickr.com/37/121801296_676fe73b95.jpg
358,http://www.susanharperartist.com/animals/dogs/norwichterrier/norwichterrier-1.jpg
359,http://www.canadasguidetodogs.com/customergraphics/amblegreen/norwich1.jpg
360,http://www.mydogneeds.com/dog-groups/terriers-dogs/norfolk-terrier.jpg
361,http://www.pupcity.com/images/adpics/06132043631641_1.jpg
362,http://www.norwich-norfolk-swnnta.org/images1202/helen3.jpg
363,http://home.j00.itscom.net/rozzy/PICT00555341.JPG
364,http://www.padk.com/Images/Clintcrop.jpg
365,http://norwich-terrier.pl/images/2006/100_2597.jpg
366,http://www.petmotelandsalon.com/images/pictures/phase1/yorkie-personality.jpg
367,http://farm1.static.flickr.com/138/384855957_963ce60cdb.jpg
368,http://www.thepamperedpup.com/puppy/norwich.gif
369,http://farm1.static.flickr.com/218/493377747_bd11f44662.jpg
370,http://static.flickr.com/2272/2055235882_f52adb39c6.jpg
371,http://www.litenhund.se/assets/images/rasbilder/nwt.jpg
372,http://www.terrierklub.hu/tagok/goldandglobenorwich.jpg
373,http://farm1.static.flickr.com/50/152995221_6b0baf6521.jpg
374,http://starsprinkles.net/scans/animals/puppycal05/norwichterrier.jpg
375,http://farm1.static.flickr.com/163/360840099_324ef4de16.jpg
376,http://www.dogclub.co.uk/gallery/image/200412081706Scamp_thumb.jpg
377,http://www.wildgooseterriers.com/Photo%20Gallery/Norwich/Norw_p1.jpg
378,http://norwich-terrier.pl/images/2006/100_2610.jpg
379,http://farm1.static.flickr.com/211/512926849_3fe63ccdf5.jpg
380,http://www.cabalcaninecandids.com/assets/images/SR07BOBNORWICH.JPG
381,http://static.flickr.com/125/332933310_bd151bc6b9.jpg
382,http://www.brunotausz.com.br/images/Norwich_terrier.jpg
383,http://www.freedoglistings.com/pics/breeds/Norwich-Terrier.jpg
384,http://www.norwich-norfolk-swnnta.org/images/norwich047.jpg
385,http://nl.animals-online.info/images/hond/101-100-norfolkterrier-01.jpg
386,http://farm1.static.flickr.com/2/1615047_ea5ab1439d.jpg
387,http://farm1.static.flickr.com/42/102982650_16d59af5e6.jpg
388,http://www.terrier.co.at/images/b20.jpg
389,http://www.encore-editions.com/dogs/darling/darling2/thm_norwichterrierblackandtancopy.jpg
390,http://www.1stchoiceanimals.com/thumbnails/dogsTHUMB/Norwich%20Terrier.jpg
391,http://static.flickr.com/2206/1928910911_5a7a149dd2.jpg
392,http://www.littlepawz.com/dog_images/norwich_terrier.jpg
393,http://www.norwichterrier.org/images/normal_DSC00316.JPG
394,http://farm1.static.flickr.com/191/512926873_15411aa5c9.jpg
395,http://pets-place.net/Breeds/NorwichTerrierIcon.jpg
396,http://www.norwich-terrier.org/site/foto/000001819500.jpg
397,http://breeders.dogbreedinfo.com/images2/20051013115857_135221_4.jpg
398,http://farm1.static.flickr.com/170/425739286_054b1c8297.jpg
399,http://static.flickr.com/1082/1031712059_630316488c.jpg
400,http://farm1.static.flickr.com/31/48166587_c066897247.jpg
401,http://farm1.static.flickr.com/156/335533595_0a4035d855.jpg
402,http://www.dognews.com/pedigreegallery/terrier/images/Norwich%20Terriers.jpg
403,http://www.kvrijnland.nl/images/2006rasgroep3.jpg
404,http://terrier.de/home/rasseportraits/images/21_00004.jpg
405,http://farm2.static.flickr.com/1220/1346272653_9be9f38bdc.jpg
406,http://www.zoodata.com/photos/f_razas/perros/australiant.gif
407,http://farm3.static.flickr.com/2115/2135776891_15b1dae87a.jpg
408,http://www.hundepflege-langenhagen.de/mediac/400_0/media/DIR_62701/Norwich$20Terrier$20web.jpg
409,http://norwich.ch/photos/titelphoto.jpeg
410,http://www.norwich.ch/photos/Ped_Crazy2.jpeg
411,http://www.abraxas-norwich.de/abraxas-images/Stone.jpg
412,http://www.mypets.net.au/template_images/norfolk.jpg
413,http://www.tierpalast.de/rassehunde/norwich_terrier_baerbel_maza3.jpg
414,http://farm1.static.flickr.com/193/512927071_3c3e884b93.jpg
415,http://www.norwich.ch/photos/Ped_Chili.jpeg
416,http://static.flickr.com/131/391804082_d4192a7d91.jpg
417,http://www.doggybio.com/member/pictures/98144419.jpg
418,http://www.santangelodesign.com/garden/gardenImages/EdMainland/Otis.jpg
419,http://www.pet-locator.co.uk/images/breeds/dogs/norwichterrier.jpg
420,http://farm1.static.flickr.com/49/142081196_89821dfaf7.jpg
421,http://www.wildgooseterriers.com/Photo%20Gallery/Davic%20Dalton/Sidney_DD_d.jpg
422,http://www.petsstation.com/gif/dogs/dogslivestock/may13-norwichterrier.gif
423,http://www.naturelovergifts.com/gift/dog_gift/giftpics/norwichterrier1.jpg
424,http://www.terrierklubben.se/utstallningar/aretsterrier_bilder/up_n_adam_7029_500.jpg
425,http://www.specialgrooming.nl/images-trimschema/norwich-2.jpg
426,http://www.dogstyling.de/Angebot/Seminarbilder/sem02-04.jpg
427,http://static.flickr.com/6/77454334_983760b376.jpg
428,http://www.dreamscapek9.com/images/Mary%20Beacon/norwichonthealert.jpg
429,http://www.dierportretten.nl/afbeeldingen_honden1/cassie_norwichterrier_thumb.jpg
430,http://farm3.static.flickr.com/2015/2054450935_a96a12d96f.jpg
431,http://farm1.static.flickr.com/154/329835876_5e146c9183.jpg
432,http://www.kftbayern.de/Ringtraining.jpg
433,http://static.flickr.com/119/295699489_8174347f8b.jpg
434,http://www.interra.nu/images/norwichterrier.jpg
435,http://beavercreekpets.net/images/yorkies/females/norwich_yorkie_005.jpg
436,http://www.5stardog.com/gallery/images/Norwich%20Terrier/47272845145.JPG
437,http://www.starstore.com/acatalog/Norwich_Norfolk_Terrier-t.jpg
438,http://norwichterrier.dog.sk/pics/krmenie.jpg
439,http://dogbreedersdirectory.com/images/mast02.jpg
440,http://www.kennels.co.uk/images/Ter.xs.NorwichTerrier.jpg
441,http://www.terryschaefer.com/Images/spasapup.jpg
442,http://static.flickr.com/248/459276777_b2a18b2444.jpg
443,http://farm2.static.flickr.com/1317/974842097_a76dfd4d0d.jpg
444,http://farm1.static.flickr.com/149/373701466_5e1074f6eb.jpg
445,http://static.flickr.com/25/90613301_581fe4f752.jpg
446,http://www.breedersonline.co.uk/photos/3a/2569x_1.jpg
447,http://www.petplanet.co.uk/petplanet/images/breeds/lakeland_terrier.jpg
448,http://www.dreamscapek9.com/images/Mary%20Beacon/2006/MB166-Norwich.jpg
449,http://images.dieren-rassen.nl/hond/102-100-norwichterrier-02.jpg
450,http://rockwellwestie.hu/images/original/Chicc%202006.dec.%20Derby%20show%20001.jpg
451,http://www.iams.com/en_BI/data_root/breed_selector/images/u_gn_brd_norwterr.jpg
452,http://www.interieurkado.nl/export/images/products/westy%20en%20norwich%2017%20cm.jpg
453,http://norwich-terrier.pl/images/2006/100_2607.jpg
454,http://www.amblegreen.com/Hoodoo&friends0909.jpg;
455,http://www.allpetsconsidered.com/xq/aspx/pID.10939/id.3/catid.37/subid.179/page.10/qx/images/products/full/10939.jpg
456,http://home.comcast.net/~jimmy.eng/dyna/images/dyna05.jpg
457,http://www.schwarzerterrier.at/images/codyhimbeeren.jpg
458,http://www.wildgooseterriers.com/images/images/Mikey_head_half-groomed.jpg
459,http://www.kjw-handel-dienstleistung.de/Hund/Lukasweb1.jpg
460,http://www.kft-og-bad-homburg-friedberg.de/images/GOIM0016.gif
461,http://farm1.static.flickr.com/27/138173380_3a840f6aa7.jpg
462,http://www.schatzistreasures.com/imagescal/norwich-terrier-calendar-frsm.jpg
463,http://farm3.static.flickr.com/2411/2129743757_632093e198.jpg
464,http://www.grizzlyrun.com/Files/Images/Other/norwich_terrier.gif
465,http://www.petshi.com/wp-content/uploads/2007/07/west-highland-white-terrier.jpg
466,http://www.norwich-terrier.org/site/foto/000000096900.jpg
467,http://www.hvuttar.net/db/f-v.0.9-eu-3f74e9e7100093f74e9e710f49.jpg
468,http://static.flickr.com/211/526875772_477fbe49c6.jpg
469,http://www.wildgooseterriers.com/Photo%20Gallery/Davic%20Dalton/Sidney_DD_c.jpg
470,http://farm3.static.flickr.com/2138/2053853622_418586c823.jpg
471,http://www.greatdogsite.com/admin/uploaded_files/thumbnails/west_highland_white_terrier431.44755244755x_1191991409515.jpg
472,http://allabout.co.jp/pet/doghealth/closeup/CU20061028Z/lin.jpg
473,http://www.lupus.hjem.wanadoo.dk/racer4/Norwich%20Terrier.jpg
474,http://www.windermers.de/bilder/the_4.jpg
475,http://www.pesinzert.cz/gfx/obr/not1.jpg
476,http://www.norwich-norfolk-swnnta.org/images1202/Eddie3.jpg
477,http://www.gotpetsonline.com/pictures-gallery/dog-pictures-breeders-puppies-rescue/norwich-terrier-pictures-breeders-puppies-rescue/pictures/norwich-terrier-0004.jpg
478,http://farm3.static.flickr.com/2350/1571764964_2f78ba1434.jpg
479,http://static.flickr.com/1147/1139705349_2dbca9f0d6.jpg
480,http://www.hundeverzeichnis.de/images/rasse321.jpg
481,http://farm1.static.flickr.com/222/509926531_af5b63b808.jpg
482,http://static.flickr.com/169/363880695_b677131098.jpg
483,http://static.flickr.com/101/296725309_27a496b4da.jpg
484,http://k9artist.org/images/norwich_terrier_katie.jpg
485,http://www.kirasoftware.com/images_hunderassen/Norwich_Terrier_.jpg
486,http://bertelsonfamily.com/fam/photos/twix/pals/sam_ellie.jpg
487,http://static.flickr.com/185/467082858_09670c69f6.jpg
488,http://static.flickr.com/36/104931047_5ecd9c61a9.jpg
489,http://farm2.static.flickr.com/1028/956044362_b617e78b3e.jpg
490,http://www.puppiesanddogsforsale.com/classifieds/..%5Ccadpic%5C628_Pic1.jpeg
491,http://www.wildgooseterriers.com/Photo%20Gallery/Gallery/retta_front_steps.jpg
492,http://www.fromlittleaction.nl/images/indexnorwich-2.jpg
493,http://farm3.static.flickr.com/2007/2055235548_25be639a1f.jpg
494,http://www.dogchannel.com/images/articles/breed_profile_images/norfolk_terrier_new.jpg
495,http://www.hondenplaza.nl/page/norfolkterrier/2.jpg
496,http://petsfact.com/images/Norwich-Terrier%201.jpg
497,http://www.i-love-dogs.com/dog-breeds/images/Norfolk-Terrier.jpg
498,http://farm3.static.flickr.com/2327/2076576608_b20d560f58.jpg
499,http://www.selectyourdog.fr/SYDfoto/Gr3-Norwich.jpg
500,http://www.dreamscapek9.com/Gift%20Pages/Beacon/2005/MB53-Norwichsqr.jpg
501,http://www.k9gifts.com/christmas-cards/1z-christmas-cards/norwich.jpg
502,http://thump01.pbase.com/t1/74/283874/4/58204565.norwichterrier.jpg
503,http://www.myrskytuuli.com/images/ade.jpg
504,http://www.planet-pets.com/nrwhterr.jpg
505,http://home.j00.itscom.net/rozzy/PICT0055574.JPG
506,http://farm2.static.flickr.com/1370/956045634_6f14b93f91.jpg
507,http://www.norwich-norfolk-swnnta.org/images1202/patrick.jpg
508,http://static.flickr.com/53/127415258_57c3def150.jpg
509,http://dogoftheday.com/archive/2006/February/18.jpg
510,http://www.terrier.de/home/rasseportraits/images/b21.jpg
511,http://farm3.static.flickr.com/2371/1928867323_356446f1e3.jpg
512,http://www.kmdogart.com/norwich5.jpg
513,http://www.milouchouchou.com/milannu/inc/im_cat/72.jpg
514,http://www.dog-breeds.name/pictures/norwich-terrier/norwich-terrier-3tn.jpg
515,http://www.hund.ch/fotos/fnorwichterrier3.jpg
516,http://www.etmoon.com/artgallery/albums/album08/ArtDogTrNorwich.thumb.gif
517,http://www.jciwholesale.com/images/coasters/2214.jpg
518,http://www.doggybio.com/member/pictures/98144536.jpg
519,http://www.only1wan.com/zukan/img_photo/n/n05_main.jpg
520,http://www.hondenras.com/encyclopedie/foto/880_Norwich_Terrier.jpg
521,http://farm2.static.flickr.com/1013/1140524880_ec1595067e.jpg
522,http://photos4.meetupstatic.com/photos/event/5/6/6/6/event_2902118.jpeg
523,http://www.999answers.com/thumbs/norfolk-terrier-dog-breed-standard.jpg
524,http://www.dogshoushou.com/beauty_img/Norwich_Terrier_01.jpg
525,http://www.norwich.de/fotos/champions/24.jpg
526,http://photos1.meetupstatic.com/photos/member/4/4/1/3/thumb_1577427.jpeg
527,http://www.k9magazine.com/image/lulunorwichterrier.jpg
528,http://farm1.static.flickr.com/63/217586879_ecb873718d.jpg
529,http://www.inkypaw.com/no-stone-unturned.jpg
530,http://www.wildgooseterriers.com/images/images/Mikey_side_brushed.jpg
531,http://www.showdogs.dk/images/Teiwick%20Bruce%20Willis_8.jpg
532,http://www.millercountrydogs.com/images/flags/sg_norwich_1_flagt.jpg
533,http://static.flickr.com/101/367019823_4f601ed181.jpg
534,http://www.hondenplaza.nl/page/norfolkterrier/3.jpg
535,http://www.terrierpage.de/Rassen/Norwich_Terrier/Norwich_Standard/NORW1.jpg
536,http://www.wildgooseterriers.com/images/images/Mikey_side_brushed_a.jpg
537,http://farm1.static.flickr.com/188/415838475_d073a21855.jpg
538,http://abnormality.purpleflowers.net/crufts/terrier/norwich1.jpg
539,http://lh3.google.com/_7XnubWVIeLU/R0kOqBKXKCI/AAAAAAAAAQ4/HuO4KrC251k/s800/90097702.jpg
540,http://www.beepworld.de/memberdateien/members80/terrierco/norwichterrier1.jpg
541,http://static.flickr.com/140/399687720_57d12a89d0.jpg
542,http://www.wildgooseterriers.com/Photo%20Gallery/Sidney_Pups/maddie_Aug06m.jpg
543,http://beavercreekpets.net/images/8-3-07/img187.jpg
544,http://static.flickr.com/40/77454291_24e095fc98.jpg
545,http://farm1.static.flickr.com/181/369203201_aa5ea264d8.jpg
546,http://www.greatdogsite.com/admin/uploaded_files/thumbnails/border_terrier345.05x_1190777854515.jpg
547,http://dog-dogs.com/images/BreedPics/ndogs/norwichterrier-typ03.jpg
548,http://static-p.arttoday.com/thw/thw14/PH/Corel.23157/34865189.thw.jpg?000802_c894_0071_clhs
549,http://farm1.static.flickr.com/86/266193430_ac009a4329.jpg
550,http://photocache.petfinder.com/fotos/TX348/TX348.10100789-3-x.jpg
551,http://www.europuppy.de/images/puppies_for_sale/norwich_terrier_for_sale.jpg
552,http://content.answers.com/main/content/wp/en/thumb/f/fe/280px-Border_Terrier_Agility_Jump.jpg
553,http://europuppyblog.com/media/50/zoe_on_couch.jpg
554,http://atc.dnnsites.com/Portals/0/2007%20Calendar%20Contest/winston2.jpg
555,http://farm1.static.flickr.com/74/177643928_1272a2bce5.jpg
556,http://www.hunde-im-web.de/bilder/norwich.jpg
557,http://static.flickr.com/1154/526876596_e132d2c15e.jpg
558,http://www.tias.com/stores/doxette/pictures/ser3936a.jpg
559,http://hem1.passagen.se/zonda/images/Z-Qont-Queen.jpg
560,http://farm1.static.flickr.com/37/121229969_18a0ee9b82.jpg
561,http://www.miternfarm.com/images/Red%204%20Mikey%20Norwich%20March%202007.JPG
562,http://farm2.static.flickr.com/1338/1492162670_cab9081371.jpg
563,http://static.flickr.com/189/512927001_dd1c0b2819.jpg
564,http://farm1.static.flickr.com/37/77454196_a8b4eea4b8.jpg
565,http://www.westik.cz/blataj/Foto/BB/Bubak13.jpg
566,http://static.flickr.com/213/509926527_353150d34b.jpg
567,http://farm1.static.flickr.com/37/123140312_49bbcee89d.jpg
568,http://static.flickr.com/1092/1139689317_c0b5d68066.jpg
569,http://www.tfpet.com/UploadFile/2006-3/200632412115342711.jpg
570,http://farm1.static.flickr.com/29/88977279_ab41b9d1ea.jpg
571,http://www.grandane.com/NS.Kennels/norterrier.jpg
572,http://www.bkc.com.br/foto%2018.jpg
573,http://static.flickr.com/2366/2103127868_078a8f2d29.jpg
574,http://www.norwich-terrier-dogs.com/pictures-images-photos/norwich-terriers-04.jpg
575,http://farm1.static.flickr.com/130/363883541_058b8cff56.jpg
576,http://farm1.static.flickr.com/21/170090225_7327cead48.jpg
577,http://www.12dog.com/blog/tang/13/upload/20059295517.jpg
578,http://farm3.static.flickr.com/2285/2054450859_5f66b1508e.jpg
579,http://farm3.static.flickr.com/2337/1929727456_02780e8992.jpg
580,http://www.petportraits.org/terriers/norwich_terrier_fbo_max_400h.jpg
581,http://farm1.static.flickr.com/230/512892676_73d82d4b7b.jpg
582,http://www.europuppyusa.com/images/dog_breed_info/158_1.jpg
583,http://www.celysvet.cz/images/norwich-terrier_2.jpg
584,http://www.modernpooch.com/archives/NorwichTerrierpuppy2.jpg
585,http://illyria.com/norwich/images/bigbrother.jpg
586,http://www.norwich-info.de/images/pics/seitenpi/Jule_T.jpg
587,http://www.puppy-kitten-sale.com/catimages/norwich.jpg
588,http://farm1.static.flickr.com/44/127404655_818c171f73.jpg
589,http://bertelsonfamily.com/fam/photos/twix/pals/cam_zack.jpg
590,http://www.canadogs.com/images/NorwichTerrierpup7.jpg
591,http://www.buysellpuppies.com/images/n812845437_991598_9312.jpg
592,http://beheer.uwhondenkat.nl/pictures/dogstandards/20071025-6.jpg
593,http://farm1.static.flickr.com/19/88880736_fc93b12ae4.jpg
594,http://www.wildgooseterriers.com/images/images/Mikey_head_finished_a.jpg
595,http://surfingto.com/CKart/Images/P/p008_03.jpg
596,http://farm1.static.flickr.com/227/526876214_4a27b33723.jpg
597,http://www.dogdomain.com/images/163B_norwich-terrier.jpg
598,http://www.dreamscapek9.com/catalog/images/MaryBeaconArt/2005/MB18-Yorkiesqr.jpg
599,http://farm1.static.flickr.com/62/156204903_455972b37e.jpg
600,http://us.yimg.com/i/pets/d/norfolk.jpg
601,http://www.qualitydogs.com/qdaffil/0763168777.jpg
602,http://farm1.static.flickr.com/25/100029682_f08d5082a2.jpg
603,http://farm3.static.flickr.com/2375/1928856977_e021aeb50c.jpg
604,http://farm1.static.flickr.com/27/137401842_86bc2007ac.jpg
605,http://www.norwich-norfolk-swnnta.org/images1202/Winnie.jpg
606,http://www.k9breedlist.com/images/Marina_Kanevski_Norwich_Terrier.jpg
607,http://static.flickr.com/174/376667180_f5edf4d099.jpg
608,http://static.flickr.com/53/106733443_baddfcfdb8.jpg
609,http://www.slando.hu/photos/live/99/1394599_1_F.jpg
610,http://www.norwich.de/fotos/champions/22.jpg
611,http://www.dogchannel.com/images/articles/breed_profile_images/Norwich_80x80.jpg
612,http://www.highwoodnorwich.com/images/terrierarticle/rink2shadlow.jpg
613,http://farm1.static.flickr.com/95/215927674_a2c5f3987a.jpg
614,http://www.red-bandits.de/Mausi2.jpg
615,http://www.pupcity.com/images/adpics/05294105153064_1.jpg
616,http://farm3.static.flickr.com/2047/2054450457_3849d5dc2f.jpg
617,http://static.flickr.com/1079/1346272661_17c15fcb0b.jpg
618,http://static.flickr.com/171/369203205_41967545f6.jpg
619,http://www.observer.com/files/imagecache/article/files/121106_article_doonan.jpg
620,http://farm1.static.flickr.com/205/459277949_6c90eedb63.jpg
621,http://www.o-sobakah.ru/images/site/216.jpg
622,http://static.flickr.com/29/98667962_c3c02bed6b.jpg
623,http://www.pats-pets.de/rassen/norwich-terrier/Norwite4.jpg
624,http://static.flickr.com/63/165641693_4f277669cb.jpg
625,http://farm1.static.flickr.com/49/124743028_8a26eb13cf.jpg
626,http://www.huisdierenweb.info/hondenrassen/norwich%20terrier.jpg
627,http://www.k9stud.com/ShowImage.aspx?size=350&img;=Puppy%20Land_NorChloe11C.jpg&pth;=Images/Puppy%20Land
628,http://files.dogster.com/pix/dogs/42/16742/1.jpg
629,http://www.kleo.ru/encyclopedia/dog/norwich_terrier_01.jpg
630,http://dogbiz.com/dogs-grp4/norwich-terrier/images/norwich-270x215-tig-256.gif
631,http://www.welpenteam.de/images/norwter_3.jpg
632,http://www.tierpalast.de/rassehunde/norwich_terrier_baerbel_maza4.jpg
633,http://www.perrosdeluruguay.com/NORWICHTERRIER.jpg
634,http://static.flickr.com/2101/1936079813_ad00c5e01d.jpg
635,http://www.civavy.com/pes/images/kamadadi/30.7.2006%20021.jpg
636,http://home.swipnet.se/terrierags/first.jpg
637,http://www.pupcity.com/images/adpics/06163020743370_1.jpg
638,http://www.rhapsodydolls.com/photos/GeneNWichTer.JPG
639,http://static.flickr.com/72/235891488_7bb028836b.jpg
640,http://farm1.static.flickr.com/187/393614599_69e9887c8f.jpg
641,http://www.gotpetsonline.com/pictures-gallery/dog-pictures-breeders-puppies-rescue/norwich-terrier-pictures-breeders-puppies-rescue/pictures-photos/norwich-terrier-0001.jpg
642,http://farm2.static.flickr.com/1015/701362703_a4e8c92d46.jpg
643,http://norwich-terrier.pl/images/2006/100_2508.jpg
644,http://farm3.static.flickr.com/2285/2012654345_ea3f12424a.jpg
645,http://static.flickr.com/132/374776917_0b2dc4f841.jpg
646,http://www.quirao.com/images/moy130/peluche-kosen-animal-terrirer-norwich-4651.jpg
647,http://www.horsedelval.com/images/Diane%20Callahan%20ph%202_08.jpg
648,http://www.tousvosanimaux.com/photo_chiens/43.jpg
649,http://www.thestitchstudio.co.uk/images/LDK053Norwich-Terrier.jpg
650,http://www.mollyjones.com/nobreeds/no%20breed%20pics/norwich.jpg
651,http://farm1.static.flickr.com/135/400446975_3d86076d14.jpg
652,http://www.goldenc.de/Terrier/avila1.jpg
653,http://nancysneedlecrafts.com/dogs_m_n_o_files/Norfolk%20Terrier%20(body).jpg
654,http://farm2.static.flickr.com/1158/748502996_902a54aa3c.jpg
655,http://www.norwich.de/fotos/champions/32.jpg
656,http://www.terriervomlenzholz.de/assets/images/RoMoon2w.jpg
657,http://farm2.static.flickr.com/1144/1021622462_ba55d37c6d.jpg
658,http://www.kennels.co.uk/images/Ter.NorwichTerrier.jpg
659,http://static.flickr.com/1392/1346272713_031a924628.jpg
660,http://www.animundo.com/honden/Images/1084995898Norfolk-Terrier.jpg
661,http://www.ceskyterriers.nl/afbeeldingen/showshoots_norwichCrufts07.jpg
662,http://www.prontodog.com.br/fotos/norwite.jpg
663,http://farm1.static.flickr.com/152/363877526_f20a51dc1b.jpg
664,http://www.klubbarp.nu/Raser/Norvich_Terrier_Harry3.jpg
665,http://www.ardeaprints.com/image/DOG-Norfolk-Norwich-Terrier-Puppy-standing_652937.jpg
666,http://farm1.static.flickr.com/47/129788350_e74e3c9347.jpg
667,http://norwich-terrier.pl/images/2006/100_2600.jpg
668,http://www.latin.ru:8101/monomakh/p138/i0071rp.jpg
669,http://www.champion-puppies.com/images/norwich%20terrier.jpg
670,http://www.terrier-og-nuernberg.de/Rassen/Norwich_Terrier/Norwich_Sitz.gif
671,http://www.dansk-terrier-klub.dk/racer/images/norwich3.jpg
672,http://static.flickr.com/1184/526964779_858a4383f4.jpg
673,http://farm1.static.flickr.com/75/211265648_3aad169bbb.jpg
674,http://static.flickr.com/116/280704432_7ff9074578.jpg
675,http://www.schnauzerrescue.com/norwich_terrier/images/daisy.jpg
676,http://www.dog-breeds.name/pictures/norwich-terrier/norwich-terrier-2tn.jpg
677,http://www.norwich.de/fotos/champions/9.jpg
678,http://farm1.static.flickr.com/140/399687720_57d12a89d0.jpg
679,http://farm1.static.flickr.com/39/106274264_0af1594559.jpg
680,http://farm1.static.flickr.com/109/297456100_7299ea2a19.jpg
681,http://www.dreamscapek9.com/Gift%20Pages/Beacon/2005/MB87-norwich.jpg
682,http://farm3.static.flickr.com/2164/2054450567_6546980311.jpg
683,http://terrier.de/home/rasseportraits/images/21_00005.jpg
684,http://farm1.static.flickr.com/29/99093833_2afe8cc79e.jpg
685,http://www.aus-hosting.com/~terriers/WtcNorwich/GenInfoPic4.jpg
686,http://www.norwichterrier.ch/home/cimg2069.jpg
687,http://www.dreamscapek9.com/Gift%20Pages/Beacon/2005/MB51-Norwichrec.jpg
688,http://www.mydogneeds.com/dog-groups/terriers-dogs/thumbs/norwich-terrier.jpg
689,http://www.terrierklub.hu/tagok/drlanyigabor.jpg
690,http://farm1.static.flickr.com/206/512927119_7bfea4eefb.jpg
691,http://www.andersson-fotodesign.com/images/pictures/large/00102hr-0106.jpg
692,http://farm3.static.flickr.com/2070/2054451049_b1cf437fd1.jpg
693,http://farm1.static.flickr.com/27/101120514_349f77179a.jpg
694,http://www.youren.com/col_files/20059/2005921235543472.jpg
695,http://www.dogtimes.com.br/imagens/norwichcc1.jpg
696,http://norwichterrier.dog.sk/pics/teriers/norwich_bir.jpg
697,http://www.chiens.fr/images/races/norwich_terrier.jpg
698,http://www.dog-breeds.name/pictures/norwich-terrier/norwich-terrier-4tn.jpg
699,http://farm1.static.flickr.com/186/389134992_34c27e859e.jpg
700,http://www.terriers.de/Terrier15/Daten15/Bilder15/th_rasse15.jpg
701,http://www.puppydogweb.com/gallery/norwichterriers/norwichterrier_reed.jpg
702,http://nordoxandsoaps.com/norwich/images/favorites.JPG
703,http://www.geocities.com/norfolk_norwich/ca4.jpg
704,http://lh3.google.com/_R_F36WFl6zc/RuTB0FeQwTI/AAAAAAAAAiA/M-pgZ6HXdIs/s800/099.JPG
705,http://www.free-dogs-info.com/norfolk_pds.JPG
706,http://bp0.blogger.com/_ZBh2GGaszyI/RrHJw-fmLOI/AAAAAAAAAAM/TYSkmIhvWZw/S220/DSC00487.jpg
707,http://norwich-terrier.pl/images/2006/100_2624.jpg
708,http://farm3.static.flickr.com/2386/1535297181_9418630aaa.jpg
709,http://www.sofawolf.de/Lexikon/norwic4.gif
710,http://www.calendars.com/images/006/625/200400000972_hs.jpg
711,http://www.dreamscapek9.com/Gift%20Pages/Beacon/2006/Norwich-MB92.jpg
712,http://norwich-terrier.pl/images/bajobongo/bb7b.jpg
713,http://www.vdh-lv-hessen.de/bilder/rassen/kopf1.jpg
714,http://www.wildgooseterriers.com/Photo%20Gallery/Norwich/Rugger_match.jpg
715,http://www.millercountrydogs.com/images/flags/mbe_flag_norwich_wheaten_tb7304t.jpg
716,http://www.yellowbrickrdkennels.com/images/norwich/morganchampion.jpg
717,http://static.flickr.com/90/274809476_5dee1eeed0.jpg
718,http://santron.no/anton.jpg
719,http://static.flickr.com/27/101120514_349f77179a.jpg
720,http://www.showringnews.com/masterykuvat/syyswebbikuvat%20su/3-4norwich.jpg
721,http://www.gouge.cn/mingquan/images/nuoleqigeng.jpg
722,http://farm1.static.flickr.com/33/99647729_7acb4234de.jpg
723,http://static.flickr.com/64/157122898_c925371878.jpg
724,http://www.norwich-norfolk-swnnta.org/images1202/Eddie4.jpg
725,http://www.derashond.nl/tentoonstellingen/Winner%202007/Norwich-Terrier-Jessy.gif
726,http://www.doggonegood.com/art/breedicons/norwich.jpg
727,http://hundefriseur-tierpflege.de/hunde-rassen/hunde/norwichterrier.jpg
728,http://farm1.static.flickr.com/43/77454152_c0351999f2.jpg
729,http://illyria.com/norwich/images/3muskateers.jpg
730,http://static.flickr.com/46/111125232_df49704c13.jpg
731,http://www.montoutou.com/TerrierNorfolk.jpg
732,http://static.flickr.com/75/212024446_4bf3194805.jpg
733,http://home.no/ntk-avd-rog/images/Lissi_cacib.jpg
734,http://farm1.static.flickr.com/95/274316855_7c9c1d3df4.jpg
735,http://www.jbbjcc.cn/wenhua/UploadFiles_2302/200611/2006111923427299.jpg
736,http://www.freewebs.com/mindlen-kennel/roxy.jpg
737,http://static.flickr.com/37/95712948_3b366f4623.jpg
738,http://www.black-terrier.at/images/beginn.jpg
739,http://www.hundefibel.de/images/norwich.jpg
740,http://www.dog-superguide.com/image/bost_image/00060_gyro.JPG
741,http://www.norwich.de/fotos/champions/7.jpg
742,http://static.flickr.com/32/97875576_e44adbf6af.jpg
743,http://www.hundefreunde-bremen.de/images/norwich.gif
744,http://static.flickr.com/55/150341962_2ec583d3ea.jpg
745,http://photos3.meetupstatic.com/photos/member/b/9/f/f/thumb_2507615.jpeg
746,http://www.doglost.co.uk/data/Registered/Travis_01.JPG
747,http://www.dreamscapek9.com/Gift%20Pages/Choquette/2006/HC97-Norwich.jpg
748,http://static.flickr.com/1097/1140543118_99172ff0de.jpg
749,http://www.btcanada.com/photos/photo4368.jpg
750,http://farm1.static.flickr.com/50/143941378_6bbed1e44c.jpg
751,http://image2.sina.com.cn/bj/122/2006/0116/U1019P52T122D224F3067DT20060116144321.jpg
752,http://www.tinytracks.net/media/pediapics/Norwichterrier.jpg
753,http://dickies.free.fr/chien/inot3.jpg
754,http://www.kennels.co.uk/images/Terr.NorfolkTerrier.jpg
755,http://files.dogster.com/pix/dogs/60/28360/28360_1134490710.jpg
756,http://www.giveusahome.co.uk/breederspages/allbreedsphotosdog/norwichterrier.jpg
757,http://farm1.static.flickr.com/40/101918444_3d9d1c7f42.jpg
758,http://www.norwich-terrier-dogs.com/pictures-images-photos/norwich-terriers-05.jpg
759,http://www.jdemirdjian.com/Dogs/Dog%20Pictures/Norfolk%20Terrier.jpg
760,http://www.freewebs.com/mindlen-kennel/Picture%20597.jpg
761,http://farm1.static.flickr.com/54/127415579_f4c6cf221d.jpg
762,http://www.wildgooseterriers.com/Photo%20Gallery/Gallery/Sam_cat.jpg
763,http://static.flickr.com/1029/701362789_1e92a3c2aa.jpg
764,http://farm1.static.flickr.com/120/306532446_aab085dd59.jpg
765,http://animal-photography.co.uk/thumbs/AP-0ZLCNU-TH.jpg
766,http://www.norwich.de/fotos/champions/3.jpg
767,http://www.starstore.com/acatalog/Norwich_Norfolk_Terrier_f_0.jpg
768,http://www.windermers.de/bilder/the_2.jpg
769,http://farm1.static.flickr.com/56/139673794_3913d8d8e5.jpg
770,http://www.dognews.com/pedigreegallery/2003/terrier/thumbnails/NORWICH%20terrier.jpg
771,http://puppydogweb.com/breeders/pic_images/norwichterrier_lowry.jpg
772,http://www.milouchouchou.com/milannu/inc/im_cat/272.jpg
773,http://static.flickr.com/62/174981684_cdddedb135.jpg
774,http://farm1.static.flickr.com/29/97097654_2149a747cc.jpg
775,http://www.norwich.de/fotos/champions/17.jpg
776,http://farm1.static.flickr.com/34/102578788_3eb8a331b1.jpg
777,http://www.sidyboysfoolin.com/999norwichterrier999.jpg
778,http://www.terrierclub.ch/images/alber-valentino-web.jpg
779,http://static.flickr.com/2090/1928846673_5bdebfc860.jpg
780,http://www.chez.com/cfat/jeremib.jpg
781,http://files.dogster.com/images/dogster/breeds/norwich_terrier.jpg
782,http://www.perfectpuppiesonline.com/breedimages/Norwich_Terriers.jpg
783,http://beavercreekpets.net/images/8-3-07/img312.jpg
784,http://www.castanewf.com/optimized/norwichweb.jpg
785,http://www.hund.ch/fotos/fnorwichterrier37.jpg
786,http://farm1.static.flickr.com/68/212623896_4d9d0f91fc.jpg
787,http://www.schnauzerrescue.com/norwich_terrier/images/norwich_terrier.jpg
788,http://static.flickr.com/2349/1626389655_b4e4749d46.jpg
789,http://www.aus-hosting.com/~terriers/WtcNorwich/GenInfoPop4.jpg
790,http://static.flickr.com/162/371644616_e721eb9b83.jpg
791,http://picturesdog.com/uploads/picture_picture.fullPic/St.Francis%20067.jpg
792,http://www.wildgooseterriers.com/Photo%20Gallery/Gallery/Sid_Tanner.jpg
793,http://static.flickr.com/128/366664412_a4fbd2599d.jpg
794,http://www.addimg.com/gallery2/d/3483-2/Norwich_Terrier.gif
795,http://www.glendalenorwich.com/gallery/images/Corky.jpg
796,http://www.italianbulldog.it/images/norwich_terrier.jpg
797,http://www.bear-necessities.com/_borders/toto2.jpg
798,http://www.dogtagagility.com/images/Team%20DOGTAG/Oliver_Chute_small.jpg
799,http://static.flickr.com/51/139031840_c5a7bde72b.jpg
800,http://www.norwich.de/fotos/champions/1.jpg
801,http://www.dooziedog.com/dog_breeds/norfolk_norwich_terriers/main.jpg
802,http://farm1.static.flickr.com/124/329356703_c29fd20f97.jpg
803,http://www.ceskyterriers.nl/afbeeldingen/showshoots_norwichclub06.jpg
804,http://www.viarural.com.uy/ganaderia/mascotas/fotografias-perros/terrier-noruego-07.jpg
805,http://www.pgaa.com/canine/general/images/norwichariel.jpg
806,http://www.norwichterrierklubben.se/norwich.jpg
807,http://terrier.de/home/rasseportraits/images/21_00002.jpg
808,http://www.westminsterkennelclub.org/breedinformation/terrier/images/austter.jpg
809,http://www.derhund.de/1_web_hundetitel/bilder/1012814537rasse_03_02_terrier.jpg
810,http://www.terrier.at/images/rassen/Norwich_Batty2.jpg
811,http://farm1.static.flickr.com/250/445393346_a86562a591.jpg
812,http://www.nationalterrier.co.uk/spg/2006/4/Norwich.jpg
813,http://farm1.static.flickr.com/64/170391827_41c20d61df.jpg
814,http://farm3.static.flickr.com/2020/2130522390_fbbde624d7.jpg
815,http://www.sunroofetc.com/sys-tmpl/nss-folder/pictures/dinner.jpeg
816,http://www.i-love-dogs.com/dog-breeds/images/Cairn-Terrier.jpg
817,http://content.answers.com/main/content/wp/en/thumb/e/e5/280px-Border_Terrier_brothers.jpg
818,http://blog28.fc2.com/n/norwichterrier/file/20060517130217.jpg
819,http://tourdiary.explorica.com/TourDiaryFiles/Attachment.ashx?id=63071&w;=258&h;=193
820,http://www.wildgooseterriers.com/Photo%20Gallery/Davic%20Dalton/Sidney_DD_b.jpg
821,http://farm1.static.flickr.com/6/77454269_3d28f9fd8b.jpg
822,http://farm1.static.flickr.com/38/105209877_9cfe5ae8fc.jpg
823,http://farm3.static.flickr.com/2101/1936079813_ad00c5e01d.jpg
824,http://static.flickr.com/156/378108688_568f2a4266.jpg
825,http://www.kennels.co.uk/images/Ter.StaffordshireBullTerrier.jpg
826,http://static.flickr.com/145/363542325_be9ad9982d.jpg
827,http://www.wagandfetch.com/images/breeds/breed_norwich_terrier.jpg
828,http://www.norwich-terrier-dogs.com/pictures-images-photos/norwich-terriers-02.jpg
829,http://farm2.static.flickr.com/1220/1139712159_ed426ddfbe.jpg
830,http://farm2.static.flickr.com/1080/1346272651_864cc54b4c.jpg
831,http://www.doginfomat.com/nugget.jpg
832,http://www.nextdaypets.com/directory/breeds/images/t_1100189.gif
833,http://upload.wikimedia.org/wikipedia/commons/thumb/7/77/Norwich_terier_670.jpg/600px-Norwich_terier_670.jpg
834,http://farm1.static.flickr.com/209/447532284_42d4e94ca1.jpg
835,"http://www.duiops.net/seresvivos/galeria/perros/Animals%20Dogs%20Small_Happy%20to%20See%20You,%20Norwich%20Terrier.jpg"
836,http://farm3.static.flickr.com/2279/2129742611_5f5491d9f8.jpg
837,http://www.mardot.org/Images/norwich-puppies.jpg
838,http://www.borderterrier-vonwarnberg.de/nwt1.jpg
839,http://norwich-terrier.pl/images/2006/100_2506.jpg
840,http://static.flickr.com/1150/526875464_622b74040d.jpg
841,http://www.retrieversandfriends.com/images/AUG05/briggs081205.jpg
842,http://bertelsonfamily.com/fam/photos/twix/pals/ellie_sam.jpg
843,http://www.ascotnorwich.com/images/Bentleyflowerscutout.jpg
844,http://farm1.static.flickr.com/40/77454168_08719b95b3.jpg
845,http://bp2.blogger.com/_7_mBT5K3oCA/RbTT_ZTva7I/AAAAAAAAACY/ucIBWXyTuYI/s400/norwich+red.jpg
846,http://www.caninemediaservices.co.uk/rbt2007/Terrier/slides/Norwich.JPG
847,http://www.celysvet.cz/images/norwich-terrier_3.jpg
848,http://www.k9stud.com/ShowImage.aspx?size=350&img;=Puppy%20Land_NSerenity11C.jpg&pth;=Images/Puppy%20Land
849,http://farm1.static.flickr.com/65/213095694_564a9bf7a9.jpg
850,http://www.kft-online.de/mod_bilderalbum/bilder/tNorwich_5.jpg
851,http://farm1.static.flickr.com/248/520972837_4ccfc9391e.jpg
852,http://z.about.com/d/boston/1/6/C/1/-/-/IMG_4635.JPG
853,http://farm1.static.flickr.com/168/459271845_64a12153ae.jpg
854,http://farm3.static.flickr.com/2272/2055235882_f52adb39c6.jpg
855,http://www.hondenras.com/encyclopedie/foto/1060_Norwich_Terrier.jpg
856,http://www.roverrescue.com/dogs/355-2-20060614151937.jpg
857,http://www.skyblueranch.com/images/Dog_Pics/Other%20Breeds/1-15%20GRunt%20M1%20001.jpg
858,http://www.pupcity.com/images/adpics/2005166135032.jpg
859,http://www.hund.ch/fotos/fnorwichterrier34.jpg
860,http://farm1.static.flickr.com/119/314959698_accb436193.jpg
861,http://www.yorkie.to/photos/Shows/Interra010420/big/Norwich_BOB_big.jpg
862,http://www.pgaa.com/canine/general/images/norwichwolf.jpg
863,http://www.nantucketdogs.com/images/dogsW_06.gif
864,http://farm1.static.flickr.com/122/289536517_d12f3adfeb.jpg
865,http://farm1.static.flickr.com/19/120241703_8ae0a283fd.jpg
866,http://www.westik.cz/blataj/Foto/BB/Bubak6.jpg
867,http://www.wildgooseterriers.com/images/images/Mikey_Shoulder_brushed_b.jpg
868,http://static.flickr.com/35/122519440_8d0d0510dd.jpg
869,http://www.flotte-rotte.de/flotte-rotte/galerie/awurf/woche9/IMG_0130_k.jpg
870,http://farm1.static.flickr.com/136/332250254_d7664eaff2.jpg
871,http://www.dog-breed-facts.com/images/australian-terrier-1.jpg
872,http://static.flickr.com/2081/1928878151_8782146c02.jpg
873,http://www.bibspecialties.net/newmagnetbreeds/mag209.jpg
874,http://www.dogtimes.com.br/imagens/ChidleyMajorG03.jpg
875,http://www.encore-editions.com/dogs/darling/darling2/thm_norwichsaddlebagscopy.jpg
876,http://www.calendarcastle.com/Modules/Assets/793/Catalog/product52498.jpg
877,http://europuppyblog.com/media/50/Zoe.jpg
878,http://www.date-dog.com/Portals/0/date-dog/images/dogId_507-1.jpg
879,http://farm3.static.flickr.com/2351/2202262701_8f73e23e26.jpg
880,http://www.eyedealpostcards.com/images/FigNorwichTerrierAngelDTA79.jpg
881,http://www.illyria.com/norwich/images/brad_dogs.jpg
882,http://farm1.static.flickr.com/35/103381792_5efd8fa22d.jpg
883,http://www.koskelo.net/koirataide/images/thew/norwichinterrieri_1.jpg
884,http://www.wildgooseterriers.com/Photo%20Gallery/Norwich/tanner_profile.jpg
885,http://www.kennels.co.uk/images/Ter.Cairn.jpg
886,http://www.nkk.no/image_database/Grafikk/BIS%20bilder/bis2004_kristiansand.jpg
887,http://www.canadogs.com/images/NorwichTerrieradult7.jpg
888,http://www.wildgooseterriers.com/images/images/Mikey_Shoulder_brushed.jpg
889,http://farm1.static.flickr.com/35/108074620_5cf7e6378c.jpg
890,http://farm1.static.flickr.com/167/380090777_ff0c113696.jpg
891,http://www.saveadog.org/DogPictures/julie.jpg
892,http://farm1.static.flickr.com/124/420795339_1a7abb190c.jpg
893,http://www.ralfs-hundelexikon.de/foto/terr/norwich1.jpg
894,http://norwich-terrier.com/site/foto/000001819700.jpg
895,http://www.auroranien.de/images/koesen/middle/4651_m.jpg
896,http://photocache.petfinder.com/fotos/TX778/TX778.9533900-3-x.jpg
897,http://www.modernpooch.com/archives/NorwichTerrierpuppy4.jpg
898,http://farm1.static.flickr.com/231/512892936_fb78811b61.jpg
899,http://www.norwich-norfolk-swnnta.org/images1202/helen4.jpg
900,http://www.lupus.hjem.wanadoo.dk/racer4/Norfolk%20Terrier.jpg
901,http://www.aus-hosting.com/~terriers/WtcNorwich/Standard.jpg
902,http://www.users.bigpond.com/sssmaltby/rocketbaby.jpg
903,http://static.flickr.com/41/124743025_9af9dcde10.jpg
904,http://www.kutya.hu/0203/images/22-1.jpg
905,http://www.dooziedog.com/dog_breeds/images/full/Norwich-Terrier.jpg
906,http://bp2.blogger.com/_ykqzC3Nz-Oc/RXSjd1m93OI/AAAAAAAAAAg/9X4gTNmJBG0/s400/13m.jpg
907,http://www.rednaturaleza.com/rednaturaleza/animales/fotos/t495.jpg
908,http://farm1.static.flickr.com/122/363543913_7b4e44e6c3.jpg
909,http://static.flickr.com/212/482847479_42bf6f342e.jpg
910,http://www.westminsterkennelclub.org/breedinformation/terrier/images/glenimaal.jpg
911,http://farm1.static.flickr.com/12/92532102_7a8e10f70b.jpg
912,http://www.bearsandbuds.com/webzine/images/LWHNorwichTerrier.jpg
913,http://www.4mdogbooks.com/images/Product_Images/tn_ch-330.jpg
914,http://www.wildgooseterriers.com/Photo%20Gallery/Norwich/alakazam_mar06.jpg
915,http://www.dkimages.com/discover/previews/816/605793.JPG
916,http://www.cinofilionline.it/images/australianterrierbuono.jpg
917,http://www.hund.ch/fotos/fnorwichterrier4.jpg
918,http://static.flickr.com/2085/2130521766_364ef936a7.jpg
919,http://www.wildgooseterriers.com/Photo%20Gallery/Sidney_Pups/sid_pups_jul06d.jpg
920,http://www.furrycritter.com/resources/dogs/Images/Norwich-Norfolk%20Terrier%202.jpg
921,http://tandavadalmatians.com/viewImg.php?id=80
922,http://static.flickr.com/218/526966107_83a58ecb66.jpg
923,http://www.wildgooseterriers.com/Photo%20Gallery/Norwich/jemima_gp3_kgstn_jul04.jpg
924,http://www.dogtron.com/dog/img/cairn_terrier-s.jpg
925,http://www.dogtron.com/dog/img/norwich_terrier-s.jpg
926,http://www.millercountrydogs.com/images/doormat/sg_norwich_terrier_1x_matt.jpg
927,http://www.mojpupil.pl/modules/Hodowla/images_upload/th_908538287.jpg
928,http://www.aktivhund.se/Images/Raser/100-105.jpg
929,http://www.beepworld.de/memberdateien/members80/terrierco/norwichterrier2.jpg
930,http://www.stuffedark.com/images/terriernorwich.jpg
931,http://farm1.static.flickr.com/172/459260270_4a14d99a99.jpg
932,http://static.flickr.com/193/472006177_a1ca6e0ac4.jpg
933,http://www.pupcity.com/images/adpics/2004317151653.jpg
934,http://www.jciwholesale.com/images/mousepad/1780.jpg
935,http://www.norwich.de/fotos/champions/20.jpg
936,http://static.flickr.com/1333/742937223_7bd8814738.jpg
937,http://www.norwich.de/fotos/champions/19.jpg
938,http://www.lechien.ch/images/actuel/2006/juillet/norfolk.jpg
939,http://www.wildgooseterriers.com/images/images/Mikey_Rear_groomed.jpg
940,http://www.volny.cz/radekkubin/foto/betty.jpg
941,http://www.5stardog.com/gallery/images/Norwich%20Terrier/388303284866.JPG
942,http://www.puppyfind.com/breed/norwich_terrier/m_au336i84bo.jpg
943,http://www.wildgooseterriers.com/Photo%20Gallery/Norwich/Retta-Pups-19Feb05_8.jpg
944,http://farm1.static.flickr.com/4/5568484_0bfde9e40e.jpg
945,http://www.beldogs.com/images/NGSPOD07/117193.jpg
946,http://www.anti-dockingalliance.co.uk/BTerrierNorwich.JPG
947,http://farm1.static.flickr.com/201/512892888_4ceb9c1c0d.jpg
948,http://www.tierpalast.de/rassehunde/norwich_terrier_baerbel_maza1.jpg
949,http://www.dogdomain.com/images/160B_norfolk-terrier.jpg
950,http://www.nadjarah.com/friends/Julle.jpg
951,http://thumbnail.search.aolcdn.com/truveo/images/thumbnails/5E/89/5E89ED288D5A1B.jpg
952,http://www.kft-online.de/mod_bilderalbum/bilder/Norwich_3.jpg
953,http://images3.speurders.nl/images/23/2347/23471613_1_detail.jpg
954,http://www.besfern.com/RAZAS%20FCI/fotosperros/grupo%203/Scottish%20Terrier.jpg
955,http://www.mtdemocrat.com/content/articles/2006/12/08/news/page_one/b0812_n2.jpg
956,http://www.pupsforsale.com/jonesnorfolkDSCF7120_small.jpg
957,http://norwich-terrier.com/site/centre.jpg
958,http://www.animalforum.com/dbreed/images/zpdtenorw.jpg
959,http://www.purbeckagility.org.uk/images/yancsi_large.jpg
960,http://farm1.static.flickr.com/140/318537580_2d9327dd38.jpg
961,http://farm2.static.flickr.com/1022/1140789293_d2a51be733.jpg
962,http://farm1.static.flickr.com/55/141929068_70696c5cb8.jpg
963,http://beavercreekpets.net/images/yorkies/females/101_4794.JPG
964,http://www.dogs4sale.com/images_breed/norfolk_terrier.jpg
965,http://farm1.static.flickr.com/56/151972989_b915695b3a.jpg
966,http://static.flickr.com/1166/1491309971_0865229422.jpg
967,http://www.boazvet.com/Images/Dogs/Terrier/norwich_terrier.jpg
968,http://www.pisa2000.it/cinofilia/images/norwich.gif
969,http://static.flickr.com/107/287072558_64a6aa2e90.jpg
970,http://www.tier-haus-riehen.ch/wettbewerb/wettbewerb/w3/files/page28-1007-full.jpg
971,http://farm3.static.flickr.com/2020/2064441032_30d322cb0b.jpg
972,http://site.animalden.com/images/cj/4741.jpg
973,http://norwichterrier.bigstep.com/agilitypreview008.jpg
974,http://farm1.static.flickr.com/97/215927678_39f0491125.jpg
975,http://www.geocities.com/norfolk_norwich/images/SoderbergTrulsa03.jpg
976,http://www.wildgooseterriers.com/images/images/Mikey_Rear_brushed.jpg
977,http://www.norwich-terrier.org/site/foto/000001817800.jpg
978,http://farm1.static.flickr.com/40/77454437_59a0032f66.jpg
979,http://farm1.static.flickr.com/33/60823383_cee85613c2.jpg
980,http://www.bailey-farms.net/scruff.bmp
981,http://pets-kojima.com/zukan/dog/dog_details/images/norwichterrier.jpg
982,http://www.dreamscapek9.com/catalog/images/MaryBeaconArt/2006/Norwich-MB94.jpg
983,http://www.wildgooseterriers.com/Photo%20Gallery/Norwich/Tanner_WD_Specialty.jpg
984,http://www.aigou.com/upload/news/2005/04/08/fj_norwich1.jpg
985,http://www.nzkc.org.nz/nds2005/images/2138.jpg
986,http://static.flickr.com/43/104930679_9429911a53.jpg
987,http://farm3.static.flickr.com/2231/2231102925_d5804b6915.jpg
988,http://www.saudeanimal.com.br/imagens/norwish.jpg
989,http://www.clingycanines.com/norwich.jpg
990,http://www.traffordphotos.com/assets/images/Norwich_Terrier.jpg
991,http://www.parson-russell-norwich-terrier.de/images/fossykopf.gif
992,http://www.petplanet.co.uk/petplanet/images/breeds/australianterrier72.jpg
993,http://members.home.nl/norwich/KY301006_web.JPG
994,http://home19.inet.tele.dk/rucairnwicca/outside1.jpg
995,http://static.flickr.com/34/71495959_858da07c2e.jpg
996,http://static.flickr.com/76/162152607_378cb26823.jpg
997,http://www.hundesalon-benny.de/pages/pics/kund17.jpg
998,http://farm1.static.flickr.com/71/168881715_22dc26e2a2.jpg
999,http://farm3.static.flickr.com/2261/2129743121_384982ce63.jpg
1000,http://www.wildgooseterriers.com/Photo%20Gallery/Norwich/Jemima.jpg
1001,http://beavercreekpets.net/images/9-9-07/IMG_0057%5B1%5D.jpg
1002,http://farm1.static.flickr.com/6/5568130_96239aff29.jpg
1003,http://farm1.static.flickr.com/119/293075837_ebae9dd6a1.jpg
1004,http://www.norwichterrierklubben.se/Affich1.jpg
1005,http://www.pattern-maker.co.uk/images/d%20norwich%20terrier%20dog.JPG
1006,http://www.welpenteam.de/images/norwter_2.jpg
1007,http://nothinbuttdogs.com/ButtContest/Twix.jpg
1008,http://farm2.static.flickr.com/1337/1156248371_212fb8418f.jpg
1009,http://irishfieldsports.com/terriers/images/norwich.jpg
1010,http://www.inuk.ch/Meine%20Kinderstube-Dateien/image036.jpg
1011,http://farm1.static.flickr.com/188/459260542_fa2adfba2c.jpg
1012,http://www.terrier.at/images/rassen/norfolk.jpg
1013,http://farm1.static.flickr.com/209/512892726_3ade3646b2.jpg
1014,http://farm2.static.flickr.com/1341/956045332_650742a1a9.jpg
1015,http://www.norwich-norfolk-swnnta.org/images/Billy.jpg
1016,http://www.internetclipart.com/Animals/Dogs/norwichterrier.jpg
1017,http://server.hund.ch/zuechter/zpages/z6125.jpg
1018,http://www.hund.ch/zuechter/zpages/z6924.jpg
1019,http://amberlowe.com/images/cubeimages/norwich_terrier_katiecube.jpg
1020,http://www.nzkc.org.nz/nds2006/images/2124.jpg
1021,http://www.calendarcastle.com/Modules/Includes/sendbinary.asp?path=C%3A%5CInetpub%5Cwwwroot%5Ccommercefactory%5CModules%5CAssets%5C793%5CCatalog%5Cproduct52498%2Ejpg&Width;=200
1022,http://www.pedigree.com.sg/breeds/images/norwich_terr_02.jpg
1023,http://www.dogzonline.com.au/images/profiles/63/15644_303.jpg
1024,http://www.dogchannel.com/images/articles/breed_profile_images/Norwich-black-and-tan2.jpg
1025,http://cache.viewimages.com/xc/2954603.jpg?v=1&c;=ViewImages&k;=2&d;=17A4AD9FDB9CF1934A2752006EF5F0ED89DC2B5C2E026E395A5397277B4DC33E
1026,http://www.thekennelclub.org.uk/download/103/norwichterrier.jpg
1027,http://www.gotpetsonline.com/pictures-gallery/dog-pictures-breeders-puppies-rescue/yorkshire-terrier-pictures-breeders-puppies-rescue/pictures/yorkshire-terrier-0094.jpg
1028,http://www.terrier.at/images/rassen/norwichjpg
1029,http://static.flickr.com/132/336981141_b4be41ca62.jpg
1030,http://www.vopelakterriers.com/images/sm100_4558%20Norwich%20Dad.jpg
1031,http://www.wagsforyou.com/files/000_0065.JPG
1032,http://farm2.static.flickr.com/1232/956044802_9c68297246.jpg
1033,http://www.devrolijkeviervoeters.org/images/norwicht05.jpg
1034,http://norwich-terrier.pl/images/2006/100_2581.jpg
1035,http://www.illyria.com/norwich/images/rip_pecos.jpg
1036,http://www.tuperro.com.mx/images/perros/estandares/norwich_terrier_01.jpg
1037,http://www.whatsmydog.com/images/BreedImages/ProfileImages/Norwich_Terrier.jpg
1038,http://www.parson-russell-norwich-terrier.de/images/gryphonkopf.gif
1039,http://www.hvuttar.net/db/factbox-v.0.9-eu-46b925698c5c746b92569913f4.jpg
1040,http://norwich-terrier.pl/images/bajobongo/bb4b.jpg
1041,http://celysvet.cz/fotky/norwich-terier_2.jpg
1042,http://www.norfolk-norwich-terrier.de/mediac/400_0/media/Jezy~Norwich.jpg
1043,http://www.norwichandnorfolkterrier.org/breeders/images/sandina.jpg
1044,http://farm2.static.flickr.com/1240/1464954309_6f877ffa79.jpg
1045,http://www.planet-pets.com/nrfkterr.jpg
1046,http://farm1.static.flickr.com/184/425739010_7972c3e54e.jpg
1047,http://rookwoodpetportraits.makeswebsites.com/clients/32103/492189_thb.jpg
1048,http://jemskennel.com/images/di%201.jpg
1049,http://breeders.dogbreedinfo.com/images2/20051013115857_160037_1.jpg
1050,http://www.gopetsamerica.com/norfolk-terrier/norfolk-terrier.jpg
1051,http://farm1.static.flickr.com/44/128328306_001e5d59e8.jpg
1052,http://farm1.static.flickr.com/26/60823384_7fad117048.jpg
1053,http://www.dkimages.com/discover/previews/795/80022589.JPG
1054,http://www.puppyfind.com/breed/norwich_terrier/l_au336i84bo.jpg
1055,http://home.online.no/~kni2/norwich/begge31.jpg
1056,http://www.criaderosde.com/images/criaderos/68026500819087bd1b6b29742d58a0ac04b9ae0b9fc4bafc0.jpg
1057,http://www.directoryofdogs.com/norwich_terrier.jpg
1058,http://www.megasus.se/images/norwichterrier1.jpg
1059,http://farm1.static.flickr.com/62/211265651_cc6d7f7e00.jpg
1060,http://www.norwich.de/fotos/champions/15.jpg
1061,http://www.dogtimes.com.br/imagens/norfolkcc1.jpg
1062,http://static.flickr.com/37/104931721_9a2b776b63.jpg
1063,http://www.dog-breeds-infosite.com/images/norwichterrier4.jpg
1064,http://farm1.static.flickr.com/206/512927171_93736a19a2.jpg
1065,http://www.ntk.org/raser/rasebilder/norwich.jpg
1066,http://static.flickr.com/130/323244091_f24af09560.jpg
1067,http://www.users.bigpond.com/sssmaltby/rocketlounge2.jpg
1068,http://farm1.static.flickr.com/27/100756325_4796b940a8.jpg
1069,http://static.flickr.com/55/109621172_e6e890485c.jpg
1070,http://static.flickr.com/44/156204406_01f4db4d2a.jpg
1071,http://farm2.static.flickr.com/1368/1055534616_c22e63af5e.jpg
1072,http://www.dog-breeds.name/pictures/norwich-terrier/norwich-terrier-1tn.jpg
1073,http://www.norwich-norfolk-swnnta.org/images0403/04130118.jpg
1074,http://www.kft-online.de/mod_bilderalbum/bilder/tNorwich_2.jpg
1075,http://www.wildgooseterriers.com/images/images/Mikey_side_finished.jpg
1076,http://www.parson-russell-norwich-terrier.de/images/tiptop.gif
1077,http://farm3.static.flickr.com/2167/1936909858_aed7225fa9.jpg
1078,http://bowkids.hmc6.net/inuzukan/_img/norwichterrier_003.jpg
1079,http://www.hunde-in-dresden.de/img/zucht_norwich_terrier.jpg
1080,http://www.norwich.de/fotos/champions/28.jpg
1081,http://www.dog-superguide.com/image/data_03-norwich_terrier_gyro.jpg
1082,http://norwich-terrier.pl/pics/100_0651b.jpg
1083,http://server.hund.ch/fotos/fnorwichterrier15.jpg
1084,http://www.serilde.it/Serilde/Norwich/Images/norwich_bt_copy.jpg
1085,http://www.norwichterrierpuppy.net/images/list/2104.jpg
1086,http://www.hondkopen.nl/foto%27s/Terriers3/norwich/catwalk.jpg
1087,http://www.etmoon.com/artgallery/albums/album08/ArtDogTrMinSch.thumb.gif
1088,http://farm2.static.flickr.com/1154/526876596_e132d2c15e.jpg
1089,http://www.terrier.de/rassen/b21f0002.jpg
1090,http://home.online.no/~fi-m/terriers/norwich/norwich1s.jpg
1091,http://farm1.static.flickr.com/26/101551298_8ab100de85.jpg
1092,http://www.pets4you.com/images/norwichterrierpetiteamour.jpg
1093,http://animal-photography.co.uk/thumbs/AP-0JGXCQ-TH.jpg
1094,http://www.vdh-lv-hessen.de/bilder/rassen/standbild_blackandtan.jpg
1095,http://www.schnauzerrescue.com/SOP4.JPG
1096,http://farm1.static.flickr.com/58/167622915_39a72248e0.jpg
1097,http://farm1.static.flickr.com/179/483065823_0996c6fcf1.jpg
1098,http://www.ralfs-hundelexikon.de/foto/terr/norwich2.jpg
1099,http://www.westminsterkennelclub.org/breedinformation/terrier/images/sealy.jpg
1100,http://www.kennels.co.uk/images/Ter.AustralianTerrier.jpg
1101,http://icons.iconator.com/140/ICONATOR_ef4feb66029a84bb3dbc26f7835977c3.gif
1102,http://norwich-terrier.pl/images/2006/100_2604.jpg
1103,http://www.dogzonline.com.au/images/profiles/64/13470_623.jpg
1104,http://www.deeprunretrievers.com/terriers/pictures/milestone%20group%20place.jpg
1105,http://farm1.static.flickr.com/180/459276971_a0ffdbd3ec.jpg
1106,http://www.cinofilionline.it/images/norwickterrierbuono.jpg
1107,http://www.dogbreedgiftshop.com/images/dog_towels/norwich-terrier.jpg
1108,http://farm3.static.flickr.com/2098/2231901734_cdf3c166f4.jpg
1109,http://farm1.static.flickr.com/197/512892744_155dfbbe42.jpg
1110,http://www.vjdesigns.com/elliott/41302Elliott.jpg
1111,http://www.dogs4sale.com/images_breed/norwich_terrier.jpg
1112,http://us.movies1.yimg.com/movies.yahoo.com/images/hv/photo/movie_pix/castle_rock_entertainment/best_in_show/_group_photos/catherine_o_hara1.jpg
1113,http://static.flickr.com/1238/1139693827_4384a93e2f.jpg
1114,http://www.beta-dog.de/gallerie/gruppenhunde/thumbnails/SinaNorwichTerrier.JPG
1115,http://www.petfriends.com.br/enciclopedia/images/Caes/NorwichTerrier-_1.jpg
1116,http://farm1.static.flickr.com/190/512892584_21c25d8b65.jpg
1117,http://static.flickr.com/58/162152612_f01d315ffe.jpg
1118,http://www.abc-tierschutz.de/hunder61.jpg
1119,http://www.montoutou.com/TerrierNorwich.jpg
1120,http://www.dkimages.com/discover/previews/816/605885.JPG
1121,http://www.pets4you.com/ABC/images/norwichterrierlittle.jpg
1122,http://farm3.static.flickr.com/2163/2054450983_dca12f08c1.jpg
1123,http://farm1.static.flickr.com/148/371649930_95f861f04f.jpg
1124,http://static.flickr.com/36/77454403_5566306dc5.jpg
1125,http://abnormality.purpleflowers.net/crufts/terrier/norwich.jpg
1126,http://www.evcilkopekler.com/fotolar/1113646873norwich_terrier_15.jpg
1127,
