0,http://farm2.static.flickr.com/1329/1459132352_be519abd21.jpg
1,http://oesrescue.com/images_oes/dog1.jpg
2,http://farm1.static.flickr.com/132/320055316_05f0b0afe7.jpg
3,http://www.sloppykisscards.com/images/dgengsheep.jpg
4,http://www.12dogsofchristmas.com/press/images/Adam%20Hicks%20With%20YehTeh0004.jpg
5,http://www.oldenglishsheepdogclubofamerica.org/NEWFRONTPAGE/images/newfrontpage/Vicie_for_Barb.JPG
6,http://www.happypetstop.com/album/Dogs/old-english-sheepdog.jpg
7,http://upload.wikimedia.org/wikipedia/commons/thumb/7/7b/Bobtail.JPG/150px-Bobtail.JPG
8,http://farm1.static.flickr.com/23/35120577_d3c7f8e5cb.jpg
9,http://www.dog-breeds.name/pictures/old-english-sheepdog/old-english-sheepdog-3tn.jpg
10,http://www.notown.se/dogs/tilly/photo/PhotoTillySonny.jpg
11,http://farm1.static.flickr.com/100/296368547_b4a5391243.jpg
12,http://www.puppypurebred.com/images/Old.jpg
13,http://www.travelingdogs.com/playground/images/dscn1204_6_jpg.jpg
14,http://farm3.static.flickr.com/2304/2076765766_ce9df527e5.jpg
15,http://static.flickr.com/162/352410780_ea2ecf8b0e.jpg
16,http://www.bobtail.com.ua/dog/tedy_boy.jpg
17,http://www.pedigree.co.nz/breeds/images/old_english_sheepdog_03.jpg
18,http://farm2.static.flickr.com/1109/1214588105_adf628a814.jpg
19,http://bestoldenglishsheepdogs.com/images/lilly/IMG_2718-copy.jpg
20,http://farm1.static.flickr.com/138/392395116_787e209cdd.jpg
21,http://farm3.static.flickr.com/2153/2092803381_a1ab047296.jpg
22,http://www.hondenplaza.nl/page/honden_bestanden/Old_english_sheepdog.jpg
23,http://www.pet-service.de/hunde/bilder/bobtail001a.jpg
24,http://www.bobtail.ru/photo/show/eds/05/3_4_ch_m.jpg
25,http://adoptanimaux.free.fr/race/photo/Bobtail2.jpg
26,http://www.4mdogbooks.com/images/product_images/b-1480.jpg
27,http://www.notown.se/dogs/tilly/photo/PhotoTillyBath.jpg
28,http://static.flickr.com/142/327431750_bbbf73f88b.jpg
29,http://static.flickr.com/2195/2123206831_87412f175f.jpg
30,http://static.flickr.com/2378/2093025214_fa00692cc2.jpg
31,http://www.oldenglishsheepdogs.nl/images/nznreu12401.jpg
32,http://farm1.static.flickr.com/24/40257985_389eaae929.jpg
33,http://www.razas-de-perros.info/fotos/bobtail/bobtail-6tn.jpg
34,http://www.free-dogs-info.com/oldenglish_pdw.jpg
35,http://www.canicold.dk/data/images/photo005.jpg
36,http://farm1.static.flickr.com/82/228289550_07c39c879c.jpg
37,http://farm3.static.flickr.com/2255/1524194044_97ff128f53.jpg
38,http://farm1.static.flickr.com/151/337568469_a88f29c178.jpg
39,http://static.flickr.com/2383/1620410392_c4f44b1d96.jpg
40,http://farm3.static.flickr.com/2121/2221102439_035b898090.jpg
41,http://farm3.static.flickr.com/2180/2057377253_9932c14425.jpg
42,http://info.breedguide.com/images/oldenglishsheepdog.jpg
43,http://www.britanskiovcari.info/slike/bobtail.jpg
44,http://www.oes.no/images/rasen05.jpg
45,http://static.flickr.com/24/39439511_46c7380a11.jpg
46,http://www.notown.se/dogs/ebba/show/EbbaGroomingTable.jpg
47,http://farm1.static.flickr.com/138/374464699_afc9d89245.jpg
48,http://www.oldenglishsheepdogs.nl/images/frontpage1502.jpg
49,http://www.pets4homes.co.uk/pets4homes/home.nsf/A587AC2219A53E4B802570C1007625B6/$file/sheepdog.jpg
50,http://farm3.static.flickr.com/2139/1625520888_93e65a2545.jpg
51,http://farm1.static.flickr.com/41/77200003_afaf0b16da.jpg
52,http://www.19dog.com/upload/0706/12/s118163627533367700.jpg
53,http://farm3.static.flickr.com/2078/2104612219_ba382382f3.jpg
54,http://www.zigeunerhaeusl.de/Bilder/navi_29.jpg
55,http://www.oldenglishsheepdog.it/bobtail_i000051.jpg
56,http://www.dooziedog.com/dog_breeds/images/full/Old-English-Sheepdog-2.jpg
57,http://farm1.static.flickr.com/191/469217249_5f8ee99cf7.jpg
58,http://farm3.static.flickr.com/2355/2073515864_9179718377.jpg
59,http://farm1.static.flickr.com/25/100053745_731f6900af.jpg
60,http://farm3.static.flickr.com/2277/2210417754_46c3242fe9.jpg
61,http://www.animalpicturesarchive.com/animal/PIX/OldEnglishSheepdog.jpg
62,http://www.srdogs.com/Media/Bundish.jpg
63,http://static.flickr.com/122/282429610_852271a5f3.jpg
64,http://farm1.static.flickr.com/183/450623714_850ca0790e.jpg
65,http://img.dogpublic.com/breedImages/34.jpg
66,http://www.bobtail.ru/photo/jff/19b.jpg
67,http://farm3.static.flickr.com/2286/1814145565_de20bdd947.jpg
68,http://farm1.static.flickr.com/165/436546103_d52ec4f036.jpg
69,http://puppydogweb.com/breeders/pic_images/oldenglishsheepdog_armstrong1157.jpg
70,http://www.petking.co.il/petking/MediaServer/AnimalGuides/Dogs/200X150/Old_English_Sheepdog.jpg
71,http://www.awesomepawsomes.co.uk/Images/OldEnglish_barney_2.JPG
72,http://www.puppydogweb.com/caninebreeds/dogimages/oldenglish_pdw.jpg
73,http://www.doginformation.org/images/oldsheepdog.jpg
74,http://www.faircotestud.co.uk/images/dog3.jpg
75,http://www.dooziedog.com/dog_breeds/images/thumbs/tn_Old-English-Sheepdog-2.jpg
76,http://farm1.static.flickr.com/147/418270547_a53c6d8f5c.jpg
77,http://static.flickr.com/79/282354570_bc0a26d289.jpg
78,http://farm2.static.flickr.com/1229/870873039_82566606d5.jpg
79,http://www.agendacomercial.com/cachorros/cacho26.JPG
80,http://static.flickr.com/25/217317165_e81aad13e0.jpg
81,http://farm1.static.flickr.com/100/282429617_2d609cebd5.jpg
82,http://www.thailandinone.com/dotcom/pet/dog/old_english_sheepdogs/old_english_sheepdogs1.jpg
83,http://static.flickr.com/109/282355197_40ac65b0ba.jpg
84,http://www.doggyhelp.com/breedpics/Old%20English%20Sheepdog.jpg
85,http://dl.dogomania.com/pics/31/Sheepdog.jpg
86,http://users.pandora.be/hondenclub.thor/rassen/bobtail.jpg
87,http://www.dogbreedinformation.com/images/OldEnglishSheepdogsparade2.jpg
88,http://www.bobtail.ru/photo/show/uk/eas07/cc_rcc_m.jpg
89,http://www.bobtail.ru/photo/history/spain/gordon_madrid.jpg
90,http://www.golgospel.com.br/Filhotes%20de%20Qualidade/hist16_files/image002.jpg
91,http://farm1.static.flickr.com/8/7674259_17230e99a3.jpg
92,http://static.flickr.com/95/282353881_b68cc1d439.jpg
93,http://www.huetehunde.at/bobtail/BobtailPaar.jpg
94,http://www.canaryzoo.com/Dog%20Species/Polish%20Lowland%20Sheepdog.jpg
95,http://farm1.static.flickr.com/97/247053398_daeeed30f1.jpg
96,http://farm1.static.flickr.com/8/7673253_0d540e7dda.jpg
97,http://farm1.static.flickr.com/51/127702018_ee5fa10243.jpg
98,http://www.dogdomain.com/images/030B_old_english_sheepdog.jpg
99,http://farm3.static.flickr.com/2384/1808926302_79602f682a.jpg
100,http://farm1.static.flickr.com/177/386526719_9a0b69c59e.jpg
101,http://farm1.static.flickr.com/232/486463353_8e83188c04.jpg
102,http://farm1.static.flickr.com/53/119905387_0fff3a05b8.jpg
103,http://www.doghouse.co.jp/img/zukan/1/old_english_sheepdog-2.jpeg
104,http://www.i-love-dogs.com/dog-breeds/images/Old-English-Sheepdog.jpg
105,http://www.navasdelrey.org/perros/razas_de_perros/bobtail3.jpg
106,http://www.cndog.net/dog_photo_big/2005-2/20/20121143-1898.jpg
107,http://farm1.static.flickr.com/195/477796083_e937fe4e74.jpg
108,http://www.uexplore.com/breeds/OldEnglishSheepdoglr.jpg
109,http://www.pupcity.com/images/adpics/06010165241173_1.jpg
110,http://farm1.static.flickr.com/89/216541760_f02dc7adbe.jpg
111,http://static.flickr.com/1215/1461863346_ce958734e4.jpg
112,http://www.bobtail.ru/photo/show/uk/eas04/bitch/1_2junior.jpg
113,http://www.hund.ch/fotos/fbobtail69.jpg
114,http://chien.ouest-atlantis.com/images/bobtail.jpg
115,http://farm1.static.flickr.com/50/127701991_d2db0c469f.jpg
116,http://www.fotosearch.com/comp/DGV/DGV045/mature-male-vet-examining-old-english-sheepdog-in-surgery-with-man-~-200475310-001.jpg
117,http://www.hondenras.com/encyclopedie/foto/3192_Old_English_Sheepdog.jpg
118,http://www.dogbreedinformation.com/images2/OESmaxlay3.jpg
119,http://www.notown.se/dogs/tilly/show/Champion.jpg
120,http://farm1.static.flickr.com/135/358087332_dae20b58a7.jpg
121,http://www.elledesigns.com/assets/images/autogen/a_4tombrn75.jpg
122,http://www.bobtail.ru/photo/show/usa/westminster/bos04.jpg
123,http://www.wrinkydinks.com/familytreeimaging/oes.jpg
124,http://www.petplanet.co.uk/petplanet/images/yourpets/gallery/dogs/shady.jpg
125,http://www.bobtail.ru/photo/show/usa/westminster/bob04.jpg
126,http://www.cadouri.ro/pictures/3449c8c01a6caa1da6ec6783672b8e13_200.jpg
127,http://www.dooziedog.com/dog_breeds/images/full/Old-English-Sheepdog.jpg
128,http://farm1.static.flickr.com/185/434327333_d61c6bf2d7.jpg
129,http://static.flickr.com/2028/1625451096_c737758953.jpg
130,http://www.dumuchi.nl/imageunique/win11.jpg
131,http://www.shaggeybarkoes.com/andrea2.jpg
132,http://www.longviewkennelclub.org/images/2005informal/trelax_oldenglish.jpg
133,http://static.flickr.com/75/225798512_30e54cd7f3.jpg
134,http://www.oes.no/images/rasen03.jpg
135,http://farm1.static.flickr.com/94/270079175_4e6be73839.jpg
136,http://static.flickr.com/83/232199066_f59bb681e2.jpg
137,http://www.europuppyusa.com/images/dog_breed_info/old_english_sheepdog.jpg
138,http://members.tripod.com/teresa_m2/sitebuildercontent/sitebuilderpictures/.pond/needle_felted_old_english_sheepdog.jpg.w180h231.jpg
139,http://farm3.static.flickr.com/2028/1759626163_57ab567486.jpg
140,http://farm2.static.flickr.com/1154/1444640955_eda07ab9c5.jpg
141,http://sasalad.com/salad/type/oldenglishsheep01.jpg
142,http://www.animalhouseonline.it/cani/arc_foto/ico/bobtail_big.jpg
143,http://www.lechien.ch/images/races/photos/petites/p_old_english_sheepdog.jpg
144,http://farm3.static.flickr.com/2158/2076765586_2d408660ed.jpg
145,http://farm1.static.flickr.com/31/42172856_d2099d203d.jpg
146,http://farm2.static.flickr.com/1251/686652920_f73fb1dc81.jpg
147,http://farm1.static.flickr.com/24/43073295_d151b8c858.jpg
148,http://www.notown.se/puppies/maggie/nelson/Nelson.jpg
149,http://farm3.static.flickr.com/2324/1571306541_e782dff367.jpg
150,http://farm1.static.flickr.com/99/304732648_dcd5a31851.jpg
151,http://www.bbc.co.uk/cbbc/bluepeter/content/images/2005/12/01/o_oldenglishsheepdog_mt_203x152.jpg
152,http://farm3.static.flickr.com/2008/2073535878_1bc31d68a9.jpg
153,http://www.canadasguidetodogs.com/customergraphics/oes1.jpg
154,http://farm3.static.flickr.com/2112/1655219947_5b2c48d021.jpg
155,http://www.yalumba.co.uk/Images/Introduction/My%20Family/Hereward%20the%20Wake.jpg
156,http://static.flickr.com/102/274079169_16b6f6c502.jpg
157,http://racy-rascals.de/wp-content/myfotos/awurf/2405c.jpg
158,http://gallery.site.hu/d/327389-7/bobtail.jpg
159,http://farm1.static.flickr.com/24/115539082_30c452cba8.jpg
160,http://www.free-images.org.uk/dogs/old-english-sheepdog.jpg
161,http://www.fhv-online.nl/images/rassen/oldeniglishsheepr.jpg
162,http://farm1.static.flickr.com/152/409229919_53c69108fd.jpg
163,http://farm1.static.flickr.com/22/31464565_e576055121.jpg
164,http://www.bobtail.ru/photo/oes/93a.jpg
165,http://farm1.static.flickr.com/185/418506303_b985447f28.jpg
166,http://farm1.static.flickr.com/9/16231338_95b5c4bd8e.jpg
167,http://farm2.static.flickr.com/1393/1083277185_895b3462ac.jpg
168,http://farm1.static.flickr.com/1/127700701_47e116166c.jpg
169,http://farm1.static.flickr.com/105/315962551_056927ff31.jpg
170,http://www.bobtail.ru/photo/interview/bh2.jpg
171,http://farm1.static.flickr.com/152/418269408_0afb39e338.jpg
172,http://farm1.static.flickr.com/8/7592552_574f52ea0f.jpg
173,http://shimuweb.com/uploads/2005/10/30/Byron_20051030_006.JPG
174,http://www.oldenglishsheepdogs.nl/images/4096.jpg
175,http://www.lovemydogtraining.com/public/2005_10_29_Old_English_Sheepdog.jpg
176,http://farm3.static.flickr.com/2163/2219253619_4501cea4ba.jpg
177,http://farm2.static.flickr.com/1100/1236809549_cfe7973caa.jpg
178,http://farm1.static.flickr.com/23/31465188_2e3bc9e13b.jpg
179,http://farm1.static.flickr.com/114/304377516_568f4c6ad9.jpg
180,http://farm1.static.flickr.com/169/462470487_98ffb0b6c7.jpg
181,http://static.flickr.com/23/31465188_2e3bc9e13b.jpg
182,http://static.flickr.com/1058/1464680962_6321a5b613.jpg
183,http://farm3.static.flickr.com/2263/1510077625_16a96441f7.jpg
184,http://photos.oes.org/albums/userpics/12103/normal_Old%20English%20sheepdog.JPG
185,http://us.iams.com/iams/en_US/data_root/image/dog_breed/oldengsh.jpg
186,http://ebasic.easily.co.uk/049036/01705C/old-english-sheepdog.jpg
187,http://www.one2onedogs.com/assets/images/sinead-molly.jpg
188,http://www.buy-a-boat.com/Jacques_closeup_snow.jpg
189,http://farm1.static.flickr.com/132/404904757_4b6ef581a1.jpg
190,http://www.mascotamigos.com.ar/perros_imagenes/PerrBobtail.jpg
191,http://farm3.static.flickr.com/2298/1659607894_45c3c719d0.jpg
192,http://farm2.static.flickr.com/1078/1445485376_c42f17c269.jpg
193,http://www.willalexander.ca/httpdocs/images/2007stars/elvis.jpg
194,http://www.bobtail.ru/photo/show/uk/eas04/dog/3_4junior.jpg
195,http://farm1.static.flickr.com/29/60454711_dad3176f4b.jpg
196,http://www.theultimatediet.com/testimonials/testimonials-lilly.jpg
197,http://farm3.static.flickr.com/2081/2221930256_c7b939a717.jpg
198,http://www.bobtail.ru/photo/show/germany/oldenburg05/i_b.jpg
199,http://farm3.static.flickr.com/2354/1572888939_b6a6466168.jpg
200,http://farm3.static.flickr.com/2179/1931398981_4156b1eb83.jpg
201,http://farm2.static.flickr.com/1408/1461863314_77a64c3932.jpg
202,http://images.inmagine.com/img/tongro/tg171/tg171054.jpg
203,http://www.dog-breeds.name/pictures/old-english-sheepdog/old-english-sheepdog-2tn.jpg
204,http://static.flickr.com/39/84960404_1443be3472.jpg
205,http://static.flickr.com/37/115540425_8e2e752ae6.jpg
206,http://www.saveadog.org.au/images/photos/daisy.jpg
207,http://farm1.static.flickr.com/43/115540477_c62e400c15.jpg
208,http://www.notown.se/dogs/cheeky/show/CheekyAfterTheShow.jpg
209,http://www.bobtail.ru/photo/interview/16_6.jpg
210,http://farm2.static.flickr.com/1241/1384737274_a315fea8ba.jpg
211,http://farm2.static.flickr.com/1043/1366850045_09af033304.jpg
212,http://www.bobtail.ru/photo/euro/2001/eoes2001.jpg
213,http://www.animalstamps.com/oescard/oescrd19.jpg
214,http://www.pgaa.com/canine/general/images/englishsheepdogfrankie.jpg
215,http://static.flickr.com/96/251510723_54c3b1c11f.jpg
216,http://www.sacramentodtc.org/images/track10204.jpg
217,http://www.expert-dog-training.com/DogPics/OLD_ENGLISH_SHEEPDOG_PHOTO.jpg
218,http://www.zoo-logics.com/fotoshonden/oldenglischsheepdog.jpg
219,http://farm1.static.flickr.com/129/418506305_f5698c082a.jpg
220,http://www.dogtimes.com.br/imagens/OldEngSheepdogFace.gif
221,http://www.scenicpixel.com/images/full/2006/06/060106.jpg
222,http://static.flickr.com/33/39439507_3bf8b30220.jpg
223,http://farm1.static.flickr.com/156/439929785_d2f66b3f1b.jpg
224,http://gotpetsonline.com/pictures-gallery/dog-pictures-breeders-puppies-rescue/old-english-sheepdog-pictures-breeders-puppies-rescue/pictures/old-english-sheepdog-0003.jpg
225,http://www.thriftyfun.com/images/articles22/griffon_sheepdog.jpg
226,http://farm1.static.flickr.com/24/61381864_4b1dc641b2.jpg
227,http://www.dogtimes.com.br/imagens/OldEnglSheepdogFront.gif
228,http://farm1.static.flickr.com/40/80882443_c584a97787.jpg
229,http://farm1.static.flickr.com/105/306709547_6569282b05.jpg
230,http://farm1.static.flickr.com/29/60455562_daaf483522.jpg
231,http://farm1.static.flickr.com/41/84960406_22c9d96505.jpg
232,http://www.criaderouruguay.com/imagenes/azur.jpg
233,http://yeahpets.com/wp-content/uploads/2007/02/old-english-sheepdog.thumbnail.jpg
234,http://www.canaryzoo.com/Dog%20Species/old%20english%20sheepdog.jpg
235,http://farm1.static.flickr.com/235/462466472_587539c89b.jpg
236,http://aboutpedigreedogs.com/dog%20pictures/Old%20English%20sheepdog%20415007.jpg
237,http://static.flickr.com/4/4235209_8166c25231.jpg
238,http://farm3.static.flickr.com/2393/2221936564_0edcbb28b6.jpg
239,http://araraquara.eu/old-english-sheepdog-foto-2.jpg
240,http://www.puppyeducation.com/breeds/images/dogs/old_english_sheepdog.jpg
241,http://farm1.static.flickr.com/81/232199065_23c84230f7.jpg
242,http://www.dognews.com/pedigreegallery/herding/images/OLD%20ENGLISH%20SHEEPDOG.jpg
243,http://www.bigfriendlydogs.com/images/oldenglish1.jpg
244,http://farm1.static.flickr.com/225/471938757_d7fd3f1e61.jpg
245,http://static.flickr.com/82/257133608_3ac07b1aa9.jpg
246,http://www.pawsruskennel.com/img/photo-oesshelby.jpg
247,http://www.pupcity.com/images/adpics/06056235024612_1.jpg
248,http://farm1.static.flickr.com/122/282355059_4e99c18b83.jpg
249,http://farm1.static.flickr.com/39/113937029_9e0ad8fa47.jpg
250,http://farm1.static.flickr.com/33/100124036_c2eadf77a7.jpg
251,http://www.petsite.com.br/images/oldenglish/oldenglishsheepdog.jpg
252,http://img.dogpublic.com/breedImages/31.jpg
253,http://static.flickr.com/137/318301034_feb2c2eb76.jpg
254,http://www.old-english-sheepdog.de/bilder/benny_jan_06.jpg
255,http://farm2.static.flickr.com/1160/866878229_846a8383f0.jpg
256,http://www.dinosoria.com/mammifere/bobtail_03.jpg
257,http://farm1.static.flickr.com/122/285690952_be57fea582.jpg
258,http://farm1.static.flickr.com/47/118103243_9b7e53b4bd.jpg
259,http://farm3.static.flickr.com/2373/1922316740_19dec6ce17.jpg
260,http://www.bobtail.ru/photo/oes/32a.jpg
261,http://www.dogterminal.com/photos/dogs/icons/__stmebzngoavp_61073.jpg
262,http://farm1.static.flickr.com/49/127701966_c22a16dedf.jpg
263,http://farm1.static.flickr.com/74/195678202_6f339e239c.jpg
264,http://www.prawitz.de/welpen/067_old_english_sheepdog.jpg
265,http://cdn-www.dailypuppy.com/images/dailygoogle/dp2006-180/gu20060708.jpg
266,http://www.rvcentral.com/old%20english%20sheepdog.jpg
267,http://www.sweetexpressions.info/images/jasonisa1.jpg
268,http://checksyourway.com/assets/dog_checks_gallery/old_english_sheepdog_a.jpg
269,http://www.oes.org/assets/images/Old_English_Sheepdog_Champion_Denver.jpg
270,http://farm1.static.flickr.com/246/462467124_34827bf446.jpg
271,http://www.dogbreedinformation.com/images2/OESmaxlay2.jpg
272,http://static.flickr.com/89/247053394_dfd1155f59.jpg
273,http://www.puppydogbreedinfo.com/old_english_sheepdog_03a.jpg
274,http://farm2.static.flickr.com/1435/1040717020_eccbf3b772.jpg
275,http://farm1.static.flickr.com/26/49057912_8a80fa6833.jpg
276,http://www.hunde-foto.com/assets/images/autogen/a_BB07_3557_Bobtail.jpg
277,http://static.flickr.com/184/471968683_63bc99b435.jpg
278,http://static.flickr.com/1240/1405180822_9243b1c378.jpg
279,http://www.hondenras.com/encyclopedie/foto/1874_Old_English_Sheepdog.jpg
280,http://farm1.static.flickr.com/69/195671011_b3423dc056.jpg
281,http://static.flickr.com/1288/1262521742_34866f4c10.jpg
282,http://farm3.static.flickr.com/2193/2144876488_eef78f6e94.jpg
283,http://farm1.static.flickr.com/29/40520593_2a687bd18b.jpg
284,http://www.notown.se/dogs/ronja/photo/PhotoForest.jpg
285,http://farm1.static.flickr.com/179/462470371_8b63a71193.jpg
286,http://www.justusdogs.com.au/upload/link_img/thumb_040820061358301.jpg
287,http://bp1.blogger.com/_u4_v-TYwTZ0/RssG-GB45ZI/AAAAAAAAAYc/B27mdBBzyEE/s400/IMG_3625-2-2.jpg
288,http://farm1.static.flickr.com/227/469217255_29de152193.jpg
289,http://www.westminsterkennelclub.org/breedinformation/herding/images/olengshe.jpg
290,http://www.projetoproanimal.com.br/fotos/0bobtail.jpg
291,http://farm1.static.flickr.com/22/35141211_174d22d096.jpg
292,http://www.dumuchi.nl/imageunique/kcm20.jpg
293,http://farm3.static.flickr.com/2241/2144876342_5b91aa155f.jpg
294,http://farm3.static.flickr.com/2116/2072724203_520cdb3d16.jpg
295,http://www.yourpurebredpuppy.com/dogbreeds/photos/oldenglishsheepdogs.jpg
296,http://images.jupiterimages.com/common/detail/45/74/23467445.jpg
297,http://www.bobtail.it/images/Ev/Osnago/bobtail_migliore%20femmina%20e%20BOB.jpg
298,http://www.petbrazil.com.br/bicho/caes/370b.jpg
299,http://static.flickr.com/12/96486085_33b77ce951.jpg
300,http://farm1.static.flickr.com/104/304377522_1c304f8a60.jpg
301,http://static.flickr.com/97/282354319_75b0dfc580.jpg
302,http://images.jupiterimages.com/common/detail/11/76/23467611.jpg
303,http://farm1.static.flickr.com/56/115540700_92b1d1f9e4.jpg
304,http://www.bobtail.ru/photo/show/s/winner06/bob.jpg
305,http://kdbtino.de/images/body/bobo600.jpg
306,http://farm1.static.flickr.com/49/127701941_27b9ea1952.jpg
307,http://farm1.static.flickr.com/51/127702091_04e7547719.jpg
308,http://www.pawsruskennel.com/img/photo-shag.jpg
309,http://www.wagandfetch.com/images/breeds/breed_old_english_sheepdog.jpg
310,http://www.thesheepiestore.com/AboutU169.jpg
311,http://farm1.static.flickr.com/178/418269470_09f2a7310e.jpg
312,http://farm1.static.flickr.com/48/149142344_7bf01e48d4.jpg
313,http://farm1.static.flickr.com/68/185257780_6f442cc33c.jpg
314,http://farm1.static.flickr.com/107/304315049_4737f70d41.jpg
315,http://farm3.static.flickr.com/2055/1564717320_0832a180ae.jpg
316,http://www.vivapets.com/img/race/1/beardedcollie.jpg
317,http://farm1.static.flickr.com/129/352410777_c29c534664.jpg
318,http://www.notown.se/dogs/cheeky/show/CheekyRonneby.jpg
319,http://farm3.static.flickr.com/2208/2176719679_7b7c3c82b0.jpg
320,http://photocache.petfinder.com/fotos/MN177/MN177.7087838-2-x.jpg
321,http://oesrescue.com/images_oes/05/dexter.jpg
322,http://farm1.static.flickr.com/57/195656692_d7e327ca72.jpg
323,http://farm3.static.flickr.com/2061/1605642941_48a9cadfe0.jpg
324,http://www.mascotanet.com/perros/razas/raza_qna/viejo_past_ingl/010504_rq_pastor_ing_2.jpg
325,http://farm1.static.flickr.com/189/549985268_2988fbe28e.jpg
326,http://www.oesrescuenetwork.org/SuccessMatilda.jpg
327,http://www.gardening-uk.com/dogs/breeds/images/old_english_sheepdog.jpg
328,http://farm1.static.flickr.com/112/251510264_9401e133f9.jpg
329,http://farm1.static.flickr.com/101/288548673_faa762f3e2.jpg
330,http://www.bestfriendskennelranch.net/ditto0007.jpg
331,http://farm2.static.flickr.com/1008/866877829_b8b4461dfd.jpg
332,http://www.breedsofdog.org/wp-content/uploads/2007/07/old-english-sheepdog.jpg
333,http://lh3.google.com/_dvzy1P9Vl2Q/R0oSlO9DA3I/AAAAAAAAAFg/HV0vq0jR1S4/s800/IMG_6177.JPG
334,http://static.flickr.com/63/186545594_18b9fe42f1.jpg
335,http://farm1.static.flickr.com/154/382516706_816253eb11.jpg
336,http://static.flickr.com/1330/1420418425_f237830d70.jpg
337,http://farm2.static.flickr.com/1081/1298664602_837cc5f5b8.jpg
338,http://www.vipaws.com/Graphics/old_english_sheepdog_wesley_feb05.jpg
339,http://www.pawsupnorth.com/images/Pictures/Callie's%20Pups%201-14/Puppy%20Eleven/22.jpg
340,http://www.tjorvar.is/assets/images/Old_english_sheepdog_pup1.jpg
341,http://farm1.static.flickr.com/166/432704474_f1ab5e65ab.jpg
342,http://britandgrit.files.wordpress.com/2006/11/dog-1.JPG
343,http://www.puppyfind.com/breed/old_english_sheepdog/m_415007.jpg
344,http://www.bobtail.ru/photo/show/uk/crufts06/cc_d.jpg
345,http://farm1.static.flickr.com/163/347370168_cb2f01e1af.jpg
346,http://www.dogbreedinfo.com/images12/Old%20English%20SheepdogPupgracie%20001.JPG
347,http://ui08.gamespot.com/327/img0094_4.jpg
348,http://farm2.static.flickr.com/1386/1254690542_f0f52955ee.jpg
349,http://www.cfbrh-lgwf.de/rassen/images/bobtail.jpg
350,http://www.sgvk.org/Utstallning/Resultat/2004/Bilder/Rimbo/bisrimbo-2004.jpg
351,http://farm3.static.flickr.com/2099/2152651011_ea05b7af94.jpg
352,http://static.flickr.com/42/84960405_46e4a2c03d.jpg
353,http://farm3.static.flickr.com/2271/2072743899_1ba90bbd60.jpg
354,http://farm1.static.flickr.com/199/518181073_6525d87f0b.jpg
355,http://www.notown.se/dogs/fanny/show/FannyPose.jpg
356,http://farm2.static.flickr.com/1345/1265781720_3f5c6a3955.jpg
357,http://farm1.static.flickr.com/36/113751679_d43179dc84.jpg
358,http://farm1.static.flickr.com/198/440384076_fb7ae20165.jpg
359,http://www.c-dtags.com/flags/allflagsdir/newbobflags/smallnewflagsimg/Old-English-Sheepdog.gif
360,http://farm1.static.flickr.com/26/43316788_bf2267c90f.jpg
361,http://www.dog-breeds.name/pictures/old-english-sheepdog/old-english-sheepdog-1tn.jpg
362,http://static.flickr.com/49/282798694_5ace1347d8.jpg
363,http://www.paws4pets.net/images/chloe.jpg
364,http://farm3.static.flickr.com/2040/1506488029_9909d9bdb0.jpg
365,http://www.notown.se/dogs/kim/photo/PhotoKimTable.jpg
366,http://farm1.static.flickr.com/199/465683179_6711794c4e.jpg
367,http://farm1.static.flickr.com/183/438971868_003e809bf2.jpg
368,http://static.flickr.com/195/535885431_4a0e218e96.jpg
369,http://puppylocator.com/uploads/images/1156610989Old-English-Sheepdog.jpg
370,http://www.allcompany.com.br/selectdog/imagens/oldenglishsheepdog.JPG
371,http://www.pupsforsale.net/old_english_sheepdog_01_puppies_for_sale.jpg
372,http://www.caric.com.tw/images/pic/dog/LdogNo41s.jpg
373,http://www.oldenglishsheepdogclubofamerica.org/newfrontpage/dog_pup.gif
374,http://farm1.static.flickr.com/181/465321255_4d31ebe866.jpg
375,http://farm1.static.flickr.com/14/16231336_c270707eba.jpg
376,http://amberlowe.com/images/cubeimages/jennycube.jpg
377,http://www.collie-online.com/colley/photos/old_english_sheepdog.jpg
378,http://www.notown.se/who/carina/Family.jpg
379,http://static.flickr.com/33/96485328_b6df3ea96a.jpg
380,http://www.theoldeteddybearshoppe.com/Images/gund/OldEnglishSheepDog-L.jpg
381,http://www.europuppy.com/dog_images/specials/old_english_sheepdog_for_sale.jpg
382,http://static.flickr.com/1389/1237669118_75522087f9.jpg
383,http://farm1.static.flickr.com/225/518187695_c88eba3bb1.jpg
384,http://farm2.static.flickr.com/1005/1465328442_f61e1efd70.jpg
385,http://farm1.static.flickr.com/102/308906369_923a5fc266.jpg
386,http://farm3.static.flickr.com/2345/2223941693_ace751a226.jpg
387,http://farm1.static.flickr.com/201/447554727_b18f077127.jpg
388,http://www.notown.se/dogs/ronja/photo/PhotoMeadow.jpg
389,http://www.dog-breeds-infosite.com/images/oldenglishsheepdog.jpg
390,http://stripduke.web-log.nl/photos/uncategorized/bobtailbob.jpg
391,http://www.mka.org.my/Breeds_Dogs/Working%20Dogs/Old%20English%20Sheepdog.jpg
392,http://farm2.static.flickr.com/1280/1327164449_565abffa8f.jpg
393,http://www.veternet.cl/nuke/images/upload/Bobtail.jpg
394,http://www.bobtail-infos.de/bobtail3.jpg
395,http://static.flickr.com/106/304315053_eeedb594bd.jpg
396,http://images.theglobeandmail.com/archives/RTGAM/images/20071203/wlsanta03/Santa364.jpg
397,http://farm1.static.flickr.com/51/126872524_e72c14970a.jpg
398,http://www.pgaa.com/canine/general/images/englishsheepdogblue.jpg
399,http://www.waterproofs-maine-coon.ch/ueber_uns/bobby_.jpg
400,http://dl.dogomania.com/pics/11/Aurore1.jpg
401,http://www.readingeagle.com/blog/paws/archives/WESTMINSTER%20DOG%20SHOW.jpg
402,http://farm1.static.flickr.com/29/89379333_648ebb8141.jpg
403,http://farm1.static.flickr.com/212/478169436_f0545012be.jpg
404,http://lamb.supersized.org/uploads/P2030001.jpg
405,http://www.notown.se/dogs/candy/photo/CandyFanny.jpg
406,http://www.bobtail.ru/photo/history/spain/thalek2.jpg
407,http://farm1.static.flickr.com/6/11028497_dde80d6424.jpg
408,http://animalpicturesarchive.com/ArchOLD-1/1099400311.jpg
409,http://farm2.static.flickr.com/1235/1461863352_204c6ba607.jpg
410,http://www.gotpetsonline.com/pictures-gallery/dog-pictures-breeders-puppies-rescue/old-english-sheepdog-pictures-breeders-puppies-rescue/pictures-photos/old-english-sheepdog-0029.jpg
411,http://www.perrosdelaargentina.com.ar/imag2/vpastoringles08-7694.JPG
412,http://farm1.static.flickr.com/73/186545810_6420e1aa1f.jpg
413,http://www.breedexplorer.com/files/breeds/O/106_lg.jpg
414,http://farm1.static.flickr.com/148/361120086_14f835db06.jpg
415,http://farm1.static.flickr.com/39/74497626_ea611da500.jpg
416,http://static.flickr.com/2211/2072743861_fe2b549757.jpg
417,http://farm1.static.flickr.com/54/115535617_37b15c3541.jpg
418,http://static.flickr.com/1049/941520798_3ba7232c56.jpg
419,http://www.dogpicture.mypetdogs.com/images/old_english_sheepdog/Cody_Sue_Higbie_USA2.JPG
420,http://img.dogpublic.com/breedImages/36.jpg
421,http://www.preciouspetpaintings.com/images/Old%20English%20LUCY%2072%20dpi.JPG
422,http://www.hunde.de/images/rassen/0207191337/bobtail_1jack.jpg
423,http://www.canis.no/oppdretter/rasebilder/rase_26_3.jpg
424,http://www.chez.com/icebobtail/ice_assis_de_face.jpg
425,http://www.pekarova.cz/Gen%20+%20bria.jpg
426,http://www.automatedredemption.com/flavorcountry/dogblog/dog14.jpg
427,http://farm1.static.flickr.com/60/227632827_85697b5356.jpg
428,http://farm3.static.flickr.com/2273/2221130633_47ec382aed.jpg
429,http://farm1.static.flickr.com/159/430409890_19a2fdf7f0.jpg
430,http://farm1.static.flickr.com/9/16227793_a8cba9151b.jpg
431,http://www.petsplace.co.za/Old%20English%20Sheepdog.jpg
432,http://farm1.static.flickr.com/56/109280388_58ccd5d221.jpg
433,http://farm1.static.flickr.com/187/393313208_90562e4d9b.jpg
434,http://farm1.static.flickr.com/42/113751676_b99028bf02.jpg
435,http://blog.oregonlive.com/pets/2007/12/medium_Door%20Dashing%20010.jpg
436,http://static.flickr.com/119/282354215_180e75efee.jpg
437,http://farm1.static.flickr.com/173/411878104_d6f338f732.jpg
438,http://www.notown.se/dogs/lucy/photo/Crazy.jpg
439,http://houseofrex.com/images/oes100.jpg
440,http://puppydogweb.com/breeders/pic_images/oldenglishsheepdog_bturvold.jpg
441,http://www.warrentonkc.org/p7hg_img_1/fullsize/wkc20060930_herding1_fs.jpg
442,http://www.old-english-sheepdogs.com/pictures-images-photos/old-english-sheepdogs-02.jpg
443,http://www.dogbreedinfo.com/images/OldEnglishSheepdogmars1.jpg
444,http://farm1.static.flickr.com/67/172743477_6ec4255a89.jpg
445,http://www.oesrescuenetwork.org/SuccessBellaMaria.jpg
446,http://www.notown.se/dogs/cheeky/show/CheekyRimboChampion.jpg
447,http://www.highfieldsfarm.talktalk.net/Jennifer%20and%20Sammie.jpg
448,http://www.crwflags.com/art/ban/ban2/bb80110.jpg
449,http://farm1.static.flickr.com/152/390691762_53c2536bca.jpg
450,http://www.oldenglishsheepdogs.nl/images/kcm0530.jpg
451,http://www.dog-breeds-infosite.com/images/oldenglishsheepdog1.jpg
452,http://farm1.static.flickr.com/115/306709558_ebea973832.jpg
453,http://static.flickr.com/203/518181129_eda38b28c8.jpg
454,http://farm1.static.flickr.com/24/49057835_953213d144.jpg
455,http://www.dog-breeds.name/pictures/old-english-sheepdog/old-english-sheepdog-6tn.jpg
456,http://www.pedigree.co.nz/breeds/images/old_english_sheepdog_02.jpg
457,http://www.hund.ch/fotos/fbobtail81.jpg
458,http://farm1.static.flickr.com/42/74497963_ee87f44936.jpg
459,http://farm1.static.flickr.com/141/351243146_4ca928a519.jpg
460,http://farm3.static.flickr.com/2074/2074937984_4670dc4ce3.jpg
461,http://www.petfriends.com.br/enciclopedia/images/Caes/sheepdog_2.jpg
462,http://farm2.static.flickr.com/1148/1445496078_a632a57bfe.jpg
463,http://farm3.static.flickr.com/2316/1625422198_fdf54819d3.jpg
464,http://www.cainiderasa.ro/poze/36.jpg
465,http://www.aktivhund.se/Images/Raser/24-25.jpg
466,http://www.pedigreedogs.co.uk/images_breeds/old_english_sheepdog_small.jpg
467,http://www.town-mall.net/pets/dogs/images/dog_sheepdog.jpg
468,http://www.aggelsenkirchen.de/BOBTAIL/bobtail.jpg
469,http://www.cadf.ca/dimages/7-Old-English-Sheepdog.jpg
470,http://www.notown.se/dogs/maggie/show/ShowMaggieDkBis.jpg
471,http://farm1.static.flickr.com/23/39439505_54e745942d.jpg
472,http://thumb2.webshots.net/s/thumb4/7/99/58/105979958IrEien_th.jpg
473,http://farm1.static.flickr.com/181/417532357_b88a1ef134.jpg
474,http://farm1.static.flickr.com/36/115540575_ef969501ba.jpg
475,http://www.geocities.com/Athens/Rhodes/4989/endy9.jpg
476,http://farm3.static.flickr.com/2404/1855694556_d6f8f4621e.jpg
477,http://www.infor.nl/honden/images/old.jpg
478,http://farm1.static.flickr.com/39/137089037_20923ac9ff.jpg
479,http://hundeschnickschnack.de/shop/grafik/llwatchingmamaklein.jpg
480,http://farm2.static.flickr.com/1436/867724206_c9927c2b29.jpg
481,http://farm1.static.flickr.com/36/107372220_c1da0b5138.jpg
482,http://farm1.static.flickr.com/95/241079915_808df46284.jpg
483,http://static.flickr.com/108/315962420_bb7cd285cf.jpg
484,http://farm1.static.flickr.com/219/462979032_7c9cf0d6f1.jpg
485,http://farm1.static.flickr.com/193/465682631_90a55a62e8.jpg
486,http://farm1.static.flickr.com/167/392395586_44ba591705.jpg
487,http://farm1.static.flickr.com/236/527983341_92adbdea5a.jpg
488,http://www.sterlingtimes.org/dulux_dog.jpg
489,http://farm1.static.flickr.com/212/453308492_382298e4b7.jpg
490,http://farm1.static.flickr.com/145/335480572_8980c8570d.jpg
491,http://www.haidagwaii.net/joy/Images06/Photo21/Old_English_Sheepdog.JPG
492,http://www.elledesigns.com/assets/images/autogen/a_wilsonflrs4000203.jpg
493,http://petyourdog.com/images/dog%20breeds/old_english_sheepdog_puppy.jpg
494,http://farm3.static.flickr.com/2126/2139686638_6ab0864192.jpg
495,http://www.dog-trainer-resource.com/image/Old%20English%20Sheepdog%20next%20to%20door.jpg
496,http://www.bobtail.ru/photo/show/germany/wirges05/puppy_m.jpg
497,http://www.gsmeets.be/Hondenrassen/Grote_hondenrassen/Afbeeldingen/bobtail.jpg
498,http://www.made-in-paradise.de/images/s2dlogo.jpg
499,http://www.ourbobtails.de/Bilder/Naddel/Dalin_Naddel(2).jpg
500,http://farm1.static.flickr.com/146/436524858_75dbe8b45d.jpg
501,http://static.flickr.com/51/226190705_bb0df7a8a1.jpg
502,http://farm1.static.flickr.com/85/282354935_4a4e86b6df.jpg
503,http://farm1.static.flickr.com/168/386824013_c4d7c226f3.jpg
504,http://www.k9breedlist.com/images/Linda_Wendel_Old_English_Sheepdog.jpg
505,http://farm1.static.flickr.com/39/99964193_4b24291183.jpg
506,http://www.hbfuller.com/About_Us/Community/news/Do%20what%20you%20like_%20Volunteer%20for%20what%20you-6.gif
507,http://www.doggonegold.com/images/21889352.jpg
508,http://www.bobtail.ru/photo/articles/ben1.jpg
509,http://farm2.static.flickr.com/1292/613713381_fa4b4283e3.jpg
510,http://farm1.static.flickr.com/211/523780100_136c5567d7.jpg
511,http://photos.oes.org/albums/userpics/10002/sheepdog1113web.jpg
512,http://farm3.static.flickr.com/2051/2225711536_1d20db1269.jpg
513,http://www.junglewalk.com/animal-pictures/638/Old-English-sheepdog-6909.jpg
514,http://www.gotdogsonline.com/old-english-sheepdog-pictures-breeders-puppies-rescue/pictures/old-english-sheepdog-0006.jpg
515,http://farm2.static.flickr.com/1320/1312649404_b88ce1a1f2.jpg
516,http://farm1.static.flickr.com/75/196163717_c97eab6e1c.jpg
517,http://farm1.static.flickr.com/81/234364025_06c26ad1f5.jpg
518,http://static.flickr.com/1178/557793718_4864377f0a.jpg
519,http://farm1.static.flickr.com/212/507152417_4452bd725a.jpg
520,http://www.revistacanina.com/images/raza/oldsheedog-ficha.jpg
521,http://www.notown.se/dogs/maggie/show/ShowMaggieTraining.jpg
522,http://www.dogpicture.mypetdogs.com/images/old_english_sheepdog/Cody_Sue_Higbie_USA.JPG
523,http://www.bigpawsonly.com/dog-images/old-english-sheep-dog-picture.jpg
524,http://farm3.static.flickr.com/2294/2203141622_514ed87d18.jpg
525,http://www.theobedientk9.com/images/Einstein.jpg
526,http://www.nzkc.org.nz/nds2007/images/5148.jpg
527,http://www.pats-pets.de/rassen/bobtail-old-english-sheepdog/Olenshe4.jpg
528,http://www.notown.se/dogs/dickson/show/Veteran.jpg
529,http://www.pedigree.com.sg/breeds/images/old_english_sheepdog_02.jpg
530,http://english.petst.jp/library/eve/image/eve19.jpg
531,http://sasalad.com/salad/type/oldenglishsheep02.jpg
532,http://www.shaggybeauty.hu/20070624_%20141_2.jpg
533,http://static.flickr.com/102/315962569_2765dff631.jpg
534,http://farm1.static.flickr.com/193/452730491_5c5a1f3bbe.jpg
535,http://www.showdog.com/Pictures/Dog/Old_English_Sheepdog.jpg
536,http://farm1.static.flickr.com/41/83901796_65de417c95.jpg
537,http://www.oesrescue.com/images_oes/dog4.jpg
538,http://www.dinosoria.com/mammifere/bobtail_02.jpg
539,http://static.flickr.com/161/379664493_de89578fc7.jpg
540,http://www.hundekosmos.de/images/weg01555b_480.jpg
541,http://static.flickr.com/46/157392490_cd865ce8b3.jpg
542,http://farm1.static.flickr.com/131/320055318_d69824b75b.jpg
543,http://www.rdnet.nl/povo/my%20pet/websites_povo/hondenschool%202/www.hos.honden.nl/hosgfx/bobtailenpups1.jpg
544,http://www.bhood.com/images/blog/randysm.JPG
545,http://www.meisan.co.uk/assets/images/meisan_dogs.jpg
546,http://www.heartofamericakc.org/BISOldEnglish2006.jpg
547,http://data.photos-animaux.com/photos/259/2590/258907.jpg
548,http://farm3.static.flickr.com/2351/2072724117_7ec2a696f3.jpg
549,http://www.my-bobtail-sally.dk/images/amy%20hjem%2023%20a.jpg
550,http://www.bridgeby.com.au/images/BarriePru.jpg
551,http://happyfacegrooming.com.istemp.com/images/falah_(old_english_sheep_dog_mix)_250x232.jpg
552,http://www.dogsindepth.com/herding_dog_breeds/images/old_english_sheepdog_v05.jpg
553,http://farm1.static.flickr.com/207/462472189_8d5fab7aa6.jpg
554,http://farm3.static.flickr.com/2165/2138911275_5587bc62b3.jpg
555,http://www.ottawahumane.ca/volunteernews/june2007/photos/shaggy.jpg
556,http://farm1.static.flickr.com/104/282354435_b6fd4a16bd.jpg
557,http://www.bobtail.ru/photo/interview/sw4.jpg
558,http://www.oes.org/assets/images/phoebe2-thumb.jpg
559,http://cache.eb.com/tbol-binaries/s_idogs00064p4.jpg
560,http://www.bobtail.ru/photo/show/can/club05/23.jpg
561,http://farm1.static.flickr.com/197/440382021_c9d13c12ca.jpg
562,http://www.sidyboysfoolin.com/CHLarelizsTheOutlaw.jpg
563,http://static.flickr.com/58/216541706_ee03f0c136.jpg
564,http://static.flickr.com/1274/1312648728_403a9907ea.jpg
565,http://www.notown.se/dogs/cheeky/show/CheekyBestBitch.jpg
566,http://www.stloes.org/files/IMG_0.jpg
567,http://farm1.static.flickr.com/158/438971858_d074abfb00.jpg
568,http://www.dogchannel.com/images/articles/breed_profile_images/old_english_sheepdog_new.jpg
569,http://news.bbc.co.uk/olmedia/1865000/images/_1865751_oldenglish300.jpg
570,http://farm1.static.flickr.com/36/74497290_f37ce57002.jpg
571,http://www.doggy.net/images-rassen(J)/old_english_sheepdog3.jpg
572,http://adominos.com/Quickstart/ImageLib/Bailey.jpg
573,http://www1.istockphoto.com/file_thumbview_approve/127068/2/istockphoto_127068_old_english_sheepdog_under_ladder.jpg
574,http://www.notown.se/dogs/candy/photo/CandySit.jpg
575,http://farm1.static.flickr.com/131/409229917_48f3b56ed5.jpg
576,http://www.ohtoby.com/images/Old%20english%20sheepdog.jpg
577,http://farm1.static.flickr.com/50/127702051_1cb6187531.jpg
578,http://www.k9breedlist.com/images/Nancy_Hotz_Old_English_Sheepdog.jpg
579,http://farm1.static.flickr.com/33/43073110_585c8b7273.jpg
580,http://static.flickr.com/1180/870873073_68d102947a.jpg
581,http://www.robertlee.biz/Blogstuff/Images/sheepdog.jpg
582,http://www.notown.se/dogs/cheeky/show/Osterbybruk.jpg
583,http://www.jklgrooming.com/Images06/Photo1/grooming_Old_English_Sheepdog_small.gif
584,http://old-english-sheepdogs.com/pictures-images-photos/old-english-sheepdogs-04.jpg
585,http://farm2.static.flickr.com/1102/1421313722_6587ebb61a.jpg
586,http://www.geocities.com/Athens/Rhodes/4989/endy8.jpg
587,http://web.tiscali.it/beffros-wolit/cani/bobtail.jpg
588,http://feldnet.org/wildwing/Files/Old-English-Sheepdog-3.jpg
589,http://www.dogreview.it/foto/razze/bobtail_razza.jpg
590,http://www.puppydogweb.com/gallery/oldenglishsheepdogs/oldenglishsheepdog_driscoll.jpg
591,http://www.puppyfind.com/breed/old_english_sheepdog/l_415007.jpg
592,http://www.whinny4me.com/momdadbruiserollie2.jpg
593,http://www.dumuchi.nl/imageunique/muchoshow.jpg
594,http://static.flickr.com/108/304377518_4f1e2bef56.jpg
595,http://static.flickr.com/140/327431755_f1a937a0d4.jpg
596,http://www.yadoo.net/upimg/litimg/20060605/yggdmy22-1.jpg
597,http://www.animal-world.com/newsfeed/images/DogJoke/dog9.jpg
598,http://castle-county.nit.at/Images1/jessy11.jpg
599,http://www.dog-breeds-and-dog-gifts.com/images/old%20english%20sheepdog.jpg
600,http://farm1.static.flickr.com/33/96485328_b6df3ea96a.jpg
601,http://www.notown.se/dogs/cheeky/photo/CheekyPuppies.jpg
602,http://static.flickr.com/93/236287423_4a1e7e2302.jpg
603,http://farm1.static.flickr.com/53/142133202_53cb0b8b0e.jpg
604,http://www.cincinnati.com/tornado/dogwaiting_600x368.jpg
605,http://www.mandarava.com/a1grph/Dgph/D_icons/DGSUM4580_small.jpg
606,http://farm1.static.flickr.com/98/248618693_c91fff2861.jpg
607,http://static.flickr.com/1071/1424786281_eb2a5d9c00.jpg
608,http://farm1.static.flickr.com/206/502622992_84018e5a78.jpg
609,http://www.sempativet.net/irklarresim/Old_English_Sheepdog_f.jpg
610,http://farm1.static.flickr.com/167/462470133_7c7ff34c0e.jpg
611,http://farm1.static.flickr.com/7/7673251_eb535d03aa.jpg
612,http://www.jklgrooming.com/Images06/Photo3/grooming_Old_English_Sheepdog.jpg
613,http://farm1.static.flickr.com/203/462471269_4feb691376.jpg
614,http://ecx.images-amazon.com/images/I/51N3A77EKVL._SS90_.jpg
615,http://farm3.static.flickr.com/2267/2057377351_0ef2ba73c7.jpg
616,http://farm1.static.flickr.com/41/111721352_da1210f1ca.jpg
617,http://farm3.static.flickr.com/2151/1621308357_cc343ad0aa.jpg
618,http://farm3.static.flickr.com/2125/2221097431_e5238fee73.jpg
619,http://www.pet-portraits-dogs.com/images/old_english_sheepdog_pet_portraits.jpg
620,http://www.quintadabroeira.com/site/icon_oes.jpg
621,http://news.bbc.co.uk/olmedia/1860000/images/_1863079_oldenglish_sheep_pa.jpg
622,http://www.notown.se/puppies/ebba/ben/hlitter/EbbaBenPuppies.jpg
623,http://www.dogbreedinfo.com/calendars/Old_English_Sheepdog.jpg
624,http://www.oesrescuenetwork.org/SuccessStoriesTrip.jpg
625,http://www.notown.se/puppies/lucy/shroppy/litter/ShroppyLucyPuppies.jpg
626,http://photos.oes.org/albums/userpics/10987/normal_shaggy%20maggie.jpg
627,http://farm1.static.flickr.com/217/462981913_5385d830f3.jpg
628,http://www.puzzletfactory.com/Puzzles/s0803bobt27100.jpg
629,http://www.anti-dockingalliance.co.uk/breeds/001_OldEnglishGardinerFernie0.jpg
630,http://www.dogbreedinfo.com/images2/OESabbysit2.jpg
631,http://static.flickr.com/1030/941520776_688500b6c4.jpg
632,http://farm3.static.flickr.com/2052/2073543258_dbab61250c.jpg
633,http://farm1.static.flickr.com/252/518181051_f5beb41761.jpg
634,http://img.webring.com/r/s/sheepdogs/logo
635,http://farm1.static.flickr.com/140/329227465_797ae19060.jpg
636,http://www.thebristlesdoggrooming.com/poppy.JPG
637,http://farm1.static.flickr.com/99/286314867_238ccd122a.jpg
638,http://farm3.static.flickr.com/2258/2203173512_f4637d5253.jpg
639,http://www.educa.aragob.es/catedu/recursos/adaptaweb/Animaland/Animales/bobtail.jpg
640,http://farm3.static.flickr.com/2131/2244554740_2f0cdb61f7.jpg
641,http://farm1.static.flickr.com/9/16231335_054ecdfb20.jpg
642,http://www.dooziedog.com/dog_breeds/images/full/Old-English-Sheepdog-3.jpg
643,http://www.azherding.com/Images/mariah.jpg
644,http://farm3.static.flickr.com/2104/2073525618_fa7f0984f8.jpg
645,http://www.bobtail.ru/photo/history/spain/thalek5.jpg
646,http://farm2.static.flickr.com/1180/870873073_68d102947a.jpg
647,http://www.notown.se/puppies/ofelia/OfeliaAlandBig1.jpg
648,http://www.gotdogsonline.com/old-english-sheepdog-pictures-breeders-puppies-rescue/pictures/old-english-sheepdog-0004.jpg
649,http://www.mybuddydog.com/sheep.jpg
650,http://www.bobtail.ru/photo/jff/34a.jpg
651,http://farm3.static.flickr.com/2243/2231684922_2e54b19d3a.jpg
652,http://www.oldenglishsheepdog.it/bobtail_i00006a.jpg
653,http://www.bobtails.be/bobtail.jpg
654,http://www.aikendog.com/profile/oldenglishsheepdog/001.jpg
655,http://www.oesrescuenetwork.org/SuccessPogo.jpg
656,http://farm1.static.flickr.com/121/304732646_83b30c2492.jpg
657,http://www.dog-breeds.name/pictures/old-english-sheepdog/old-english-sheepdog-1.jpg
658,http://www.dumuchi.nl/imageunique/win20.jpg
659,http://www.askthemeatman.com/images/dogwithbone1.JPG
660,http://farm1.static.flickr.com/101/316013790_ab3a204310.jpg
661,http://www.acacanines.com/breeds/dogimages/Old%20En1.jpg
662,http://farm1.static.flickr.com/53/127701968_f4de963695.jpg
663,http://www.bobtail.ru/photo/reklama/puppy/fb3.jpg
664,http://www.petfinder.org/fotos/MS57/MS57.3361681-2-pn.jpg
665,http://farm1.static.flickr.com/193/462982749_c476f1be4d.jpg
666,http://www.clicksitebuilder.com/home2/de/dare2brare.net/images/s/star7weeksold07.02.05.jpg
667,http://www.petportraits.org/old_english_sheepdogs/old_english_sheepdog_ofb_sitting_400h.jpg
668,http://www.kennels.co.uk/images/P.OldEnglishSheepdog.jpg
669,http://farm2.static.flickr.com/1029/1019795167_39a241f973.jpg
670,http://www.hondenras.com/encyclopedie/foto/1439_Old_English_Sheepdog.jpg
671,http://www.oes.no/images/rasen04.jpg
672,http://static.flickr.com/19/96485703_e9d73514ce.jpg
673,http://farm2.static.flickr.com/1164/1048912952_8b268b7bf1.jpg
674,http://www1.istockphoto.com/file_thumbview_approve/2714209/2/istockphoto_2714209_bearded_collie.jpg
675,http://www.neoesr.org/puppy%20(15%20weeks%20old%20OES).jpg
676,http://www.dogbreedinformation.com/images2/OESmaxstand1.jpg
677,http://bestoldenglishsheepdogs.com/images/lilly/100_6641-copy.jpg
678,http://farm3.static.flickr.com/2167/1645206360_b1b26e0804.jpg
679,http://farm1.static.flickr.com/120/287411604_9665c7455a.jpg
680,http://farm1.static.flickr.com/156/358087334_8abde8eb64.jpg
681,http://www.kristull.com/stamps/oescard/oescrd4.jpg
682,http://static.flickr.com/1208/1014081705_6a741dac43.jpg
683,http://lh3.google.com/_dvzy1P9Vl2Q/R0oSg-9DAwI/AAAAAAAAAEk/WULwYFJOyVY/s800/IMG_6127.JPG
684,http://www.avonsidepublishing.co.uk/pictures/22306-5_f450.jpg
685,http://www.traffordphotos.com/assets/images/Old_Enghlish_Sheepdog.jpg
686,http://cache.viewimages.com/xc/3245105.jpg?v=1&c;=ViewImages&k;=2&d;=DCB332A6E7C66BD3F2CCB79CE27D30C2A55A1E4F32AD3138
687,http://static.flickr.com/1166/1274772393_bf6f79c485.jpg
688,http://www.notown.se/dogs/ronja/show/ShowRonjaMotion.jpg
689,http://www.canadasguidetodogs.com/images/herding/1562395750.jpg
690,http://www.vipaws.com/Graphics/old_english_sheepdog_wesley_oct04.jpg
691,http://www.voote.com/images/00040/Reg.4021.14.jpg
692,http://www.oldenglishsheepdogs.nl/images/bobwijchen.jpg
693,http://farm1.static.flickr.com/83/220377857_d16648bf93.jpg
694,http://farm1.static.flickr.com/9/74497801_26ac7a6383.jpg
695,http://farm1.static.flickr.com/52/132881031_b7c2a07f40.jpg
696,http://www.dogzonline.com.au/images/profiles/54/11260_461.jpg
697,http://farm1.static.flickr.com/193/462465390_2bf4252004.jpg
698,http://www.welpen.de/zuechter/wihan/intro_rechts.jpg
699,http://www.bobtail.ru/photo/show/eos07/bis.jpg
700,http://dog.bg/thumbbig.php?/public/photogalery/file17915.jpg
701,http://img04.taobao.com/bao/uploaded/i4/20070808/ab1/T1yrBaXc1aTtz1upjX.jpg_sum.jpg
702,http://www.puppytodog.com/images/dog_category/working/old_english_sheepdog_workin.jpg
703,http://www.oldenglishsheepdog.it/bobtail_i0000c0.jpg
704,http://farm2.static.flickr.com/1328/1297807105_279a1e39e5.jpg
705,http://farm1.static.flickr.com/34/113751748_2382885c90.jpg
706,http://www.petgroomer.com/Grooming101/Photos/old_english_sheepdog.jpg
707,http://www.bark-harbor.com/frames/oldenglishsheepdog4.jpg
708,http://farm1.static.flickr.com/118/282354040_ba4a8e4f6c.jpg
709,http://farm3.static.flickr.com/2221/1562895911_be013bda50.jpg
710,http://www.everydoghas.com/seattlesbestcanines/images/Bilfro.GIF
711,http://farm1.static.flickr.com/81/242497081_bed45a4796.jpg
712,http://farm1.static.flickr.com/18/70994390_cc87ad8e85.jpg
713,http://www.notown.se/dogs/maggie/show/ShowMaggieMidsummer.jpg
714,http://farm1.static.flickr.com/230/477736003_1319384f7c.jpg
715,http://www.bretonkennel.com/images/OES_1.jpg
716,http://www.bobtail.ru/photo/show/can/club05/brace.jpg
717,http://farm3.static.flickr.com/2311/1624496189_ea593a384c.jpg
718,http://farm1.static.flickr.com/72/195678205_39c0a4cd07.jpg
719,http://farm1.static.flickr.com/58/195671012_d2beb1a794.jpg
720,http://farm3.static.flickr.com/2063/2244555062_2cfe7182f1.jpg
721,http://farm1.static.flickr.com/79/282355297_675807d31b.jpg
722,http://www.nzkc.org.nz/nds2005/images/5190.jpg
723,http://farm3.static.flickr.com/2258/2144081199_6d64fc9b0b.jpg
724,http://thepoodleanddogblog.typepad.com/the_poodle_and_dog_blog/images/old_english_sheepdog.jpg
725,http://www.elledesigns.com/assets/images/olliesailors.jpg
726,http://www.bobtail.ru/photo/reklama/puppy/se.jpg
727,http://farm3.static.flickr.com/2377/1625408864_58db2ed49c.jpg
728,http://www.cnhhcw.com/aaa/zhuting/gm/1.jpg
729,http://farm1.static.flickr.com/207/452730487_26777c91a3.jpg
730,http://farm1.static.flickr.com/57/181324150_a8b536f67b.jpg
731,http://www.babydognames.com/breeds/old-english-sheepdog2.jpg
732,http://farm3.static.flickr.com/2262/1525195258_81324b1484.jpg
733,http://farm1.static.flickr.com/232/462470965_82279a9151.jpg
734,http://farm1.static.flickr.com/113/316013792_6883f225e4.jpg
735,http://www.anamericha.fr/resources/_wsb_374x280_VAN+GOGH.JPG
736,http://farm1.static.flickr.com/226/492857255_723c9916f3.jpg
737,http://static.flickr.com/2333/1624501495_047dbbfc95.jpg
738,http://www.oldenglishsheepdog.it/bobtail_i0000d3.jpg
739,http://petyourdog.com/images/dog%20breeds/old_english_sheepdog.jpg
740,http://www.canis.no/oppdretter/rasebilder/rase_26_2.jpg
741,http://farm1.static.flickr.com/53/127702059_58a60eee2e.jpg
742,http://farm1.static.flickr.com/105/282355248_a9ae62b30f.jpg
743,http://www.oldenglishsheepdogs.nl/images/bomemslopert1.jpg
744,http://farm1.static.flickr.com/108/309758741_b95faf8fe8.jpg
745,http://www.bobtail-dresden.de/tagebuch_images/schnee-und-restball.jpg
746,http://www.boxerbreed.info/images/dogbreeds/07030643527pt.jpg
747,http://www.oldenglishsheepdogs.nl/images/4093.jpg
748,http://www.thekennelclub.org.uk/download/172/oldenglishsheepdog.jpg
749,http://farm1.static.flickr.com/102/287415408_a7312fa471.jpg
750,http://www.tias.com/stores/doxette/pictures/gaz9807a.jpg
751,http://britenweb.de/Bilder/OESWelpenStroh.jpg
752,http://www.4mdogbooks.com/images/product_images/tn_b-1472.jpg
753,http://www.celysvet.cz/fotky/bobtail-pes_3.jpg
754,http://www.bobtail.ru/photo/show/uk/crufts05/cc_rcc_d.jpg
755,http://www.neoesr.org/3-dog-nap.jpg
756,http://farm1.static.flickr.com/112/306714667_e41bab23b5.jpg
757,http://www.dogtimes.com.br/imagens/OldEnglishSheepdogRunning.gif
758,http://www.hondentrimsalonjolanda.nl/zoe.jpg
759,http://www.bobtail-infos.de/bobtail2.jpg
760,http://farm1.static.flickr.com/64/172743475_040db88d97.jpg
761,http://www.protectora-apan.com/imgminis/mini_Bobi-1.jpg
762,http://www.animalstamps.com/oescard/oescrd9.jpg
763,http://www.dog-breeds.name/pictures/old-english-sheepdog/old-english-sheepdog-4tn.jpg
764,http://static.flickr.com/141/324534806_9366362108.jpg
765,http://compagnon.fidele.free.fr/images/races/Gr1bobtail/ToleaHermitagePinscouche.JPG
766,http://oesrescue.com/images_oes/bench_pups.jpg
767,http://www.bobtail.ru/photo/euro/2002/6a.jpg
768,http://farm3.static.flickr.com/2295/2164306011_116a42fd95.jpg
769,http://m.gmgrd.co.uk/res/173.$plit/C_71_article_1014929_image_list_image_list_item_0_image.jpg
770,http://farm3.static.flickr.com/2104/1760490836_b1a2f0b3fa.jpg
771,http://www.oesd.co.uk/Pagan-9%20weeks2.JPG
772,http://www.terra.com.pe/mascotas/iconos/bobtail2.jpg
773,http://static.flickr.com/42/81229105_b03ab36f7d.jpg
774,http://petsfact.com/images/Old-English-Sheepdog%201.jpg
775,http://farm3.static.flickr.com/2293/2138754132_c4d6ee8931.jpg
776,http://farm1.static.flickr.com/187/420480606_34c0f135bb.jpg
777,http://static.flickr.com/213/465677688_b836de3587.jpg
778,http://www.abc-tierschutz.de/hunder54.jpg
779,http://static.flickr.com/23/40257989_c49fef6010.jpg
780,http://www.hund.ch/fotos/fbobtail40.jpg
781,http://farm3.static.flickr.com/2292/2093811209_c781606442.jpg
782,http://www.bbc.co.uk/essex/content/images/2007/05/14/dulux_dog_470_470x352.jpg
783,http://farm3.static.flickr.com/2109/2221120771_98e8cc7812.jpg
784,http://www.bobtail.de/titel-randy.jpg
785,http://www.hondenras.com/encyclopedie/foto/1514_Old_English_Sheepdog.jpg
786,http://farm1.static.flickr.com/62/191438956_011b132a8b.jpg
787,http://i5.photobucket.com/albums/y160/aurora132/old-english-sheepdog-0017.jpg
788,http://static.flickr.com/76/199271962_6d4530539c.jpg
789,http://www.expert-dog-training.com/DogPics/Old_English_Sheepdog_training.jpg
790,http://images.jupiterimages.com/common/detail/54/99/23209954.jpg
791,http://www.dog-breeds.name/pictures/old-english-sheepdog/old-english-sheepdog-6.jpg
792,http://www.bobtail.ru/photo/interview/oes/bina.jpg
793,http://farm3.static.flickr.com/2179/1564255428_9d123fd63e.jpg
794,http://farm2.static.flickr.com/1348/903494020_4974d557c1.jpg
795,http://farm2.static.flickr.com/1290/623616853_8e488aa24b.jpg
796,http://farm3.static.flickr.com/2050/2186414884_e2f53a17ca.jpg
797,http://www.petshi.com/wp-content/uploads/2007/07/old-english-sheepdog.jpg
798,http://www.dog-breeds.name/pictures/old-english-sheepdog/old-english-sheepdog-3.jpg
799,http://farm1.static.flickr.com/1/127701828_f5de9b687c.jpg
800,http://www.siukeung.com/user/yeungpakkei/fp-photo/old_english_sheepdog1-w.jpg
801,http://www.pawsruskennel.com/img/photo-bogart.jpg
802,http://www.dave-and-maggies-dog-family.com/images/Old%20English%20Sheepdog%201.jpg
803,http://farm2.static.flickr.com/1299/946528232_10aa519908.jpg
804,http://www.olddream.no/bilder/faste/valper01.jpg
805,http://www.notown.se/dogs/ebba/photo/EbbaLucy.jpg
806,http://www.stloes.org/files/IMG_6.jpg
807,http://www.town-mall.net/pets/dogs/images/dog_sheep.jpg
808,http://farm1.static.flickr.com/142/382516707_e688173997.jpg
809,http://usapups.com/breed_pics/605147971.jpg
810,http://farm1.static.flickr.com/26/41080698_fb5c99f9b5.jpg
811,http://www.clingycanines.com/Old_English_Sheepdog_MomPupwhole_copy.jpg
812,http://farm1.static.flickr.com/183/475995879_0ca2aee423.jpg
813,http://library.thinkquest.org/CR0211900/dog_dictionary/ollie.jpg
814,http://www.stokk.skk.se/2005/05-BIG_1_GR_01.jpg
815,http://farm3.static.flickr.com/2288/2072724227_f537768e64.jpg
816,http://farm1.static.flickr.com/160/436514084_d0058bda49.jpg
817,http://www.dog-breeds.name/pictures/old-english-sheepdog/old-english-sheepdog-5tn.jpg
818,http://www.brucevanpatter.com/bvp_images/dog_breeds/old-english-sheepdog.jpg
819,http://www.bobtail.ru/photo/eds/2003/1a.jpg
820,http://www.hondenras.com/encyclopedie/foto/1459_Old_English_Sheepdog.jpg
821,http://static.flickr.com/28/40257983_46b493fe58.jpg
822,http://www.bobtail-dresden.de/hundefreunde/images/xenia.jpg
823,http://ecx.images-amazon.com/images/I/51S5D12FXVL._AA240_.jpg
824,http://www.mousematuk.co.uk/Mouse%20Mats/Dogs/Old%20English%20Sheepdog/slides/Old%20English%20Sheepdog%209F054D-08.JPG
825,http://static.flickr.com/41/81227473_c91809c937.jpg
826,http://www.justdogbreeds.com/images/breeds/old-english-sheepdog.jpg
827,http://www.notown.se/dogs/candy/photo/Candy.jpg
828,http://static.flickr.com/76/226190709_acf65f503a.jpg
829,http://farm1.static.flickr.com/157/349154348_fb7437a959.jpg
830,http://www.oes.org/assets/images/Bently2-thumb.jpg
831,http://bestoldenglishsheepdogs.com/images/lilly/100_6630-copy.jpg
832,http://farm1.static.flickr.com/77/227632828_f326bfcd4b.jpg
833,http://www.dreamscape.com/nordic/images/chiliweavesclass.jpg
834,http://www.pawsruskennel.com/img/old_english_sheepdog.jpg
835,http://puppydogweb.com/breeders/pic_images/oldenglishsheepdog_walker5.jpg
836,http://farm2.static.flickr.com/1077/1464680954_b609309d45.jpg
