0,http://species.intopet.com/UpFile/200705/20070508024314110_S.jpg
1,http://reviews.petco.com/3554/891/photoThumb.jpg
2,http://farm1.static.flickr.com/98/241413554_12e2638558.jpg
3,http://dl.dogomania.com/pics/10/Taikohead0002.JPG
4,http://farm1.static.flickr.com/199/497326880_ee40d7066f.jpg
5,http://www.dogchannel.com/images/articles/breed_profile_images/papillon_80x80.jpg
6,http://www.canadasguidetodogs.com/images/toys/b1665_b.jpg
7,http://farm1.static.flickr.com/7/10242837_a91503a76f.jpg
8,http://farm2.static.flickr.com/1313/1304634606_eb1328c3be.jpg
9,http://www.superstarpuppies.com/images/mircoteacup.jpg
10,http://farm2.static.flickr.com/1062/1372684940_cf5de5244a.jpg
11,http://farm1.static.flickr.com/12/18830691_791c97d040.jpg
12,http://farm1.static.flickr.com/40/104178845_1f3df7b8c2.jpg
13,http://www.papillon-toydog.com/photo07/mokko2.jpg
14,http://www.papillon-zh.ch/bilder/huendin/tammy2.jpg
15,http://www.wrinkydinks.com/yahoo/bstbreed/papillon.jpg
16,http://farm3.static.flickr.com/2023/2074355779_717267c98b.jpg
17,http://content.answers.com/main/content/wp/en-commons/thumb/e/ee/250px-Spaniel_miniaturowy_kontynentalny_phalene_00.jpg
18,http://centralpets.com/critter_images/mammals/dogs/DOG_0003335_20021106145947.jpg
19,http://farm1.static.flickr.com/60/203790923_d39b2324b3.jpg
20,http://farm3.static.flickr.com/2309/2196946661_c010830b49.jpg
21,http://www.papillonclub.org/rescue/dog_photos/emma3.jpg
22,http://files.dogster.com/pix/dogs/61/447461/447461_1170387062.jpg
23,http://www1.istockphoto.com/file_thumbview_approve/942495/2/istockphoto_942495_papillon.jpg
24,http://static.flickr.com/34/105355466_8a2759fb06.jpg
25,http://farm2.static.flickr.com/1140/1136187042_8be40a3cc7.jpg
26,http://www.sennenhunde.at/papillon/foto/DSC00019.jpg
27,http://www.dogbreedinfo.com/images15/PapillonLimitIMG_1083_4.JPG
28,http://www.papillon-zh.ch/news/178_Foto_kl.jpg
29,http://farm1.static.flickr.com/192/486490580_c022ddcd75.jpg
30,http://www.k9gifts.com/merchandise/1aa/papillon-single.jpg
31,http://www.masonskennel.net/sitebuilder/images/Mom_and_paps_photo_1-470x349.jpg
32,http://www.papillonclub.org/rescue/dog_photos/leo_6132_2.jpg
33,http://static.zoovy.com/img/handsnpaws/W150-H150-Bffffff/blue_bow_tie_shirt_for_toy_dogs.jpg
34,http://www.petlvr.com/blog/wp-content/_ode-to-kirby.jpg
35,http://www.papillonclub.org/rescue/dog_photos/pongo1.jpg
36,http://www.thekennelclub.org.uk/download/225/papillon.jpg
37,http://www.irishsetters.com/charl1.gif
38,http://www.ntu.edu.sg/home/cykok/louisa/images/dogs/toy/papillon.jpg
39,http://farm1.static.flickr.com/42/83462772_0616296b09.jpg
40,http://ecx.images-amazon.com/images/I/51M2YSRVGPL._OU01_SS130_.jpg
41,http://www.puppysites.com/deluxe/tinkertoy.jpg
42,http://www.cuddlesandsnuggles.com/PICTURES/GROWING%20PUPPIES/GIDGETT_small.JPG
43,http://dl.dogomania.com/pics/3/huey1.jpg
44,http://www.viarural.com.ar/viarural.com.ar/ganaderia/mascotas/pets/perros4/continental-toy-spaniel01.jpg
45,http://farm3.static.flickr.com/2216/2045368958_8b4a1ad1ec.jpg
46,http://www.gotpetsonline.com/pictures-gallery/dog-pictures-breeders-puppies-rescue/papillon-pictures-breeders-puppies-rescue/pictures-photos/papillon-0049.jpg
47,http://www.dogbreedinfo.com/images16/PapillonPuppiesAyers92702001.JPG
48,http://www.upanddowns.com/Nieuws/img27.jpg
49,http://www.papillon-zh.ch/news/165_Foto_kl.jpg
50,http://farm3.static.flickr.com/2416/2030267059_590a9dd4e3.jpg
51,http://www.rozinkennel.com/images/papillon-puppy-pictures/papillon-puppy5.jpg
52,http://farm1.static.flickr.com/201/500739050_34099b049d.jpg
53,http://www.papillonclub.org/rescue/dog_photos/jack_743_3.jpg
54,http://www.papillonclub.org/rescue/dog_photos/rider1.jpg
55,http://farm1.static.flickr.com/90/267362914_363753f5ef.jpg
56,http://www1.istockphoto.com/file_thumbview_approve/2190663/2/istockphoto_2190663_heppy_teen.jpg
57,http://farm1.static.flickr.com/160/362120262_bb27342507.jpg
58,http://farm3.static.flickr.com/2049/1567746335_81f550563b.jpg
59,http://farm1.static.flickr.com/34/68686543_e335dac732.jpg
60,http://farm1.static.flickr.com/223/496881500_68cdaa40a9.jpg
61,http://farm1.static.flickr.com/60/221647285_b1b5e852c0.jpg
62,http://farm1.static.flickr.com/136/319122782_f977b0263e.jpg
63,http://photos3.meetupstatic.com/photos/member/2/2/4/4/thumb_1628772.jpeg
64,http://puppydogweb.com/breeders/pic_images/papillon_caldwell.jpg
65,http://static.flickr.com/1060/618036243_5c1b2e372e.jpg
66,http://www.sandridgepaps.com/images/photos/papillon-0001.jpg
67,http://www.dogbreedinfo.com/images16/PapillonsPatsieToy.JPG
68,http://www.deltapages.com/images/papillon.jpg
69,http://www.showpaps.com/2005puppies/Cosmo19wks1.jpg
70,http://p.webshots.com/ProThumbs/81/52181_wallpaper280.jpg
71,http://www.braylorspapillons.com/imagesmorgan/MorganAustinBW1.jpg
72,http://farm3.static.flickr.com/2406/1804924114_6f446c2eec.jpg
73,http://www.papillonclub.org/rescue/dog_photos/marcobio3.jpg
74,http://www.puppysites.com/deluxe/buffalocreek.jpg
75,http://www.hund.ch/fotos/fpapillon55.jpg
76,http://farm2.static.flickr.com/1087/1346990519_175ca3d67a.jpg
77,http://farm3.static.flickr.com/2267/2102558225_94924c8e40.jpg
78,http://www.wildhavenpapillons.com/2005pups4.jpg
79,http://www.centralpets.com/critter_images/mammals/dogs/DOG_0003335_20030718154530.jpg
80,http://www.papillonclub.org/rescue/dog_photos/tinker_706_2.jpg
81,http://farm1.static.flickr.com/63/219387069_85ab3e2adf.jpg
82,http://www.papillon-zh.ch/news/47_Foto_kl.jpg
83,http://upload.wikimedia.org/wikipedia/commons/thumb/5/5b/Papillon_sitting_Flickr_edit.jpg/115px-Papillon_sitting_Flickr_edit.jpg
84,http://pets-place.net/Breeds/PapillonPhoto1.jpg
85,http://www.dogguide.net/images/breeds/papillon.jpg
86,http://server.hund.ch/fotos/fpapillon41.jpg
87,http://upload.wikimedia.org/wikipedia/commons/thumb/4/47/Papillon_dog_agility_jump.jpg/800px-Papillon_dog_agility_jump.jpg
88,http://www.wildhavenpapillons.com/duncanlarge.jpg
89,http://farm1.static.flickr.com/5/5937797_4799c74222.jpg
90,http://www.papillonclub.org/2003images/Phalene_MACH.jpg
91,http://photos1.meetupstatic.com/photos/event/a/7/1/6/highres_2442774.jpeg
92,http://server.hund.ch/fotos/fpapillon30.jpg
93,http://www.petlvr.com/blog/wp-content/bestofbreedpapillonTN82199601.jpg
94,http://www.papillon-dog-secrets.com/tn_6RR.jpg
95,http://farm1.static.flickr.com/150/337353076_5f1d048f33.jpg
96,http://www.dogbreedinfo.com/images7/Papillion_Pup_Dawn.jpg
97,http://static.flickr.com/2276/1953574040_e7cd0a1921.jpg
98,http://dl.dogomania.com/pics/16/image003.jpg
99,http://www.dogbreedinfo.com/images11/PAPBree9wks5.jpg
100,http://www.papillonclub.org/rescue/dog_photos/charlie_713_2.jpg
101,http://www.ardeaprints.com/pictures_653134/Continetal-Toy-Spaniel-Papillon-Dog.jpg
102,http://beefball.go2.icpcn.com/images/bgx01160.jpg
103,http://farm1.static.flickr.com/86/267361857_288466d7bb.jpg
104,http://web-real.com/dogs/001.jpg
105,http://centralpets.com/critter_images/mammals/dogs/DOG_0003335_20030718152939.jpg
106,http://www.dogbreedinfo.com/images11/PAPBree6%20months.jpg
107,http://www.dogbreedinfo.com/images15/PapillonLimitIMG_0688_3.JPG
108,http://www.relatingtodogs.com/about-dogs/images/180px-Tu.jpg
109,http://www.papillon-zh.ch/news/176_Foto_kl.jpg
110,http://people.aapt.net.au/~amkidd/madonna4.jpg
111,http://farm1.static.flickr.com/50/162119181_e5ad8559be.jpg
112,http://farm1.static.flickr.com/37/80292317_289402b639.jpg
113,http://farm1.static.flickr.com/24/63887116_d39dfd84d2.jpg
114,http://farm1.static.flickr.com/111/291259173_52e74346c7.jpg
115,http://farm1.static.flickr.com/133/407329224_bbf47610ab.jpg
116,http://www.wildhavenpapillons.com/pup11.JPG
117,http://mypups.ws/db4/00376/mypups.ws/_uimages/MVC-028S.JPG
118,http://www.millercountrydogs.com/images/flags/sg_toy_fox_terrier_3_flagt.jpg
119,http://i.oodleimg.com/item/638169187_1s.jpg
120,http://www.papillonclub.org/rescue/dog_photos/andeef_200.jpg
121,http://www.papillonclub.org/rescue/dog_photos/phantom_708_2.jpg
122,http://www.papillon-zh.ch/news/11_Foto_kl.jpg
123,http://www.welpen.com/zuechter/riex/papillon_2.jpg
124,http://farm2.static.flickr.com/1286/1379702299_086ebc4bdb.jpg
125,http://www.showdogs.dk/images/Toymakers%20Tiffany.jpg
126,http://img.webring.com/r/p/papillons/logo
127,http://farm1.static.flickr.com/76/169161860_940ab118f5.jpg
128,http://www.bigstockphoto.com/thumbs/4/6/2/small/264670.jpg
129,http://static.flickr.com/2332/2073162264_501bfce5ff.jpg
130,http://www.pupcity.com/images/adpics/05258221220853_1.jpg
131,http://static.flickr.com/155/437922023_e1ba197b11.jpg
132,http://farm1.static.flickr.com/35/93281927_b108d758a8.jpg
133,http://www.papillon-zh.ch/news/131_Foto_kl.jpg
134,http://www.papillonclub.org/2005_Specialty/images/2005-Best-Phalene.jpg
135,http://farm1.static.flickr.com/219/507857045_5bd37631fc.jpg
136,http://farm1.static.flickr.com/178/409878505_dc8142378d.jpg
137,http://centralpets.com/critter_images/mammals/dogs/DOG_0003335_20021106145848.jpg
138,http://farm1.static.flickr.com/21/98377572_8d39b676cd.jpg
139,http://www.shibainupuppies.net/Papillon056.jpg
140,http://www.papillonclub.org/rescue/dog_photos/gigi_6150_2.jpg
141,http://farm3.static.flickr.com/2396/2186679757_8f414d1a64.jpg
142,http://farm2.static.flickr.com/1163/618630562_66e314f7c8.jpg
143,http://www.dogsindepth.com/toy_dog_breeds/images/papillon_v03.jpg
144,http://www.papillonclub.org/rescue/dog_photos/opie_749_2.jpg
145,http://superdog.ru/pic/papil_1.jpg
146,http://dl.dogomania.com/pics/1/Chip2000.jpg
147,http://www.showimg.com/animal/Papillon/little/11584592568461.jpg
148,http://www.papillonclub.org/rescue/dog_photos/phoebehandjive2.jpg
149,http://www.jaclair.ca/images/past/ziggy.gif
150,http://www.justdogbreeds.com/images/breeds/papillon.jpg
151,http://www.cats-dogs-ukraine.com/images/200609240738560.milton.jpg
152,http://www.papillonclub.org/rescue/dog_photos/pj_661_1.jpg
153,http://www.boldmultimedia.com/portfolio/stain/pap1.jpg
154,http://www.showdog.com/Pictures/Dog/Papillon.jpg
155,http://www.braylorspapillons.com/imagesprince/PrinceBOBToyClub2.jpg
156,http://farm2.static.flickr.com/1208/1323172672_81513fb0fe.jpg
157,http://farm1.static.flickr.com/45/129181205_945b3a0886.jpg
158,http://farm1.static.flickr.com/175/487497737_de735310a8.jpg
159,http://www.indypaws.com/photos/avatar/7965.jpeg
160,http://farm1.static.flickr.com/8/9101945_431a9b423f.jpg
161,http://www.avidpets.com/images/dogs/papillon-dog.jpg
162,http://www.papillonclub.org/rescue/dog_photos/molly2.jpg
163,http://farm1.static.flickr.com/159/424357312_5345b673f9.jpg
164,http://www.darlenewilsondogart.com/Merchant2/graphics/00000001/to_s_2.jpg
165,http://cache.eb.com/eb/image?id=8172&rendTypeId;=4
166,http://farm1.static.flickr.com/27/63887115_5967eab047.jpg
167,http://www.k9gifts.com/prints/1maystead/PAPILLON-3.JPEG
168,http://dl.dogomania.com/pics/34/SONIA_Amitycja.jpg
169,http://www.puppydogweb.com/breeders/prem_images/papillon_hart6257.jpg
170,http://www.gotpetsonline.com/pictures-gallery/dog-pictures-breeders-puppies-rescue/papillon-pictures-breeders-puppies-rescue/pictures-photos/papillon-0108.jpg
171,http://www.catsrotter.dk/plejeborn/gizmo.jpg
172,http://server.hund.ch/fotos/fpapillon12.jpg
173,http://farm1.static.flickr.com/207/472471957_493c6cd4c8.jpg
174,http://farm3.static.flickr.com/2316/2211325625_eb3da851f8.jpg
175,http://www.members.tripod.com/zelicaon/images/Which_one_is_an_Angel.jpg
176,http://www.papillonclub.org/rescue/dog_photos/sweetpea_711_2.jpg
177,http://centralpets.com/critter_images/mammals/dogs/DOG_0003335_20021106145630.jpg
178,http://farm1.static.flickr.com/218/478507527_d09d65e82c.jpg
179,http://www.dogbreedinfo.com/images15/PapillonLimitIMG_0222_1.JPG
180,http://www.selectsmart.com/DOG/AHT1.JPG
181,http://www.gotpetsonline.com/pictures-gallery/dog-pictures-breeders-puppies-rescue/papillon-pictures-breeders-puppies-rescue/pictures/papillon-0076.jpg
182,http://farm1.static.flickr.com/178/364860315_61f65bbc5e.jpg
183,http://www.papillonclub.org/rescue/dog_photos/foxy4.jpg
184,http://www.tammybears.com/toy_files/image011.jpg
185,http://www.hart90.com/2007-08-August/Cookie-2007-08-23-2.jpg
186,http://www.sewunusuals.com/russian_toy_terrier.jpg
187,http://farm3.static.flickr.com/2154/2075162260_3e9059928f.jpg
188,http://www.papillonclub.org/rescue/happy_end/macy.jpg
189,http://farm3.static.flickr.com/2343/2074354733_fc63483bc4.jpg
190,http://www.showpaps.com/pictures/Nicholas03.jpg
191,http://www.geocities.com/littlecedarpups/PapillonAdults61207003.jpg
192,http://www.shihtzusandfurbabies.com/dogs/dakotaface.jpg
193,http://www.gopetsamerica.com/calendars/pap-29288.jpg
194,http://www.westminsterdogshow.org/breedinformation/toy/images/papp.jpg
195,http://farm2.static.flickr.com/1309/536062614_d50d3ba19c.jpg
196,http://www.butterflydog.com/ekbacken/emilbob.jpg
197,http://farm1.static.flickr.com/96/245798723_2b841b121c.jpg
198,http://www.papillonclub.org/rescue/dog_photos/razzy5.jpg
199,http://www.papillonclub.org/rescue/dog_photos/rider7.jpg
200,"http://www.showpaps.com/2006puppies/Princeredboyb,350.jpg"
201,http://www.papillon-zh.ch/news/9_Foto_kl.jpg
202,http://www.gotpetsonline.com/pictures-gallery/dog-pictures-breeders-puppies-rescue/papillon-pictures-breeders-puppies-rescue/pictures/papillon-0040.jpg
203,http://www.papillonclub.org/rescue/dog_photos/jazzy1.jpg
204,http://www.puppytodog.com/images/dog_category/papillon.jpg
205,http://www.hund.ch/fotos/fpapillon27.jpg
206,http://papillonpups.net/gallery/d/91-2/junesept1506b.JPG
207,http://www.juzdogs.com/pic/dog16.gif
208,http://www.papillon-zh.ch/news/88_Foto_kl.jpg
209,http://www.papillonclub.org/rescue/special_needs/spuds_truck.jpg
210,http://dl.dogomania.com/pics/20/LOU_LOU_IZZY_62301.jpg
211,http://www.cadeaupapillons.com/papillon%20dog%20art%209.jpg
212,http://static.flickr.com/31/63887114_5038e36e12.jpg
213,http://static.flickr.com/2349/2075159620_3ad81d9814.jpg
214,http://www.caninemediaservices.co.uk/rbt2007/Toy/thumbs/Papillon.JPG
215,http://www.k9breedlist.com/e_p_photo/Rodney__Joni_Isom_Papillon.jpg
216,http://www.letslearndogschool.com/Images/Marg%20Buzz.jpg
217,http://www.europuppyusa.com/images/dog_breed_info/papillon.jpg
218,http://farm3.static.flickr.com/2069/1882002368_6f47ca065a.jpg
219,http://farm1.static.flickr.com/102/254494742_83d78e3dd7.jpg
220,http://www.pedigree.co.th/breeds/images/papillon_tn.jpg
221,http://rumfordpetcenter.com/Puppy/Puppybook/bookpicindx/papillion.jpg
222,http://farm1.static.flickr.com/54/135690403_efe70e0fcb.jpg
223,http://farm3.static.flickr.com/2024/2234938806_86abd154f7.jpg
224,http://www.viarural.com.bo/ganaderia/mascotas/fotografias-perros/spaniel-continental-enano-05.jpg
225,http://www.cats-dogs-ukraine.com/images/200712100550590.Weith.jpg
226,http://www.gotpetsonline.com/pictures-gallery/dog-pictures-breeders-puppies-rescue/papillon-pictures-breeders-puppies-rescue/pictures-photos/papillon-0048.jpg
227,http://www.papillonclub.org/rescue/dog_photos/emma2.jpg
228,http://farm2.static.flickr.com/1265/978970068_7e1b1040a0.jpg
229,http://www.justusdogs.com.au/images/papillon.jpg
230,http://www.horsebrooch.com/images/Toys/Papillon.jpg
231,http://farm3.static.flickr.com/2283/2175919036_17eee7395e.jpg
232,"http://www.showpaps.com/2006puppies/Flipboyd,350.jpg"
233,http://www.papillonclub.org/images/tigger.JPG
234,http://img174.imageshack.us/img174/5378/2nr4.jpg
235,http://www.showpaps.com/2005puppies/Party13wks3.jpg
236,http://thumbs.ebaystatic.com/pict/150045649114_0.jpg
237,http://farm1.static.flickr.com/226/507857205_3dc6d49fb4.jpg
238,http://www.nefloridatoydogclub.com/papillion1.gif
239,http://data.photos-animaux.com/photos/51/502/50136.jpg
240,http://www.papillonclub.org/rescue/dog_photos/max_740_1.jpg
241,http://static.flickr.com/1311/1124359494_7df3872cdd.jpg
242,http://www.showpaps.com/images/Cricket.JPG
243,http://static.flickr.com/91/267362915_ca3ccf405f.jpg
244,http://farm1.static.flickr.com/123/386740159_9f7ea45c90.jpg
245,http://www.katieskreations.net/image/9210825.jpg
246,http://farm1.static.flickr.com/213/486490574_e5bd290909.jpg
247,http://www.papillon-zh.ch/news/100_Foto_kl.jpg
248,http://www.papillon-zh.ch/news/136_Foto_kl.jpg
249,http://www.wildhavenpapillons.com/shaylarge.jpg
250,http://photos3.meetupstatic.com/photos/member/6/c/6/f/thumb_867759.jpeg
251,http://farm1.static.flickr.com/138/321773571_04fc44bad1.jpg
252,http://farm1.static.flickr.com/29/89061372_eb6e780101.jpg
253,http://www.shibainupuppies.net/Papillon035.jpg
254,http://www.butterflydog.com/ekbacken/tyr-toy.jpg
255,http://www.breederretriever.com/photopost/data/570/thumbs/papillon_4.jpg
256,http://www.flashpointpapillons.com/saylersabisssm.jpg
257,http://img.dogpublic.com/breedImages/322_thumb_lg.jpg
258,http://www.yourdogsblog.com/dog_breed_images/193/thumbs/papillon.jpg
259,http://www.rachaeldillman.com/images/MilosBall/Milochasingball.jpg
260,http://dl.dogomania.com/pics/16/barbi07.jpg
261,http://farm1.static.flickr.com/32/66989981_2a796403bb.jpg
262,http://aiken.cafe.coocan.jp/papillon%20g/TukoBISS.jpg
263,http://www.upanddowns.com/images_nieuws_2007/img2E.jpg
264,http://www.ukdogs.org/toy/papillon/pictures/Megas%20Boywonder%20at%20Fort%20Glen.jpg
265,http://farm1.static.flickr.com/80/254956918_cec2a07244.jpg
266,http://www.rozamie.co.uk/Papillon/papillon-nikole-1.jpg
267,http://farm3.static.flickr.com/2001/2167796128_2f3061691f.jpg
268,http://www.relatingtodogs.com/about-dogs/images/180px-Pb.jpg
269,http://www.cuddlesandsnuggles.com/PICTURES/GROWING%20PUPPIES/GIDGELLA_small.JPG
270,http://www.puppypurebred.com/images/papillon1.jpg
271,http://farm1.static.flickr.com/243/449474299_319d0c2dbb.jpg
272,http://farm3.static.flickr.com/2243/2132663882_f54285a717.jpg
273,http://www.pets2share.com/Papillon%20Boys%20Reo3.jpg
274,http://doggies.com/photos/papillon.jpg
275,http://rangeairevision.com/dogshows/toys/chi-long1.jpg
276,http://farm1.static.flickr.com/127/365271016_73612e4ffa.jpg
277,http://www.breedersonline.net/dogs/photos/Papillon.jpg
278,http://farm1.static.flickr.com/93/218233968_0f766b3e46.jpg
279,http://www.papillonclub.org/rescue/dog_photos/rider6.jpg
280,http://farm3.static.flickr.com/2125/2116409026_7ecf6173ea.jpg
281,http://static.flickr.com/42/99145630_cc00ec9c06.jpg
282,http://www.braylorspapillons.com/images/PapTalkAd07.jpg
283,http://farm1.static.flickr.com/28/48172373_01b695d385.jpg
284,http://www.papillonclub.org/rescue/dog_photos/rider3.jpg
285,http://www.crisanda.com/images/woody75.jpg
286,"http://www.showpaps.com/2006puppies/Flipboyc,350.jpg"
287,http://www.wagandco.com/images/dogbreed/thumbnails/141__orig_115x0.jpg
288,http://farm1.static.flickr.com/55/202699710_c4fd9258c3.jpg
289,http://www.wwkc.org/prince-kayla.jpg
290,http://www.showpaps.com/images/sparklexbravo10-00.JPG
291,http://www.papillonclub.org/rescue/dog_photos/minnie2.jpg
292,http://www.pawsruskennel.com/img/photo-oscar.jpg
293,http://www.mypuppypatch.com/modules/xoopsgallery/cache/albums/album24/Poodles_Yorkiepoos_Maltipoo_Schnauzers_5_20_07_114.thumb.jpg
294,http://www.puppydogweb.com/gallery/papillons/papillon_harrington.jpg
295,http://www.papillonclub.org/rescue/special_needs/pappy2.jpg
296,http://www.roadsendpapillons.com/sitebuilder/images/Matti8-258x292.jpg
297,http://www.breederretriever.com/photopost/data/744/thumbs/toy_fox_terrier.jpg
298,http://www.bestdogsearch.com/photos/papallions-terelees5.jpg
299,http://www.papillonclub.org/rescue/dog_photos/bandit_686_1.jpg
300,http://farm1.static.flickr.com/148/418243714_6ef84b079a.jpg
301,http://www.papillon-zh.ch/news/79_Foto_kl.jpg
302,http://i.oodleimg.com/item/554219084_1s.jpg
303,http://www.flashpointpapillons.com/bisspapssm.jpg
304,http://www.showdogs.dk/images/Toymakers%20Hector.jpg
305,http://farm2.static.flickr.com/1135/813057591_8bef375f2e.jpg
306,http://www1.istockphoto.com/file_thumbview_approve/2655141/2/istockphoto_2655141_papillon_dog_looking_at_camera.jpg
307,http://farm1.static.flickr.com/222/530070093_a6aa7b9e79.jpg
308,http://www.viarural.com.bo/ganaderia/mascotas/fotografias-perros/spaniel-continental-enano-01.jpg
309,http://static.flickr.com/33/98375351_7287c767ac.jpg
310,http://www.papillonclub.org/rescue/happy_end/zak.jpg
311,http://www.papillonclub.org/rescue/dog_photos/buttons_675_4.jpg
312,http://farm1.static.flickr.com/11/13902225_81a9b42746.jpg
313,http://www.papillonclub.org/rescue/dog_photos/leonardo1.jpg
314,http://dl.dogomania.com/pics/21/Dinah-Eight_months_old.jpg
315,http://farm3.static.flickr.com/2095/1897393893_94549aaa75.jpg
316,http://www.starstore.com/acatalog/PAPILLON-FC2007.jpg
317,http://static.flickr.com/46/169597038_6ed06052bf.jpg
318,http://www.papillonclub.org/rescue/dog_photos/azreal_6154_1.jpg
319,http://www.z-in-g.net/Slike/standard/geri.jpg
320,http://www2.hawaii.edu/~sawai/project3/gizmo1.jpg
321,http://www.puppiesforsalebynet.com/pic2557.jpg
322,http://www.dogsindepth.com/toy_dog_breeds/images/papillon_v.jpg
323,http://farm3.static.flickr.com/2239/1919823031_744f21bf5c.jpg
324,http://www.jimmykellys.com/contest/rnd8/RoseTillman-400.jpg
325,http://www.findoutaboutdogbreeds.com/Girl%20and%20papillon%20150.jpg
326,http://www.papillonclub.org/rescue/dog_photos/jazl_6138_2.jpg
327,http://farm1.static.flickr.com/226/501586868_fea9e1f4dd.jpg
328,http://www.papillon-zh.ch/news/116_Foto_kl.jpg
329,http://farm3.static.flickr.com/2305/1557219687_06703c252d.jpg
330,http://www.wildhavenpapillons.com/pup14.JPG
331,http://upload.wikimedia.org/wikipedia/commons/thumb/7/75/Papillon.jpg/800px-Papillon.jpg
332,http://www.my-pet-medicine.com/wp-content/uploads/2006/08/papillon-puppy3.jpg
333,http://static.flickr.com/80/214712017_e5a2fd7b19.jpg
334,http://www.dogbreedinfo.org/images15/PapillonLimitIMG_0478_2.JPG
335,http://farm2.static.flickr.com/1330/1351159003_f01d73c8b0.jpg
336,http://www.naturanimal.com/chiens/images/races/1/epagneul_nain_papillon.jpg
337,http://www.papillon-zh.ch/bilder/huendin/peggy2.jpg
338,http://www.papillonclub.org/rescue/dog_photos/choxie_722_2.jpg
339,http://farm1.static.flickr.com/58/222498620_c5be061f61.jpg
340,http://www.papillonclub.org/rescue/dog_photos/theo_6114_2.jpg
341,http://www.pups4sale.com.au/precious_03a.jpg
342,http://farm1.static.flickr.com/80/229022385_5f64c2518f.jpg
343,http://www.preciouspuppiesflorida.com/images/puppypics/PP-3035_tn.jpg
344,http://picturesofmydogs.com/images/1100195.jpg
345,http://www.pedigreedpups.com/images/Papillon.jpg
346,http://farm2.static.flickr.com/1413/954717058_16162cff06.jpg
347,http://www.lovemypet.com.au/images/133_head_picture.gif
348,http://www.papillons2.freeserve.co.uk/woody2.jpg
349,"http://www.showpaps.com/2006puppies/Flipboy2b,350.jpg"
350,http://www.papillonclub.org/rescue/dog_photos/heidi_736_2.jpg
351,http://dl.dogomania.com/pics/15/Dyzio.JPG
352,http://farm1.static.flickr.com/106/271778848_ec3f4d18a3.jpg
353,http://www.papillonclub.org/rescue/happy_end/pen1.jpg
354,http://www.wildhavenpapillons.com/pup15.JPG
355,http://farm1.static.flickr.com/144/325227648_945abe3a19.jpg
356,http://server.hund.ch/fotos/fpapillon20.jpg
357,http://farm1.static.flickr.com/10/13491657_dabf77e642.jpg
358,http://static.flickr.com/183/487296907_7074dae966.jpg
359,http://www.preciouspuppies.net/images/puppypics/SS850193_tn.jpg
360,http://www.papillonclub.org/rescue/dog_photos/spencer_714_4.jpg
361,http://farm2.static.flickr.com/1299/1220320530_8241b3622e.jpg
362,http://www.directoryofdogs.com/papillon.jpg
363,"http://www.showpaps.com/2006puppies/Flipboyg,350.jpg"
364,http://www.wildhavenpapillons.com/pup21.JPG
365,http://farm1.static.flickr.com/59/201520992_1b7d01d90e.jpg
366,http://dogcardart.com/images/02/papillon.jpg
367,http://www.e-michael.jp/gallery/papillon3.jpg
368,http://www.papillonclub.org/rescue/dog_photos/pappyface.jpg
369,http://farm2.static.flickr.com/1427/644244426_43ec267b5c.jpg
370,http://static.flickr.com/46/111160431_1e7a393a9a.jpg
371,http://www.wrinkydinks.com/yahoo/porcelain/GALLERY%20COLLECTION/papillon.jpg
372,http://www.papillonclub.org/rescue/graphx/group_smile.jpg
373,http://farm1.static.flickr.com/45/110694301_6b2dd94af8.jpg
374,http://www.papillonclub.org/rescue/dog_photos/murphy5.jpg
375,http://farm3.static.flickr.com/2255/1952745279_db9edba798.jpg
376,http://www.favorite-puppy-names.com/images/spaniel-puppy-picture.jpg
377,http://www1.istockphoto.com/file_thumbview_approve/3528911/2/istockphoto_3528911_papillon_adolescent.jpg
378,http://farm1.static.flickr.com/37/111160642_c6e811988f.jpg
379,http://static.flickr.com/46/137379422_7da3cafe87.jpg
380,http://www.papillondog.net/smallassets/Dazzle.jpg
381,http://farm3.static.flickr.com/2313/2072370645_bd8b4d3799.jpg
382,http://dl.dogomania.com/pics/1/sandy_bubbles.jpg
383,http://www.papillonclub.org/rescue/dog_photos/sam_200.jpg
384,http://www.gotpetsonline.com/pictures-gallery/dog-pictures-breeders-puppies-rescue/cavalier-king-charles-spaniel-pictures-breeders-puppies-rescue/pictures/cavalier-king-charles-spaniel-0014.jpg
385,http://www.pet-dog-magazine.com/image-files/rosario-6.jpg
386,http://www.gotpetsonline.com/pictures-gallery/dog-pictures-breeders-puppies-rescue/papillon-pictures-breeders-puppies-rescue/pictures/papillon-0023.jpg
387,http://farm1.static.flickr.com/63/168609082_f3917ad93e.jpg
388,http://farm1.static.flickr.com/182/381143835_c54ff55400.jpg
389,http://hotc.org/hotc/images/hotcDogs/Toy_Dogs/68_Lucibelle.jpg
390,http://farm1.static.flickr.com/4/5983281_6ff0329ff4.jpg
391,http://farm2.static.flickr.com/1239/1002209577_e770943df6.jpg
392,http://www.inkie.dk/Hunde%202000/Lille-Hope-P.jpg
393,http://www.papillonclub.org/rescue/happy_end/nylapro.jpg
394,http://www.dogbreedinfo.com/images19/Papillon9MonthsOldRoxy.JPG
395,http://www.gotdogsonline.com/papillon-pictures-breeders-puppies-rescue/pictures/papillon-0012.jpg
396,http://www.papillon-zh.ch/news/5_Foto_kl.jpg
397,http://farm1.static.flickr.com/191/465982207_3d55450c38.jpg
398,http://farm3.static.flickr.com/2305/2075160082_4dad1320e0.jpg
399,http://farm3.static.flickr.com/2176/2201050090_1550cf7d4a.jpg
400,http://www.papillonclub.org/rescue/dog_photos/tory_6142_1.jpg
401,http://farm1.static.flickr.com/236/522471223_51d790073f.jpg
402,http://farm1.static.flickr.com/39/75695660_c37dbb6b33.jpg
403,http://www.rvsupplywarehouse.com/content/product/large/papillon-detail.jpg
404,http://www.papillonclub.org/rescue/dog_photos/roman_649_1.jpg
405,http://photos4.meetupstatic.com/photos/member/5/4/7/6/thumb_1821622.jpeg
406,http://farm3.static.flickr.com/2390/2203287021_d5f8381117.jpg
407,http://www.showpaps.com/Rescue/Harleyhat.jpg
408,http://farm1.static.flickr.com/122/271778894_2913b4754c.jpg
409,http://www.fireflyfields.com/tevye_sm.jpg
410,http://www.puppiesforsalebynet.com/pic2559.jpg
411,http://www.dogdomain.com/images/168B_papolion.jpg
412,http://www.hund.ch/fotos/fpapillon52.jpg
413,http://photos1.meetupstatic.com/photos/member/2/1/a/a/thumb_2708618.jpeg
414,http://farm1.static.flickr.com/124/321772217_19ac1f4309.jpg
415,http://farm1.static.flickr.com/9/68686502_1f7799fd9b.jpg
416,http://farm1.static.flickr.com/141/321772497_4cb386bbec.jpg
417,http://farm2.static.flickr.com/1186/863240980_8dac5c4bb2.jpg
418,http://farm3.static.flickr.com/2366/1804070547_12b4ea6c6d.jpg
419,http://farm3.static.flickr.com/2113/1664662078_ddeef8cf47.jpg
420,http://farm1.static.flickr.com/36/104178904_1274acb744.jpg
421,http://www.chifafa.com/images/papillon/dog1.jpg
422,http://farm2.static.flickr.com/1391/1372679504_5c6326e91b.jpg
423,http://farm1.static.flickr.com/195/457931726_8ce18adb62.jpg
424,http://animalforum.com/dbreed/images/zpdtopap.jpg
425,http://farm1.static.flickr.com/40/100993698_5a491779b3.jpg
426,http://www.papillonclub.org/rescue/dog_photos/azreal_6154_2.jpg
427,http://images.encarta.msn.com/xrefmedia/sharemed/targets/images/pho/t043/T043356A.jtn
428,http://www.petspictured.com/dogs/lg_pix/papillon02_lg.jpg
429,http://farm1.static.flickr.com/4/7927915_68eafe2926.jpg
430,http://chinabar.tripod.com/051113pap.jpg
431,http://www.valpalmela.com/img_biblioteca/continental_toy_spaniel_papillon_icon.jpg
432,http://www.lovemypet.com.au/images/133_body_picture_small.gif
433,http://farm2.static.flickr.com/1028/1414942833_b39696a429.jpg
434,http://www.fantasylk.com/dog_art/dog_pics/papillon_450.jpg
435,http://img92.imageshack.us/img92/6440/papillon7aj3.jpg
436,http://www.canadasguidetodogs.com/customergraphics/papillon2.jpg
437,http://farm2.static.flickr.com/1081/1033496793_6859661be9.jpg
438,http://www.papillonclub.org/rescue/happy_end/lucy2.jpg
439,http://www.madono.jp/site3/papillon1/photo94.jpg
440,http://www.showpaps.com/Rescue/Harleytoy.jpg
441,http://farm3.static.flickr.com/2199/2195807120_edf120758e.jpg
442,"http://showpaps.com/2007pix/Flyn&Cary1106,350.jpg"
443,http://www.dogbreedinfo.com/images/PapillonCindy1.jpg
444,http://www.canaryzoo.com/Dog%20Species/Phalene.jpg
445,http://farm1.static.flickr.com/26/56739095_82ce7856a0.jpg
446,http://farm1.static.flickr.com/68/212251760_7f24d1af20.jpg
447,http://www.showpapillons.com/lexieani2.gif
448,http://sobaka.lv/img/12806/206-0923-1294-S-Papi.gif
449,http://www.gopetsamerica.com/papillon/papillon.jpg
450,http://farm3.static.flickr.com/2387/2072384655_da2d77b37f.jpg
451,http://www.toydogs.net/shows/2007/07bis3.jpg
452,http://farm1.static.flickr.com/193/448231764_728a96e887.jpg
453,http://farm1.static.flickr.com/32/68107595_0ae630f215.jpg
454,http://www.digitaldog.com/images/breeds/papillon200.jpg
455,http://www.starstore.com/acatalog/Papillon-f-01.jpg
456,http://farm1.static.flickr.com/41/77127488_dcbcaa8e8d.jpg
457,http://www.hiddencreekbrittanys.com/images/homepg_papillon.jpg
458,http://centralpets.com/critter_images/mammals/dogs/DOG_0003335_20030718153022.jpg
459,http://www.dogpage.us/blue-rose-papillons/bluerose4.jpg
460,http://www.papillonclub.org/rescue/dog_photos/teddy1.jpg
461,http://www.dogzonline.com.au/images/profiles/61/12952_178.jpg
462,http://farm1.static.flickr.com/67/172003846_a3df79f268.jpg
463,http://farm2.static.flickr.com/1293/644243894_936ea8eaf0.jpg
464,http://farm1.static.flickr.com/88/245798427_438cdd3152.jpg
465,http://farm1.static.flickr.com/165/360326875_a4cd7e2571.jpg
466,http://showpaps.com/2007pix/Lukafringerocks2.jpg
467,http://www.papillonclub.org/rescue/dog_photos/tinkerbelle_674_1.jpg
468,http://www.wildhavenpapillons.com/pup1.JPG
469,http://www.papillonclub.org/rescue/dog_photos/chase_6102_2.jpg
470,http://farm1.static.flickr.com/187/478543464_697579af63.jpg
471,http://farm3.static.flickr.com/2347/2050261110_ab222b8e6a.jpg
472,http://www.dreamscapek9.com/Gift%20Pages/Choquette/2006/HC98-Papillon.jpg
473,http://farm1.static.flickr.com/113/316538319_9ab4d176ca.jpg
474,http://www.papillonclub.org/rescue/dog_photos/pippy_677_2.jpg
475,http://nzpapclub.tripod.com/breeders/pillango/nicky.jpg
476,http://www.papillonclub.org/rescue/dog_photos/pookie1.jpg
477,http://www.papillon-zh.ch/news/119_Foto_kl.jpg
478,http://www.papillonclub.org/2006_images/silverbutterfly_2006.JPG
479,http://www.pedigreedogs.co.uk/images_breeds/papillon.jpg
480,http://server.hund.ch/fotos/fpapillon11.jpg
481,http://farm3.static.flickr.com/2039/1497708539_bb006929a9.jpg
482,http://showpaps.com/puppies2002/bbq7-28b.jpg
483,http://farm1.static.flickr.com/60/170771769_0cd606fa4d.jpg
484,http://farm3.static.flickr.com/2235/2209326301_74b1a4fe8f.jpg
485,http://farm3.static.flickr.com/2316/1510840277_14debb12de.jpg
486,http://dl.dogomania.com/pics/11/Samson.jpg
487,http://static.flickr.com/36/111161872_b99890a7c5.jpg
488,http://www.dogs.net.au/guilcroft/images/extra_255.jpg
489,http://farm1.static.flickr.com/3/6585770_31a7173cce.jpg
490,http://farm2.static.flickr.com/1087/1107917208_f1297bbcba.jpg
491,http://dl.dogomania.com/pics/23/winston3.jpg
492,http://www.dkimages.com/discover/previews/948/90004759.JPG
493,http://farm1.static.flickr.com/134/322589411_3f6799104b.jpg
494,http://farm1.static.flickr.com/47/111161148_02336586c3.jpg
495,http://www.perrosargentinos.com.ar/papillon.jpg
496,http://farm3.static.flickr.com/2291/2191657520_451329d53b.jpg
497,http://farm2.static.flickr.com/1339/644059188_c7a8d689c1.jpg
498,http://farm3.static.flickr.com/2224/2107969934_3248457131.jpg
499,http://www.chickjunk.com/wp-content/uploads/2006/11/papillon.jpg
500,http://www.showpaps.com/2007pix/cary1106.jpg
501,http://farm2.static.flickr.com/1355/543733353_47fb4cfa54.jpg
502,http://www.viarural.com.ar/viarural.com.ar/ganaderia/mascotas/pets/perros4/continental-toy-spaniel02.jpg
503,http://farm2.static.flickr.com/1055/1461003228_cebe90d0d3.jpg
504,http://farm2.static.flickr.com/1179/1121347963_dbb42a808c.jpg
505,http://www.queenbless.com/papillon%20g/Paty.JPG
506,http://www.papillon-zh.ch/news/76_Foto_kl.jpg
507,http://photos2.meetupstatic.com/photos/member/c/c/9/4/thumb_1192372.jpeg
508,http://www.papillon-zh.ch/news/78_Foto_kl.jpg
509,http://www.wildhavenpapillons.com/pup27.JPG
510,http://farm1.static.flickr.com/28/102975082_3e6cd6e366.jpg
511,http://farm3.static.flickr.com/2217/2152840875_a8b8ca68c5.jpg
512,http://www.devrolijkeviervoeters.org/images/vlinderhondje04pap.jpg
513,http://www.papillon-zh.ch/bilder/huendin/peggy1.jpg
514,http://farm3.static.flickr.com/2001/2072379035_5d8a4f735d.jpg
515,http://www.corsini.co.uk/fineart/images/prints/papillon.jpg
516,http://www.papillonclub.org/rescue/dog_photos/marcobio4.jpg
517,http://static.flickr.com/67/175748873_91f9e341d9.jpg
518,http://farm3.static.flickr.com/2030/2075147698_1875bbbf71.jpg
519,http://farm3.static.flickr.com/2413/1523704429_04070dd74c.jpg
520,http://static.flickr.com/228/497937726_7f2c278105.jpg
521,http://farm1.static.flickr.com/91/268498054_fc550b0175.jpg
522,http://www.ismi.net/~foxbrush/PiperBench.JPG
523,http://server.hund.ch/fotos/fpapillon10.jpg
524,http://farm3.static.flickr.com/2336/2138597440_d8b5965844.jpg
525,http://www.papillondog.net/assets/_1012187.JPG
526,http://farm1.static.flickr.com/43/76328460_64d8e38068.jpg
527,http://www.pawsitesonline.com/35_T.jpg
528,http://dl.dogomania.com/pics/13/Beryl_with_bordera.jpg
529,http://www.barkbytes.com/history/papi02.jpg
530,http://farm1.static.flickr.com/49/111160888_4faa2d2d2a.jpg
531,http://www.pixiedustpapillons.com/elvis1.jpg
532,http://farm1.static.flickr.com/72/174613625_0fcb4dd1d7.jpg
533,"http://www.showpaps.com/2006puppies/binitablea5-28-06,350.jpg"
534,http://www.dog-breeds-infosite.com/images/papillon1.jpg
535,http://know.52dog.com/_Files/image/2007-9-2/71817551.jpg
536,http://www.gotpetsonline.com/pictures-gallery/dog-pictures-breeders-puppies-rescue/papillon-pictures-breeders-puppies-rescue/pictures/papillon-0056.jpg
537,http://www.papillonclub.org/rescue/happy_end/solomon2.jpg
538,http://www.wildhavenpapillons.com/pup10.JPG
539,http://farm2.static.flickr.com/1263/618626242_3bcac7afed.jpg
540,http://www.papillon-zh.ch/nav/top.jpg
541,http://www.dogbreedinfo.com/images11/PAPBree4mo3.JPG
542,http://farm1.static.flickr.com/136/361967494_b31e096631.jpg
543,http://farm1.static.flickr.com/37/104179112_e561df137d.jpg
544,http://farm1.static.flickr.com/226/478507523_fa54fb08b5.jpg
545,http://farm1.static.flickr.com/45/154692609_c1d3fa9b91.jpg
546,http://farm1.static.flickr.com/223/492593364_d8010253bb.jpg
547,http://farm1.static.flickr.com/78/229022388_23b3c0ea42.jpg
548,http://farm3.static.flickr.com/2095/2073207944_eec6e213e9.jpg
549,http://www.papillon-zh.ch/news/138_Foto_kl.jpg
550,http://farm1.static.flickr.com/80/267363493_5c5868a7c1.jpg
551,http://www.papillonclub.org/rescue/dog_photos/zandy_654_3.jpg
552,http://www.shihtzuandfurbabyrescue.com/dogs/dylanface.jpg
553,http://farm1.static.flickr.com/51/144484127_f03e57d009.jpg
554,http://www.pets-classifieds.co.uk/image/19628.jpg
555,http://photos3.meetupstatic.com/photos/member/3/6/4/6/member_2773894.jpeg
556,http://static.flickr.com/24/63887111_6c15820c1a.jpg
557,http://www.cyberdogfashions.com/images/sable5wk.JPG
558,http://www.papillonclub.org/rescue/dog_photos/spencer_714_3.jpg
559,http://www.zwerghundeklub.at/images/papillon05.jpg
560,http://farm3.static.flickr.com/2229/1523704435_709823eba9.jpg
561,http://farm3.static.flickr.com/2256/2190871679_e74f4ef247.jpg
562,http://www.dogchannel.com/images/articles/breed_profile_images/papillon_new.jpg
563,http://www.dogterminal.com/albums/albums/userpics/10788/shofnpgterkg_849988.jpg
564,http://farm1.static.flickr.com/129/352421811_ccf88dca97.jpg
565,http://farm1.static.flickr.com/24/89793158_bbe77d109e.jpg
566,http://static.flickr.com/2114/1953580580_c2f52149fb.jpg
567,http://farm3.static.flickr.com/2207/1799393074_06006acd43.jpg
568,http://farm1.static.flickr.com/148/340394454_cb93b93203.jpg
569,http://farm2.static.flickr.com/1077/1219567701_3a77fe5b55.jpg
570,http://www.dogbreedinfo.com/images10/papillonchia.jpg
571,http://www.papillonclub.org/rescue/dog_photos/tinkerbelle_674_2.jpg
572,http://farm1.static.flickr.com/6/8511994_27a9b38710.jpg
573,http://www.puppy.com.my/breed/images/papillion1.jpg
574,http://files.dogster.com/pix/dogs/80/480/3.jpg
575,http://www.caninecrib.com/dog/images/pap_s.jpg
576,http://www.wildhavenpapillons.com/pup12.JPG
577,http://www.papillonpuppy.net/images/list/1892.jpg
578,http://farm2.static.flickr.com/1208/813547398_1cdfe08472.jpg
579,http://farm2.static.flickr.com/1252/1241556288_0f44a78b1f.jpg
580,http://www.papillonclub.org/rescue/dog_photos/domino_6131_3.jpg
581,http://www.canadasguidetodogs.com/images/toys/b1657_b.jpg
582,http://www.browntrout.com/media/images/015/1592/9781421623955_t.jpg
583,http://photos1.meetupstatic.com/photos/member/a/0/9/0/thumb_1421104.jpeg
584,http://www.papillonclub.org/rescue/dog_photos/quincy1.jpg
585,http://www.papillon-zh.ch/news/107_Foto_kl.jpg
586,http://farm1.static.flickr.com/45/110254846_cd998b9656.jpg
587,http://farm1.static.flickr.com/74/196606143_cca6c41e90.jpg
588,http://www.papillonclub.org/rescue/dog_photos/desi3.jpg
589,http://www.papillonclub.org/rescue/dog_photos/jack_743_1.jpg
590,http://farm1.static.flickr.com/191/478507553_c18455841b.jpg
591,http://www.hund.ch/fotos/fpapillon50.jpg
592,http://www.papillon-zh.ch/news/160_Foto_kl.jpg
593,http://farm2.static.flickr.com/1169/1330297230_fbcfc2f4b1.jpg
594,http://www.showpaps.com/Phaleneinfo/Pap%20weak%20ears.jpg
595,http://farm1.static.flickr.com/2/1899653_ec1cccc3ce.jpg
596,http://ecx.images-amazon.com/images/I/31ebdYijL-L.jpg
597,http://www.fordogonly.net/alldog/p1.jpg
598,http://nzpapclub.tripod.com/breeders/pillango/poppit.jpg
599,http://farm1.static.flickr.com/213/478543186_63ffbdc224.jpg
600,http://static.flickr.com/2172/2073176900_b89dacca5d.jpg
601,http://www.puppyparadise.com/Breeds/papillon2.jpg
602,http://www.mydogneeds.com/dog-groups/toy-dogs/papillon.jpg
603,http://www.allsmalldogbreeds.com/images/smalldogbreeds/papillon.jpg
604,http://img.dogpublic.com/breedImages/321.jpg
605,http://2000puppies.com/puppiesforsale/pictures/papillon_kandrews5.jpg
606,http://dl.dogomania.com/pics/30/okt1s.jpg
607,http://cherishpet.com/wp-content/uploads/2007/10/papillon.jpg
608,http://farm3.static.flickr.com/2378/2190336349_12a3a769ed.jpg
609,http://www.wildhavenpapillons.com/pup31.JPG
610,http://www.dogbreedinfo.com/images/PapillonCindy.jpg
611,http://www.papillon-zh.ch/news/156_Foto_kl.jpg
612,http://www.papillon-zh.ch/news/84_Foto_kl.jpg
613,http://farm1.static.flickr.com/181/449467776_012128a5e6.jpg
614,http://static.flickr.com/1439/1439619321_f80736eaa4.jpg
615,http://farm1.static.flickr.com/2/1899663_a385843810.jpg
616,http://www.puppysites.com/deluxe/sherjak.jpg
617,http://www.dkimages.com/discover/previews/794/60020338.JPG
618,http://www.papillonnet.co.uk/our-papillons/rocky/photos/06'10'25_01.jpg
619,http://www.papillonclub.org/rescue/dog_photos/neeco_6104_1.jpg
620,http://www.papillonclub.org/rescue/dog_photos/murray_667_2.jpg
621,http://aniwacomlb.test.fr.colt.net/images/2/1815/norikoBISMonaco2006.jpg
622,http://www.dogpage.us/blue-rose-papillons/blue-rose-papillion-show1.jpg
623,http://image.bizrate.com/resize?sq=160&uid;=550772935&mid;=160280
624,http://farm1.static.flickr.com/199/495777268_7a6c567bc2.jpg
625,http://www.papillonclub.org/rescue/dog_photos/foxy.jpg
626,http://bp3.blogger.com/_zuR9s0_8o-A/RosbWKWyxOI/AAAAAAAAG_Q/mQ63q3YNg_0/s400/dogDM2406_468x243.jpg
627,http://www.maribesopapillons.com/images/mayagryph.jpg
628,http://server.hund.ch/fotos/fpapillon9.jpg
629,http://farm2.static.flickr.com/1318/1246350202_76d138d114.jpg
630,http://static.flickr.com/2097/1804927686_385d3d21c5.jpg
631,http://www.kateconnick.com/postcards/pap.jpg
632,http://farm1.static.flickr.com/173/438558290_95e8286d4e.jpg
633,http://farm1.static.flickr.com/88/276135001_7c442df1b5.jpg
634,http://www.papillon-zh.ch/news/170_Foto_kl.jpg
635,http://www.koetsierkes.dk/images/Toymaker.jpg
636,http://www.papillon-zh.ch/news/109_Foto_kl.jpg
637,http://img.dogpublic.com/breedImages/320.jpg
638,http://farm1.static.flickr.com/123/318094780_b87fcf297f.jpg
639,http://www.hund.ch/fotos/fpapillon53.jpg
640,http://www.papillon-zh.ch/news/83_Foto_kl.jpg
641,http://www.dogbreedinfo.com/images7/PAPupe350.jpg
642,http://farm3.static.flickr.com/2011/1804077251_478de98914.jpg
643,http://www.papillon-zh.ch/bilder/ueberuns/uns1.jpg
644,http://www.papillonclub.org/rescue/dog_photos/gigi_6150_2a.jpg
645,http://www.puppydogweb.com/breeders/pic_images/papillon_jester33165.jpg
646,http://farm1.static.flickr.com/49/121503914_25bd36290f.jpg
647,http://www.papillonclub.org/rescue/dog_photos/sammy_7002_2.jpg
648,http://www.petfinder.com/fotos/NY653/NY653.8608866-2-x.jpg
649,http://homepage.ntlworld.com/graycaz/images/livy.jpg
650,http://farm1.static.flickr.com/192/487619207_56cad99746.jpg
651,http://upload.wikimedia.org/wikipedia/commons/thumb/3/38/Tibetansk_spaniel.jpg/250px-Tibetansk_spaniel.jpg
652,http://www1.istockphoto.com/file_thumbview_approve/2709826/2/istockphoto_2709826_papillon.jpg
653,http://www.papillon-zh.ch/news/77_Foto_kl.jpg
654,http://www.papillon-zh.ch/news/132_Foto_kl.jpg
655,http://farm2.static.flickr.com/1010/1193969126_95e051f977.jpg
656,http://static.flickr.com/1260/1240024213_4e9999eef8.jpg
657,http://www.papillonclub.org/rescue/happy_end/cady.jpg
658,http://farm1.static.flickr.com/121/281406454_c61048ff19.jpg
659,http://www.papillonclub.org/rescue/dog_photos/charlie_713_7.jpg
660,http://www.papillonclub.org/rescue/dog_photos/caleb_200.jpg
661,http://www.papillonclub.org/rescue/dog_photos/razzy4.jpg
662,http://farm1.static.flickr.com/103/256274169_e7e29eddca.jpg
663,http://farm1.static.flickr.com/26/66167832_8d181ebffd.jpg
664,http://farm1.static.flickr.com/41/83249774_5082e0398f.jpg
665,http://www.papillonclub.org/rescue/dog_photos/keegan_656_1.jpg
666,http://farm1.static.flickr.com/2/1899649_c6e6a02a15.jpg
667,http://farm1.static.flickr.com/231/497356525_17c73dab8a.jpg
668,http://farm2.static.flickr.com/1222/1219523957_caa8d3e0ef.jpg
669,http://photos3.meetupstatic.com/photos/member/7/f/c/5/thumb_1832709.jpeg
670,http://www.papillonclub.org/History/images/HonoraryLifeMembers/Pearl-A-George.jpg
671,http://thumbs.ebaystatic.com/pict/170147802440_1.jpg
672,http://www.papillon-zh.ch/news/143_Foto_kl.jpg
673,http://www.dkimages.com/discover/previews/813/639057.JPG
674,http://farm2.static.flickr.com/1211/1219526989_ac209761ba.jpg
675,http://farm1.static.flickr.com/148/337353210_01fb0d87e0.jpg
676,http://farm3.static.flickr.com/2396/1808159351_96c5afceab.jpg
677,http://www.pedigree.com.sg/breeds/images/papillon.jpg
678,http://www.papillonclub.org/rescue/dog_photos/samface.jpg
679,http://www.papillonclub.org/rescue/dog_photos/theo_coco_3.jpg
680,http://www.papillonclub.org/rescue/dog_photos/hank_650_2.jpg
681,http://www.papillonclub.org/2006_images/Bonnie_Lee_and_Dolly.jpg
682,http://bp2.blogger.com/_MfKprGtDY9M/RrnrRbViYwI/AAAAAAAAATg/obIfpS78UJI/s320/G.English.Springer.jpg
683,http://rangeairevision.com/dogshows/toys/cavalier2.jpg
684,http://farm3.static.flickr.com/2114/2221914355_43a24665e1.jpg
685,http://farm2.static.flickr.com/1323/1029342442_79dc27b562.jpg
686,http://farm1.static.flickr.com/2/1899651_1458534993.jpg
687,http://www.petplanet.co.uk/petplanet/images/breeds/chihuahua_long.jpg
688,http://farm1.static.flickr.com/8/6834591_1fcd23a974.jpg
689,http://www.k9breedlist.com/images/Mandy_Rose_Papillon.jpg
690,http://farm3.static.flickr.com/2176/2084702877_26a791a707.jpg
691,http://farm2.static.flickr.com/1053/1245494127_ebf900a505.jpg
692,http://www.papillon-zh.ch/news/87_Foto_kl.jpg
693,http://www.dogbreedinfo.com/images17/PapillonBreeAdult1.jpg
694,http://static.flickr.com/60/154082718_2c6b33376e.jpg
695,http://www.dogsindepth.com/toy_dog_breeds/images/papillon_v02.jpg
696,http://www.papillon.sk/sirrah/gallery/792.jpg
697,http://farm1.static.flickr.com/105/271932042_6b4f3f8393.jpg
698,http://www.papillon-zh.ch/news/115_Foto_kl.jpg
699,http://www.papillon-zh.ch/news/188_Foto_kl.jpg
700,http://www.wildhavenpapillons.com/2005pups13.jpg
701,http://www.dogs.net.au/guilcroft/images/extra_193.jpg
702,http://www.hund.ch/fotos/fpapillon36.jpg
703,http://dl.dogomania.com/pics/10/kovu.JPG
704,http://farm1.static.flickr.com/122/266605843_8bafa94087.jpg
705,http://farm1.static.flickr.com/58/198480202_cb5ece1fc0.jpg
706,http://www.k9breedlist.com/images/Georgia_DeBruin_Papillon.jpg
707,http://data.photos-animaux.com/photos/65/646/64518.jpg
708,http://farm1.static.flickr.com/106/364859465_34fd5aedf4.jpg
709,http://dl.dogomania.com/pics/10/Star_7_months0002a.JPG
710,http://www.welpen.de/zuechter/ihling/papillon.jpg
711,http://photos4.meetupstatic.com/photos/event/6/0/8/b/thumb_2304715.jpeg
712,http://www.papillonclub.org/rescue/happy_end/adopted_annie.jpg
713,http://www.puertosaludtv.com.ar/fotos/espvet2505_18.jpg
714,http://www.waytogopaps.com/Paps/BingoTOP%20TOY(SILVER).jpg
715,http://www.cadeaupapillons.com/papillon%20art%204.jpg
716,http://www.puppyfind.com/breed/toy_fox_terrier/m_435363.jpg
717,http://www.littlepawz.com/dog_images/papillon.jpg
718,http://www.breedersonline.co.uk/Dogs/Photos/Cavalier-King-Charles-Spaniel.jpg
719,http://www.puppy-kitten-sale.com/catimages/papillon.jpg
720,http://farm1.static.flickr.com/24/47187892_e1dbec8c57.jpg
721,http://www.papillon-zh.ch/news/173_Foto_kl.jpg
722,http://www.papillonclub.org/rescue/happy_end/rylee-dakota.jpg
723,http://www.dog-breeds-infosite.com/images/papillon.jpg
724,http://www.smalldoghumane.org/images/dogs/FerrisBuellerPapillonX2.jpg
725,http://farm1.static.flickr.com/55/129181204_43296d43ec.jpg
726,http://farm1.static.flickr.com/34/68686363_2c55f1ed75.jpg
727,http://www.goldmali.co.uk/new_toy050815.jpg
728,http://farm1.static.flickr.com/72/183238463_ec35b18aea.jpg
729,http://tlcpuppiesforsale.com/smallPics/xlsyj-vfcfp-pcnge-papillon_girls_028_thumb.jpg
730,http://centralpets.com/critter_images/mammals/dogs/DOG_0003335_20030724215940.jpg
731,http://farm1.static.flickr.com/114/265199633_417159c806.jpg
732,http://www.papillonclub.org/rescue/dog_photos/freckles_6120_2.jpg
733,http://farm3.static.flickr.com/2043/2056534860_8f7e731353.jpg
734,http://farm1.static.flickr.com/119/289952213_40d42f11d5.jpg
735,http://www.westminsterkennelclub.org/breedinformation/toy/images/chincr.jpg
736,http://www1.istockphoto.com/file_thumbview_approve/942505/2/istockphoto_942505_papillon.jpg
737,http://www.boazvet.com/Images/Dogs/Toys/papillon.jpg
738,http://farm3.static.flickr.com/2006/2166962123_4aea4a901a.jpg
739,http://server.hund.ch/fotos/fpapillon17.jpg
740,http://farm2.static.flickr.com/1121/1162476276_0e28bbf212.jpg
741,http://www.cocker-spaniels-pictures.com/pictures-images-photos/cocker-spaniels-pictures-08.jpg
742,http://farm1.static.flickr.com/215/478507559_7bc2438e84.jpg
743,http://www.papillon-zh.ch/news/114_Foto_kl.jpg
744,http://farm1.static.flickr.com/111/271778601_dd47228ff0.jpg
745,http://static.flickr.com/49/111161374_0edc573b8f.jpg
746,http://www.centralpets.com/critter_images/mammals/dogs/DOG_0003335_20030202213030.jpg
747,http://flyingsilk-papillon.de/henry1.gif
748,"http://www.showpaps.com/2006puppies/binitable5-28-06,350.jpg"
749,http://farm1.static.flickr.com/103/306290317_86277d5032.jpg
750,http://farm2.static.flickr.com/1253/1087298540_0929fcf889.jpg
751,http://farm1.static.flickr.com/168/437597846_054a0c70c5.jpg
752,http://www.wildhavenpapillons.com/pup19.JPG
753,http://farm1.static.flickr.com/51/126934833_00a32b0920.jpg
754,http://farm1.static.flickr.com/15/20170224_fa15784f2a.jpg
755,http://www.photos-animaux.com/data/photos/51/502/50135.jpg
756,http://www1.istockphoto.com/file_thumbview_approve/2228327/2/istockphoto_2228327_purebred_papillon.jpg
757,http://farm3.static.flickr.com/2036/2123968303_2a7e320438.jpg
758,http://www1.istockphoto.com/file_thumbview_approve/2726316/2/istockphoto_2726316_papillon_dog_on_a_black_background_9a.jpg
759,http://farm1.static.flickr.com/20/68686475_257406fc55.jpg
760,http://farm3.static.flickr.com/2226/2102038111_4899ea0392.jpg
761,http://www.canadasguidetodogs.com/customergraphics/canispheregsd/papillon_top.jpg
762,http://farm3.static.flickr.com/2160/2203791912_1a882e6fa5.jpg
763,http://www.moj-album.com/slike/738182/dEVMRPY92cSidDjq.jpg
764,http://farm3.static.flickr.com/2289/2072342847_a3d8b19363.jpg
765,http://www.papillonclub.org/rescue/dog_photos/flicka4.jpg
766,http://www.ardeaprints.com/image/Dog-Continental-Toy-Spaniel-Papillon_646556.jpg
767,http://farm1.static.flickr.com/53/193171120_6bf8c02476.jpg
768,http://www.canadasguidetodogs.com/customergraphics/gsd_riesa/papillon_ad.jpg
769,http://www.breederretriever.com/photopost/data/570/thumbs/papillon.jpg
770,http://farm3.static.flickr.com/2117/2203397791_359caa1e9b.jpg
771,http://www.belgiandogs.org/tetesweb/1OKphaleneteteresizedall.jpg
772,http://centralpets.com/critter_images/mammals/dogs/DOG_0003335_20030214141027.jpg
773,http://www.showdogs.dk/images/Toymakers%20Rosa.jpg
774,http://www.pet-portraitartist.com/all-about-dogs/dogbreeds/breed-pics/Papillon.jpg
775,http://centralpets.com/critter_images/mammals/dogs/DOG_0003335_20030620215106.jpg
776,http://www.pixiedustpapillons.com/tazpt.jpg
777,http://www.grizzlyrun.com/Files/Images/Image_Gallery/Papillon.jpg
778,http://www.papillon-zh.ch/news/57_Foto_kl.jpg
779,http://www.papillonclub.org/rescue/dog_photos/katie_6107_2.jpg
780,http://www.upanddowns.com/Nieuws/nieuws197.jpg
781,http://image.bizrate.com/resize?sq=60&uid;=550772935&mid;=160280
782,http://farm1.static.flickr.com/101/267362910_844f810da8.jpg
783,http://www.dogclub.co.uk/gallery/image/200504191416sky%20circle%20head_thumb.jpg
784,http://www.papillonclub.org/rescue/dog_photos/pix_merc.jpg
785,http://farm2.static.flickr.com/1189/1409452076_ac89dd8813.jpg
786,http://www.papillon-zh.ch/news/92_Foto_kl.jpg
787,http://farm1.static.flickr.com/135/337352920_443b6467b8.jpg
788,http://www.papillonclub.org/rescue/dog_photos/pj_661_2.jpg
789,http://breedersclub.net/files/small/10678.jpg
790,http://www.papillonclub.org/rescue/dog_photos/pappy_6130_1.jpg
791,http://nzpapclub.tripod.com/breeders/pillango/fedora.jpg
792,http://www15.ocn.ne.jp/~yuuna7/otokonoko/papillon2/20070211arusu.jpg
793,"http://www.showpaps.com/2006puppies/Princetriboyd,350.jpg"
794,http://farm2.static.flickr.com/1169/530216654_24de156f97.jpg
795,http://farm1.static.flickr.com/51/137358201_919261824b.jpg
796,http://static.flickr.com/2002/2072379297_fab5539ee6.jpg
797,http://farm1.static.flickr.com/96/238149046_ed182d4a03.jpg
798,http://farm1.static.flickr.com/25/53947417_ffd556617f.jpg
799,http://www.papillonclub.org/rescue/dog_photos/pappy_6130_3.jpg
800,http://farm1.static.flickr.com/102/291250535_b8ccd0e3b4.jpg
801,http://www.papillonclub.org/rescue/dog_photos/kristi_6157_2.jpg
802,http://www.monopoly.se/wp-content/ludde_papillon.jpg
803,http://www.papillonclub.org/rescue/dog_photos/picasa3.jpg
804,http://www.pixiedustpapillons.com/tomy.jpg
805,http://www.puppy-palace.com/ProdImages/papillon2_thumb.jpg
806,http://www.royalcanin.us/dogfood/images/papillon%201737n168.JPG
807,http://members.ozemail.com.au/~sailoz/Angel%20Toy%20Show.jpg
808,http://www.datingpuppy.com/Breeds/breed_p/Papillon1.jpg
809,http://www.showpaps.com/2005puppies/Party10.5wks1.jpg
810,http://www.gotpetsonline.com/pictures-gallery/dog-pictures-breeders-puppies-rescue/papillon-pictures-breeders-puppies-rescue/pictures-photos/papillon-0107.jpg
811,http://www.papillonlvr.com/pics/PAP_BOB_TP29417902.jpg
812,http://www.kristull.com/stamps/Papillon/papumm.jpg
813,http://farm1.static.flickr.com/184/410451954_ec1a42585c.jpg
814,http://www.papillon-zh.ch/news/69_Foto_kl.jpg
815,http://farm1.static.flickr.com/71/166938924_6cdb91508c.jpg
816,http://www.papillondog.net/assets/_1012173.JPG
817,http://farm1.static.flickr.com/29/98365028_3738e4052a.jpg
818,http://centralpets.com/critter_images/mammals/dogs/DOG_0003335_20030724220045.jpg
819,http://farm1.static.flickr.com/160/337353558_64a7ded087.jpg
820,http://farm1.static.flickr.com/34/104178884_9ed4c66d2a.jpg
821,http://farm3.static.flickr.com/2137/2222566092_a5acf4c262.jpg
822,http://farm1.static.flickr.com/226/507131436_fa5671803f.jpg
823,http://server.hund.ch/fotos/fpapillon49.jpg
824,http://farm3.static.flickr.com/2167/1986284459_46f2eb2c11.jpg
825,http://user.txcyber.com/~shikari/pictures/Wrapper.jpg
826,http://farm3.static.flickr.com/2371/2224072300_0525f174cd.jpg
827,http://www.pitbull-breed.com/BreedsPhoto/Papillon.jpg
828,http://www.papillonclub.org/rescue/dog_photos/phantom_708_3.jpg
829,http://www.cadf.ca/dimages/5-Papilon.jpg
830,http://www.papillonclub.org/rescue/dog_photos/toby_678_2.jpg
831,http://www.chien-papillon.com/images/shows/OKC%20Fall%20Match/Neil%20&%20Sam%20the%20Champ-closeup.jpg
832,http://farm1.static.flickr.com/64/172579440_30c5f2ccb9.jpg
833,http://www.dog-breeds.name/pictures/papillon/papillon-6.jpg
834,http://farm1.static.flickr.com/43/95769737_3435b7832e.jpg
835,http://farm3.static.flickr.com/2252/2197106556_e12d4fa6d7.jpg
836,http://static.flickr.com/56/117065677_bce1ce14e2.jpg
837,http://farm3.static.flickr.com/2184/2220677788_f99d1253a0.jpg
838,http://user.txcyber.com/~shikari/pictures/Addie.jpg
839,"http://www.showpaps.com/images/Cowgirl,350,10-03.jpg"
840,http://www.jphpk.gov.my/English/papillon.jpg
841,http://www.toybreeds.com/images/peke.jpg
842,http://farm1.static.flickr.com/46/126138457_3ad31f1896.jpg
843,http://www.pets-hop.com/zukan/toy/papillon/papillon.JPG
844,http://houndsaroundtown.com/restraint/images/pippy-harness2.JPG
845,http://www.papillonclub.org/rescue/dog_photos/cooper_6151_1.jpg
846,http://www.dog-breeds-infosite.com/images/papillon2.jpg
847,http://farm1.static.flickr.com/154/361967250_a6d7420b23.jpg
848,http://dl.dogomania.com/pics/11/moondc.JPG
849,http://dawg420oh.tripod.com/papaon.jpg
850,http://www.freewebs.com/coldawruepapillons/2007_0313dogandthings0029.JPG
851,http://www.fullwallpaper.net/medium/Dog_Papillon_papillon+wallpaper-papillon+picture-papillon-1.jpg
852,http://dl.dogomania.com/pics/15/Speedy.jpg
853,http://farm2.static.flickr.com/1333/631430687_07c5cfd8cd.jpg
854,"http://www.showpaps.com/2006puppies/teddiph12-21-06,250.jpg"
855,http://www.puppydogweb.com/gallery/papillons/papillon_forbes.jpg
856,http://www.felixandfido.com/catalog/images/pap1fig.jpg
857,http://www.preciouspuppies.net/images/puppypics/Puppie_Pix_6.5.06_014_tn.jpg
858,http://www.animalpedia.com/Animals/displayThumbnail.aspx?id=24
859,http://www.papillonclub.org/rescue/dog_photos/lucie_6146_2.jpg
860,http://www.ne.jp/asahi/m-pretty/papillon/jpg/ginger/tt.jpg
861,http://user.txcyber.com/~shikari/pictures/Ringer.jpg
862,http://www.braylorspapillons.com/imagesfaith/FaithToyClub2.jpg
863,http://www.papillonclub.org/rescue/happy_end/rudy.jpg
864,http://www.famousdogbreeds.com/dogbreeds/images/papillon.jpg
865,http://static.flickr.com/65/179182880_9acafea4f5.jpg
866,http://www.gotdogsonline.com/papillon-pictures-breeders-puppies-rescue/pictures/papillon-0043.jpg
867,http://www.nexternal.com/pugcafe/images/pw1211_papillon.jpg
868,http://farm1.static.flickr.com/20/73293327_cb387c458f.jpg
869,http://www.papillonclub.org/rescue/happy_end/finn.jpg
870,http://www.selectsmart.com/DOG/aussie.jpg
871,http://farm1.static.flickr.com/99/272070703_2cb7fa224f.jpg
872,http://www.artizo.com/bitey%20tongue.JPG
873,http://www.millercountrydogs.com/images/flags/mbe_ht_papillon_tri_tb5336t.jpg
874,http://www.sandicast.com/images/catalog/1/746314005972A.jpg
875,http://farm1.static.flickr.com/53/134965995_132fd9cc33.jpg
876,http://farm1.static.flickr.com/87/208552376_7643ed6c46.jpg
877,http://farm1.static.flickr.com/106/289953027_15db6e8e37.jpg
878,http://www.dog-breeds-and-gifts.com/images/papillon1.jpg
879,http://dl.dogomania.com/pics/11/Deliah.jpg
880,http://www.cyberdogfashions.com/images/MINI-montage-8wks.JPG
881,http://www.papillonclub.org/rescue/dog_photos/zandy_654_1.jpg
882,http://www.evcilkopekler.com/fotolar/kucuk1113636605papillon_9.jpg
883,http://www1.istockphoto.com/file_thumbview_approve/2703255/2/istockphoto_2703255_papillon_dog_on_black_background_1.jpg
884,http://p.webshots.com/ProThumbs/45/52145_wallpaper280.jpg
885,http://www.ukdogs.org/toy/papillon/pictures/Longcrags%20Dealan%20De%20Prionsa%20at%20Fortglen.jpg
886,http://farm2.static.flickr.com/1280/1303362398_df9d02581a.jpg
887,http://flashbackkennel.com.hosting.domaindirect.com/panda.jpg
888,http://cache.eb.com/eb/thumb?id=38935
889,http://www.small-dogbreeds.com/images/papillon.jpg
890,http://www.cats-dogs-ukraine.com/images/200703091432560.foto_g_papil9b.jpg
891,http://farm1.static.flickr.com/78/212251723_7d8050c07c.jpg
892,http://content.answers.com/main/content/wp/en-commons/thumb/5/5e/250px-King_Charles_Spaniel_200.jpg
893,http://www.dogbreedinfo.com/phs3/MoscoToyTerrierPHS.jpg
894,http://www.yrar.se/Tidigare/Bilder/papill2.gif
895,http://farm1.static.flickr.com/54/177041490_5f0b00ef6c.jpg
896,http://www.papillonlvr.com/pics/pic_us-28.jpg
897,http://farm1.static.flickr.com/65/179182880_9acafea4f5.jpg
898,http://www.papillon-zh.ch/bilder/huendin/tammy1.jpg
899,http://rangeairevision.com/dogshows/toys/chi-long-head1.jpg
900,http://hotc.org/hotc/images/hotcDogs/Toy_Dogs/67_Amber.jpg
901,http://www.vetnpetz.com/images/ToyB1.jpg
902,http://www.dogbreedinfo.com/images3/Papillonindyrattan.jpg
903,http://www.canaryzoo.com/Dog%20Species/papillon.jpg
904,http://www.papillonclub.org/rescue/dog_photos/max_740_2.jpg
905,http://server.hund.ch/fotos/fpapillon22.jpg
906,http://farm1.static.flickr.com/11/12505068_2f6832610d.jpg
907,http://farm1.static.flickr.com/182/449420085_64c39e54d5.jpg
908,http://centralpets.com/critter_images/mammals/dogs/DOG_0003335_20030722144758.jpg
909,http://www.papillonclub.org/rescue/dog_photos/spook2.jpg
910,http://www.showpaps.com/2005pix/bucksideB11-07.jpg
911,http://www.kibblesnbits.com/dogcare/images/toy_12.gif
912,http://farm1.static.flickr.com/39/84306642_00e2439ce1.jpg
913,http://farm1.static.flickr.com/106/270893536_0f4cdac46a.jpg
914,http://www.wildhavenpapillons.com/pup22.JPG
915,http://www.showdogs.dk/images/Toymakers%20Tiffany_2.jpg
916,http://farm3.static.flickr.com/2196/1789827691_b5724a018b.jpg
917,http://farm3.static.flickr.com/2007/1920651236_2b7dcc01b9.jpg
918,http://farm1.static.flickr.com/50/111185751_b1c86a1ec8.jpg
919,http://farm1.static.flickr.com/43/83249781_5bb7644edf.jpg
920,http://farm1.static.flickr.com/127/387346682_14bf6d7ef0.jpg
921,http://www.papillonclub.org/rescue/dog_photos/sammy_7002_1.jpg
922,http://farm1.static.flickr.com/217/497963875_97f3d36dd0.jpg
923,http://www.papillonclub.org/rescue/dog_photos/beau_676_1.jpg
924,http://www.dog-breed-facts.com/images/Papillon-small.jpg
925,http://www.papillonclub.org/rescue/dog_photos/papihome.jpg
926,http://l.yimg.com/us.yimg.com/i/us/pets/brgd/chihuahua.jpg
927,http://farm3.static.flickr.com/2043/2196318081_0269ee4dae.jpg
928,http://farm3.static.flickr.com/2218/2208957080_bd8d85a050.jpg
929,http://farm2.static.flickr.com/1047/1166974177_b06aaf91c2.jpg
930,http://static.flickr.com/2175/2072369635_1a041764ac.jpg
931,http://farm1.static.flickr.com/5/6076039_30790e7077.jpg
932,http://farm1.static.flickr.com/225/494714010_36fb11bf29.jpg
933,http://farm1.static.flickr.com/24/47187894_99f7e925c4.jpg
934,http://farm1.static.flickr.com/143/348702866_c338703f46.jpg
935,http://www.puppydogweb.com/breeders/pic_images/papillon_beatty10126.jpg
936,http://www.papillon-zh.ch/news/93_Foto_kl.jpg
937,http://centralpets.com/critter_images/mammals/dogs/DOG_0003335_20010406185201.jpg
938,http://www.dogbreedinfo.com/images7/Papillion_Pup_Dawn3.jpg
939,http://farm1.static.flickr.com/186/483545846_c23e7d8ff4.jpg
940,http://luvkennels.com/images/papillon100.jpg
941,http://www.canadasguidetodogs.com/images/toys/b1666_b.jpg
942,http://www.papillonclub.org/rescue/dog_photos/beau_676_6.jpg
943,http://farm1.static.flickr.com/20/68686535_ed3e7b2c88.jpg
944,http://www.wildhavenpapillons.com/2005pups10.jpg
945,http://farm1.static.flickr.com/162/337353741_838536c2dd.jpg
946,http://farm1.static.flickr.com/188/439643666_870cf82729.jpg
947,http://www.pixiedustpapillons.com/TrixieCH.jpg
948,http://photos1.meetupstatic.com/photos/member/2/4/b/e/thumb_909406.jpeg
949,http://www.dogs4sale.com.au/Breeds/Papillon/Fact_Sheets/SaintRose_NevadaBFP.jpg
950,http://www.preciouspuppies.net/images/puppypics/papillon4458_tn.jpg
951,http://server.hund.ch/fotos/fpapillon4.jpg
952,http://www.kaneljohan.se/papihuahuas/Chico%201.jpg
953,http://www.papillonclub.org/rescue/dog_photos/tinkerbelle_674_3.jpg
954,http://www.sandridgepaps.com/images/photos/papillon-show-0016.jpg
955,http://www.papillonclub.org/rescue/dog_photos/shaina_689_2.jpg
956,http://img.tfd.com/wn/FE/615B8-papillon.gif
957,http://hunde.haustiere-info.de/galerie/papillon-2-7329-3.jpg
958,http://www.free-dogs-info.com/papillion_kini.jpg
959,http://www.papillonclub.org/rescue/dog_photos/pepelepew_6153_2.jpg
960,http://www.astralenterprise.com/Dogs/DogPictures/Gracie_Papillon_06_04_07_critterchaos.jpg
961,http://www.braylorspapillons.com/imagesmisha/MishaDallasToyOS2.jpg
962,http://www.preciouspuppies.net/images/puppypics/PP-2864_tn.jpg
963,http://www.papillonclub.org/rescue/dog_photos/gigi_6150_1.jpg
964,http://www.my-pet-medicine.com/wp-content/uploads/2006/08/papillon-puppy2.jpg
965,http://www.scottiedogs.co.uk/images/DOGS/papillon1-s.jpg
966,http://www.papillonclub.org/rescue/dog_photos/ella_6111_1.jpg
967,http://www.papillonclub.org/rescue/graphx/beths_magic.jpg
968,http://www.papillon-zh.ch/news/41_Foto_kl.jpg
969,http://farm2.static.flickr.com/1400/618628422_a58ebb106f.jpg
970,http://www.puppycityny.com/Papillon/papillon.jpg
971,http://www.dogpage.us/puppy-for-sale/images/41XBH5H9EHL.jpg
972,http://www.pedigree.co.nz/breeds/images/papillon_03.jpg
973,http://farm2.static.flickr.com/1173/896768508_fff92d7e83.jpg
974,http://www.jaclair.ca/images/past/Major.jpg
975,http://farm1.static.flickr.com/49/111161640_b61b6dae1e.jpg
976,http://files.dogster.com/pix/dogs/59/653659/653659_1193628867.jpg
977,http://www.papillonclub.org/rescue/dog_photos/pixie_200.jpg
978,http://farm3.static.flickr.com/2145/1604928805_0389b9f836.jpg
979,http://img.dogphoria.com/web_2007_07_2488f467-32c5-4eec-863d-4fe71cf52ceb.jpg
980,http://centralpets.com/critter_images/mammals/dogs/DOG_0003335_20030316055610.jpg
981,http://farm1.static.flickr.com/175/365270447_f35667c545.jpg
982,http://farm3.static.flickr.com/2105/2203876018_63ebb81d7d.jpg
983,http://www.papillonclub.org/rescue/dog_photos/princess_6144_3.jpg
984,http://www.getpawsitiveresults.com/Pipmischief.jpg
985,http://www.papillonclub.org/rescue/happy_end/brutuspro.jpg
986,http://www.centralpets.com/critter_images/mammals/dogs/DOG_0003335_20030722145429.jpg
987,http://farm1.static.flickr.com/21/31561960_f33b13eb7a.jpg
988,http://www.marksbassetacres.com/images/papillion_pdw.jpg
989,http://farm1.static.flickr.com/11/13530946_d4d6fa8bf1.jpg
990,http://showpaps.com/images/TAYLOR2180.jpg
991,http://windsorspreciouspets.net/img_2007_301.gif
992,http://www.epet-center.com/image-files/papillon.jpg
993,http://www.dogbreedinfo.com/images14/PappillonMyrnaLoyImage3.jpg
994,http://farm3.static.flickr.com/2247/2072369345_075b612257.jpg
995,http://www.viarural.com.ar/viarural.com.ar/ganaderia/mascotas/pets/perros4/continental-toy-spaniel03.jpg
996,http://zooclub.com.ua/img/1/3/14/126/705/929.jpg
997,http://www.animalfirm.com/papillon.jpg
998,http://www.chien-papillon.com/images/Oui/Oui-at-Xmas-2.jpg
999,http://farm1.static.flickr.com/142/321563447_9af3539ea7.jpg
1000,http://www.wildhavenpapillons.com/pup5.JPG
1001,http://www.wildhavenpapillons.com/pup35.jpg
1002,http://www.papillonclub.org/rescue/dog_photos/beau_676_2.jpg
1003,http://farm3.static.flickr.com/2009/2191731051_8f700f5feb.jpg
1004,http://thumbnail.search.aolcdn.com/truveo/images/thumbnails/07/98/0798BF97ED1E48.jpg
1005,http://www.papillonclub.org/rescue/dog_photos/nila_668_1.jpg
1006,http://www.ardrossanmudgee.com.au/images/kc-the-papillon.jpg
1007,http://www.papillonclub.org/rescue/dog_photos/foxy1.jpg
1008,http://www.tinytoypups.com/papillon.jpg
1009,http://www.kmdogart.com/papillonwebsmall.jpg
1010,http://static.flickr.com/2036/2123968303_2a7e320438.jpg
1011,http://user.txcyber.com/~shikari/pictures/Corrie.jpg
1012,http://upload.wikimedia.org/wikipedia/commons/thumb/1/1f/Spaniel_miniaturowy_kontynentalny_phalene_59.jpg/116px-Spaniel_miniaturowy_kontynentalny_phalene_59.jpg
1013,http://www.pedigree.com.au/breeds/images/papillon.jpg
1014,http://farm3.static.flickr.com/2010/1953577250_2652945a9c.jpg
1015,http://www.papillonclub.org/History/images/HistoryMakingFirsts/ObedienceFirsts/HighScoringToyDog-sm.jpg
1016,http://server.hund.ch/fotos/fpapillon26.jpg
1017,http://dl.dogomania.com/pics/29/Latoya.jpg
1018,http://www.puppydogweb.com/breeders/prem_images/papillon_meryhew.jpg
1019,http://farm1.static.flickr.com/120/313730607_516edc9247.jpg
1020,http://hungarian-pets.com/user_files/photo/dog_breed/papillon.jpg
1021,http://aiken.cafe.coocan.jp/papillon%20g/Kin1.JPG
1022,http://static.flickr.com/29/63887264_a5e296497f.jpg
1023,http://www.wagandfetch.com/images/breeds/breed_papillon.jpg
1024,http://www.rileyspapillons.com/images/LisaOSnewmexicoToyShow3.jpg
1025,http://my.erinet.com/~papillon/peggy.jpg
1026,http://farm1.static.flickr.com/90/267065895_cf829a1e86.jpg
1027,http://www.wildhavenpapillons.com/pup9.JPG
1028,http://www.imeha.org/online/imageDB/099papillon.jpg
1029,http://petszone.dyndns.org/shop/products/toys/Papillon.jpg
1030,http://www.papillonclub.org/rescue/special_needs/proudmary.jpg
1031,http://farm1.static.flickr.com/182/375112514_78938287a0.jpg
1032,http://farm1.static.flickr.com/26/53947416_a08ec6a4e8.jpg
1033,http://farm1.static.flickr.com/186/479376694_4dc6e04366.jpg
1034,http://farm1.static.flickr.com/188/478513084_7d91d064c2.jpg
1035,http://www.papillon-puppies.com/papillon-puppies-for-sale.jpg
1036,http://www.pgaa.com/canine/general/images/papillonluke.jpg
1037,http://farm1.static.flickr.com/56/117065677_bce1ce14e2.jpg
1038,http://www.papillonclub.org/rescue/happy_end/mickey2.jpg
1039,http://www.continentalkennelclub.com/Breeds/Images/Papillon.jpg
1040,http://www.papillonclub.org/rescue/dog_photos/leo_6132_3.jpg
1041,http://farm3.static.flickr.com/2301/1558096372_cb5b612638.jpg
1042,http://www.papillonclub.org/rescue/dog_photos/roxy1.jpg
1043,http://farm3.static.flickr.com/2312/2072369037_2df7ec099d.jpg
1044,http://www.thethreadpainter.com/Photo-Stitch/!Images-Dog-Breeds/papillon-14502.jpg
1045,http://www.papillonclub.org/rescue/dog_photos/jazl_6138_1.jpg
1046,http://www.papillonclub.org/rescue/dog_photos/gizmo_200.jpg
1047,http://www.showpaps.com/2005puppies/Timerboy.jpg
1048,http://www.papillonclub.org/rescue/dog_photos/eddie_5164_1.jpg
1049,http://www.puppydogweb.com/states/images/papillon_taubert10227.jpg
1050,http://farm3.static.flickr.com/2041/2110711345_aa81e35071.jpg
1051,http://www.papillonclub.org/rescue/happy_end/DSC02289.jpg
1052,http://farm3.static.flickr.com/2127/2175280236_be666f0a6a.jpg
1053,http://farm2.static.flickr.com/1037/1346990795_3debcc1ea6.jpg
1054,http://farm2.static.flickr.com/1316/1246353888_947e69293b.jpg
1055,http://farm1.static.flickr.com/186/433148370_0d5ffa7191.jpg
1056,http://involopapillons.com/images/litahd.jpg
1057,http://centralpets.com/critter_images/mammals/dogs/DOG_0003335_20010406194526.jpg
1058,http://farm1.static.flickr.com/45/126138357_4ee429adb7.jpg
1059,http://centralpets.com/critter_images/mammals/dogs/DOG_0003335_20021106145552.jpg
1060,http://www.poshpawz.com/papillon-dog-coats.jpg
1061,http://www.greatdogsite.com/admin/uploaded_files/thumbnails/papillion333x_1191990376500.jpg
1062,http://www.inkie.dk/Hunde%20f%2000/Meka-P.jpg
1063,http://www1.istockphoto.com/file_thumbview_approve/3565441/2/istockphoto_3565441_the_choice_of_french_royalty_papillon_or_butterfly_dog.jpg
1064,http://www.papillonclub.org/rescue/dog_photos/hank_650_1.jpg
1065,http://www.pedigree.at/bilder/rassen/Papillon.jpg
1066,http://www.dogbreedinfo.com/images6/PapillonCindy.jpg
1067,http://farm2.static.flickr.com/1221/1219453595_c438ad236b.jpg
1068,http://www.papillonclub.org/rescue/happy_end/oley2.jpg
1069,http://farm1.static.flickr.com/120/271778661_e050bde93e.jpg
1070,http://www.rozinkennel.com/images/papillon-puppy-pictures/papillon-dog-2.jpg
1071,http://www.wildhavenpapillons.com/pup37.jpg
1072,http://farm2.static.flickr.com/1393/540684416_be0e43e8e5.jpg
1073,http://farm1.static.flickr.com/77/166426167_283d680f76.jpg
1074,http://www.puppydogweb.com/breeders/pic_images/papillon_cobb5.jpg
1075,http://www.papillonclub.org/rescue/dog_photos/tinker_706_3.jpg
1076,http://papillonclub.org/rescue/graphx/trixie.jpg
1077,http://www.puppydogweb.com/states/images/papillon_tuggle5297.jpg
1078,http://www.papillonclub.org/rescue/dog_photos/pappy_6147_3.jpg
1079,http://www.wildhavenpapillons.com/pup24.JPG
1080,http://www.canadasguidetodogs.com/customergraphics/papillon1.jpg
1081,http://farm1.static.flickr.com/39/97977677_d6d25fcee7.jpg
1082,http://farm3.static.flickr.com/2019/2132664886_eb9740d7be.jpg
1083,http://farm2.static.flickr.com/1315/1460142719_bdec432989.jpg
1084,http://www.papillonclub.org/rescue/dog_photos/rustymd3.jpg
1085,http://www.maribesopapillons.com/images/twopups.jpg
1086,http://farm2.static.flickr.com/1018/1416330124_07091ae7d6.jpg
1087,http://farm2.static.flickr.com/1169/1467478011_e174f3307f.jpg
1088,http://www.dogbreedinfo.com/images17/PapillonBreeAdult2.JPG
1089,http://www.papillon-zh.ch/bilder/huendin/pueppi2.jpg
1090,http://farm1.static.flickr.com/128/320153737_3597b5ccc3.jpg
1091,http://www.dogbreedinfo.com/phs3/PHSTeaCupToyAustralianShepherd.JPG
1092,http://farm1.static.flickr.com/31/101432597_e85cd3f211.jpg
1093,http://showpaps.com/Phaleneinfo/Dapperjump.jpg
1094,http://www.nzkc.org.nz/nds2005/images/group1183.jpg
1095,http://farm3.static.flickr.com/2406/1993699077_0cdd325025.jpg
1096,http://www.chien-papillon.com/images/shows/OKC%20Fall%20Match/Neil%20&%20Sam%20the%20Champ-2.jpg
1097,http://www.papillonclub.org/rescue/dog_photos/sweetie_699_3.jpg
1098,http://farm1.static.flickr.com/44/171809721_526b5c2d3f.jpg
1099,http://upload.wikimedia.org/wikipedia/commons/thumb/2/2a/Papillon_portrait_Flickr.jpg/401px-Papillon_portrait_Flickr.jpg
1100,http://www.horsebrooch.com/sitebuilder/images/Papillon-89x100.jpg
1101,http://farm1.static.flickr.com/74/175684002_3f5ec4e0e7.jpg
1102,http://www.papillonclub.org/rescue/dog_photos/kristi_6157_1.jpg
1103,http://www.papillon-zh.ch/news/162_Foto_kl.jpg
1104,http://www.pets2share.com/Papillon%20Boys%20Brody2.jpg
1105,http://www.brunotausz.com/images/Papillon_ico.gif
1106,http://www.dogbreedinfo.com/images10/PapillonChia7weeks2.jpg
1107,http://user.txcyber.com/~shikari/pictures/Heart.jpg
1108,http://farm1.static.flickr.com/46/169597038_6ed06052bf.jpg
1109,http://www.waytogopaps.com/Paps/ROCKY%20toy.jpg
1110,http://www.nationaldogbreeders.com/uploads/ace.jpg
1111,http://www.papillonclub.org/rescue/dog_photos/yancy_6119_2.jpg
1112,http://farm2.static.flickr.com/1008/809710772_967035c21f.jpg
1113,http://showpaps.com/Phaleneinfo/Dapper%20wind%205.jpg
1114,http://farm3.static.flickr.com/2404/2223204513_c793106078.jpg
1115,http://farm2.static.flickr.com/1146/1316060201_02e059273a.jpg
1116,http://www.okpetgazette.com/right/papillon11.jpg
1117,http://www.papillonclub.org/rescue/dog_photos/timmy_6105_2.jpg
1118,http://www.papillonclub.org/rescue/dog_photos/pappy_6147_1.jpg
1119,http://www.papillonclub.org/2006_images/Oliver_Toy_Group_win.jpg
1120,http://farm2.static.flickr.com/1265/1185656888_3c64565a60.jpg
1121,http://www.papillonclub.org/History/images/ShowResults/Photos/1970-79/1978-ToyGroup2.jpg
1122,http://farm1.static.flickr.com/67/175748873_91f9e341d9.jpg
1123,http://www.hund.ch/fotos/fpapillon3.gif
1124,http://www.centralpets.com/critter_images/mammals/dogs/DOG_0003335_20021108195739.jpg
1125,http://farm2.static.flickr.com/1275/931074226_14794c5bcf.jpg
1126,http://www.papillon-zh.ch/news/149_Foto_kl.jpg
1127,http://farm1.static.flickr.com/92/233230007_44ef40cb8c.jpg
1128,http://farm1.static.flickr.com/38/82016546_19ac8585d9.jpg
1129,http://farm1.static.flickr.com/91/254956926_a4189c8669.jpg
1130,http://www.showpaps.com/2007pix/Gypsy12mo1.jpg
1131,http://www.pedigree.co.nz/breeds/images/papillon_04.jpg
1132,http://dl.dogomania.com/pics/27/Adoring_Pappy.jpg
1133,http://www.dogtron.com/dog/img/papillon-s.jpg
1134,http://www.ukdogs.org/toy/papillon/pictures/Peri%20at%2018mnths.JPG
1135,http://www.calendars.com/images/024/2434/200600000771_hs.jpg
1136,http://farm1.static.flickr.com/181/439643530_409a7e7c78.jpg
1137,http://www.kennel-birkedal.dk/billeder/papillon5.jpg
1138,http://farm1.static.flickr.com/168/375120773_37206f316d.jpg
1139,http://animal-photography.co.uk/thumbs/AP-1D8TLQ-TH.jpg
1140,http://www.karyzmapapillons.net/Indy.jpg
1141,http://www.papillon-zh.ch/news/164_Foto_kl.jpg
1142,http://photos2.meetupstatic.com/photos/member/5/7/b/thumb_2101403.jpeg
1143,http://www.hund.ch/fotos/fpapillon19.jpg
1144,http://www.furrycritter.com/resources/dogs/Images/Continental_Toy_Spaniel.gif
1145,http://farm3.static.flickr.com/2085/2232078068_082d845931.jpg
1146,http://www.cyberdogfashions.com/images/Mini13-500-8wks.JPG
1147,http://farm3.static.flickr.com/2414/1594468847_cb11d3c424.jpg
1148,http://www.showpaps.com/images3/Danny_Ally.jpg
1149,http://www.ridgebacks.com.au/Images/BreedEncylopedia/Toys/Papillon.jpg
1150,http://www.canadasguidetodogs.com/customergraphics/canispheregsd/papillon_ad.jpg
1151,http://farm2.static.flickr.com/1358/764912516_e12dbbf9d0.jpg
1152,http://www.champdogs.co.uk/images/k24d1.jpg
1153,http://www.gotdogsonline.com/papillon-pictures-breeders-puppies-rescue/pictures/papillon-0028.jpg
1154,http://static.flickr.com/174/433153613_ac13f04252.jpg
1155,http://farm3.static.flickr.com/2151/2072370411_f2f38d1f2b.jpg
1156,http://farm1.static.flickr.com/137/321773683_e8f784eeaa.jpg
1157,http://www.gotdogsonline.com/papillon-pictures-breeders-puppies-rescue/pictures/papillon-0026.jpg
1158,http://www.bunique.com/dog-pictures/images/images/images/papillonlarge.gif
1159,http://www.papillonclub.org/rescue/dog_photos/pappyside.jpg
1160,http://server.hund.ch/fotos/fpapillon6.jpg
1161,http://www.gotpetsonline.com/pictures-gallery/dog-pictures-breeders-puppies-rescue/papillon-pictures-breeders-puppies-rescue/pictures/papillon-0063.jpg
1162,http://dl.dogomania.com/pics/31/Dcp_0138.jpg
1163,http://farm1.static.flickr.com/6/8962750_d95eacccf7.jpg
1164,http://www.cyberdogfashions.com/images/SABLE7WK.JPG
1165,http://farm1.static.flickr.com/34/109277102_d779986d19.jpg
1166,http://www.showpaps.com/images/riley.JPG
1167,http://farm1.static.flickr.com/167/437998691_2f2699d2ea.jpg
1168,http://www.papillonclub.org/rescue/dog_photos/emily_6143_1.jpg
1169,http://www.k9breedlist.com/images/Donneta_Williams_Papillon.jpg
1170,http://www.pupcity.com/images/adpics/05229003657171_1.jpg
1171,http://www.papillon-toyterriers.net/gallery/image_97.jpg
1172,http://www.papillonclub.org/rescue/dog_photos/repeat1.jpg
1173,http://www.houssen.com/canine/canineimages/smldogs/papillon.jpg
1174,http://farm3.static.flickr.com/2022/2191657058_a47b7fa886.jpg
1175,http://farm1.static.flickr.com/163/409783515_0e94209bfe.jpg
1176,http://farm1.static.flickr.com/166/360326957_af0c91afaf.jpg
1177,http://www.smalldoghumane.org/images/dogs/CoolHandLukePapillonX2.jpg
1178,http://www.papillonclub.org/rescue/dog_photos/joey_673_1.jpg
1179,"http://www.showpaps.com/2006puppies/teddiph3,12-21-06,250.jpg"
1180,http://www.showpaps.com/history/Phae2.jpg
1181,http://cyberpet.com/papillon/03625.jpg
1182,http://www.madono.jp/site3/papillon1/photo.jpg
1183,http://farm1.static.flickr.com/117/267361853_21dc22cc77.jpg
1184,http://anjingkita.com/nimages/WMN_2008.jpg
1185,http://www.puppydogweb.com/breeders/pic_images/papillon_ahunter.jpg
1186,http://dl.dogomania.com/pics/29/ilove1s.jpg
1187,http://www.wildhavenpapillons.com/2005pups7.jpg
1188,http://www.papillonclub.org/rescue/dog_photos/roman_649_2.jpg
1189,http://www.dog-breeds.name/pictures/papillon/papillon-4.jpg
1190,http://farm2.static.flickr.com/1334/532321448_ecda3c3d09.jpg
1191,http://jenlynn.tripod.com/subdirectory2/papillon.gif
1192,http://www.kayladeepapillons.com/BritchesModel.jpg
1193,http://www.papillonclub.org/rescue/happy_end/bud1.jpg
1194,http://cadeaupapillons.com/files/boys/troy3b.jpg
1195,http://www.shibainupuppies.net/Papillon015.jpg
1196,http://www.dogbreedinfo.com/images7/Papillion_Pup_Dawn2.jpg
1197,http://server.hund.ch/fotos/fpapillon40.jpg
1198,http://www.papillon-zh.ch/news/137_Foto_kl.jpg
1199,http://solo4.abac.com/diamond/breeders/pap.jpg
1200,http://farm3.static.flickr.com/2250/2221775223_b005824364.jpg
1201,http://www.dogtron.com/dog/img/chihuahua-s.jpg
1202,http://www.sandridgepaps.com/images/photos/papillon-0011.jpg
1203,http://farm1.static.flickr.com/243/517143420_afb059aacf.jpg
1204,http://www.papillondog.net/assets/_1012182.JPG
1205,http://farm3.static.flickr.com/2092/2222566362_808b315c10.jpg
1206,http://farm2.static.flickr.com/1040/1375137258_4c2216f522.jpg
1207,http://www.papillonclub.org/rescue/happy_end/pippin_small.jpg
1208,http://farm1.static.flickr.com/109/313777307_b9ab166e8e.jpg
1209,http://www.showpaps.com/2005puppies/SmallBoy11wks7.jpg
1210,http://www.gollygear.com/harnesspics/active_esse1.jpg
1211,http://www.papillon-zh.ch/news/125_Foto_kl.jpg
1212,http://farm2.static.flickr.com/1144/1390148144_533c76ba27.jpg
1213,http://www.papillon-zh.ch/news/75_Foto_kl.jpg
1214,http://www.papillon-zh.ch/news/135_Foto_kl.jpg
1215,http://farm1.static.flickr.com/88/244546191_9d9dc5e605.jpg
1216,http://farm1.static.flickr.com/216/456042970_f371a340f2.jpg
1217,http://farm1.static.flickr.com/58/205813444_c2f55ee254.jpg
1218,http://www.papillonclub.org/rescue/dog_photos/logan_719_1.jpg
1219,http://farm1.static.flickr.com/33/61726579_6eff5ec2d2.jpg
1220,http://www.kucy.com/upimg/litimg/070202/0J0591Q34.jpg
1221,"http://www.showpaps.com/2006puppies/Princeredboyd,350.jpg"
1222,http://www.wildhavenpapillons.com/2005pups14.jpg
1223,http://farm1.static.flickr.com/72/157151324_34200745f2.jpg
1224,http://farm1.static.flickr.com/144/361474489_bbc4e3caa1.jpg
1225,http://www.critterpages.com/images/Papillon.JPG
1226,http://www.jcwbears.co.uk/toy%20group/papillon.jpg
1227,http://farm1.static.flickr.com/38/96852590_71caa95785.jpg
1228,http://dl.dogomania.com/pics/21/malcolm1a.jpg
1229,http://farm1.static.flickr.com/40/84825068_1f1139ee86.jpg
1230,http://www.sandhillspuppypaws.com/our_breeds/images/pap-breed1.jpg
1231,http://www.dog-breeds-and-gifts.com/images/papillon5.jpg
1232,http://www.papillonclub.org/rescue/dog_photos/roman_649_5.jpg
1233,http://farm1.static.flickr.com/110/254956923_f0abde9839.jpg
1234,http://www.aquariapets.com/papillon_brnF-REDBKJPG.jpg
1235,http://www.photosphrases.com/dogs/DD-TY-CC%2049343.jpg
1236,http://www.jaclair.ca/images/past/doodles1.gif
1237,http://dl.dogomania.com/pics/35/SIGAL_Amitycja.jpg
1238,http://www.gwlittle.com/Images/lil%20breeds/PappyB.gif
1239,http://site.animalden.com/images/cj/4281.jpg
1240,"http://waytogopaps.com/images/Punkside,9-7,258.jpg"
1241,http://farm1.static.flickr.com/34/70468790_383c6d21f8.jpg
1242,http://www.hund.ch/fotos/fpapillon44.jpg
1243,http://rangeairevision.com/educational/spaniels/papillon.jpg
1244,http://www.papillonclub.org/rescue/dog_photos/pookie2.jpg
1245,http://farm3.static.flickr.com/2219/2176126528_bd2b9222ef.jpg
1246,http://farm1.static.flickr.com/154/361967331_21ccf69978.jpg
1247,http://www.papillonclub.org/rescue/dog_photos/greta_705_1.jpg
1248,http://www.wildhavenpapillons.com/2005pups12.jpg
1249,http://farm1.static.flickr.com/165/360326849_4aa2b67838.jpg
1250,http://www.puppydogweb.com/states/images/papillon_hall1266.jpg
1251,http://photos2.meetupstatic.com/photos/event/b/1/b/9/event_705497.jpeg
1252,http://farm1.static.flickr.com/56/108673996_78c41522b7.jpg
1253,http://www.papillonclub.org/rescue/dog_photos/rider4.jpg
1254,http://www.puppydogweb.com/breeders/pic_images/papillon_luvpap5.jpg
1255,http://www.papillonclub.org/rescue/dog_photos/flicka6.jpg
1256,http://farm1.static.flickr.com/220/482141252_5aa40b43d3.jpg
1257,http://www.dog-names.org.uk/images/papillon.gif
1258,http://www.dog-breeds.net/PapillofnCunanianghaam2Imaged.JPG
1259,http://www.puppydogweb.com/gallery/papillons/papillon_koonce.jpg
1260,http://www.papillon-zh.ch/news/177_Foto_kl.jpg
1261,http://farm1.static.flickr.com/102/305574522_3384336995.jpg
1262,http://www.papillonclub.org/rescue/dog_photos/monique_718_1.jpg
1263,http://farm2.static.flickr.com/1050/1350417481_1f4d90a6c5.jpg
1264,http://www.barkbytes.com/history/papi03.jpg
1265,http://www.papillonclub.org/rescue/dog_photos/sophie_6124_1.jpg
1266,http://www.papillonclub.org/rescue/dog_photos/scooter_721_1.jpg
1267,http://www.papillonclub.org/rescue/dog_photos/peppy_6106_1.jpg
1268,http://farm2.static.flickr.com/1149/990399497_b6e7e9317a.jpg
1269,http://www.gotpetsonline.com/pictures-gallery/dog-pictures-breeders-puppies-rescue/papillon-pictures-breeders-puppies-rescue/pictures-photos/papillon-0105.jpg
1270,http://server.hund.ch/fotos/fpapillon16.jpg
1271,http://farm3.static.flickr.com/2069/2091081363_742ffa4f1b.jpg
1272,http://www.dognews.com/pedigreegallery/2003/toy/thumbnails/Popillon.jpg
1273,http://www.dogbreedinfo.com/images17/PapillonBreeAdultPreg61Days.JPG
1274,http://www.papillon-zh.ch/news/104_Foto_kl.jpg
1275,http://farm1.static.flickr.com/29/53947414_8522a0e817.jpg
1276,http://www.lifelikefriends.co.uk/acatalog/3993_300.jpg
1277,http://www.thisplaceisazoo.com/uploaded/H3994.jpg
1278,http://www.papillonclub.org/rescue/happy_end/codyxmas.jpg
1279,http://www.welpen.com/zuechter/riex/papillon_6.jpg
1280,http://farm1.static.flickr.com/107/254956922_b5a4da59b9.jpg
1281,http://farm1.static.flickr.com/209/487295319_4b40fd8cce.jpg
1282,http://farm1.static.flickr.com/53/110694302_aa8b98f787.jpg
1283,http://www.papillonclub.org/rescue/dog_photos/monoliver_717_1.jpg
1284,http://www.preciouspuppies.net/images/puppypics/DSC_9781_tn.jpg
1285,http://smalldogbreedsite.com/coppermine/albums/userpics/thumb_pap.jpg
1286,http://ich-will-futter.de/images/content/rp_spaniel2.jpg
1287,http://www.maisondella.com.br/assets/noticias/noticia2.jpg
1288,http://photos1.meetupstatic.com/photos/member/b/0/e/6/thumb_1005286.jpeg
1289,http://www.papillon-zh.ch/bilder/ueberuns/uns4.jpg
1290,http://www.papillonclub.org/rescue/dog_photos/repeat2.jpg
1291,http://rangeairevision.com/dogshows/toys/papillon.jpg
1292,http://www.bestdogsearch.com/breeds/143.jpg
1293,http://farm1.static.flickr.com/156/438452799_8e183e4f5d.jpg
1294,http://www.petstyle.com/images/breed_profiles/dogs/Papillon.jpg
1295,http://www.papillondog.net/smallassets/lincoln%20best%20in%20speciality.jpg
1296,http://server.hund.ch/fotos/fpapillon46.jpg
1297,http://www.papillon-zh.ch/news/179_Foto_kl.jpg
1298,http://farm1.static.flickr.com/6/6989749_4928d6acc4.jpg
1299,http://www.papillonclub.org/rescue/dog_photos/teddy_200f.jpg
1300,http://www.evcilcanlilar.com.tr/tur%5C21.JPG
1301,http://retrieverimages.lycos.com/images/p/a/p/papillon/i/009.jpg
1302,http://www.smalldoghumane.org/images/dogs/RamboPapillonX3.jpg
1303,http://farm3.static.flickr.com/2325/2073135520_36c555faee.jpg
1304,http://centralpets.com/critter_images/mammals/dogs/DOG_0003335_20021130184004.jpg
1305,http://centralpets.com/critter_images/mammals/dogs/DOG_0003335_20021108200446.jpg
1306,http://www.papillonclub.org/rescue/dog_photos/shaina_689_1.jpg
1307,http://farm1.static.flickr.com/84/208552262_ccf204728d.jpg
1308,http://papillonclub.org/History/images/ShowResults/Photos/1970-79/1978-ToyGroup2-sm.jpg
1309,http://static.flickr.com/80/267363493_5c5868a7c1.jpg
1310,http://www.mydogspace.com/photos/1/4/4/Autumn026a_thumb.jpg?1186969785
1311,http://www.papillon-zh.ch/news/147_Foto_kl.jpg
1312,http://www.papillonclub.org/rescue/dog_photos/peppy_6106_2.jpg
1313,http://www.pedigree.com.au/breeds/images/thumbnails/papillon_tn.jpg
1314,http://www.pet-locator.co.uk/images/breeds/dogs/papillon.jpg
1315,http://www.puppydogweb.com/gallery/papillons/papillon_cipres.jpg
1316,http://farm3.static.flickr.com/2104/2131888035_82b76506d2.jpg
1317,http://www.inkie.dk/Hunde%20f%2000/Prince-P.jpg
1318,http://www.papillonclub.org/rescue/special_needs/pappy1.jpg
1319,http://farm1.static.flickr.com/61/222498666_0342c2f0f6.jpg
1320,http://farm3.static.flickr.com/2402/2232078998_7cca601e4e.jpg
1321,"http://www.showpaps.com/2006puppies/Princeredboyc,350.jpg"
1322,http://farm3.static.flickr.com/2054/2243350688_e00727c029.jpg
1323,http://farm1.static.flickr.com/20/72260389_0838815c92.jpg
1324,http://www.papillonclub.org/rescue/dog_photos/popi_634_4.jpg
1325,http://www.papillon-zh.ch/news/161_Foto_kl.jpg
1326,http://usapups.com/breed_pics/470888251.jpg
1327,http://www.hund.ch/fotos/fpapillon51.jpg
1328,http://www.puppydogweb.com/breeders/pic_images/papillon_hardy757.jpg
1329,http://farm2.static.flickr.com/1251/1347640663_c2c9cea560.jpg
1330,http://www.pilotpapillons.com/Resources/raggefriends.jpeg
1331,http://www.papillonclub.org/rescue/happy_end/cubby.jpg
1332,http://www.papillonclub.org/rescue/happy_end/angel1.jpg
1333,http://www.moj-album.com/slike/738182/V0qO3VZlmMl1Aanx.jpg
1334,http://www1.istockphoto.com/file_thumbview_approve/3096290/2/istockphoto_3096290_missing_an_eye.jpg
1335,http://farm1.static.flickr.com/64/178913232_45ee8690cd.jpg
1336,http://farm3.static.flickr.com/2382/2074370149_7208fb74e8.jpg
1337,http://www.papillonclub.org/rescue/dog_photos/jasmine_200.jpg
1338,http://server.hund.ch/fotos/fpapillon15.jpg
1339,http://www.papillon-zh.ch/news/134_Foto_kl.jpg
1340,http://www.gifts-for-dog-lovers.com/images/animalden-papillon.jpg
1341,http://www.freewebs.com/coldawrue-papillons/Solowinatsouthseashow2006%20jpeg.jpg
1342,http://www.papillonclub.org/rescue/dog_photos/macie_200.jpg
1343,http://farm3.static.flickr.com/2309/2208449099_606f07621d.jpg
1344,http://cache.viewimages.com/xc/695555.jpg?v=1&c;=ViewImages&k;=2&d;=17A4AD9FDB9CF19332EFD823EFD41CFDB959E3C52B9ED84F284831B75F48EF45
1345,http://www.skyflowor.com/photo/index051214.jpg
1346,http://www.belgiandogs.org/images/papillonbodyall.jpg
1347,http://www.centralpets.com/critter_images/mammals/dogs/DOG_0003335_20021013171616.jpg
1348,"http://www.showpaps.com/2006puppies/Flipboy2e,350.jpg"
1349,http://www.papillonclub.org/rescue/dog_photos/timmy_6105_1.jpg
1350,http://www.papillonlvr.com/pics/maxxie_formal_smiling.jpg
1351,"http://www.showpaps.com/2006puppies/Princetriboyc,350.jpg"
1352,http://dl.dogomania.com/pics/18/Emeraud-Show2.jpg
1353,http://mypups.ws/db4/00376/mypups.ws/_uimages/July72006008.jpg
1354,http://static.flickr.com/2256/1804921706_b4a0e118cf.jpg
1355,http://www.papillon-zh.ch/news/90_Foto_kl.jpg
1356,http://www.puppydogweb.com/breeders/pic_images/papillon_jennings8286.jpg
1357,http://people.aapt.net.au/~amkidd/frills.gif
1358,http://farm1.static.flickr.com/99/267362912_749245f115.jpg
1359,http://farm1.static.flickr.com/60/179283546_b397dabe41.jpg
1360,http://www.photosphrases.com/dogs/papillon1.JPG
1361,http://www.shibainupuppies.net/Papillon_small.jpg
1362,http://www.kirasoftware.com/images_hunderassen/Papillon_.jpg
1363,http://farm1.static.flickr.com/161/433149500_9e3b0b2743.jpg
1364,"http://showpaps.com/newindex/Willieonlygrp2,10-05,350.jpg"
1365,http://www.petitepuppyboutique.com/photos/Papillon-0.jpg
1366,http://www.papillon-zh.ch/news/154_Foto_kl.jpg
1367,http://www.centralpets.com/critter_images/mammals/dogs/DOG_0003335_20030722145042.jpg
1368,http://www.papillonclub.org/rescue/happy_end/mickey1.jpg
1369,http://www.wildhavenpapillons.com/2005pups8.jpg
1370,http://mysite.verizon.net/vze91fyp/sitebuildercontent/sitebuilderpictures/needle_felted_cavalier_king_charles_toy_spaniel_dog_puppy_tricolor_mini_dollhouse.jpg
1371,http://www.shihtzuandfurbabyrescue.com/dogs/emma_papface.jpg
1372,http://www.papillonclub.org/rescue/dog_photos/heinz_6139_2.jpg
1373,http://www.papillonclub.org/rescue/dog_photos/yancy_6119_1.jpg
1374,http://ecx.images-amazon.com/images/I/01VKBWAPDCL._AA60_.jpg
1375,http://www.wildhavenpapillons.com/2005pups9.jpg
1376,http://www.madamedepompadour.com/images/mdp/ditutto/animali/an04.jpg
1377,http://www.allpetsradio.com/images/Papillon_280x210.jpg
1378,http://www.papillon-zh.ch/news/180_Foto_kl.jpg
1379,http://farm1.static.flickr.com/48/144548596_e2c6fca1cd.jpg
1380,http://www.hund.ch/fotos/fpapillon54.jpg
1381,http://www.petsads.com/photos/thumb190/smfjpdgmeh.jpg
1382,http://dl.dogomania.com/pics/4/t_s.jpg
1383,http://www.kennels.co.uk/images/T.xs.Papillon.jpg
1384,http://dl.dogomania.com/pics/5/sandy2.jpg
1385,http://www.showdogs.dk/images/Toymakers%20Basic%20Instinct.jpg
1386,http://dl.dogomania.com/pics/10/3puppies.jpg
1387,http://www.papillons.ie/look%20terrific1.jpg
1388,http://farm3.static.flickr.com/2341/2196317277_877866aa16.jpg
1389,http://www1.istockphoto.com/file_thumbview_approve/2720975/2/istockphoto_2720975_papillon_dog_on_black_background_5a.jpg
1390,http://farm1.static.flickr.com/206/485640584_281cdacfa2.jpg
1391,http://www.papillonclub.org/rescue/dog_photos/gigi_6150_1a.jpg
1392,http://centralpets.com/critter_images/mammals/dogs/DOG_0003335_20021219131843.jpg
1393,http://www.dogterminal.com/photos/dogs/thumbs/__sazzhmnocymn_171950.jpg
1394,http://farm1.static.flickr.com/236/456937325_e86ffe3698.jpg
1395,http://www.papillonclub.org/rescue/happy_end/widget1.jpg
1396,http://www.daytondogtraining.com/Pics-Jan07/Toy-Terrier%20Pics/content/bin/images/large/papillon0970.jpg
1397,http://server.hund.ch/fotos/fpapillon45.jpg
1398,http://www.papillonclub.org/rescue/dog_photos/popi_634_1.jpg
1399,http://server.hund.ch/fotos/fpapillon24.jpg
1400,http://www.interecho.com/~daroszal/pappilon.JPG
1401,http://www.pixiedustpapillons.com/walker0009.jpg
1402,http://farm1.static.flickr.com/35/72260390_dd6688bbe0.jpg
1403,http://www.22dog.com/images2/Papillon.jpg
1404,http://dl.dogomania.com/breeds/pappilon.JPG
1405,http://www.papillon-zh.ch/news/44_Foto_kl.jpg
1406,
