0,http://farm1.static.flickr.com/194/522100536_de4c4d23d0.jpg
1,http://farm2.static.flickr.com/1380/1353683712_e0f1168dd1.jpg
2,http://www.rivertonlibrary.burlco.org/july42004/eventpix/petpageant/images/a%20Girl%20n%20her%20pug.jpg
3,http://z.about.com/d/dogs/1/0/w/u/2/spivey_pug_swimming.jpg
4,http://farm1.static.flickr.com/68/184808339_5bb280ec92.jpg
5,http://farm2.static.flickr.com/1403/1443074239_57e68879bb.jpg
6,http://farm3.static.flickr.com/2206/2172467018_618b07dfeb.jpg
7,http://farm3.static.flickr.com/2242/2237293632_7cfbd6fa52.jpg
8,http://farm1.static.flickr.com/162/439316962_70a8617395.jpg
9,http://nicedeb.files.wordpress.com/2007/10/peaches_pug.jpg
10,http://farm2.static.flickr.com/1234/1008610927_85537ce902.jpg
11,http://bp0.blogger.com/_35FDFA-Xwzs/RkTwHK2-wjI/AAAAAAAAARU/EHDsQgs6tSo/s400/blog.pug.gala.jpg
12,http://farm2.static.flickr.com/1270/1008649511_9128066674.jpg
13,http://farm3.static.flickr.com/2048/2115424614_104f9d4715.jpg
14,http://farm1.static.flickr.com/64/206313918_635c4f72b1.jpg
15,http://www.imaginationanddesign.com/images/stockphotos/ANI10034.jpg
16,http://farm2.static.flickr.com/1426/1267699435_1ba35c4364.jpg
17,http://farm2.static.flickr.com/1368/1170547443_343a2ae3a3.jpg
18,http://static.flickr.com/11/14069875_6668085385.jpg
19,http://img.hgtv.com/HGTV/2007/08/01/pug_cowboy_costume_w609.jpg
20,http://farm1.static.flickr.com/17/19760604_69a831b5fd.jpg
21,http://www.hobbyandlifestyle.com/images/pug.jpg
22,http://www.macymacy.com/images/D-Bugsyx.jpg
23,http://www.dogbreedinfo.com/calendars/Pug.jpg
24,http://farm2.static.flickr.com/1132/1171421962_dccda9e184.jpg
25,http://farm1.static.flickr.com/110/295598801_a401b1dd5f.jpg
26,http://farm2.static.flickr.com/1053/558561029_2ec15aec1e.jpg
27,http://farm1.static.flickr.com/49/116225556_bc7b0e3a52.jpg
28,http://farm1.static.flickr.com/101/316116285_c5b87ebda1.jpg
29,http://farm1.static.flickr.com/49/128455745_6c6c04a94b.jpg
30,http://farm1.static.flickr.com/9/13557977_642a316183.jpg
31,http://farm1.static.flickr.com/187/386072530_fd5f16749a.jpg
32,http://farm1.static.flickr.com/135/328392897_5279797110.jpg
33,http://farm1.static.flickr.com/59/173240182_afbc5feecf.jpg
34,http://www.pugfest.ca/pug.jpg
35,http://farm1.static.flickr.com/176/486209136_a2a445d511.jpg
36,http://static.flickr.com/1420/1486740800_c6e379d062.jpg
37,http://farm3.static.flickr.com/2006/2049847269_f09c56f6eb.jpg
38,http://www.snugglepug.co.uk/communities/004/005/386/792/images/4509936861.jpg
39,http://farm1.static.flickr.com/133/399669512_02cacbf1fa.jpg
40,http://cotton.freeshell.org/images/pug.bmp
41,http://www.countrypuppy.com/Pugs/Pug08_21_06b.JPG
42,http://www.pitbull-breed.com/BreedsPhoto/Pug.jpg
43,http://farm1.static.flickr.com/46/136155049_5c20ed902a.jpg
44,http://farm1.static.flickr.com/129/398591083_dd89b1aa7a.jpg
45,http://farm1.static.flickr.com/106/292228091_3c2297b280.jpg
46,http://farm3.static.flickr.com/2138/1821559731_b3c5d31a7b.jpg
47,http://farm1.static.flickr.com/224/480608325_6a62f494f3.jpg
48,http://farm1.static.flickr.com/40/83011667_352e7316d6.jpg
49,http://www.billfrymire.com/gallery/webthumbs/pug-dog-studio-portrait.jpg
50,http://luci.fusosha.co.jp/blog/pug.jpg
51,http://www.pawsinn.cc/images/pugs/silver-giff.gif
52,http://farm2.static.flickr.com/1037/1231814781_5f5ce58583.jpg
53,http://farm1.static.flickr.com/41/79209138_44fa380f7e.jpg
54,http://lh3.google.com/_aTL01XzOpPM/RxJWNYry8qI/AAAAAAAAAgY/HmO5cTRsLE0/s800/DSC_0624.JPG
55,http://farm2.static.flickr.com/1013/656364193_3143de7851.jpg
56,http://farm1.static.flickr.com/38/74281368_3528af1f7a.jpg
57,http://static.flickr.com/21/32446967_99aba6b520.jpg
58,http://farm1.static.flickr.com/55/146187043_b587e34d47.jpg
59,http://farm1.static.flickr.com/206/489215432_26891d8261.jpg
60,http://farm2.static.flickr.com/1261/1022002944_66f2d38d02.jpg
61,http://www.nexternal.com/pugcafe/images/taoofpug_fc1.jpg
62,http://static.flickr.com/8/6747621_7ddfa34faa.jpg
63,http://farm3.static.flickr.com/2114/1726837284_c79e7b94a7.jpg
64,http://static.flickr.com/2271/1850065853_ceb9145c8a.jpg
65,http://farm1.static.flickr.com/46/168002093_5743b5158a.jpg
66,http://bp1.blogger.com/_mdAQ-2OfZsM/RpwbLzPIFCI/AAAAAAAAA3k/7YJkWNM-zpw/s400/black+pug+puppy.jpg
67,http://farm3.static.flickr.com/2061/2116488782_43f9823782.jpg
68,http://farm3.static.flickr.com/2404/2184937914_1478111f05.jpg
69,http://static.flickr.com/87/272266151_276139d713.jpg
70,http://farm2.static.flickr.com/1121/675733901_09e5e042c2.jpg
71,http://farm3.static.flickr.com/2209/1559853111_5e7ab9f3ce.jpg
72,http://farm3.static.flickr.com/2086/2074482573_1e31a6de9d.jpg
73,http://www.thefrankgallery.com/pug.jpg
74,http://farm1.static.flickr.com/143/399669238_9147664a30.jpg
75,http://upload.wikimedia.org/wikipedia/commons/thumb/1/1b/Wilbur_the_pug.jpg/800px-Wilbur_the_pug.jpg
76,http://farm1.static.flickr.com/153/331884127_8e6e6f3ff4.jpg
77,http://farm3.static.flickr.com/2111/1904767157_3253e9b91a.jpg
78,http://static.flickr.com/1172/1359405021_a478b07abb.jpg
79,http://farm3.static.flickr.com/2389/2178823667_bb0b53c853.jpg
80,http://farm3.static.flickr.com/2324/2163464244_d0f2efabb2.jpg
81,http://static.flickr.com/23/34313758_68a1756d6a.jpg
82,http://farm1.static.flickr.com/226/493336017_03d12682e0.jpg
83,http://farm1.static.flickr.com/61/204189566_6fb502ff58.jpg
84,http://www.difossombrone.it/images/articoli/pug.jpg
85,http://farm1.static.flickr.com/205/506617066_21142ece8f.jpg
86,http://farm1.static.flickr.com/164/355274655_b0e94d5a83.jpg
87,http://farm1.static.flickr.com/147/399670495_8ff3ff21a7.jpg
88,http://www.gotpetsonline.com/pictures-gallery/dog-pictures-breeders-puppies-rescue/pug-pictures-breeders-puppies-rescue/pictures/pug-0070.jpg
89,http://farm3.static.flickr.com/2183/2113343359_00e40b2209.jpg
90,http://www.manuncios.es/Img/10147/cachorros-de-buldog-ingleses-para-adopcion_T1.jpg
91,http://farm1.static.flickr.com/6/10207857_a88efcc132.jpg
92,http://farm2.static.flickr.com/1439/536589033_df28c5e9c4.jpg
93,http://www.greyhoundcrafts.com/catalog/7sm_thumb.jpg
94,http://farm1.static.flickr.com/67/231385394_3144fa69bc.jpg
95,http://farm1.static.flickr.com/70/204251806_ef5ad3eeec.jpg
96,http://farm1.static.flickr.com/84/245413073_58da3b35a5.jpg
97,http://www.animalpicturesarchive.com/animal/PIX/Pug.jpg
98,http://farm3.static.flickr.com/2374/2096750444_e595fdaab2.jpg
99,http://farm3.static.flickr.com/2387/1511862155_9bbc8f5032.jpg
100,http://farm3.static.flickr.com/2381/2228390795_e85c077036.jpg
101,http://farm1.static.flickr.com/75/197932879_89e2011067.jpg
102,http://farm1.static.flickr.com/193/448474703_7da678bd7d.jpg
103,http://farm3.static.flickr.com/2324/2113320735_e13e4d0793.jpg
104,http://www.dogsinparadise.com/Dog%20Portraits/Alphabetical/images/Pug%20-%20Rummy.jpg
105,http://farm1.static.flickr.com/22/30500424_8380c5108a.jpg
106,http://farm1.static.flickr.com/60/156223292_7bb6bc6c99.jpg
107,http://farm2.static.flickr.com/1067/1060364145_fceace6d3e.jpg
108,http://farm1.static.flickr.com/78/164621070_f3602d40c3.jpg
109,http://farm1.static.flickr.com/51/110782611_e8efc95168.jpg
110,http://farm3.static.flickr.com/2301/2081938474_34724b4046.jpg
111,http://farm1.static.flickr.com/32/59867394_d7e4160448.jpg
112,http://farm1.static.flickr.com/51/141734572_88045212c8.jpg
113,http://farm3.static.flickr.com/2235/1783079887_d2cc73e4db.jpg
114,http://farm2.static.flickr.com/1092/601364432_584ed98e6a.jpg
115,http://farm2.static.flickr.com/1401/1383016188_3ab7aa6633.jpg
116,http://farm1.static.flickr.com/49/165437017_7d7d8b809c.jpg
117,http://www.pugs.nl/images/pug103.jpg
118,http://static.flickr.com/47/173121266_1011afa281.jpg
119,http://farm1.static.flickr.com/161/367815578_212ad83346.jpg
120,http://www.highwaygirl.com/hwg/images/west_pug.jpg
121,http://farm1.static.flickr.com/63/206905734_03b011d5bd.jpg
122,http://farm1.static.flickr.com/4/4149749_333d03e26b.jpg
123,http://farm1.static.flickr.com/88/249483210_b46e58a9b8.jpg
124,http://justmycupoftea.typepad.com/photos/pug_pictures/sleepy_pug_2.jpg
125,http://static.flickr.com/2010/2034890806_b3bebe7551.jpg
126,http://static.flickr.com/55/166023405_2f28b2966c.jpg
127,http://farm1.static.flickr.com/86/282990285_9a7a851d34.jpg
128,http://farm2.static.flickr.com/1304/828975675_eb9d6f76f7.jpg
129,http://justmycupoftea.typepad.com/just_my_cup_of_tea/images/pug2_2.jpg
130,http://static.flickr.com/1392/1084047370_6abc97a322.jpg
131,http://farm1.static.flickr.com/33/54284594_89c442e7ff.jpg
132,http://www.dogbreed-gifts.com/pug/cards/pug_chubs.jpg
133,http://www.dogsobediencetraining.com/images/dog_breed/pug1.jpg
134,http://www.wagandfetch.com/images/breeds/breed_pug.jpg
135,http://farm1.static.flickr.com/214/500492473_ece34da2a7.jpg
136,http://farm1.static.flickr.com/47/132638294_6c4981b40a.jpg
137,http://static.flickr.com/55/399260164_928304b1c1.jpg
138,http://farm3.static.flickr.com/2233/1731088056_d95c8d7a1e.jpg
139,http://farm1.static.flickr.com/33/52537695_bc94b4534f.jpg
140,http://farm1.static.flickr.com/227/476075352_c2e45c90d0.jpg
141,http://www.betterwritinggroup.com/pug%20dog%20canstock0018448.jpg
142,http://farm2.static.flickr.com/1298/1234826717_740a6dda93.jpg
143,http://www.pug-puppy.com/images/pug_massachusetts.jpg
144,http://farm1.static.flickr.com/196/476076086_8b25939953.jpg
145,http://www.dogs4sale.com.au/Breeds/Pug/Fact_Sheets/Saxten_Star.jpg
146,http://www.PetLvr.com/blog/wp-content/breed_pug.jpg
147,http://www.mascotamigos.com.ar/vonamarige/pug1.jpg
148,http://www.auntiedonnashouse.com/ernie/ernie2.jpg
149,http://static.flickr.com/28/45919910_fc4999e352.jpg
150,http://farm1.static.flickr.com/100/308517320_05ed41f5b8.jpg
151,http://www1.istockphoto.com/file_thumbview_approve/675459/2/istockphoto_675459_animals_isolated_dog_pug.jpg
152,http://farm1.static.flickr.com/45/164620942_14f237d317.jpg
153,http://farm1.static.flickr.com/48/172425440_7a9323470e.jpg
154,http://store.the-petz.com/images/Pug-69.jpg
155,http://www.internationalkennel.com/sitebuilder/images/pug003-209x151.jpg
156,http://farm1.static.flickr.com/1/172926_7b4c31235b.jpg
157,http://www1.istockphoto.com/file_thumbview_approve/1470557/2/istockphoto_1470557_pug.jpg
158,http://farm3.static.flickr.com/2128/2127747517_36239938e9.jpg
159,http://farm1.static.flickr.com/45/142622855_a3640727bb.jpg
160,http://farm1.static.flickr.com/26/59937315_a8735fba8f.jpg
161,http://static.flickr.com/14/16692456_e2605c0b0b.jpg
162,http://farm1.static.flickr.com/34/73909611_08876cb885.jpg
163,http://farm1.static.flickr.com/38/100697391_d3d7e9bf73.jpg
164,http://netpuppy.com.hk/pug/pug%20black.jpg
165,http://farm1.static.flickr.com/190/453100621_c695606f40.jpg
166,http://farm2.static.flickr.com/1299/781459259_ff18124d9e.jpg
167,http://farm1.static.flickr.com/22/25473274_9fa8c8f8e5.jpg
168,http://farm3.static.flickr.com/2162/2125429458_98e4dc9727.jpg
169,http://farm1.static.flickr.com/245/524777738_7640b5d1d0.jpg
170,http://go.wistv.com/gallery/albums/userpics/normal_lola15.jpg
171,http://www.dogbreedinfo.com/images20/PughasaPugLhasaApsoHybrid2WeeksOld1.jpg
172,http://farm2.static.flickr.com/1303/1046137675_f1464d2673.jpg
173,http://farm2.static.flickr.com/1011/1429185650_cc699b0425.jpg
174,http://static.flickr.com/127/351086481_5f816f0db3.jpg
175,http://farm2.static.flickr.com/1313/530649075_5db7be70ab.jpg
176,http://farm1.static.flickr.com/185/384475010_d767914f2c.jpg
177,http://farm1.static.flickr.com/209/500447576_3bd47accd8.jpg
178,http://farm2.static.flickr.com/1120/1384546687_7279880a57.jpg
179,http://www.thepetpatrol.com/images/pug_2.jpg
180,http://static.flickr.com/27/56718378_ae151affca.jpg
181,http://farm1.static.flickr.com/38/117402340_e9d2656633.jpg
182,http://static.flickr.com/2377/1813638594_8b35cdded4.jpg
183,http://farm1.static.flickr.com/202/486203538_c2155de6c1.jpg
184,http://pugs.cc/pictures/1styear/pug-pictures-9/pug-pictures-12.jpg
185,http://farm1.static.flickr.com/136/407360276_95253472f7.jpg
186,http://farm3.static.flickr.com/2174/2170753162_dfee535007.jpg
187,http://farm1.static.flickr.com/68/225681633_019f6828dc.jpg
188,http://www.loopyladies.com/image/4168/default/Pug+GE137.jpg
189,http://farm1.static.flickr.com/203/493001511_d6f5794ebd.jpg
190,http://www.officialpugguide.com/Pug_Pictures/Pug8.jpg
191,http://farm1.static.flickr.com/24/42810383_8f8f354c0a.jpg
192,http://static.flickr.com/1162/1109841948_6c6896645a.jpg
193,http://static.flickr.com/1343/921183509_03cc49080d.jpg
194,http://farm3.static.flickr.com/2399/2209942922_8750bd84c7.jpg
195,http://tonova.typepad.com/thesuddencurve/images/2007/10/22/norman.jpg
196,http://farm3.static.flickr.com/2335/2160127559_afd06b4d3e.jpg
197,http://farm1.static.flickr.com/165/399669838_e57f208980.jpg
198,http://www.dogbreedinfo.com/images14/chugMayJune05031ChihuahuaPug.JPG
199,http://farm1.static.flickr.com/26/48283046_12072cbbb5.jpg
200,http://farm1.static.flickr.com/202/481709374_b6de035d59.jpg
201,http://farm3.static.flickr.com/2188/2113033124_6ebb69422c.jpg
202,http://farm1.static.flickr.com/173/399670047_17c1a70bd7.jpg
203,http://farm2.static.flickr.com/1268/1097408775_c233028a35.jpg
204,http://farm1.static.flickr.com/200/448477373_47540fe832.jpg
205,http://www.garafraxakennels.com/pug_1sm.jpg
206,http://farm2.static.flickr.com/1037/1352044289_65639ec3bf.jpg
207,http://www.dogsindepth.com/toy_dog_breeds/images/chinese_pug_3.jpg
208,http://www.featurepics.com/FI/Thumb/20060812/CubbyPug61989.jpg
209,http://farm1.static.flickr.com/69/163187174_b1b063e68f.jpg
210,http://www.funnydog.net/images/easter-pug.jpg
211,http://farm1.static.flickr.com/188/399670999_ec8172a920.jpg
212,http://www.featurepics.com/FI/Thumb300/20060413/205b4fba-9649-46ba-89b0-dc506aaa03be.jpg
213,http://farm1.static.flickr.com/29/39074587_62347c4656.jpg
214,http://farm1.static.flickr.com/3/10514322_10527ca026.jpg
215,http://farm1.static.flickr.com/20/69207143_dae2ecfbf1.jpg
216,http://farm1.static.flickr.com/6/6586744_ad3ffc2ef9.jpg
217,http://lh3.google.com/_aEH20FF8AFM/Rqx1YUI9y2I/AAAAAAAAAeE/Wc_BxOSH0Lc/s800/P7180283.JPG
218,http://farm1.static.flickr.com/104/306969742_d47788a2fc.jpg
219,http://farm1.static.flickr.com/35/70657913_f01ad7fdb7.jpg
220,http://farm1.static.flickr.com/24/48137607_4c38477d7c.jpg
221,http://pics.hoobly.com/full/7f90d6d7973bae5c60da7838541d2a46.jpg
222,http://www.dailypainters.com/images/thumbs/702/aceo_pug_dog_original_watercolor_daily_painting.jpg
223,http://yourpethouse.com/images/Breeds/Pug.jpg
224,http://farm1.static.flickr.com/82/241685889_a1c4970dc1.jpg
225,http://www.dogtimes.com.br/imagens/pug-dogmania.jpg
226,http://farm2.static.flickr.com/1091/1188039092_f01f1bbd05.jpg
227,http://farm1.static.flickr.com/4/5117630_5a2185abcb.jpg
228,http://farm2.static.flickr.com/1191/644186252_036c8cf339.jpg
229,http://jerryreynolds.com/wp-content/uploads/2007/09/pug_shot.jpg
230,http://www.bulldoginformation.com/pug-dog-21.jpg
231,http://farm3.static.flickr.com/2172/2194044837_7e14f342e6.jpg
232,http://www.animalloverworld.com/pd/images/images200/pug.jpg
233,http://farm3.static.flickr.com/2115/1518743485_331eb45e96.jpg
234,http://farm3.static.flickr.com/2205/2157155396_9e51599660.jpg
235,http://static.flickr.com/12/17312978_6d87302603.jpg
236,http://farm1.static.flickr.com/92/238574885_38414d6897.jpg
237,http://farm1.static.flickr.com/98/247035670_6fa07e2cf8.jpg
238,http://www.dogbreed-gifts.com/pug/christmas/happy_holidays_pug_dog.jpg
239,http://farm1.static.flickr.com/54/167157635_c4267f1829.jpg
240,http://farm3.static.flickr.com/2330/2114096524_be68545e8d.jpg
241,http://farm1.static.flickr.com/26/64562964_c452f47f4b.jpg
242,http://farm1.static.flickr.com/58/167510578_41f0bad6a3.jpg
243,http://farm1.static.flickr.com/9/13225277_f64bb23ce1.jpg
244,http://static.flickr.com/38/91699981_aa1f4bf864.jpg
245,http://www.robertmcclintock.com/_thumbnails/2nd_pug_baby_thumbnail.gif
246,http://farm1.static.flickr.com/47/126788361_299f2095ca.jpg
247,http://static.flickr.com/90/212154678_40997fe819.jpg
248,http://farm3.static.flickr.com/2277/2205203351_173fd004d5.jpg
249,http://farm3.static.flickr.com/2154/2171796127_da64dc6e7b.jpg
250,http://farm2.static.flickr.com/1379/1433600259_6aa0bb7ba6.jpg
251,http://farm1.static.flickr.com/78/157095172_dc28fd1b5c.jpg
252,http://img522.imageshack.us/img522/7999/pug02cd9.jpg
253,http://farm1.static.flickr.com/3/6652773_b96554befd.jpg
254,http://img.2dehands.nl/f/view/30298959-ace-shin-lieve-boxer-reu-arak.jpg
255,http://farm2.static.flickr.com/1217/745933414_2d13c45cc4.jpg
256,http://farm1.static.flickr.com/36/81194092_b293c2c11e.jpg
257,http://farm1.static.flickr.com/119/305706487_c0c7c13ba7.jpg
258,http://www.delarrago.com/images/im_razas_dogs/carlino_small.jpg
259,http://farm1.static.flickr.com/36/79116433_8796151e7c.jpg
260,http://razas.de.perros.googlepages.com/cachorro-carlino.jpg/cachorro-carlino-full.jpg
261,http://farm1.static.flickr.com/24/43072450_2d28e43c93.jpg
262,http://static.flickr.com/172/399409020_a828665ba2.jpg
263,http://farm3.static.flickr.com/2378/1687919447_615bb4a775.jpg
264,http://mascotamigos.com/perros_imagenes/PerrPug.jpg
265,http://www.fellglintpugs.co.uk/images/Lucy-12-months-Ella-4-copy.jpg
266,http://farm2.static.flickr.com/1051/1145503671_3c82d2e88c.jpg
267,http://farm1.static.flickr.com/22/24907892_a5e53c8cfa.jpg
268,http://farm1.static.flickr.com/168/425692189_70582812b0.jpg
269,http://farm3.static.flickr.com/2104/2114120392_ab30d2a0f4.jpg
270,http://static.flickr.com/171/484391470_a1d6c63679.jpg
271,http://www.marshlandstjames.be/images/Puppies/Flavio%20dag%2055%20b.jpg
272,http://farm2.static.flickr.com/1138/1355063791_871fc3fb0b.jpg
273,http://homepage.mac.com/w_wong/shelby/oct05/yoda_pug.jpg
274,http://farm1.static.flickr.com/10/12844360_8cc8633ed1.jpg
275,http://static.flickr.com/1173/1429188540_eda1d55295.jpg
276,http://www.officialpugguide.com/Pug_Pictures/Pug2.jpg
277,http://farm2.static.flickr.com/1010/728887547_952c02cfcc.jpg
278,http://farm1.static.flickr.com/39/122561491_d49832d4b1.jpg
279,http://farm1.static.flickr.com/40/83011668_7acbe04c30.jpg
280,http://farm3.static.flickr.com/2378/2124304859_192b7cd560.jpg
281,http://farm1.static.flickr.com/152/356568919_abac7b7684.jpg
282,http://www.capdvm.com/pugs.JPG
283,http://farm1.static.flickr.com/123/416854617_c4a083ef61.jpg
284,http://farm1.static.flickr.com/32/54773419_85c0af4114.jpg
285,http://farm1.static.flickr.com/175/399670333_c6c1beb043.jpg
286,http://farm3.static.flickr.com/2394/2137163476_c8e8a8d2c7.jpg
287,http://static.flickr.com/49/186144938_f3ea56666c.jpg
288,http://www.hugpug.com/photos/sheba_layout4/20060416_mv_pug_05.jpg
289,http://farm1.static.flickr.com/8/10018022_6532259bb5.jpg
290,http://www.flashup.com/i/1/1/e6/vi_25274_568611_569409.jpg
291,http://farm1.static.flickr.com/20/73042541_df915ce6a4.jpg
292,http://farm1.static.flickr.com/23/38955123_02be5f09a2.jpg
293,http://farm1.static.flickr.com/22/40279233_4810bfe03d.jpg
294,http://www.gotpetsonline.com/pictures-gallery/dog-pictures-breeders-puppies-rescue/pug-pictures-breeders-puppies-rescue/pictures/pug-0211.jpg
295,http://farm1.static.flickr.com/38/78984551_923964f863.jpg
296,http://farm1.static.flickr.com/35/74173667_bd6495854b.jpg
297,http://farm1.static.flickr.com/26/60322100_eaab328c0b.jpg
298,http://static.flickr.com/2201/1500800003_05e07d7d30.jpg
299,http://farm3.static.flickr.com/2393/2000671895_102d17fbae.jpg
300,http://farm1.static.flickr.com/127/322455348_e5de6f02f0.jpg
301,http://nintendogs.nintendo.de/blog/images/dog_pug.jpg
302,http://farm2.static.flickr.com/1021/768292340_bb9e0ef276.jpg
303,http://photos.meetup.com/photos/event/f/a/3/event_184003.jpeg
304,http://farm3.static.flickr.com/2368/1687917639_33a0b5f7ba.jpg
305,http://farm1.static.flickr.com/18/23044558_eb2a44a472.jpg
306,http://farm1.static.flickr.com/42/77122050_cc6f5ea7de.jpg
307,http://farm1.static.flickr.com/4/7379645_221955a043.jpg
308,http://farm3.static.flickr.com/2068/2133653492_46e2d76470.jpg
309,http://farm1.static.flickr.com/95/246296231_3a7575b1ee.jpg
310,http://static.flickr.com/190/492093286_08a3f08c9b.jpg
311,http://www.mercadolibre.com.co/jm/img?s=MCO&f;=4624558_2361.jpg&v;=P
312,http://farm1.static.flickr.com/84/247035825_e5e76e29df.jpg
313,http://farm1.static.flickr.com/39/102410220_bbb0ebcf3a.jpg
314,http://www.prairiepups.com/Pug3.jpg
315,http://static.flickr.com/1035/1370916228_b12d83257f.jpg
316,http://static.flickr.com/12/15417189_1449fada31.jpg
317,http://farm1.static.flickr.com/27/65916184_18908d62d3.jpg
318,http://www.memoriesareforever.com/gr/pug.jpg
319,http://farm1.static.flickr.com/14/15332299_d09d0ee123.jpg
320,http://farm1.static.flickr.com/79/237991470_48a266e837.jpg
321,http://static.flickr.com/1330/558237476_8ee22e2374.jpg
322,http://farm1.static.flickr.com/2/2776622_8769effbeb.jpg
323,http://farm1.static.flickr.com/42/79116432_0896ab91fb.jpg
324,http://farm3.static.flickr.com/2254/1633865658_053df9667b.jpg
325,http://static.flickr.com/30/43679537_d2856eac28.jpg
326,http://farm3.static.flickr.com/2286/2148656335_cf21332dc3.jpg
327,http://static.flickr.com/25/44997551_e30fd07ee3.jpg
328,http://farm1.static.flickr.com/3/6747156_392df60050.jpg
329,http://farm2.static.flickr.com/1116/970541467_b2a27c840c.jpg
330,http://www.dog-breed-facts.com/images/pug/pug2.jpg
331,http://farm3.static.flickr.com/2373/1850075577_4a0fbf711d.jpg
332,http://farm1.static.flickr.com/17/21548247_769dd09c8f.jpg
333,http://farm1.static.flickr.com/131/357232741_fc2587f96b.jpg
334,http://farm2.static.flickr.com/1424/677934812_91c3d9db79.jpg
335,http://farm1.static.flickr.com/29/51735175_52f2dd7c02.jpg
336,http://farm1.static.flickr.com/32/52537697_c9abfc5b9d.jpg
337,http://farm1.static.flickr.com/23/26623538_3547b0dbaf.jpg
338,http://farm1.static.flickr.com/65/208574571_7a033b5d4d.jpg
339,http://www.bull-terriers.co.uk/pugs/uploaded_images/fastasleep-749728.jpg
340,http://www.lindleyarabians.com/PugZ.jpg
341,http://static.flickr.com/32/63358811_fd94f91d61.jpg
342,http://www.sequimdogparks.org/images/pug.jpg
343,http://farm1.static.flickr.com/7/9456478_c81596b8a8.jpg
344,http://farm1.static.flickr.com/22/25246123_322d67700a.jpg
345,http://farm1.static.flickr.com/4/9445354_f7d85fb561.jpg
346,http://farm1.static.flickr.com/24/57843086_368cffc0e5.jpg
347,http://static.flickr.com/23/36065310_fb146a8c0e.jpg
348,http://farm2.static.flickr.com/1066/566665398_1a4959b8ef.jpg
349,http://farm1.static.flickr.com/96/244925041_94078f03d0.jpg
350,http://farm1.static.flickr.com/4/4149956_a2cadd0894.jpg
351,http://www.sunvalleygoats.com/images/pugsly4.jpg
352,http://www.gotpetsonline.com/pictures-gallery/dog-pictures-breeders-puppies-rescue/pug-pictures-breeders-puppies-rescue/pictures/hi-res-pug-0133.jpg
353,http://www.bambamthepug.com/uploads/bam22.jpg
354,http://farm2.static.flickr.com/1098/663327066_c37f081ae4.jpg
355,http://www.helpingcritters.org/images/ss/Faylene_01.jpg
356,http://farm1.static.flickr.com/50/161376090_ffa5bf9492.jpg
357,http://farm2.static.flickr.com/1098/1410100929_04d8c1d02c.jpg
358,http://farm3.static.flickr.com/2370/2205420342_882d526ec6.jpg
359,http://farm1.static.flickr.com/21/27781385_e2827c0f42.jpg
360,http://www.gotpetsonline.com/pictures-gallery/dog-pictures-breeders-puppies-rescue/pug-pictures-breeders-puppies-rescue/pictures/hi-res-pug-0005.jpg
361,http://farm3.static.flickr.com/2097/2116498024_46715e02a9.jpg
362,http://farm2.static.flickr.com/1130/601638201_4475a7e6a6.jpg
363,http://static.flickr.com/1019/528025607_76ed8e249a.jpg
364,http://farm1.static.flickr.com/22/28311689_3c6bc33d34.jpg
365,http://static.flickr.com/24/54773381_860c32d201.jpg
366,http://farm1.static.flickr.com/158/426944346_92f012870e.jpg
367,http://www.perrotico.com/images/public/blog/front_pug.jpg
368,http://www.123hjemmeside.dk/picture.aspx?id=4161425
369,http://farm1.static.flickr.com/220/501499838_055031feed.jpg
370,http://farm1.static.flickr.com/120/264453707_fcb3ba1939.jpg
371,http://www.petclube.com.br/amichetti/pug%20filhoteparto.jpg
372,http://farm2.static.flickr.com/1163/1430088857_8333770e40.jpg
373,http://www.modernpooch.com/archives/urbanpug3.jpg
374,http://farm3.static.flickr.com/2293/2060562872_cab6a322bd.jpg
375,http://catronfashion.com/pugswiss.gif
376,http://static.flickr.com/22/32604065_e01d7eeb2b.jpg
377,http://farm1.static.flickr.com/21/26386043_c6b3f880da.jpg
378,http://farm1.static.flickr.com/50/134207288_5f758ef270.jpg
379,http://farm1.static.flickr.com/31/62880871_04f4e9b450.jpg
380,http://static.flickr.com/3/5117632_36af6e30bc.jpg
381,http://farm1.static.flickr.com/137/321846498_51a11dfb7c.jpg
382,http://static.flickr.com/2277/1561812505_498d22edc8.jpg
383,http://farm1.static.flickr.com/77/157099889_fcc0ea1e0d.jpg
384,http://farm1.static.flickr.com/28/62346826_02ca245dbf.jpg
385,http://farm1.static.flickr.com/65/164613915_34cc80ca99.jpg
386,http://farm1.static.flickr.com/141/363068989_ec4c01aec5.jpg
387,http://lh3.google.com/_yRO1iZS5nm0/RvoS7IfsbFI/AAAAAAAAA9g/nW25SBGQ_34/s800/IMG_3509.JPG
388,http://farm1.static.flickr.com/40/76304897_d952219542.jpg
389,http://farm1.static.flickr.com/2/1959702_1d97d54fc1.jpg
390,http://www.ownedbypugs.com/images/articles/halloween-contest/batman-robin.png
391,http://farm1.static.flickr.com/203/451883316_df1c42c6c3.jpg
392,http://farm1.static.flickr.com/56/124968595_edbb1e998f.jpg
393,http://www.oregonhumane.org/events/album/images/Pug%20Crawl%20'05/Fairy-Pug-2.jpg
394,http://farm1.static.flickr.com/155/433886940_e3d1fb84ae.jpg
395,http://images.inmagine.com/168nwm/bigshot/bshot005/bshot005047.jpg
396,http://farm1.static.flickr.com/42/119362660_0ba52de9d2.jpg
397,http://farm2.static.flickr.com/1142/1403871803_e390ab7d3a.jpg
398,http://static.flickr.com/50/110795121_2f77dc3c9b.jpg
399,http://farm2.static.flickr.com/1270/1314847592_392c66c78b.jpg
400,http://www.tammysheirlooms.com/data/Pug7126.JPG
401,http://www.pugs.nl/images/pug0607.jpg
402,http://upload.wikimedia.org/wikipedia/commons/thumb/4/48/Mopshond2_03-10-2005.jpg/250px-Mopshond2_03-10-2005.jpg
403,http://static.flickr.com/31/56395375_34cd8105ff.jpg
404,http://static.flickr.com/40/76893889_6a60326e58.jpg
405,http://farm1.static.flickr.com/185/440386645_fbe8321c72.jpg
406,http://farm3.static.flickr.com/2006/2113340121_b3d25e78dc.jpg
407,http://farm1.static.flickr.com/218/500446010_26370c1c79.jpg
408,http://www.lawrencelau.net/Journal%20image/JoePug099.jpg
409,http://dogs.lovetoknow.com/wiki/images/Dogs/thumb/9/96/Dog_Supplies.jpg/300px-Dog_Supplies.jpg
410,http://www.wncvacationrentals.com/primitivedesignsbybernie/buster_as_a_pup.jpg
411,http://farm1.static.flickr.com/21/30497314_bfa894eda7.jpg
412,http://farm1.static.flickr.com/7/11449060_3b2b8320b7.jpg
413,http://static.flickr.com/2197/1500116693_200b7cab11.jpg
414,http://static.flickr.com/11/12871775_443ea9bb17.jpg
415,http://farm1.static.flickr.com/226/476088683_5fed0a0b0a.jpg
416,http://farm1.static.flickr.com/29/65917543_3c5dbaca4e.jpg
417,http://farm1.static.flickr.com/26/61864980_48b5bb7972.jpg
418,http://farm1.static.flickr.com/148/403874760_50a3f7c8c8.jpg
419,http://www.kingdomofpets.com/dogobediencetraining/images/testimonials/newsue_jack2.jpg
420,http://farm3.static.flickr.com/2059/2229182198_91cd5a7649.jpg
421,http://farm1.static.flickr.com/44/134199100_ba13f50617.jpg
422,http://farm1.static.flickr.com/16/91372718_25f749104f.jpg
423,http://photos4.meetupstatic.com/photos/member/9/7/d/1/member_1478865.jpeg
424,http://www.ultimatepug.com/Riley%20Pug%20dog.jpg
425,http://farm2.static.flickr.com/1049/526691021_08b2d11145.jpg
426,http://static.flickr.com/82/207445618_8bb11e8888.jpg
427,http://farm1.static.flickr.com/107/303624974_c302e08210.jpg
428,http://farm1.static.flickr.com/41/78957560_f84843538b.jpg
429,http://farm1.static.flickr.com/14/16767890_dc7c230ae7.jpg
430,http://farm1.static.flickr.com/36/75088622_58495581a9.jpg
431,http://www.smh.com.au/ffximage/2007/08/21/cmPOOCH_stubborn_gallery__342x400.jpg
432,http://farm1.static.flickr.com/79/244914521_e03f93dad7.jpg
433,http://farm1.static.flickr.com/166/428350122_46402e2b1b.jpg
434,http://farm1.static.flickr.com/10/12668539_1e7fed96b2.jpg
435,http://www.dooziedog.com/dog_breeds/images/full/Pug-1.jpg
436,http://static.flickr.com/168/393395738_87a158afd4.jpg
437,http://farm1.static.flickr.com/249/519307676_b8376dfcbc.jpg
438,http://static.flickr.com/2181/1688773878_b0299d58c3.jpg
439,http://farm1.static.flickr.com/43/83003190_8388130d7e.jpg
440,http://www.gertie.cc/pals/photos/5.4.JPEG
441,http://farm1.static.flickr.com/203/441423714_4e185b4b20.jpg
442,http://farm1.static.flickr.com/25/37334420_3dfcb82804.jpg
443,http://farm1.static.flickr.com/5/6585869_845f64a057.jpg
444,http://farm1.static.flickr.com/30/57689928_82ce546231.jpg
445,http://farm1.static.flickr.com/10/15626202_650ddf02f9.jpg
446,http://www.freewebs.com/devilsfromheaven_mopshonden/Mumba%20376A.jpg
447,http://farm3.static.flickr.com/2383/2150788299_d23c4a1905.jpg
448,http://farm1.static.flickr.com/80/244926568_bde5e03ddc.jpg
449,http://www.kgw.com/news-local/stories/M_IMAGE.11432118fbd.93.88.fa.d0.aa0e8ca1.jpg
450,http://www.pugspost.com/theme/default/images/frame/pug-pyppy.jpg
451,http://www.kiddsrus.com/i/Dogs/pug.dog.black.244.2.3.jpg
452,http://www.petography.com/img/books_pugshots.jpg
453,http://farm2.static.flickr.com/1151/1363379872_a27f5e8f9b.jpg
454,http://www.creeksidecarvings.com/fawnpug204.jpg
455,http://www.fofoseferas.com.br/img/3a596d3438d0d76c6a1502208329df6e.jpg
456,http://farm1.static.flickr.com/53/107876000_a234111b0e.jpg
457,http://www.gopetsamerica.com/pug/pug.jpg
458,http://farm1.static.flickr.com/54/162063228_88594fb8ed.jpg
459,http://farm1.static.flickr.com/35/72446016_15b7eaf832.jpg
460,http://www.gointothedogs.com/POM%20FEB%202006%20STANLEY%20PUG%202.JPG
461,http://www.kateconnick.com/postcards/pug0605aa.jpg
462,http://www.pug-puppy.com/images/pug-puppy.jpg
463,http://www.ldsleather.com/vandy_side_391x393.jpg
464,http://puppypalaceofatlantainc.com/web_sold_puppies/Tiny%20Pug%20Pup.JPG
465,http://www.gotpetsonline.com/pictures-gallery/dog-pictures-breeders-puppies-rescue/pug-pictures-breeders-puppies-rescue/pictures/hi-res-pug-0118.jpg
466,http://farm1.static.flickr.com/31/43803519_42e6e432f8.jpg
467,http://farm2.static.flickr.com/1306/821920271_3d176f6a53.jpg
468,http://farm3.static.flickr.com/2229/2047449529_0cc9aff69a.jpg
469,http://farm1.static.flickr.com/21/33983654_28361e76b3.jpg
470,http://farm1.static.flickr.com/181/373997055_0e73f6a614.jpg
471,http://static.flickr.com/29/46251053_264f5fca8e.jpg
472,http://www.ameliaanneslittlebitofheaven.com/Pugs/PugfemaleSale.jpg
473,http://farm1.static.flickr.com/25/48495746_f65a9c5028.jpg
474,http://www.dog-names.org.uk/dog-images/cute-pug.jpg
475,http://farm1.static.flickr.com/44/134207289_0bb7df588d.jpg
476,http://www.imagigraphs.com/Art/Pug_o.jpg
477,http://www.yeleah.co.uk/_wp_generated/ppe4c92da1.png
478,http://mysterynovel.newsdial.com/images/pug02.jpg
479,http://farm1.static.flickr.com/27/39694397_019e94f3fe.jpg
480,http://www.pugsrus.com.au/media/xmascard.jpg
481,http://farm1.static.flickr.com/208/505811563_eaaeb82639.jpg
482,http://farm3.static.flickr.com/2396/1791160505_32a50c9e2f.jpg
483,http://farm1.static.flickr.com/95/272215643_c547086394.jpg
484,http://farm1.static.flickr.com/32/63925556_564b54c79b.jpg
485,http://farm1.static.flickr.com/83/244904789_fd64bf1e30.jpg
486,http://photos22.flickr.com/35066705_d7354aa524.jpg
487,http://www.kennelsalvador.com/pug.jpg
488,http://farm1.static.flickr.com/27/38624149_dea2ae39b8.jpg
489,http://www.gotpetsonline.com/pictures-gallery/dog-pictures-breeders-puppies-rescue/pug-pictures-breeders-puppies-rescue/pictures/pug-0059.jpg
490,http://static.flickr.com/40/90789824_35b50ab171.jpg
491,http://farm1.static.flickr.com/5/9361416_aaf6c35605.jpg
492,http://farm1.static.flickr.com/32/52566742_b5faa373fc.jpg
493,http://farm1.static.flickr.com/155/355273274_9f78c0a5bb.jpg
494,http://farm1.static.flickr.com/31/64563424_43ed3a0806.jpg
495,http://static.flickr.com/37/106612636_61318e0925.jpg
496,http://farm1.static.flickr.com/26/164620110_79e06073bd.jpg
497,http://farm1.static.flickr.com/15/21041155_7ffa06e90d.jpg
498,http://farm3.static.flickr.com/2095/2149448668_be4c3824a2.jpg
499,http://farm1.static.flickr.com/103/306944953_b3eed1eced.jpg
500,http://farm3.static.flickr.com/2362/2228389491_41e7e490b4.jpg
501,http://farm3.static.flickr.com/2233/1795334017_9297fa2bd3.jpg
502,http://farm3.static.flickr.com/2102/2035692171_8b357ae7b4.jpg
503,http://static.flickr.com/33/62280118_36b89fbfb9.jpg
504,http://www.dsjt.bb4u.ne.jp/~happy-ms/SSCN1110.JPG
505,http://farm1.static.flickr.com/155/329630541_f2bb3a2483.jpg
506,http://farm1.static.flickr.com/62/165192208_2d401f893c.jpg
507,http://www.weeklyvisitor.com/columns/mideon/images/pug.jpg
508,http://farm1.static.flickr.com/34/72445702_dfc8c74a51.jpg
509,http://farm1.static.flickr.com/49/151534639_ef9c7878e0.jpg
510,http://farm1.static.flickr.com/199/499587071_a432f75967.jpg
511,http://www.gotpetsonline.com/pictures-gallery/dog-pictures-breeders-puppies-rescue/pug-pictures-breeders-puppies-rescue/pictures/pug-0023.jpg
512,http://static.flickr.com/23/32926083_ab22cd419a.jpg
513,http://www.dogguide.net/dog-pictures/wp-content/pics/09192007-babygirl/tumbs/tmb_IM000236.JPG
514,http://farm1.static.flickr.com/111/295604059_cb8148ef01.jpg
515,http://www.gotpetsonline.com/pictures-gallery/dog-pictures-breeders-puppies-rescue/pug-pictures-breeders-puppies-rescue/pictures/hi-res-pug-0123.jpg
516,http://farm1.static.flickr.com/61/199423445_a071cffe06.jpg
517,http://farm3.static.flickr.com/2400/2099716474_46a8777d5a.jpg
518,http://farm3.static.flickr.com/2035/2228388335_15ae5bcbc8.jpg
519,http://static.flickr.com/226/447938143_ba852c837b.jpg
520,http://farm1.static.flickr.com/39/79336810_625071d651.jpg
521,http://static.flickr.com/29/54627495_854393b92d.jpg
522,http://today.ninemsn.com.au/img/070228_pug_getty.jpg
523,http://farm1.static.flickr.com/228/448467532_7bc94ac472.jpg
524,http://farm3.static.flickr.com/2300/2160360121_3b086c3c26.jpg
525,http://farm3.static.flickr.com/2147/2058248635_c09af64b7f.jpg
526,http://static.zoovy.com/img/handsnpaws/W75-H75-Bffffff/plaid_pug_dog_jacket_horse_style_blanket.jpg
527,http://farm1.static.flickr.com/27/57704270_616e96665a.jpg
528,http://farm1.static.flickr.com/35/64395500_bbe447548c.jpg
529,http://www.pink-world.co.uk/wp-content/uploads/pug9.jpg
530,http://static.flickr.com/2408/1579320335_de7ab62d62.jpg
531,http://farm1.static.flickr.com/2/3668968_f4203cb2f7.jpg
532,http://farm1.static.flickr.com/44/113197803_53d4771f18.jpg
533,http://static.flickr.com/14/17728451_443a18237b.jpg
534,http://farm1.static.flickr.com/201/518698700_0c17e7d9b9.jpg
535,http://farm1.static.flickr.com/31/51086498_010f11a08e.jpg
536,http://farm1.static.flickr.com/167/418306454_cb71ef54ff.jpg
537,http://site.vincentstrangiostore.com/tshirts/trainerthumbs/pugtrain.jpg
538,http://anwo.com/store/media/pug_fig_ss.JPG
539,http://www.anniebees.com/PadisCorner/Images/BeauBig.jpg
540,http://farm2.static.flickr.com/1410/1073279390_9e26d61b38.jpg
541,http://farm2.static.flickr.com/1057/928441731_630c8b2f47.jpg
542,http://www.elreydelart.com/blog/introducing-charles.jpg
543,http://farm1.static.flickr.com/21/26690921_5002ee34da.jpg
544,http://farm1.static.flickr.com/162/411832910_6fafdbe6ee.jpg
545,http://farm1.static.flickr.com/221/477666596_547f0e7677.jpg
546,http://farm1.static.flickr.com/84/241046130_09aa98e877.jpg
547,http://farm1.static.flickr.com/140/399671064_786f9fa2d2.jpg
548,http://farm1.static.flickr.com/58/190180386_fb0ad2ad10.jpg
549,http://static.flickr.com/24/51736828_4f70e59e83.jpg
550,http://farm1.static.flickr.com/8/9534803_a6e3be876a.jpg
551,http://farm1.static.flickr.com/119/295594578_5f6a21653b.jpg
552,http://static.flickr.com/32/54460105_8495c2343f.jpg
553,http://www.perrosdemexico.com.mx/razas/standares/media/253.jpg
554,http://pugs.cc/pictures/1styear/pug-pictures-6/pug-8.jpg
555,http://farm1.static.flickr.com/21/27802021_a4973c4fa3.jpg
556,http://farm1.static.flickr.com/26/50998443_35a1126aaa.jpg
557,http://farm1.static.flickr.com/28/38839418_bec0e898fa.jpg
558,http://farm1.static.flickr.com/53/145091410_366ed8d891.jpg
559,http://www.pop-up-greetings.co.uk/images/home_pug_dog.jpg
560,http://farm1.static.flickr.com/27/37334433_d4c98fc3d5.jpg
561,http://www1.istockphoto.com/file_thumbview_approve/2958366/2/istockphoto_2958366_cute_pug_dog_in_a_hoodie.jpg
562,http://farm1.static.flickr.com/8/6898469_47f703bd76.jpg
563,http://farm3.static.flickr.com/2370/2103211753_27db5e34f3.jpg
564,http://farm1.static.flickr.com/22/39043677_f9849efcdc.jpg
565,http://www.hotelchatter.com/files/admin/josie_pug_monkey.jpg
566,http://farm1.static.flickr.com/186/400124068_1e1ead341d.jpg
567,http://farm1.static.flickr.com/31/90235042_c764a2f31d.jpg
568,http://farm2.static.flickr.com/1260/900142926_9a8d72beb7.jpg
569,http://farm1.static.flickr.com/2/1408489_a32f94407e.jpg
570,http://farm1.static.flickr.com/33/41450012_ff99d291c8.jpg
571,http://farm1.static.flickr.com/37/82666317_2bdc9c29d8.jpg
572,http://farm2.static.flickr.com/1315/1008533193_6670c0acff.jpg
573,http://farm1.static.flickr.com/28/65943351_df7fc544c7.jpg
574,http://farm1.static.flickr.com/41/81206254_a2adb1e135.jpg
575,http://farm3.static.flickr.com/2298/2052164211_cb518ac3f5.jpg
576,http://farm1.static.flickr.com/33/49668184_32d3429b8b.jpg
577,http://farm1.static.flickr.com/23/29026772_5db0475a5e.jpg
578,http://static.flickr.com/2044/1546663953_98961838e8.jpg
579,http://farm3.static.flickr.com/2358/2172586326_63b50301b3.jpg
580,http://farm1.static.flickr.com/26/45201144_ed99311b32.jpg
581,http://farm1.static.flickr.com/25/100647962_ece21951af.jpg
582,http://farm1.static.flickr.com/133/341319259_34f50fe285.jpg
583,http://static.flickr.com/211/448465672_0806f60762.jpg
584,http://farm1.static.flickr.com/40/77064580_b55f69d81e.jpg
585,http://www.mytopdogs.com/pics/pug.jpg
586,http://farm1.static.flickr.com/48/138902839_089ee4ab68.jpg
587,http://www.cramerphotography.com/gallery/Dogs/images/Pug_4235r5.jpg
588,http://farm1.static.flickr.com/30/48495020_3a27bd4265.jpg
589,http://static.flickr.com/43/85325173_15e2cf1408.jpg
590,http://www.gotpetsonline.com/pictures-gallery/dog-pictures-breeders-puppies-rescue/pug-pictures-breeders-puppies-rescue/pictures/hi-res-pug-0097.jpg
591,http://static.flickr.com/30/61864979_b2cd7099e1.jpg
592,http://farm1.static.flickr.com/9/77013676_bc5b4433b8.jpg
593,http://farm1.static.flickr.com/30/64242457_ff62f0255e.jpg
594,http://farm1.static.flickr.com/98/253868839_141d723791.jpg
595,http://farm1.static.flickr.com/30/46382183_15e61dd699.jpg
596,http://farm1.static.flickr.com/232/505750787_445d2b8614.jpg
597,http://farm1.static.flickr.com/84/248801751_29455b4af4.jpg
598,http://static.flickr.com/1186/1040334882_426c638b12.jpg
599,http://farm2.static.flickr.com/1087/764689139_38a3584583.jpg
600,http://farm1.static.flickr.com/70/189044177_7f571947f2.jpg
601,http://farm1.static.flickr.com/36/74162662_3c3bd5375d.jpg
602,http://photos2.meetupstatic.com/photos/event/f/1/7/highres_303863.jpeg
603,http://farm3.static.flickr.com/2174/2205417648_4fa79d4e89.jpg
604,http://www.luvpugz.com/db3/00264/luvpugz.com/_uimages/boogie.jpg
605,http://farm3.static.flickr.com/2014/1524051906_dabaf8404a.jpg
606,http://www.puppydogweb.com/kennels/images/pug_bohart.jpg
607,http://farm1.static.flickr.com/28/51735197_fb16abd3ee.jpg
608,http://farm1.static.flickr.com/21/32926080_960f224810.jpg
609,http://nothinbuttdogs.com/AprContest/Hamm.jpg
610,http://farm1.static.flickr.com/23/25239653_bcb0359b9b.jpg
611,http://static.flickr.com/7/7115135_3b92bd3dcd.jpg
612,http://static.flickr.com/29/50133259_bbe57e0c63.jpg
613,http://farm1.static.flickr.com/15/20395729_e648a2ab28.jpg
614,http://www.pets.ca/breedprofiles/a/pug/p15.jpg
615,http://farm3.static.flickr.com/2286/1687918251_0d669db761.jpg
616,http://farm1.static.flickr.com/14/17457780_4728632f01.jpg
617,http://farm1.static.flickr.com/14/15626216_1d1349aff1.jpg
618,http://static.flickr.com/86/282990285_9a7a851d34.jpg
619,http://farm1.static.flickr.com/48/145995097_3f43acb26b.jpg
620,http://farm1.static.flickr.com/152/399670559_2db5781128.jpg
621,http://farm1.static.flickr.com/126/348785134_4376dca99f.jpg
622,http://adogsbreakfast.com/Gallery/Doyles/2005/grap/Pug_2.11.jpg
623,http://div.mopsnet.org/images/beatrice/pic01.jpg
624,http://farm3.static.flickr.com/2412/1526881727_a23a505b00.jpg
625,http://farm1.static.flickr.com/36/82877718_b6e6881544.jpg
626,http://static.flickr.com/13/18473445_0de7792065.jpg
627,http://www.serraschool.org/StudentWork/Projects00-01/7%20Animals/7a20pic1.jpg
628,http://farm2.static.flickr.com/1038/675902789_f678e6f5c2.jpg
629,http://farm1.static.flickr.com/51/137454161_57559c7d89.jpg
630,http://farm1.static.flickr.com/34/72380549_f2d1caf683.jpg
631,http://farm3.static.flickr.com/2325/1582452256_07dca4a13e.jpg
632,http://farm1.static.flickr.com/37/80508844_88c4c1cf6d.jpg
633,http://farm3.static.flickr.com/2315/2229182562_280d70310a.jpg
634,http://z.about.com/d/dogs/1/0/F/q/1/Lex_pug_Raincoat.jpg
635,http://www.gotdogsonline.com/pug-pictures-breeders-puppies-rescue/pictures/pug-0002.jpg
636,http://www.everypicture.com/shop/books/3fb803f7f6b98bb14f79d8c112805169/pug-pup---study.jpg
637,http://www.gotpetsonline.com/pictures-gallery/dog-pictures-breeders-puppies-rescue/pug-pictures-breeders-puppies-rescue/pictures/pug-0040.jpg
638,http://static.flickr.com/24/62346752_4d1c9e9922.jpg
639,http://farm1.static.flickr.com/6/8845846_6d3c027ebd.jpg
640,http://www.gotpetsonline.com/pictures-gallery/dog-pictures-breeders-puppies-rescue/pug-pictures-breeders-puppies-rescue/pictures/pug-0092.jpg
641,http://lh3.google.com/_Ns2KSEOOqWo/RzHp7iG0juI/AAAAAAAAASw/d9MoDVbVUmo/s800/2007+11+04+033.jpg
642,http://static.flickr.com/33/51929012_ce4b73f444.jpg
643,http://farm1.static.flickr.com/1/2668428_408754f87c.jpg
644,http://farm2.static.flickr.com/1123/950016286_0edfec712b.jpg
645,http://www.puppysites.com/deluxe/sterlingden_pug.jpg
646,http://www.studiotuesday.com/dogs/pug.jpg
647,http://farm1.static.flickr.com/142/360078710_95a72368fa.jpg
648,http://farm1.static.flickr.com/56/108969456_ab3d0ef697.jpg
649,http://farm1.static.flickr.com/93/244917025_a8264a4bf4.jpg
650,http://virginmoney.com.au/images/pug_dog.jpg
651,http://static.flickr.com/3/5117641_1da763477e.jpg
652,http://farm1.static.flickr.com/24/48495776_27c13e3720.jpg
653,http://farm1.static.flickr.com/9/13549846_f3fec4ca62.jpg
654,http://farm3.static.flickr.com/2346/2088843062_0bb507fdf4.jpg
655,http://www.gotpetsonline.com/pictures-gallery/dog-pictures-breeders-puppies-rescue/pug-pictures-breeders-puppies-rescue/pictures/hi-res-pug-0071.jpg
656,http://www.datingpuppy.com/Breeds/breed_p/Pug4.jpg
657,http://farm1.static.flickr.com/122/293529544_f0694b138c.jpg
658,http://www.pugaday.com/wp-content/uploads/2007/08/jabba_leia_082607.jpg
659,http://farm1.static.flickr.com/223/518394571_eb646c8c54.jpg
660,http://farm1.static.flickr.com/7/11449059_7546f335d5.jpg
661,http://farm1.static.flickr.com/11/16276242_d9ffe8ad9f.jpg
662,http://farm3.static.flickr.com/2002/2081940498_be6cce860d.jpg
663,http://farm1.static.flickr.com/15/20985522_bd9c7f0c0b.jpg
664,http://farm1.static.flickr.com/36/84470398_2f671cdf6c.jpg
665,http://farm3.static.flickr.com/2107/2229182914_b6297820da.jpg
666,http://farm1.static.flickr.com/96/264452255_ce26612ab3.jpg
667,http://farm2.static.flickr.com/1042/1085788871_eabd1dd075.jpg
668,http://www.petpeoplesplace.com/resources/gallery/dogs/images/pug06.jpg
669,http://lh3.google.com/_jesrVrOQBGQ/RtBgJjLAbgI/AAAAAAAAHEM/5TD0G1kqkss/s800/IMGP8109.JPG
670,http://razas.de.perros.googlepages.com/carlino.jpg/carlino-full.jpg
671,http://farm1.static.flickr.com/23/29422074_4cd3fda032.jpg
672,http://static.flickr.com/22/31430815_e94dbfddc1.jpg
673,http://farm1.static.flickr.com/113/306022951_ca37d7923a.jpg
674,http://www.cnn.com/EVENTS/seasons_greetings/pets_as_gifts/pug.jpg
675,http://www.doggydoodles.org/images/Pug_inflowers.JPG
676,http://farm2.static.flickr.com/1071/1011132373_7b5ee84b5c.jpg
677,http://farm1.static.flickr.com/71/164617731_03bfb86005.jpg
678,http://farm2.static.flickr.com/1028/1338586112_04eb7e99f9.jpg
679,http://static.flickr.com/130/396470804_932113d47e.jpg
680,http://farm1.static.flickr.com/2/3118810_e4aad47567.jpg
681,http://farm1.static.flickr.com/76/207445616_39c7c9a5cf.jpg
682,http://farm3.static.flickr.com/2121/2184149611_d89f4aa8f7.jpg
683,http://farm1.static.flickr.com/2/2275277_f783ad3fa3.jpg
684,http://farm3.static.flickr.com/2037/2188358702_c09e2c8659.jpg
685,http://farm1.static.flickr.com/32/54656582_26a29e0737.jpg
686,http://static.flickr.com/29/54188197_30fef87e06.jpg
687,http://bp2.blogger.com/_mRE5-IfyGlY/RpfGWkhD6dI/AAAAAAAAAa8/WJsmHyUgjAk/s400/roose_pug_pool.jpg
688,http://farm1.static.flickr.com/102/285138588_3839cc01d3.jpg
689,http://static.flickr.com/7/6174335_2b07828885.jpg
690,http://farm1.static.flickr.com/215/519842064_3cc0d60a78.jpg
691,http://farm3.static.flickr.com/2225/2068797874_01afbd1e62.jpg
692,http://farm1.static.flickr.com/1/314857_48375654f7.jpg
693,http://farm2.static.flickr.com/1247/1233944943_e0d9df547e.jpg
694,http://farm1.static.flickr.com/146/410332130_dd97b6d546.jpg
695,http://farm1.static.flickr.com/43/87449332_513d3e3cc0.jpg
696,http://farm2.static.flickr.com/1237/601660583_6c02ba4ff5.jpg
697,http://farm1.static.flickr.com/53/137037652_3efd7a17df.jpg
698,http://www.my-pet-medicine.com/wp-content/uploads/2006/10/800px-Exophthalmos_in_pug.JPG
699,http://farm3.static.flickr.com/2058/2171798047_7e09b3b139.jpg
700,http://farm2.static.flickr.com/1207/793356429_74d04015e9.jpg
701,http://farm1.static.flickr.com/125/402816343_c8f7efa1bb.jpg
702,http://farm1.static.flickr.com/58/183121452_6239facaca.jpg
703,http://farm1.static.flickr.com/83/265535976_e937aa3c3d.jpg
704,http://farm3.static.flickr.com/2194/1801342395_c33a4fc2d2.jpg
705,http://farm2.static.flickr.com/1110/1434470740_3677d060f7.jpg
706,http://farm1.static.flickr.com/34/74173665_990024a3dc.jpg
707,http://farm1.static.flickr.com/59/197743591_bb6462286d.jpg
708,http://farm3.static.flickr.com/2013/2100108527_c999e1d6b1.jpg
709,http://www.animatieplaatjes.be/fransebulldog/2.gif
710,http://lh3.google.com/__G8PrGkBp9I/RscVu8abpSI/AAAAAAAAAIU/92Fc78VRPLA/s800/Penny's+camera+117.jpg
711,http://www.funnydog.net/images/yodapug.jpg
712,http://farm1.static.flickr.com/26/42686509_0cb995406c.jpg
713,http://farm3.static.flickr.com/2408/2038644717_5da3b86a46.jpg
714,http://farm1.static.flickr.com/130/352784886_61421b8f1d.jpg
715,http://static.flickr.com/41/82235416_d5e0707597.jpg
716,http://farm1.static.flickr.com/6/68782228_5deffa7a61.jpg
717,http://farm1.static.flickr.com/27/44679610_7f4a236f7a.jpg
718,http://farm3.static.flickr.com/2197/2166732024_94ac09d419.jpg
719,http://farm1.static.flickr.com/6/11167668_04ff406d9e.jpg
720,http://farm1.static.flickr.com/26/46092960_32d814617f.jpg
721,http://farm3.static.flickr.com/2295/1588478121_e5f69861e5.jpg
722,http://www.pugdogsdiner.com/images/pug.jpg
723,http://farm1.static.flickr.com/165/373870816_ce7f15e121.jpg
724,http://www.mtvernonmanor.org/newsite/images/Pets/Hayes.jpg
725,http://www.acapups.com.au/Puppies/Pug_x_Shih_Tzu/Pug_x_ShihTzu_Dscn7944.jpg
726,http://farm1.static.flickr.com/30/41727457_0be90ec137.jpg
727,http://dogs.thefuntimesguide.com/images/blogs/pug-dog-police-cop-costume.jpg
728,http://farm1.static.flickr.com/182/391836576_991719ec97.jpg
729,http://farm1.static.flickr.com/139/327461005_0b7871b9c5.jpg
730,http://farm3.static.flickr.com/2241/2188236883_48eefb01b0.jpg
731,http://www.whitigger.com/pugcontest/Best%20Costume/PugCrazy1LydiaPirate.JPG
732,http://farm1.static.flickr.com/27/89272076_3fd019bf01.jpg
733,http://farm1.static.flickr.com/55/148542561_763d8730e3.jpg
734,http://farm1.static.flickr.com/175/399670446_ec5346e071.jpg
735,http://farm1.static.flickr.com/30/40582730_c1d03e90f7.jpg
736,http://farm1.static.flickr.com/216/486209790_3bf250925d.jpg
737,http://farm2.static.flickr.com/1389/762484042_28d3e9d781.jpg
738,http://farm1.static.flickr.com/20/73436829_484e567b2d.jpg
739,http://farm1.static.flickr.com/92/272870628_1a6153f967.jpg
740,http://farm1.static.flickr.com/144/319190137_44dc93ef5f.jpg
741,http://usapups.com/breed_pics/1189710985.jpg
742,http://www.flashpuzzlezone.com/thumbs/pug.jpg
743,http://static.flickr.com/7/7683508_afeeb060d1.jpg
744,http://gotpetsonline.com/pictures-gallery/dog-pictures-breeders-puppies-rescue/pug-pictures-breeders-puppies-rescue/pictures/pug-0022.jpg
745,http://farm1.static.flickr.com/169/403898887_e0dc849b44.jpg
746,http://farm1.static.flickr.com/49/164619009_c0efa1c686.jpg
747,http://www.animalstars.com/as_image/alba_jessica_close_xl.jpg
748,http://farm1.static.flickr.com/33/67229795_1335ccdc27.jpg
749,http://farm1.static.flickr.com/12/14704836_3188a97c07.jpg
750,http://farm1.static.flickr.com/8/6636503_f7bbf99718.jpg
751,http://farm1.static.flickr.com/111/284855455_79d2c33ee2.jpg
752,http://farm1.static.flickr.com/29/57844715_a17a2693d7.jpg
753,http://farm1.static.flickr.com/4/8209526_d02b0acb35.jpg
754,http://farm1.static.flickr.com/30/65916528_893230c58a.jpg
755,http://farm1.static.flickr.com/33/48480353_e153d8cc01.jpg
756,http://farm3.static.flickr.com/2133/1687918581_df0921eb5a.jpg
757,http://farm3.static.flickr.com/2276/2034066523_d1a966c9ac.jpg
758,http://farm1.static.flickr.com/29/56916789_0b4b1551cd.jpg
759,http://www.hondenplaza.nl/page/sharpei/6.jpg
760,http://farm1.static.flickr.com/10/11279429_cee1fa1b4a.jpg
761,http://farm3.static.flickr.com/2279/2172584308_3700706c2f.jpg
762,http://farm3.static.flickr.com/2039/1783926974_589f20d3b4.jpg
763,http://farm3.static.flickr.com/2240/1844727953_01213b611d.jpg
764,http://farm1.static.flickr.com/68/170304459_d3ec362a37.jpg
765,http://farm1.static.flickr.com/44/151037755_4be31ec572.jpg
766,http://farm1.static.flickr.com/197/471729935_4ee741aa33.jpg
767,http://www.chugpuppies.com/pics/chugpic1.jpg
768,http://www.pugdogs.ca/images/puppy_pics/full_size/New/Pug%20pink%20bow.jpg
769,http://farm1.static.flickr.com/200/524578217_3f96a7993e.jpg
770,http://static.flickr.com/216/448469864_a1a4c0d5f3.jpg
771,http://farm1.static.flickr.com/157/337997419_1d533a1342.jpg
772,http://www.dogAnswer.com/images/pug-1.jpg
773,http://farm2.static.flickr.com/1287/762484972_ddd49d9a86.jpg
774,http://farm1.static.flickr.com/24/62349127_f7848fa535.jpg
775,http://farm1.static.flickr.com/254/535860120_9f058f7ec5.jpg
776,http://farm1.static.flickr.com/162/428796888_a9ffc03aac.jpg
777,http://farm3.static.flickr.com/2077/2160406789_1ee57d61f1.jpg
778,http://static.flickr.com/31/36362442_ce287ea463.jpg
779,http://farm1.static.flickr.com/184/450292193_c649fc041d.jpg
780,http://farm1.static.flickr.com/28/55626669_921c851b41.jpg
781,http://farm3.static.flickr.com/2033/1736677157_8c4f014e88.jpg
782,http://www.pelosepatas.com.br/cachorro/criado44.jpg
783,http://www.dogcastradio.com/upload/thumbs/P1512.jpg
784,http://farm1.static.flickr.com/7/7633916_af46283e66.jpg
785,http://static.flickr.com/1/284249_e806500833.jpg
786,http://farm1.static.flickr.com/4/7632976_015c182ed3.jpg
787,http://farm3.static.flickr.com/2208/2226917122_31ccef0ee1.jpg
788,http://www.ownedbypugs.com/images/blog/shedding2.png
789,http://farm3.static.flickr.com/2048/2137723522_db299bfbc3.jpg
790,http://static.flickr.com/23/32784142_7c158e51a7.jpg
791,http://lh3.google.com/_nu0saArhmV4/RgcTkQDyMqI/AAAAAAAAAAk/6dRWWwlZXcc/s800/IMG_6310.JPG
792,http://upload.wikimedia.org/wikipedia/commons/thumb/8/87/Wikipugnap.jpgugnap.jpg/180px-Wikipugnap.jpgugnap.jpg
793,http://static.flickr.com/56/143083113_6cec06eb42.jpg
794,http://farm2.static.flickr.com/1261/1429195320_1f46b312ae.jpg
795,http://www.indexstock.com/store/GetThumb.asp/ImageNum=208848&VOLID;=250&gc;=gc1&ss;=1/Pug-208848.jpg
796,http://www.gotpetsonline.com/pictures-gallery/dog-pictures-breeders-puppies-rescue/pug-pictures-breeders-puppies-rescue/pictures/hi-res-pug-0134.jpg
797,http://www.artglass-pottery.com/images/dogs/ItemCA01999A.jpg
798,http://www.dkimages.com/discover/previews/946/75028428.JPG
799,http://farm1.static.flickr.com/144/338952152_f89e7f3a6f.jpg
800,http://static.flickr.com/5/4750888_50bd42776d.jpg
801,http://farm1.static.flickr.com/77/161850995_05b93469ae.jpg
802,http://farm1.static.flickr.com/35/73913606_8fcb34671e.jpg
803,http://farm3.static.flickr.com/2235/2237294648_2c74211cb7.jpg
804,http://bp1.blogger.com/_CM_UB5R8YuA/RuXVr7ufLnI/AAAAAAAAAMc/283Gyoflp1o/s320/Peanut+the+Magnificent+Pug.bmp
805,http://farm1.static.flickr.com/45/141776588_d75ce2e37a.jpg
806,http://static.flickr.com/39/82877720_f7fac4b58f.jpg
807,http://farm2.static.flickr.com/1426/675011454_c6fc245e2c.jpg
808,http://farm1.static.flickr.com/95/225129657_0d11c43964.jpg
809,http://farm1.static.flickr.com/42/79113559_84cb674213.jpg
810,http://farm2.static.flickr.com/1051/601943962_6850aa74f3.jpg
811,http://farm3.static.flickr.com/2264/2159840876_576cb571ca.jpg
812,http://farm1.static.flickr.com/110/253712332_91d1cc15bb.jpg
813,http://farm1.static.flickr.com/157/399669077_25e1acb11b.jpg
814,http://farm1.static.flickr.com/81/235650042_cfd9ea20af.jpg
815,http://www.dkimages.com/discover/previews/949/65004630.JPG
816,http://www.20minutos.es/data/img/2007/01/29/554609.jpg
817,http://farm1.static.flickr.com/43/79113554_936255d193.jpg
818,http://static.flickr.com/40/82248571_44ffac8f65.jpg
819,http://www.pugs.nl/images/small-pug1.gif
820,http://www.gotpetsonline.com/pictures-gallery/dog-pictures-breeders-puppies-rescue/pug-pictures-breeders-puppies-rescue/pictures/hi-res-pug-0043.jpg
821,http://static.flickr.com/9/12871773_77b8537411.jpg
822,http://farm1.static.flickr.com/217/486239861_a993143c22.jpg
823,http://www.petlounge.net/images/library/wallpaper_samples/KenZane/rasta.jpg
824,http://farm1.static.flickr.com/209/521851838_68b6e9cfb3.jpg
825,http://farm1.static.flickr.com/5/10547353_982a8e93a1.jpg
826,http://farm1.static.flickr.com/215/476981442_9d3dfb7d7d.jpg
827,http://static.flickr.com/29/41685971_9e8ae72dbe.jpg
828,http://www.pugs.nl/images/pug_332.jpg
829,http://farm3.static.flickr.com/2150/1560722300_3223234b57.jpg
830,http://farm1.static.flickr.com/41/82877722_9809a929dd.jpg
831,http://farm1.static.flickr.com/22/27347383_fe0cfc1270.jpg
832,http://farm1.static.flickr.com/31/64242458_c00fc9efff.jpg
833,http://farm3.static.flickr.com/2265/1696388828_7614b290ee.jpg
834,http://farm1.static.flickr.com/97/237991269_e34894e03d.jpg
835,http://www.pugs.nl/images/pug_235.jpg
836,http://www.e-michael.jp/gallery/Pug.M2.JPG
837,http://static.flickr.com/2311/1562691254_f615b16d33.jpg
838,http://static.flickr.com/30/64062148_defaa123ce.jpg
839,http://static.flickr.com/113/252953635_865376d858.jpg
840,http://www.schatzistreasures.com/imagescal/pug-calendar-btwkfr.jpg
841,http://farm1.static.flickr.com/21/33968145_918954a2eb.jpg
842,http://farm1.static.flickr.com/171/418954520_6c6276fac0.jpg
843,http://farm1.static.flickr.com/17/20395724_ed390b1657.jpg
844,http://farm1.static.flickr.com/21/31430978_ac00baaeb8.jpg
845,http://www.obeythepurebreed.com/images/pug_radio.jpg
846,http://www.pinoyurbanblog.com/wp-content/uploads/2006/04/pug-dogs.jpg
847,http://farm1.static.flickr.com/1/2695287_05fb58de48.jpg
848,http://farm1.static.flickr.com/30/54134918_477e4ef76d.jpg
849,http://static.flickr.com/32/47263109_a34b2b2a14.jpg
850,http://farm1.static.flickr.com/25/99507943_6b5f0190c7.jpg
851,http://static.flickr.com/221/510083983_36e9c91161.jpg
852,http://farm1.static.flickr.com/200/500445238_ff170ef351.jpg
853,http://farm3.static.flickr.com/2369/2161163144_58a9842114.jpg
854,http://farm2.static.flickr.com/1275/721636097_a0bab725ec.jpg
855,http://farm1.static.flickr.com/115/314984424_ba1cb400ae.jpg
856,http://farm1.static.flickr.com/117/292881243_37f11976bc.jpg
857,http://farm3.static.flickr.com/2393/2236504915_f0b7d087cd.jpg
858,http://www.bulldoginformation.com/pug-dog-7.jpg
859,http://www.dogdoright.com/images/untitledma10362900-0002_000.jpg
860,http://farm3.static.flickr.com/2380/2088901710_93fe5884dc.jpg
861,http://sweetcheeksracing.com/DSCF0112.JPG
862,http://farm1.static.flickr.com/14/17935574_f1f8fc5374.jpg
863,http://farm1.static.flickr.com/54/145995009_af5a55f7f6.jpg
864,http://images.usatoday.com/tech/_photos/2006/09/22/pug.jpg
865,http://farm1.static.flickr.com/20/72445710_ba2a980295.jpg
866,http://farm3.static.flickr.com/2088/1688772164_3e7b14d5fe.jpg
867,http://farm3.static.flickr.com/2405/2100171091_d0d7bc051c.jpg
868,http://farm1.static.flickr.com/164/338844258_2e7fabff3a.jpg
869,http://a1259.g.akamai.net/f/1259/5586/1d/images.art.com/images/-/Pug-Dog-Photographic-Print-C10274196.jpeg
870,http://farm1.static.flickr.com/22/26211367_547384ac89.jpg
871,http://farm1.static.flickr.com/24/48492798_29b4083b05.jpg
872,http://farm1.static.flickr.com/4/7909873_e00789bda9.jpg
873,http://www.sunvalleygoats.com/images/pugsly5.jpg
874,http://farm1.static.flickr.com/162/353314503_30b780f257.jpg
875,http://farm1.static.flickr.com/39/83202724_1d99a6d8b4.jpg
876,http://farm1.static.flickr.com/61/220829345_563ad61924.jpg
877,http://www.petsdelight.us/Glendora%20Puppies/thumbs/Pug_Male.jpg
878,http://farm1.static.flickr.com/47/131078083_96daf1bdf4.jpg
879,http://farm1.static.flickr.com/216/470329240_9f40783904.jpg
880,http://www.costumedogs.com/wp-content/uploads/2006/07/07-20-2006.jpg
881,http://farm3.static.flickr.com/2288/1543706551_86212f2779.jpg
882,http://farm1.static.flickr.com/23/30497237_c9098314c1.jpg
883,http://farm1.static.flickr.com/31/50224508_8dd61962a5.jpg
884,http://farm2.static.flickr.com/1371/1286505471_9dcf90a78c.jpg
885,http://www.gotpetsonline.com/pictures-gallery/dog-pictures-breeders-puppies-rescue/pug-pictures-breeders-puppies-rescue/pictures/pug-0251.jpg
886,http://farm1.static.flickr.com/235/459134693_bb8fc3d9d8.jpg
887,http://farm3.static.flickr.com/2031/1850891366_937062d0ac.jpg
888,http://static.flickr.com/221/448472280_5bc1d9669a.jpg
889,http://www.pugs4u.ca/FarmPics/PugPile2_lg.jpg
890,http://www.echoesbleeding.com/pug/xmas_dog.jpg
891,http://static.flickr.com/1047/1428308211_38611d5c68.jpg
892,http://www.gotpetsonline.com/pictures-gallery/dog-pictures-breeders-puppies-rescue/pug-pictures-breeders-puppies-rescue/pictures/pug-0104.jpg
893,http://farm2.static.flickr.com/1018/1401718462_edc3487ca2.jpg
894,http://farm1.static.flickr.com/35/70875504_c2ba4c6867.jpg
895,http://farm1.static.flickr.com/126/318380816_350ce2e3cf.jpg
896,http://farm1.static.flickr.com/6/10842120_aa56e565a3.jpg
897,http://farm1.static.flickr.com/41/98156739_e81826be09.jpg
898,http://www.whalesdirect.com/cat-images-sm/RM167PUG.jpg
899,http://farm3.static.flickr.com/2385/2136195077_13fda5d3a6.jpg
900,http://farm1.static.flickr.com/43/78984548_29e0c31494.jpg
901,http://farm1.static.flickr.com/29/51736805_ab43773610.jpg
902,http://farm1.static.flickr.com/58/168591654_58b3f0c2e1.jpg
903,http://www.officialpugguide.com/Pug_Pictures/Pug6.jpg
904,http://static.flickr.com/9/17360606_4a545ba5c2.jpg
905,http://farm2.static.flickr.com/1289/745933296_a59f0c34be.jpg
906,http://www.caringcanines.org/josephx.jpg
907,http://farm1.static.flickr.com/7/10866584_6cac4dadff.jpg
908,http://www.dogsmalta.com/pug.JPG
909,http://pugs.cc/pictures/1styear/pug-pictures-2/pug-on-golden-pillow.jpg
910,http://farm1.static.flickr.com/30/92200502_d15ff61eb2.jpg
911,http://farm1.static.flickr.com/174/400067620_3ec0a47a5d.jpg
912,http://www.dogs4sale.com/images_breed/pug_1.jpg
913,http://farm1.static.flickr.com/7/7230733_a794df01ce.jpg
914,http://www.amazonaquarium.net/puppies/photos_instock/pug.jpg
915,http://www.daisy-may.net/files/u1/Daisy-Annie_12-06_049.jpg
916,http://upload.wikimedia.org/wikipedia/commons/thumb/7/72/WMMops.jpg/250px-WMMops.jpg
917,http://www.krittersinthemailbox.com/animals/dogs/pugs/figurines/sc1482t.jpg
918,http://www3.sympatico.ca/jeffrey.froud/BaxBiss2.JPG
919,http://farm1.static.flickr.com/71/167878625_31c1dcff11.jpg
920,http://farm1.static.flickr.com/15/88633221_9eb452ec6f.jpg
921,http://farm1.static.flickr.com/42/76309686_8670decf68.jpg
922,http://static.flickr.com/210/450130894_cbe1058506.jpg
923,http://farm1.static.flickr.com/27/41728551_6276741066.jpg
924,http://farm1.static.flickr.com/1/1265449_1d4a2c116f.jpg
925,http://static.flickr.com/7/8497477_a6a5a7e111.jpg
926,http://www.paulaspugs.com/China%20Baby%20Web.JPG
927,http://farm2.static.flickr.com/1390/986657155_7d9fefccc8.jpg
928,http://static.flickr.com/134/317662129_7683c5f8e2.jpg
929,http://farm2.static.flickr.com/1088/1367389340_7e4788d044.jpg
930,http://farm1.static.flickr.com/77/203059699_5599567e21.jpg
931,http://farm1.static.flickr.com/140/347045835_d7441b627d.jpg
932,http://www.pedigreecharm.co.uk/acatalog/CCGB042.jpg
933,http://static.flickr.com/30/55951438_5d465d6ee1.jpg
934,http://farm3.static.flickr.com/2199/2047124251_eab55339e1.jpg
935,http://farm1.static.flickr.com/170/476087517_3a52c3f248.jpg
936,http://www.dog-obedience-training-review.com/images/Black-Pug-Puppy.jpg
937,http://static.flickr.com/2416/2036224902_db21f1b98d.jpg
938,http://farm3.static.flickr.com/2256/2064148188_6072d63298.jpg
939,http://farm1.static.flickr.com/40/84401978_8138f29b61.jpg
940,http://farm3.static.flickr.com/2133/2160409563_391690b8d4.jpg
941,http://farm1.static.flickr.com/103/286260371_61433743a3.jpg
942,http://www.petspots.frih.net/images/Dogs/Pug.jpg
943,http://farm1.static.flickr.com/8/11700253_f8a766c29a.jpg
944,http://farm1.static.flickr.com/4/9456385_baa78d6c3b.jpg
945,http://farm1.static.flickr.com/16/89609615_8847133575.jpg
946,http://www.dooziedog.com/dog_breeds/images/full/Pug-10.jpg
947,http://dogsindia.com/images/Mahesh-Pug-LP.jpg
948,http://farm1.static.flickr.com/149/361820847_81ea2f1ada.jpg
949,http://pasoddy.com/images/DOG/Pug.jpg
950,http://farm1.static.flickr.com/26/74162663_9589c642e7.jpg
951,http://farm1.static.flickr.com/53/170622745_751492c366.jpg
952,http://farm1.static.flickr.com/28/50936211_2d0b772b88.jpg
953,http://www.kooskiekennels.com/images/Cr2ddbig.jpg
954,http://farm1.static.flickr.com/1/186692984_397a4d615b.jpg
955,http://www.sosmascotas.com.ar/fotosenciclopedia/pug.jpg
956,http://farm1.static.flickr.com/156/348785895_be56090f45.jpg
957,http://farm1.static.flickr.com/64/163871885_4dbcc4363f.jpg
958,http://farm2.static.flickr.com/1052/532289127_57fc48d506.jpg
959,http://farm1.static.flickr.com/172/485261289_5e839e6339.jpg
960,http://www.gotpetsonline.com/pictures-gallery/dog-pictures-breeders-puppies-rescue/pug-pictures-breeders-puppies-rescue/pictures/pug-0140.jpg
961,http://farm3.static.flickr.com/2290/2050572729_f4eca3f7ac.jpg
962,http://www.kmillustration.com/irises.jpg
963,http://www.gotdogsonline.com/pug-pictures-breeders-puppies-rescue/pictures/pug-0004.jpg
964,http://baddminton.com/wp-content/uploads/2006/11/pug.jpg
965,http://farm1.static.flickr.com/8/6349621_964c193a3f.jpg
966,http://farm1.static.flickr.com/227/473580883_886aef614b.jpg
967,http://farm1.static.flickr.com/30/62888503_0320d23377.jpg
968,http://farm1.static.flickr.com/38/123473119_f1a8cc94e3.jpg
969,http://www.mysticunicorn.com/graphics/ytc/5020s.jpg
970,http://www.zveryshki.ru/media/2006/08/pug.jpg
971,http://farm1.static.flickr.com/27/43947163_8306b1633a.jpg
972,http://farm1.static.flickr.com/158/419410930_3b75d4827a.jpg
973,http://groups.msn.com/_Secure/0UQD9AoUa3Gy9SBgZxR9BJwKgpwKHOlWzRuYCG9zdyJl620ixi6cR*V1q3G8Fl117FGVSsViS*oV3iSN6CIi0BBRX6CW6i7qLVqC7YNP*zbVMkwWDHZz2O39m6r82umKF/mopshond2.jpg
974,http://farm1.static.flickr.com/26/46092650_a50122d690.jpg
975,http://farm1.static.flickr.com/35/69359556_8ac7f1c331.jpg
976,http://www.pugdogposse.com/images/Reed_White_PugDogPosse.jpg
977,http://farm3.static.flickr.com/2184/1523175940_511bde766c.jpg
978,http://farm1.static.flickr.com/51/108691651_872b5b5fbb.jpg
979,http://www.atomicpugs.com/tyronebabe2.JPG
980,http://farm2.static.flickr.com/1113/1353809040_252456749f.jpg
981,http://www.loschatosdelturia.com/jpg/portadanavidad.jpg
982,http://farm3.static.flickr.com/2011/1560719322_13dfe30edf.jpg
983,http://www.fordogonly.net/alldog/p11.jpg
984,http://farm1.static.flickr.com/38/84100375_8e7524c40e.jpg
985,http://static.flickr.com/38/121504817_fdcf3fd1a4.jpg
986,http://farm1.static.flickr.com/23/88596208_abd8343d70.jpg
987,http://farm3.static.flickr.com/2382/2135446005_c750946932.jpg
988,http://static.flickr.com/105/309506536_43d1b54f1e.jpg
989,http://farm1.static.flickr.com/217/476085859_5acfa51337.jpg
990,http://www.coloradodogbreeders.com/dog_breeds/pug_2.jpg
991,http://lh3.google.com/_QmbZZDNhqVg/RpQDRsHhAnI/AAAAAAAAAPM/OPNdydybdE8/s800/Picture+072.jpg
992,http://www.guiafe.com.ar/fotos-argentina-2005/pug_puppy_c.jpg
993,http://farm1.static.flickr.com/37/82248575_528ea0923a.jpg
994,http://farm1.static.flickr.com/56/129249357_48ba3c925e.jpg
995,http://newsimg.bbc.co.uk/media/images/39761000/jpg/_39761889_pug203.jpg
996,http://pugs.cc/pictures/1styear/pug-pictures-6/pug.jpg
997,http://farm1.static.flickr.com/231/470329252_19a1145805.jpg
998,http://farm3.static.flickr.com/2002/2034851639_c40274fef4.jpg
999,http://www.gotpetsonline.com/pictures-gallery/dog-pictures-breeders-puppies-rescue/pug-pictures-breeders-puppies-rescue/pictures/pug-0144.jpg
1000,http://static.flickr.com/2084/1850070999_69f2033afb.jpg
1001,http://farm1.static.flickr.com/4/4025866_2fd8fcd2ce.jpg
1002,http://farm1.static.flickr.com/6/11674997_3674c21851.jpg
1003,http://farm1.static.flickr.com/109/295594682_6413808e15.jpg
1004,http://www.cramerphotography.com/gallery/Dogs/images/Pug_5820.jpg
1005,http://gratis-zoekertjes.onlinertjes.be/image/image2/21126.jpg
1006,http://farm3.static.flickr.com/2215/1783081309_00972df913.jpg
1007,http://farm1.static.flickr.com/100/295599990_ae860406bf.jpg
1008,http://farm1.static.flickr.com/78/202279605_409ae508ca.jpg
1009,http://static.flickr.com/236/448472662_a71ad2003d.jpg
1010,http://static.flickr.com/2338/2100951808_171276e41b.jpg
1011,http://farm1.static.flickr.com/43/74162738_516516f954.jpg
1012,http://static.flickr.com/31/59050111_c683225002.jpg
1013,http://farm2.static.flickr.com/1326/1362153387_49f98fae3e.jpg
1014,http://www.dogbreed-gifts.com/pug/cards/pug_feelgood.jpg
1015,http://bp3.blogger.com/_zYmx2M59epU/RfbiKl3ZcrI/AAAAAAAAAXM/zDJ1yTjM1rU/s400/down+for+the+count+pug+2-07.JPG
1016,http://static.flickr.com/1029/1015627832_d0f8e966d0.jpg
1017,http://farm1.static.flickr.com/32/59867393_7b996ed004.jpg
1018,http://farm1.static.flickr.com/40/83204621_31eb71a335.jpg
1019,http://static.flickr.com/25/43884111_1d62b2e5f8.jpg
1020,http://farm1.static.flickr.com/63/185732382_ff4e322991.jpg
1021,http://farm2.static.flickr.com/1421/662516411_5b27cc2e88.jpg
1022,http://farm1.static.flickr.com/254/523843138_5f6e12c234.jpg
1023,http://www.arach.net.au/%7Emultilink/pics/Picture048.jpg
1024,http://www.freewebs.com/pug7/pug2.jpg
1025,http://farm1.static.flickr.com/223/476075238_6b82a49989.jpg
1026,http://farm1.static.flickr.com/68/173579000_186d3d3dfe.jpg
1027,http://www.malaysiadirectory.net/breed/images/pug.jpg
1028,http://farm1.static.flickr.com/41/78988509_ba83b6e6e2.jpg
1029,http://www.pugvillage.com/forum/image.php?u=167&type;=sigpic&dateline;=1175986255
1030,http://farm2.static.flickr.com/1079/928697655_89b6e18ee2.jpg
1031,http://www.advantaproducts.com/acatalog/AD-P1C_small.jpg
1032,http://farm2.static.flickr.com/1029/1456868370_d3676395a7.jpg
1033,http://farm1.static.flickr.com/192/500446446_2725635581.jpg
1034,http://farm1.static.flickr.com/135/327460681_3efc74c734.jpg
1035,http://farm1.static.flickr.com/28/62280116_4314148734.jpg
1036,http://www.twosassysisters.com/ES/Pictures/ESMF-3531532-PugBlack_small.jpg
1037,http://z.about.com/d/dogs/1/7/X/j/1/Peaches_pug_faerie.jpg
1038,http://farm1.static.flickr.com/2/2019890_0881c5c2f0.jpg
1039,http://farm1.static.flickr.com/42/78133945_3e757832f2.jpg
1040,http://www.andersonacres.com/gallery/images/Pug%20party.jpg
1041,http://www.puppypoopy.com/puppypoopy2000/pug/pg1.gif
1042,http://hipporun.com/images/PugDog3s.jpg
1043,http://farm1.static.flickr.com/17/21041281_b48e9883fb.jpg
1044,http://farm1.static.flickr.com/34/72446023_65e15c7cee.jpg
1045,http://farm1.static.flickr.com/45/399671144_2f0bc7c018.jpg
1046,http://farm3.static.flickr.com/2232/1801383109_b8939547d0.jpg
1047,http://farm1.static.flickr.com/51/149583668_0644617bea.jpg
1048,http://www.junglewalk.com/animal-pictures/5/Pug-15982.jpg
1049,http://www.dogbreedhelp.com/images/dogs/pug.jpg
1050,http://farm1.static.flickr.com/6/7632625_5170c04f4a.jpg
1051,http://static.flickr.com/27/58635057_a147904d79_o.jpg
1052,http://www.dogguide.net/dog-pictures/wp-content/pics/08202007-curli/tumbs/tmb_curli%20pink%20collar.jpg
1053,http://farm1.static.flickr.com/14/17067742_47155d4927.jpg
1054,http://cache.viewimages.com/xc/1940696.jpg?v=1&c;=ViewImages&k;=2&d;=17A4AD9FDB9CF1939057D9939C83F106A89F12CC5446C7A35A5397277B4DC33E
1055,http://farm1.static.flickr.com/22/32598108_d5bb7565ab.jpg
1056,http://farm3.static.flickr.com/2109/2148050378_6c5b6f060b.jpg
1057,http://farm1.static.flickr.com/31/58589979_0bca60f0e9.jpg
1058,http://farm2.static.flickr.com/1374/605322681_c8a124d74c.jpg
1059,http://farm3.static.flickr.com/2384/2034804718_5ed17e059b.jpg
1060,http://farm1.static.flickr.com/112/263859669_e1626ebedf.jpg
1061,http://farm1.static.flickr.com/149/341907974_a38ab43090.jpg
1062,http://farm1.static.flickr.com/76/185728197_8ee82b681e.jpg
1063,http://farm1.static.flickr.com/27/43680337_864398b7d4.jpg
1064,http://farm1.static.flickr.com/56/162065992_c597468570.jpg
1065,http://static.flickr.com/45/127795684_9bce9427cb.jpg
1066,http://pugs.cc/pictures/1styear/pug-pictures-5/funny-pug-picture-10.jpg
1067,http://farm1.static.flickr.com/160/396581153_f4863e567a.jpg
1068,http://farm1.static.flickr.com/35/72445709_200c59aa70.jpg
1069,http://www.mascotasclick.com/pugs_sierraleona/inagenes/pug.jpg
1070,http://www.astroasylum.com/files/images/pug%20cub%20fan_0.jpg
1071,http://farm1.static.flickr.com/192/519248106_be6e3e837e.jpg
1072,http://farm1.static.flickr.com/49/133712107_524df4ad7f.jpg
1073,http://www.mascotasconsentidas.com/wallpaper/pug.jpg
1074,http://lh3.google.com/_ndyx3HhYHFM/ReoU5y_97cI/AAAAAAAAAFs/g9Tx4KJcfq8/s800/DSCF5222.JPG
1075,http://www.petpeoplesplace.com/resources/gallery/dogs/images/pug04.jpg
1076,http://farm1.static.flickr.com/10/18417078_5abc679213.jpg
1077,http://static.flickr.com/30/51736936_a40d8b6bcb.jpg
1078,http://www.internetvibes.net/wp-content/uploads/2006/09/charlie07.jpg
1079,http://farm3.static.flickr.com/2055/1806681478_877fc113c6.jpg
1080,http://www.todoperro.es/fotos/archivos/p2432.jpg
1081,http://farm1.static.flickr.com/20/73926616_d02f04eeea.jpg
1082,http://www.robertmcclintock.com/_thumbnails/2nd_pug_contender_thumbnail.gif
1083,http://www.puppystop.com/images/pug.jpg
1084,http://www.bulldoginformation.com/pug-puppy-with-hat.jpg
1085,http://www.marvistavet.com/assets/images/Pug.gif
1086,http://static.flickr.com/21/32926084_736da9a051.jpg
1087,http://farm1.static.flickr.com/29/43444789_60290c0299.jpg
1088,http://farm1.static.flickr.com/42/82877721_ce10d947b1.jpg
1089,http://www1.istockphoto.com/file_thumbview_approve/435358/2/istockphoto_435358_nosy_black_puppy_pug.jpg
1090,http://static.flickr.com/103/293850809_4bfe14fc0c.jpg
1091,http://farm1.static.flickr.com/40/77359350_bab4db99c4.jpg
1092,http://farm2.static.flickr.com/1243/793582475_a27164755b.jpg
1093,http://www.pugdogrescue.com/images/chevie.jpg
1094,http://www.kennels.co.uk/images/T.Pug.jpg
1095,http://farm1.static.flickr.com/71/201559246_55f2841ac8.jpg
1096,http://farm1.static.flickr.com/156/399671374_8ed55f34da.jpg
1097,http://www.onejerusalem.com/wp-content/photos/thumb_Kimba_Pug_Dog.jpg
1098,http://farm1.static.flickr.com/40/77615539_4df12397bc.jpg
1099,http://farm1.static.flickr.com/39/76312697_e32efbd08f.jpg
1100,http://farm1.static.flickr.com/121/295594761_518bb8fcaf.jpg
1101,http://farm2.static.flickr.com/1099/1468014647_42be07f89c.jpg
1102,http://farm2.static.flickr.com/1189/1429187290_2ed1b07e34.jpg
1103,http://farm1.static.flickr.com/6/78099281_f7d03412dd.jpg
1104,http://www.gotpetsonline.com/pictures-gallery/dog-pictures-breeders-puppies-rescue/pug-pictures-breeders-puppies-rescue/pictures/pug-0131.jpg
1105,http://farm3.static.flickr.com/2314/2137164500_12b724c0fc.jpg
1106,http://static.flickr.com/94/242053218_7a394d886a.jpg
1107,http://farm1.static.flickr.com/58/156463727_257be07393.jpg
1108,http://www.urbanpug.com/images/pugs1024.jpg
1109,http://farm1.static.flickr.com/161/399671027_45168233ce.jpg
1110,http://farm1.static.flickr.com/29/62268001_c00dac40a9.jpg
1111,http://farm1.static.flickr.com/26/48282883_1eb9854188.jpg
1112,http://static.flickr.com/251/448471531_67a81ee8c1.jpg
1113,http://farm3.static.flickr.com/2156/1520705130_c9326892e5.jpg
1114,http://farm1.static.flickr.com/28/43947164_7b585facdd.jpg
1115,http://www.fromdharmasplace.nl/images/may-day%20kop.jpg
1116,http://www.dogtimes.com.br/imagens/Pug06.jpg
1117,http://farm1.static.flickr.com/139/346244037_d718a2547f.jpg
1118,http://farm1.static.flickr.com/168/486208022_618ab617c6.jpg
1119,http://farm2.static.flickr.com/1380/1400112679_dbc8cd632e.jpg
1120,http://static.flickr.com/34/73650806_ce1f904228.jpg
1121,http://farm3.static.flickr.com/2318/1579584634_64ea6180df.jpg
1122,http://farm1.static.flickr.com/21/24203910_8a65b34a11.jpg
1123,http://static.flickr.com/7/8966972_5e3a17cf11.jpg
1124,http://www.gocollect.com/images/ABreedApart/200/70021.jpg
1125,http://farm1.static.flickr.com/24/55725434_41dabf836f.jpg
1126,http://farm3.static.flickr.com/2287/2181320061_927a3af2eb.jpg
1127,http://farm1.static.flickr.com/199/476077720_125c6990d1.jpg
1128,http://www.doginfos.com/html/DogBreed/photos/Pug.jpg
1129,http://farm1.static.flickr.com/194/479807790_285968c13f.jpg
1130,http://farm1.static.flickr.com/54/142634460_7f447a979e.jpg
1131,http://farm3.static.flickr.com/2154/2161125870_9849ae450d.jpg
1132,http://farm1.static.flickr.com/130/353970699_8e68381de2.jpg
1133,http://farm1.static.flickr.com/39/82235415_0e2fcadd83.jpg
1134,http://www.homesteadkennels.ca/pug1.jpg
1135,http://lh3.google.com/_Ef4V4aXIhnI/RtGozJHgFkI/AAAAAAAAABc/1DCwtOTuu48/s800/HPIM0136.jpg
1136,http://farm1.static.flickr.com/150/407773963_9d772b264b.jpg
1137,http://static.flickr.com/184/371328814_5713c538cf.jpg
1138,http://farm1.static.flickr.com/25/62345868_7d012a78cc.jpg
1139,http://static.flickr.com/12/17728486_fb250139ff.jpg
1140,http://i.ehow.com/images/GlobalPhoto/Articles/2032366/pug_puppy_Full.jpg
1141,http://farm3.static.flickr.com/2349/1580211813_5ee1278914.jpg
1142,http://farm1.static.flickr.com/75/200982858_17519791dd.jpg
1143,http://www.countrypuppy.com/Pugs/Pug08_21_06d.JPG
1144,http://www.puppydogweb.com/kennels/images/pug_holler3.jpg
1145,http://farm1.static.flickr.com/26/65518519_210ff63aeb.jpg
1146,http://static.flickr.com/148/355184053_2d5efcb4b6.jpg
1147,http://farm1.static.flickr.com/26/61828420_dd4b6a1d32.jpg
1148,http://farm1.static.flickr.com/130/399838122_97c39b24ff.jpg
1149,http://farm1.static.flickr.com/12/70109939_9ab73f4579.jpg
1150,http://www.lewisvillenorthanimalclinic.com/puginapocket.jpg
1151,http://farm1.static.flickr.com/117/292881241_b174b4896f.jpg
1152,http://farm1.static.flickr.com/25/39602392_5999cb9e59.jpg
1153,http://farm1.static.flickr.com/245/451897887_902927d200.jpg
1154,http://farm1.static.flickr.com/40/82248571_44ffac8f65.jpg
1155,http://farm2.static.flickr.com/1009/565470233_0bacbccf1c.jpg
1156,http://static.flickr.com/144/340426218_00ad9139e2.jpg
1157,http://www.photographycorner.com/galleries/data/512/party-pug.jpg
1158,http://farm1.static.flickr.com/50/150542928_d11ece3957.jpg
1159,http://farm1.static.flickr.com/226/499444690_4d5904103f.jpg
1160,http://farm1.static.flickr.com/73/154436224_ae3049cccf.jpg
1161,http://www.weinstones.com/media/prpugmed.jpg
1162,http://farm1.static.flickr.com/41/119362832_b894831d80.jpg
1163,http://static.flickr.com/1/2276861_d61b259656.jpg
1164,http://farm3.static.flickr.com/2207/2176381989_ca8039c73f.jpg
1165,http://farm1.static.flickr.com/29/54460345_0042d05e6d.jpg
1166,http://farm1.static.flickr.com/39/79616536_3a416bda5a.jpg
1167,http://static.flickr.com/26/62346804_bf39cb3733.jpg
1168,http://www.dogartdog.com/images/Pug_Van_Gogh_Irises.jpg
1169,http://farm1.static.flickr.com/6/76915269_0df44f6a8a.jpg
1170,http://farm1.static.flickr.com/9/11701857_171f1e17ed.jpg
1171,http://farm1.static.flickr.com/30/50428770_9e56926e13.jpg
1172,http://farm1.static.flickr.com/46/116511910_00a5075276.jpg
1173,http://farm1.static.flickr.com/58/164615051_4cbcecee89.jpg
1174,http://farm1.static.flickr.com/10/12871850_6e514f9286.jpg
1175,http://www.santacruzpugs.org/julyphotos/j4_blackpug.jpg
1176,http://farm3.static.flickr.com/2270/2148654633_51b68072b0.jpg
1177,http://farm1.static.flickr.com/20/73913953_d972c8e07f.jpg
1178,http://static.flickr.com/160/334352144_5d2acec936.jpg
1179,http://farm1.static.flickr.com/46/148908477_283ce908b4.jpg
1180,http://farm1.static.flickr.com/35/73926929_ffbabd7421.jpg
1181,http://static.flickr.com/64/204401114_d2947833cb.jpg
1182,http://static.flickr.com/235/448470617_625b1cf204.jpg
1183,http://farm1.static.flickr.com/22/26385834_9b4f407695.jpg
1184,http://farm2.static.flickr.com/1167/1440726503_da0e57d951.jpg
1185,http://static.flickr.com/21/36834261_1e364ce9d0.jpg
1186,http://farm1.static.flickr.com/49/142358313_debde4e98d.jpg
1187,http://pug-magu.a-thera.jp/image/8AE28EE882CC90E1819583p83O.JPG
1188,http://farm1.static.flickr.com/74/187038264_8fa5965d6d.jpg
1189,http://static.flickr.com/6/6991489_ab8a66fcd2.jpg
1190,http://farm3.static.flickr.com/2093/2161207196_ea23ef7dd4.jpg
1191,http://farm1.static.flickr.com/23/31534564_58254859b9.jpg
1192,http://www.obeyandprotect.com/img/pug.jpg
1193,http://static.flickr.com/26/56556566_57f9be5cd5.jpg
1194,http://farm1.static.flickr.com/39/81085319_d7d79edb5f.jpg
1195,http://somewhatfrank.typepad.com/photos/uncategorized/pug_1.jpg
1196,http://static.flickr.com/6/6395690_0ab3eb9b6c.jpg
1197,http://farm1.static.flickr.com/143/399670462_9150b23065.jpg
1198,http://farm1.static.flickr.com/130/355612639_030b71e950.jpg
1199,http://farm1.static.flickr.com/6/6728362_0c998e20a1.jpg
1200,http://farm1.static.flickr.com/122/256099692_fd97a1cd7b.jpg
1201,http://searchpartygraphics.com/gallery/artworks/pugsmall.jpg
1202,http://farm1.static.flickr.com/239/448466608_8433cad63f.jpg
1203,http://farm1.static.flickr.com/28/39694448_8b9fe2f0b9.jpg
1204,http://farm1.static.flickr.com/116/309301569_943b2a58a2.jpg
1205,http://farm1.static.flickr.com/31/65518663_fc10d21e14.jpg
1206,http://www.geocities.com/angie_frances/pug146.jpg
1207,http://alifowler.com/images/pug.jpg
1208,http://parkerthepug.com/blog/parkerbed_6.jpg
1209,http://www.brouwersherne.nl/mopshond/foto's/Hummer%20mini.jpg
1210,http://farm2.static.flickr.com/1016/1187230205_b82e106549.jpg
1211,http://farm1.static.flickr.com/236/448472662_a71ad2003d.jpg
1212,http://www.foxproductions.org/Images/dollynleah.jpg
1213,http://www.gotpetsonline.com/pictures-gallery/dog-pictures-breeders-puppies-rescue/pug-pictures-breeders-puppies-rescue/pictures/hi-res-pug-0128.jpg
1214,http://farm3.static.flickr.com/2320/1799137465_f7937d2f05.jpg
1215,http://farm1.static.flickr.com/94/244910472_d4c8804736.jpg
1216,http://farm1.static.flickr.com/29/48422967_29c48ee203.jpg
1217,http://farm2.static.flickr.com/1074/812147301_132673bf3d.jpg
1218,http://farm1.static.flickr.com/9/13617573_e4b51c56c1.jpg
1219,http://hurtyelbow.typepad.com/photos/uncategorized/pug_pacifier.jpg
1220,http://farm1.static.flickr.com/7/6174330_d8e8f96e91.jpg
1221,http://farm1.static.flickr.com/6/6057271_ebf94090ec.jpg
1222,http://static.flickr.com/186/393395862_154a8e3e74.jpg
1223,http://farm1.static.flickr.com/152/358854285_b605dea256.jpg
1224,http://farm3.static.flickr.com/2160/2189976447_020b9e2297.jpg
1225,http://farm1.static.flickr.com/187/422560438_e29fab6967.jpg
1226,http://farm1.static.flickr.com/13/18618359_2b7a78cb7c.jpg
1227,http://static.flickr.com/193/500494833_3d25c453a6.jpg
1228,http://farm1.static.flickr.com/29/67229792_d32dc9eaba.jpg
1229,http://i.pbase.com/u43/wtrfalz/upload/27571368.1.jpg
1230,http://farm1.static.flickr.com/15/20105199_ee0078bbe6.jpg
1231,http://www.cmkennels.com/images/pugs.gif
1232,http://farm3.static.flickr.com/2399/2135864281_6962302fa3.jpg
1233,http://farm1.static.flickr.com/39/79117535_0dbf48b1c2.jpg
1234,http://farm1.static.flickr.com/12/15812920_a606c2ca42.jpg
1235,http://www.gotpetsonline.com/pictures-gallery/dog-pictures-breeders-puppies-rescue/pug-pictures-breeders-puppies-rescue/pictures/pug-0028.jpg
1236,http://www.dog-breed-facts.com/images/pug/Pug12-sm.jpg
1237,http://farm1.static.flickr.com/26/54773468_15be795d1c.jpg
1238,http://zgordon.org/wp-content/uploads/2007/06/pug.jpg
1239,http://farm1.static.flickr.com/43/76304901_a28538ecf8.jpg
1240,http://farm2.static.flickr.com/1102/1434472168_2edc125cee.jpg
1241,http://www.breedersonline.co.uk/photos/3g/1316_1.jpg
1242,http://news.bbc.co.uk/media/images/42225000/jpg/_42225080_dog416getty.jpg
1243,http://www.epet-center.com/image-files/pug.jpg
1244,http://severigiada.files.wordpress.com/2007/04/carlino-tutu.jpg
1245,http://farm1.static.flickr.com/58/165284242_d700f55158.jpg
1246,http://www.globaldreamers.org/pets/2007/Kennedy.jpg
1247,http://farm1.static.flickr.com/214/506655513_e79b509ff6.jpg
1248,http://farm3.static.flickr.com/2396/1967719206_e8a81075a6.jpg
1249,http://farm1.static.flickr.com/43/74171946_8bfff895e5.jpg
1250,http://farm1.static.flickr.com/47/184419506_c517925bd9.jpg
1251,http://farm2.static.flickr.com/1169/662516363_c3af1bcef9.jpg
1252,http://farm1.static.flickr.com/16/22310786_4cb39f5de2.jpg
1253,http://farm1.static.flickr.com/67/170539697_fbc3a4b046.jpg
1254,http://farm1.static.flickr.com/9/13415904_869f97c1dc.jpg
1255,http://farm1.static.flickr.com/79/244922847_fa3003e7f0.jpg
1256,http://static.flickr.com/28/63358241_8c96bf0862.jpg
1257,http://farm1.static.flickr.com/7/8337263_c251ebd475.jpg
1258,http://farm1.static.flickr.com/75/179244609_0651bb44f0.jpg
1259,http://farm1.static.flickr.com/141/369445517_84d9b1445a.jpg
1260,http://farm1.static.flickr.com/43/78645417_5fbdf792dc.jpg
1261,
