0,http://farm2.static.flickr.com/1242/1296725345_99de5498eb.jpg
1,http://farm1.static.flickr.com/174/421711984_5c756acdbc.jpg
2,http://farm1.static.flickr.com/157/347861643_c354a4faf3.jpg
3,http://farm3.static.flickr.com/2270/1696783225_d4a8058f93.jpg
4,http://farm1.static.flickr.com/197/459503926_c96a6e2353.jpg
5,http://farm1.static.flickr.com/142/395775632_e2a0a30cd1.jpg
6,http://farm1.static.flickr.com/150/421734140_e2fcebcb82.jpg
7,http://farm1.static.flickr.com/21/33340994_ad95c426e8.jpg
8,http://farm1.static.flickr.com/63/227560938_79bb88629c.jpg
9,http://farm2.static.flickr.com/1266/1117881403_fe9465df21.jpg
10,http://farm3.static.flickr.com/2168/2215367208_2aa6f3b73e.jpg
11,http://farm2.static.flickr.com/1353/1362989656_19df86192f.jpg
12,http://farm3.static.flickr.com/2304/1501186640_82715a3169.jpg
13,http://farm1.static.flickr.com/5/10107098_b98d930d4f.jpg
14,http://farm3.static.flickr.com/2371/2123794394_26d07603c4.jpg
15,http://farm1.static.flickr.com/173/410234178_dad1012b98.jpg
16,http://farm2.static.flickr.com/1084/841348247_c6acf4bb12.jpg
17,http://animal-photography.co.uk/thumbs/AP-03DNCT-TH.jpg
18,http://farm3.static.flickr.com/2349/2087293057_d602f291b4.jpg
19,http://www.puppypoopy.com/puppypoopy2000/ror/rr3.jpg
20,http://farm1.static.flickr.com/145/354227390_6e56bc8651.jpg
21,http://farm2.static.flickr.com/1236/1121733875_84685af3b9.jpg
22,http://www.canadogs.com/images/Rhodesianpup7.jpg
23,http://farm3.static.flickr.com/2020/2196179023_775e039b87.jpg
24,http://static.flickr.com/92/239893220_6c16d5d2ed.jpg
25,http://farm2.static.flickr.com/1297/1033263748_76751658a5.jpg
26,http://www.dogzonline.com.au/images/profiles/63/13917_1832_sm.jpg
27,http://farm3.static.flickr.com/2277/2198614184_7b14d90360.jpg
28,http://static.flickr.com/15/19287175_9fdd21db5d.jpg
29,http://farm3.static.flickr.com/2228/2150291106_6431a906c3.jpg
30,http://farm1.static.flickr.com/34/73619039_ad1c95bde3.jpg
31,http://static.flickr.com/1428/541933967_e63516ed96.jpg
32,http://static.flickr.com/2/3827187_f2446c5943.jpg
33,http://www.liberta.lv/pics/20060711_825_show_002.jpg
34,http://farm1.static.flickr.com/216/496690509_7a314eb846.jpg
35,http://farm1.static.flickr.com/234/517331955_f3ea11ec90.jpg
36,http://farm1.static.flickr.com/220/488359038_4c68f838e1.jpg
37,http://farm1.static.flickr.com/115/268733431_36bc3f30c4.jpg
38,http://farm3.static.flickr.com/2063/2089365704_874a988ebf.jpg
39,http://www.lion-dog.de/Bilder/Jason_131.jpg
40,http://farm1.static.flickr.com/14/14436620_f2075a14fd.jpg
41,http://farm3.static.flickr.com/2034/2135773284_ff10e8c861.jpg
42,http://farm2.static.flickr.com/1049/1296756553_b4fd74b599.jpg
43,http://farm1.static.flickr.com/26/53614345_90433ff695.jpg
44,http://farm1.static.flickr.com/148/426795030_e6c591b195.jpg
45,http://farm2.static.flickr.com/1344/836014695_662349093c.jpg
46,http://www.sidiboarani.com/Pics/CH%20Sidiboarani%20Beat%20The%20Drum.jpg
47,http://farm3.static.flickr.com/2382/2123019591_d7dcc68cac.jpg
48,http://www.artpaw.com/ridgeback-1.jpg
49,http://farm2.static.flickr.com/1330/1296515197_3cd3190a5b.jpg
50,http://farm1.static.flickr.com/124/401653941_14f3e33a19.jpg
51,http://farm1.static.flickr.com/190/495225919_7af6e3b0e8.jpg
52,http://farm3.static.flickr.com/2214/2219983284_34b2e7aa36.jpg
53,http://farm1.static.flickr.com/69/177861094_8937daec81.jpg
54,http://www.digitaldog.com/images/breeds/devilinworf200x189.jpg
55,http://farm3.static.flickr.com/2229/2080964598_dc493d776b.jpg
56,http://farm1.static.flickr.com/10/14436582_f31c3295bf.jpg
57,http://www.flyinggems.com/images/Bittersweetboarding/fge2hunter.JPG
58,http://farm2.static.flickr.com/1370/535999246_ef3ddeab3e.jpg
59,http://farm1.static.flickr.com/182/406675838_c15e2a4283.jpg
60,http://farm2.static.flickr.com/1055/1017991558_ffc4a14810.jpg
61,http://bp3.blogger.com/_zQ_9TCm_qAA/Rdt7r1_XsCI/AAAAAAAAADA/0IAoanK9VaE/s320/rhodesian_ridgeback_c_pups_.jpg
62,http://farm3.static.flickr.com/2071/2219191389_45f3e059d1.jpg
63,http://farm1.static.flickr.com/39/81211602_1cfd4397b3.jpg
64,http://farm1.static.flickr.com/236/451690263_1f638c37b4.jpg
65,http://farm3.static.flickr.com/2101/2210789151_d721a80c38.jpg
66,http://farm3.static.flickr.com/2051/2088577845_1c4d3fe697.jpg
67,http://farm3.static.flickr.com/2358/2082872845_f007acda64.jpg
68,http://farm3.static.flickr.com/2212/2082129978_fde820398e.jpg
69,http://farm1.static.flickr.com/111/293171365_b871cc9585.jpg
70,http://farm2.static.flickr.com/1432/1099782971_e6939d59cf.jpg
71,http://www.pethandbook.com/assets/images/rhodesian.jpg
72,http://farm2.static.flickr.com/1086/841497501_5e3a2befae.jpg
73,http://www.SearchDogsRaven.net/SDR12CCEbs.jpg
74,http://farm1.static.flickr.com/97/243828926_59c96baec7.jpg
75,http://farm2.static.flickr.com/1104/537563651_9ecde21cba.jpg
76,http://www.planetrockwall.com/4a258cc0.jpg
77,http://farm1.static.flickr.com/14/14435549_6e2dd876c3.jpg
78,http://farm2.static.flickr.com/1326/1000534799_68221f262b.jpg
79,http://farm3.static.flickr.com/2037/2098156172_fec3ea8b4d.jpg
80,http://www.pahrumpvalleytimes.com/2005/10/26/photos/militarydog.jpg
81,http://farm1.static.flickr.com/110/254442235_d6ea2bd88a.jpg
82,http://farm1.static.flickr.com/89/227560530_fc5e398f34.jpg
83,http://static.flickr.com/2131/1800347418_996b26415e.jpg
84,http://farm2.static.flickr.com/1048/1163442679_1ef37b111f.jpg
85,http://farm1.static.flickr.com/21/30361655_4d4c340863.jpg
86,http://farm2.static.flickr.com/1182/603447806_b18593e4a8.jpg
87,http://farm3.static.flickr.com/2395/1695797282_9acfdca09d.jpg
88,http://www.free-picture-graphic.org.uk/images/ridgeback.jpg
89,http://farm2.static.flickr.com/1269/1122464054_c39d901455.jpg
90,http://farm1.static.flickr.com/30/56471275_f1ed11a3e1.jpg
91,http://www.breedersonline.net/photos/3a/1161_1.jpg
92,http://farm3.static.flickr.com/2167/2219984538_752213fc07.jpg
93,http://static.flickr.com/1345/1108025422_8e0a02328b.jpg
94,http://farm1.static.flickr.com/167/426794739_3a0075905e.jpg
95,http://farm2.static.flickr.com/1410/1095373787_2620766b67.jpg
96,http://farm1.static.flickr.com/19/104512251_08f181cf6f.jpg
97,http://farm2.static.flickr.com/1288/1164362028_8177c05f50.jpg
98,http://farm1.static.flickr.com/25/37687899_9c62624749.jpg
99,http://static.flickr.com/1011/1098264465_7c5d356df4.jpg
100,http://farm2.static.flickr.com/1029/1311734934_74d38be5c5.jpg
101,http://farm2.static.flickr.com/1221/1118049849_90eb66d4c9.jpg
102,http://farm3.static.flickr.com/2173/2087441825_c7aa9e2187.jpg
103,http://farm3.static.flickr.com/2217/2194590346_cd806aa5dc.jpg
104,http://www.ridgebackrescue.org/regions/california/images/available/coco_298_02.jpg
105,http://farm1.static.flickr.com/18/92196643_e36ddf40bf.jpg
106,http://farm1.static.flickr.com/104/282529292_0ccb291729.jpg
107,http://www.crazydoglady.com/images/LukePhoto200.jpg
108,http://farm2.static.flickr.com/1274/1314751862_1e85c88f8b.jpg
109,http://farm1.static.flickr.com/180/421733915_38455e46d8.jpg
110,http://www.pets4homes.co.uk/pets4homes/home.nsf/967A3CC2D8BD9F58802571F0006A9BFA/$file/ATTH4YZ5.jpg
111,http://www.pmtins.com/images/Mortality/RhodesianRidgeback.jpg
112,http://farm1.static.flickr.com/108/314314631_79073beed5.jpg
113,http://farm1.static.flickr.com/111/410229626_1ad4eab464.jpg
114,http://farm1.static.flickr.com/123/347947732_301d17461a.jpg
115,http://farm2.static.flickr.com/1367/1100701272_1acf1383b6.jpg
116,http://farm2.static.flickr.com/1315/914427054_29a111dee6.jpg
117,http://farm1.static.flickr.com/217/488368860_d1e2f439da.jpg
118,http://farm3.static.flickr.com/2085/1694980613_225301cbef.jpg
119,http://farm1.static.flickr.com/36/80219988_d00cc7d383.jpg
120,http://hmosslar.site.net.au/image_index/index_11.jpg
121,http://static.flickr.com/13/18601431_df0f0bcd2b.jpg
122,http://farm2.static.flickr.com/1057/1167844859_7d27f7cccd.jpg
123,http://farm1.static.flickr.com/47/133012256_99c688ea65.jpg
124,http://static.flickr.com/4/5040106_d3b8d05599.jpg
125,http://farm1.static.flickr.com/49/108512098_34e42fcccd.jpg
126,http://farm1.static.flickr.com/13/19287499_b2337ebea3.jpg
