0,http://www.zooclinica.ru/images/pets/dogs/sal1.jpg
1,http://farm1.static.flickr.com/30/57124237_fb620441b9.jpg
2,http://farm1.static.flickr.com/117/314230396_4623850f7c.jpg
3,http://farm3.static.flickr.com/2191/1540948255_20f3ea8527.jpg
4,http://farm1.static.flickr.com/215/491699881_c8bcf38f33.jpg
5,http://farm3.static.flickr.com/2271/1702406824_bd0abde581.jpg
6,http://www.thepoop.com/westminster/01photos/saluki.jpg
7,http://static.flickr.com/2407/1977070146_eb13920ef1.jpg
8,http://farm3.static.flickr.com/2208/2174885251_cd36b824c8.jpg
9,http://farm2.static.flickr.com/1034/878236774_ca7c4921c7.jpg
10,http://farm1.static.flickr.com/148/349408989_d635247af4.jpg
11,http://farm1.static.flickr.com/72/156936371_098127758f.jpg
12,http://farm1.static.flickr.com/188/470525815_ee956475d9.jpg
13,http://www.netspace.sk/chrty/webs/vystavy/2005/cacib%20krakow%2026_6_2005/saluki%20kybele%201.jpg
14,http://farm3.static.flickr.com/2235/1977060834_8bf17c23c2.jpg
15,http://farm2.static.flickr.com/1011/1439569346_5c69982826.jpg
16,http://farm2.static.flickr.com/1213/540077906_9883a3f7d8.jpg
17,http://farm3.static.flickr.com/2175/2145908553_c982f3e8a2.jpg
18,http://www.breederretriever.com/photopost/data/553/thumbs/AFGHAN_HOUND.jpg
19,http://www.al-caliphs.com/images/festival/khan1.jpg
20,http://www.celebitchy.com/wp-content/uploads/2007/12/salukiinset.jpg
21,http://www.stillwatervalleystudios.com/models/nlsaluki.jpg
22,http://farm3.static.flickr.com/2138/2149200730_7d1a3ba444.jpg
23,http://www.klubcharta.zkwp.pl/wyst_ranking/2006/saluki_pies.jpg
24,http://farm2.static.flickr.com/1434/871241529_ff7d42277a.jpg
25,http://farm2.static.flickr.com/1321/1472203241_bf1ded903a.jpg
26,http://farm1.static.flickr.com/117/314225052_63501772de.jpg
27,http://farm3.static.flickr.com/2382/2066015135_f3de081ee3.jpg
28,http://dl.dogomania.com/pics/11/falko.jpg
29,http://farm2.static.flickr.com/1216/1472206021_1c9fb44665.jpg
30,http://static.flickr.com/2113/1976238115_a522df1348.jpg
31,http://static.flickr.com/1410/606366681_d25b71e546.jpg
32,http://farm1.static.flickr.com/159/353416433_5f0997f878.jpg
33,http://farm3.static.flickr.com/2021/1976241999_0c0e126037.jpg
34,http://www.eliteshowdogs.com/move/chopinmove.jpg
35,http://www.featurepics.com/FI/GB/2974f80f-3e5a-4b94-9bc5-a74050727536.jpg
36,http://static.flickr.com/192/469993083_6c7ded8328.jpg
37,http://farm1.static.flickr.com/109/314230399_9e3964c13d.jpg
38,http://farm1.static.flickr.com/133/406851054_0e2794e688.jpg
39,http://www.saluki-europe.com/swala2.jpg
40,http://hem.passagen.se/fasqiya/Foton/web2puppiesout7w020.jpg
41,http://www.hundezeitung.de/bild/saluki.jpg
42,http://www.saluki.com.au/images/Saluki%20Hamzar01.jpg
43,http://farm1.static.flickr.com/148/363417357_8894ee936b.jpg
44,http://farm2.static.flickr.com/1311/650778154_208ae0b184.jpg
45,http://farm1.static.flickr.com/126/380161974_f6546a0267.jpg
46,http://www.freedoglistings.com/pics/breeds/Saluki-Photo-1.jpg
47,http://farm3.static.flickr.com/2304/2194444130_7ef274a73c.jpg
48,http://farm3.static.flickr.com/2071/1880708039_420ffed62e.jpg
49,http://farm1.static.flickr.com/122/308743928_f0a374c755.jpg
50,http://farm2.static.flickr.com/1136/913252156_6f34dcfcc5.jpg
51,http://farm3.static.flickr.com/2104/1881339858_5d6d08af25.jpg
52,http://farm2.static.flickr.com/1222/1472202039_a42bdee9e8.jpg
53,http://farm1.static.flickr.com/6/5390637_dee0e98eaf.jpg
54,http://farm2.static.flickr.com/1194/1454553347_82c46aae24.jpg
55,http://farm1.static.flickr.com/223/502558995_5f06ef05ab.jpg
56,http://www.wunschwelpen.de/rassen/FCI/gruppe10/bilder/10269saluki01.jpg
57,http://www.rievaulx.org/gigi.JPG
58,http://farm2.static.flickr.com/1065/1430186016_ee10277606.jpg
59,http://farm1.static.flickr.com/49/128312487_919605f59d.jpg
60,http://farm1.static.flickr.com/103/363869469_943ca28f0f.jpg
61,http://www.petpixel.net/gallery/serina/thumbnails/4haya_2003_0715AZ.jpg
62,http://www.beepworld.de/memberdateien/members42/mamamarika/saluki.jpg
63,http://farm3.static.flickr.com/2253/2040736473_91c866d517.jpg
64,http://farm3.static.flickr.com/2276/2236579941_10bcd487bf.jpg
65,http://farm1.static.flickr.com/25/56245217_501122c9dc.jpg
66,http://farm1.static.flickr.com/74/263839604_8a49e6dc77.jpg
67,http://farm1.static.flickr.com/112/284712245_5764ee4bae.jpg
68,http://farm1.static.flickr.com/226/452442605_a9748b9624.jpg
69,http://www.dogbreedinfo.com/images6/SalukiPUPPYmaysaasleepy2.jpg
70,http://farm3.static.flickr.com/2031/1847596097_cc6f2cdce0.jpg
71,http://farm2.static.flickr.com/1146/1062170492_a61307b638.jpg
72,http://farm3.static.flickr.com/2094/1702241236_afd41f0ac2.jpg
73,http://farm1.static.flickr.com/40/84002626_f6da4bd1e8.jpg
74,http://www.logidog.com/img_content/rasseprofile/saluki_1_small.jpg
75,http://www.huisdiereninfo.nl/content/Saluki/2.jpg
76,http://farm2.static.flickr.com/1208/1127128643_9a642186ec.jpg
77,http://farm2.static.flickr.com/1421/1438561553_d450612637.jpg
78,http://farm1.static.flickr.com/202/452431352_40d5e88cc5.jpg
79,http://farm1.static.flickr.com/8/10334496_c2c496507f.jpg
80,http://farm2.static.flickr.com/1060/1430138512_8a45a4852c.jpg
81,http://farm1.static.flickr.com/162/375288362_f89c05a035.jpg
82,http://farm1.static.flickr.com/79/240917477_236b022e22.jpg
83,http://farm2.static.flickr.com/1377/532092097_1eee530522.jpg
84,http://farm2.static.flickr.com/1151/1192152528_04585b925f.jpg
85,http://farm3.static.flickr.com/2345/2240657308_749e5ae477.jpg
86,http://farm3.static.flickr.com/2069/1702239792_3769e6c91c.jpg
87,http://farm2.static.flickr.com/1196/1449348518_ecb91badbc.jpg
88,http://www.featurepics.com/FI/GB/580d3679-c2f0-4c72-933a-513fdfc84fc8.jpg
89,http://farm1.static.flickr.com/85/274062922_2a46ee678f.jpg
90,http://farm3.static.flickr.com/2319/1881961452_8bdb977f0a.jpg
91,http://www.trillitzsch-fichtelgebirge.sattler-poodle.de/Saluki-Stand2.jpg
92,http://farm2.static.flickr.com/1020/525970246_31f1e0e8b7.jpg
93,http://farm1.static.flickr.com/188/408808398_6c961c45f2.jpg
94,http://hitbyapitch.files.wordpress.com/2007/04/saluki.jpg
95,http://www.goldentrip.com.br/images/saluki.jpg
96,http://farm1.static.flickr.com/107/274061535_2033aa815b.jpg
97,http://rosetwo.pe.kr/dog/doc/breed_list/dog_images/saluki_01.jpg
98,http://farm2.static.flickr.com/1154/525947434_9d8e99a795.jpg
99,http://farm1.static.flickr.com/187/472761833_fa89934045.jpg
100,http://farm2.static.flickr.com/1028/1429433253_f4b97cd54f.jpg
101,http://mynder.dk/lilsalto.jpg
102,http://www.baskerwille.com/img/pic39/saluka_.jpg
103,http://farm1.static.flickr.com/109/314234450_fb84b20323.jpg
104,http://farm3.static.flickr.com/2405/1881289318_784ae078fc.jpg
105,http://www.hund.ch/jpg/saluki.jpg
106,http://www.puppydogweb.com/gallery/salukis/saluki_wright.jpg
107,http://www.hoardingchihuahuas.org/images/picture_3.jpg
108,http://farm1.static.flickr.com/150/417496943_c239330337.jpg
109,http://farm2.static.flickr.com/1089/1472117489_33122988f0.jpg
110,http://www.dog-breeds.name/pictures/saluki/saluki-3.jpg
111,http://www.pld.ttu.ee/~kruus/Saluki_pup_3.JPG
112,http://www.salukis.de/images/news/tashhead.jpg
113,http://farm3.static.flickr.com/2330/2222375100_a430f69a86.jpg
114,http://farm1.static.flickr.com/174/404901828_df317b20d2.jpg
115,http://beantowndogs.net/images/250px-Saluki_dog_breed_1_.jpg
116,http://farm3.static.flickr.com/2127/1879622784_c6acf7daa8.jpg
117,"http://ecx.images-amazon.com/images/I/51BQTYRY9BL._PIlitb-dp-500-arrow,TopRight,45,-64_OU01_SS90_.jpg"
118,http://www.internetclipart.com/Animals/Dogs/saluki2.jpg
119,http://farm2.static.flickr.com/1258/1431121161_6c31e2c2e1.jpg
120,http://www.netspace.sk/chrty/webs/vystavy/2005/cacib%20krakow%2026_6_2005/saluki%20panthera.jpg
121,http://www.dogbreedinfo.org/images/salukiclean-up.jpg
122,http://farm3.static.flickr.com/2099/2074405266_b392218e2f.jpg
123,http://farm2.static.flickr.com/1313/1060176492_01c337b262.jpg
124,http://farm1.static.flickr.com/59/210219907_b2445dcdf8.jpg
125,http://static.flickr.com/82/209414756_c45a18394d.jpg
126,http://farm3.static.flickr.com/2029/2099825522_980a2186bf.jpg
127,http://lh3.google.com/_q8AgSbb2POY/R0mtqGl-ANI/AAAAAAAAAek/CkB0PoBvPK0/s800/IMG_8268.jpg
128,http://farm2.static.flickr.com/1264/1288823608_e17687f8c5.jpg
129,http://farm1.static.flickr.com/119/274073361_d10e1af80e.jpg
130,http://farm3.static.flickr.com/2077/2055381990_36af781b3e.jpg
131,http://www.cadf.ca/dimages/2-saluki.jpg
132,http://farm3.static.flickr.com/2352/2148901844_eaa242ce6f.jpg
133,http://farm3.static.flickr.com/2035/2202014888_be40e190fd.jpg
134,http://farm2.static.flickr.com/1149/1061069357_d0997ba360.jpg
135,http://farm1.static.flickr.com/134/358556397_10810c6ca4.jpg
136,http://www.saluki.it/puppies/saluki011.jpg
137,http://farm1.static.flickr.com/175/473495840_483d1f5ec2.jpg
138,http://farm1.static.flickr.com/156/358556405_50fb7215d9.jpg
139,http://www.levrieropersiano.it/images/Ospiti/Muffola%206%20piccolo.jpg
140,http://farm1.static.flickr.com/157/410411522_1682071e67.jpg
141,http://lh3.google.com/_H8uD93OyLvw/R0Fi3e20AqI/AAAAAAAABMM/XuYnMZXJfzc/s800/DSC_0100.jpg
142,http://farm1.static.flickr.com/210/467518639_538ac97d83.jpg
143,http://farm3.static.flickr.com/2321/2120839529_8527b83e09.jpg
144,http://www.peds.co.uk/image/saluki.jpg
145,http://www.wildekopf-windhunde.de/assets/images/Saluki_startseitel.jpg
146,http://farm1.static.flickr.com/77/217708738_3c8a9f7359.jpg
147,http://www.injoy-1.com/images/Martina_Web/Saluki_09.jpg
148,http://www.dkimages.com/discover/previews/819/590297.JPG
149,http://farm1.static.flickr.com/155/380845750_29b568e81a.jpg
150,http://www.huisdiereninfo.nl/content/Saluki/1.jpg
151,http://farm1.static.flickr.com/154/361055653_b2a8fd6344.jpg
152,http://farm3.static.flickr.com/2085/2216560549_67c6d8d6f4.jpg
153,http://farm1.static.flickr.com/228/469680789_7b8d1c8e97.jpg
154,http://farm3.static.flickr.com/2096/2134580759_5380181d17.jpg
155,http://www.thebreedsofdogs.com/images/SALUKI.jpg
156,http://counterpointkennels.com/images/morgana.jpg
157,http://www.dogbreedinfo.net/images/salukiBaghdad.jpg
158,http://www.courtborne.com/bir%20og%20bim%20saluki%20lordag%2006.jpg
159,http://www.salukis.lv/images/Talayeh.jpg
160,http://www.marocain.biz/animaux/photos-chiens/328752-m.jpg
161,http://farm1.static.flickr.com/224/491699877_a2417b8d80.jpg
162,http://www.fortunecity.com/greenfield/dwellers/343/SALUKI-BOB-SydneyRoyal2001-r.jpg
163,http://www.stenara.com/images/Ahram_std_sm_L.jpg
164,http://salukiclub.org/GalleryImages/pubed3.jpg
165,http://farm1.static.flickr.com/92/247524479_f0ec8fe7ab.jpg
166,http://farm2.static.flickr.com/1027/1242713566_7c92c45871.jpg
167,http://www.caninecrib.com/dog/pictures/images/saluki6_s.jpg
168,http://www.ourdogs.co.uk/Goodies/Wallpapers/Saluki/1024768.jpg
169,http://www.thekennelclub.org.uk/download/38/saluki.jpg
170,http://farm3.static.flickr.com/2257/1805471345_e022627953.jpg
171,http://pets.cosmo.com.br/info/caes/saluki.jpg
172,http://magyar-agar.at/images/uhmai06saluki.jpg
173,http://www.baghdadsalukis.com/images/wendy.jpg
174,http://www.selectyourdog.fr/SYDalbums/Saluki-Gr10/foto9.jpg
175,http://farm2.static.flickr.com/1225/1233500354_401e80b41c.jpg
176,http://farm2.static.flickr.com/1083/1429722942_a65bfb6820.jpg
177,http://www.sheeps-kin.com/Jo&Hunter.jpg;
178,http://farm2.static.flickr.com/1343/537840553_34a5e0e346.jpg
179,http://farm2.static.flickr.com/1184/1314892655_18b9d8ecf8.jpg
180,http://farm1.static.flickr.com/48/129562647_330d320a0d.jpg
181,http://farm3.static.flickr.com/2113/2194448192_6b3dd2fe75.jpg
182,http://www.dogsindepth.com/hound_dog_breeds/images/saluki_h03.jpg
183,http://farm1.static.flickr.com/97/274073363_e322aafcfa.jpg
184,http://farm1.static.flickr.com/51/131338749_1d5e076c62.jpg
185,http://www.baghdadsalukis.com/images/jordan.jpg
186,http://www.dogs365.com/Dog-Breeds/images/saluki.jpg
187,http://www.naturanimal.com/chiens/images/races/1/PICT0237.jpg
188,http://farm3.static.flickr.com/2285/1880085401_52044adf4c.jpg
189,http://www.eliteshowdogs.com/images/chopinmontage.jpg
190,http://farm3.static.flickr.com/2019/2224427620_60c2d5c0cd.jpg
191,http://www.pld.ttu.ee/home/kruus/saluki_khibbar.jpg
192,http://farm1.static.flickr.com/110/296191456_3838ceeabf.jpg
193,http://www.dogchannel.com/images/articles/breed_profile_images/saluki_new.jpg
194,http://farm3.static.flickr.com/2291/1881876934_5200596114.jpg
195,http://www.puppypoopy.com/lk2.jpg
196,http://www.gotdogsonline.com/saluki-pictures-breeders-puppies-rescue/pictures/saluki-0004.jpg
197,http://farm2.static.flickr.com/1270/530235535_b54fcfb0b7.jpg
198,http://www.canadogs.com/images/Salukiadult.jpg
199,http://farm1.static.flickr.com/164/353433661_620305ba31.jpg
200,http://www.salukis.lv/images/DSCN36430019.JPG
201,http://www.wagandfetch.com/images/breeds/breed_saluki.jpg
202,http://farm1.static.flickr.com/190/469994185_7d30edc4c0.jpg
203,http://farm1.static.flickr.com/119/283312015_3d8eb7205c.jpg
204,http://farm3.static.flickr.com/2376/1880032503_0576903f9d.jpg
205,http://farm3.static.flickr.com/2305/1806322846_0a487cb870.jpg
206,http://www.kupoprodaja.com/cacib-zagreb-2006-croatia/afganistan-hound.jpg
207,http://farm3.static.flickr.com/2252/1880333339_e68805b42c.jpg
208,http://farm3.static.flickr.com/2285/2202013194_9431da18e5.jpg
209,http://farm3.static.flickr.com/2370/1854579660_5726a73234.jpg
210,http://www.dogclub.co.uk/gallery/image/2006050117191111_thumb.jpg
211,http://static.flickr.com/109/314220321_5a69e805d2.jpg
212,http://www.traffordphotos.com/assets/images/9L62D-09.jpg
213,http://static.flickr.com/1279/559910342_8ab4ab41e3.jpg
214,http://farm1.static.flickr.com/119/314225038_914c36f085.jpg
215,http://farm1.static.flickr.com/104/275164858_b77a6403c4.jpg
216,http://farm1.static.flickr.com/67/159214669_493c8e0ef1.jpg
217,http://hem.bredband.net/gt_saluki/blogg/varberg/10.jpg
218,http://farm2.static.flickr.com/1189/530132340_9aac51ca6d.jpg
219,http://farm1.static.flickr.com/223/490921125_6a5a6c0a1b.jpg
220,http://www.chillipepper.nl/gurosaluki2.jpg-for-web.jpg
221,http://static.flickr.com/91/236265219_a568c2f3e6.jpg
222,http://farm1.static.flickr.com/54/129561190_ff25f62257.jpg
223,http://farm3.static.flickr.com/2126/2194442650_6f26143d72.jpg
224,http://www.kirasoftware.com/images_hunderassen/Saluki_.jpg
225,http://farm2.static.flickr.com/1369/871241417_68d95c2276.jpg
226,http://farm2.static.flickr.com/1274/1051485536_715f20ab99.jpg
227,http://static.flickr.com/214/456554336_9ec0d7a065.jpg
228,http://farm3.static.flickr.com/2332/1830781609_d5fcc8e163.jpg
229,http://www.dogzonline.com.au/images/profiles/43/4643_473_sm.jpg
230,http://hoardingchihuahuas.com/images/kimi_saluki.jpg
231,http://www.dabkas.se/Bilder/28okt-07/fernando.jpg
232,http://doggsite.narod.ru/saluki.jpg
233,http://farm1.static.flickr.com/93/258335291_89c1a5d82f.jpg
234,http://farm1.static.flickr.com/179/427890711_ff3d092770.jpg
235,http://www3.dogbreedinfo.com/images/salukipotifar.jpg
236,http://farm3.static.flickr.com/2272/2224510392_d73b230aea.jpg
237,http://static.flickr.com/1400/1269199153_73eb60ddc6.jpg
238,http://farm3.static.flickr.com/2155/2223754533_622948a2f9.jpg
239,http://www.saluki.dk/archive/photos/original/nr4862.jpg
240,http://farm1.static.flickr.com/229/490921137_48225560b3.jpg
241,http://farm1.static.flickr.com/118/375284619_090fe6dd99.jpg
242,http://farm3.static.flickr.com/2373/2083311968_4fdd8a6022.jpg
243,http://farm2.static.flickr.com/1278/548400763_331b9f56b2.jpg
244,http://asfa.org/album/saluki/images/saluki2.jpg
245,http://gotpetsonline.com/pictures-gallery/dog-pictures-breeders-puppies-rescue/saluki-pictures-breeders-puppies-rescue/pictures/saluki-0001.jpg
246,http://farm1.static.flickr.com/5/10170455_13cee3d86f.jpg
247,http://bloggbilder.aftonbladet.se/images/3362/img_45c7b9807b124.jpg
248,http://farm1.static.flickr.com/110/274071381_73a4977b64.jpg
249,http://www.webs4us.co.uk/images/IMGP0201.JPG
250,http://www.afghanhound.ca/images/zoefacex.JPG
251,http://farm1.static.flickr.com/117/258344697_40afc1b13c.jpg
252,http://www.dkimages.com/discover/previews/866/70003208.JPG
253,http://farm1.static.flickr.com/91/249269973_8eb8be42ff.jpg
254,http://farm1.static.flickr.com/46/106950221_a2e4cf6a2b.jpg
255,http://www.rvbcreations.com/vertsaluki6.jpg
256,http://www.hskp.net/aptus2006/pic/vetla.jpg
257,http://www.hrti.si/Images/sloughi.jpg
258,http://www.falkewindgermanshepherds.com/images/dog_clipart/saluki.jpg
259,http://www.westminsterkennelclub.org/breedinformation/hound/images/whippet.jpg
260,http://static.flickr.com/114/258340896_8e61c7f6d9.jpg
261,http://farm3.static.flickr.com/2132/2238648435_593d07b8c5.jpg
262,http://imagesbyevelyn.com/images/TheGirls_Jenny_Stella.JPG
263,http://images1.reviewcentre.com/sent-in/item90067.jpg
264,http://static.flickr.com/2147/1977059928_75d5cc7442.jpg
265,http://www.eglr.flyer.co.uk/eglr/torran_5.jpg
266,http://www.puppypoopy.com/lk4.jpg
267,http://static.flickr.com/2048/1805472947_85ab1aa154.jpg
268,http://static.flickr.com/1367/1472203351_5ca2ccebb6.jpg
269,http://farm3.static.flickr.com/2180/2080612105_adc99a29fa.jpg
270,http://www.kristull.com/stamps/salcard/salcard15.jpg
271,http://static.flickr.com/29/57605943_4696a70fab.jpg
272,http://www.saluki.co.nz/images/Nadima.jpg
273,http://www.muazzaz.com/Quattro/jalkelaiset/kuvia/kuvat_y/roosasert.jpg
274,http://www.4doggies.co.uk/ekmps/shops/pabiel2/resources/Image/PICT08891.jpg
275,http://www.yourdogsblog.com/dog_breed_images/114/thumbs/saluki_breed.jpg
276,http://farm1.static.flickr.com/96/217702474_ff068f1499.jpg
277,http://www.showdogs.co.za/hallofhonour/hallofhonour/saluki_100104.jpg
278,http://www.puppypoopy.com/lk3.jpg
279,http://www.ambassadorboard.net/templates/sg/dog.jpg
280,http://www.levriersdebeauce.com/Images/saluki_01.jpg
281,http://www.kitschcollars.com/images/dog%20photos/sponser%20dog%20photos/saluki-x2.jpg
282,http://www.zooclub.com.ua/img/1/3/14/718/753/953.jpg
283,http://www.saluki.com.au/images/Saluki_lumpy.gif
284,http://www3.dogbreedinfo.com/images/salukifamily4.jpg
285,http://static.flickr.com/201/477143044_95c9bccc29.jpg
286,http://farm1.static.flickr.com/211/480507851_e463dbf9cd.jpg
287,http://www.iowatelecom.net/~shasei/images/coversaluki.jpg
288,http://farm2.static.flickr.com/1150/929915428_f17858af69.jpg
289,http://www.cwf-offenbach.de/mediac/450_0/media/Jalisa$20Laufstudieklein.jpg
290,http://www.saunalahti.fi/~sultan/cmwebgraph/photos2/saluki1.jpg
291,http://www.balcattavet.com.au/images/stories/salukistand2.jpg
292,http://static.flickr.com/57/180987858_0f09210aeb.jpg
293,http://www.siuc.edu/siucimages/wtimages/dogleft.png
294,http://farm2.static.flickr.com/1203/1458512740_0be1fcc89e.jpg
295,http://farm2.static.flickr.com/1267/1288201336_eca2d8893c.jpg
296,http://farm2.static.flickr.com/1210/1469601531_26e06de588.jpg
297,http://farm1.static.flickr.com/29/36588141_e360685817.jpg
298,http://farm1.static.flickr.com/181/404718925_dbec74ba4b.jpg
299,http://farm1.static.flickr.com/220/524988633_d25b64e641.jpg
300,http://www.classicsaluki.com/_borders/Avaz_0229.jpg
301,http://site.animalden.com/images/cj/mousafhoun.jpg
302,http://farm1.static.flickr.com/46/167820915_c0e9da05af.jpg
303,http://www.pedigree.co.nz/breeds/images/saluki.jpg
304,http://www.netspace.sk/chrty/webs/vystavy/tel%20aviv%202001/konor%20obris.jpg
305,http://farm3.static.flickr.com/2295/1880659231_2357645ca1.jpg
306,http://farm1.static.flickr.com/154/414108354_7fb88d0e49.jpg
307,http://farm2.static.flickr.com/1011/1191158509_9286c7b763.jpg
308,http://www.stola.org/photo/cratecomp.jpg
309,http://www.dfordog.com/images/lost/saluki.jpg
310,http://farm1.static.flickr.com/93/248510197_5f7124efb0.jpg
311,http://farm1.static.flickr.com/28/41942261_66ee249860.jpg
312,http://farm3.static.flickr.com/2180/1622189674_ed0153bc03.jpg
313,http://farm1.static.flickr.com/232/472865721_289e8e9264.jpg
314,http://www.dog-breeds.name/pictures/saluki/saluki-2.jpg
315,http://farm2.static.flickr.com/1268/1366264268_1995f8a597.jpg
316,http://farm3.static.flickr.com/2401/2098685334_ab5b1e586f.jpg
317,http://www.windhund.eu/wiki/images/5/58/Saluki1.jpg
318,http://static.flickr.com/218/456554340_76a6f29ccb.jpg
319,http://farm3.static.flickr.com/2238/1806330204_7af9941298.jpg
320,http://farm3.static.flickr.com/2300/2097254787_7d1dc51129.jpg
321,http://www.dkimages.com/discover/previews/945/60020734.JPG
322,http://farm3.static.flickr.com/2411/1880974049_01b9a5459b.jpg
323,http://farm3.static.flickr.com/2061/1847881597_0f791287dc.jpg
324,http://farm1.static.flickr.com/58/167820912_7861926dc8.jpg
325,http://img.photobucket.com/albums/v11/Chrissietbm/rescue%20dogs/bluesaluki.jpg
326,http://farm2.static.flickr.com/1221/1429337359_a600be0456.jpg
327,http://farm3.static.flickr.com/2387/2210854248_09451d0e32.jpg
328,http://farm2.static.flickr.com/1035/1462787124_23f9caeae8.jpg
329,http://farm3.static.flickr.com/2028/2066323939_2c4d7fbd1a.jpg
330,http://www.k9stitches.com/devonleft.jpg
331,http://farm1.static.flickr.com/123/353413948_337dbb1a79.jpg
332,http://www.hondensite.bravepages.com/afbeeldingen/saluki%20(1).jpg
333,http://www.cattycats.com/dazja4.JPG
334,http://farm1.static.flickr.com/29/35685320_6dcdaab609.jpg
335,http://farm1.static.flickr.com/223/507877956_c6607c6472.jpg
336,http://farm2.static.flickr.com/1033/1454354811_deff2c6a1b.jpg
337,http://farm1.static.flickr.com/7/7003298_47eb0fcf52.jpg
338,http://farm3.static.flickr.com/2154/1879989098_6b44540d9f.jpg
339,http://farm1.static.flickr.com/152/349406209_d069c7fe06.jpg
340,http://farm2.static.flickr.com/1384/1242322811_d9ed5f3435.jpg
341,http://www.salukimusic.com/brdog_copy.JPG
342,http://z.about.com/d/dogs/1/0/E/4/SassySalukiPanties.jpg
343,http://farm2.static.flickr.com/1147/1045491701_bee65a372d.jpg
344,http://farm2.static.flickr.com/1333/1242217213_b62a1d286c.jpg
345,http://farm3.static.flickr.com/2226/2040676305_b467ee01e7.jpg
346,http://www.club-cip.fr/Clam/_img/saluki.jpg
347,http://farm3.static.flickr.com/2118/2035339971_88f446ca53.jpg
348,http://hurdad.tripod.com/images/SALsaluki1.jpg
349,http://dl.dogomania.com/pics/23/Shaza.jpg
350,http://www.gotpetsonline.com/pictures-gallery/dog-pictures-breeders-puppies-rescue/saluki-pictures-breeders-puppies-rescue/pictures/hi-res-saluki-0002.jpg
351,http://www.kennels.co.uk/images/Sloughi.jpg
352,http://www.classicsaluki.com/_borders/Azali_Aug_06_1561.jpg
353,http://www.hangtownkc.org/images/show529/hound_g129.jpg
354,http://farm3.static.flickr.com/2221/2064142480_dceb0b0c23.jpg
355,http://lh3.google.com/_H8uD93OyLvw/R0FoEu20AuI/AAAAAAAABMw/1Ki4W1A0IW4/s800/P8265562.JPG
356,http://farm1.static.flickr.com/203/440556629_903c620de9.jpg
357,http://farm1.static.flickr.com/76/180987534_1c90343895.jpg
358,http://farm2.static.flickr.com/1049/871065451_02eba9b12b.jpg
359,http://www.gpacentraltexas.org/IMAGES/fosters/taibo_340.jpg
360,http://www.shefaro.com/salukisunny/1817903d0.jpg
361,http://www.saluki.ru/images/58b.jpg
362,http://static.flickr.com/90/229823110_02a737eae7.jpg
363,http://bowkids.hmc6.net/inuzukan/_img/saluki_001.jpg
364,http://farm1.static.flickr.com/221/467533497_baaf5ceef4.jpg
365,http://i37.photobucket.com/albums/e66/carrie1dave/rhys12.jpg
366,http://farm1.static.flickr.com/72/172050276_97c74998c4.jpg
367,http://www.yrtep.wz.cz/i/saluki.jpg
368,http://farm1.static.flickr.com/200/440847639_1238875d3d.jpg
369,http://farm1.static.flickr.com/110/274073354_79a7d8cfa1.jpg
370,http://www.hexie.com/userfile/breed/dog/saluki.jpg
371,http://farm1.static.flickr.com/191/487845435_877dba8719.jpg
372,http://www.agraria.org/cani/saluki1.JPG
373,http://farm3.static.flickr.com/2383/2035318475_9e25ea9e35.jpg
374,http://www.borderland.org.uk/images/01102007073.jpg
375,http://eurosighthound.kbwc.be/results/images/DSC_7282_290.jpg
376,http://www.kingofdogs.com/KOD_gallery/images/SALUKIB1.jpg
377,http://farm1.static.flickr.com/54/159215608_2bee7cf05d.jpg
378,http://www.imawhippets.com/images/AceHannah.jpg
379,http://www.caninecrib.com/dog/pictures/images/saluki5_s.jpg
380,http://static.flickr.com/130/379353665_da939b7fa8.jpg
381,http://www.salukiclub.co.uk/images/marly070604010.jpg
382,http://athariwa.org/joy/saluki_u2.jpg
383,http://i132.photobucket.com/albums/q34/greyhoundlurcher/lola.jpg
384,http://www.perrilandia.com/saluki/f1.jpg
385,http://farm1.static.flickr.com/25/103379975_130ded9601.jpg
386,http://farm1.static.flickr.com/204/452882791_2198dadaa4.jpg
387,http://farm1.static.flickr.com/3/4664994_bbce8fa3e5.jpg
388,http://www.doginfomat.com/saluki_darbylg.jpg
389,http://static.flickr.com/226/490907946_0d013ead3e.jpg
390,http://farm1.static.flickr.com/15/69696028_a504414adf.jpg
391,http://farm2.static.flickr.com/1124/1031975411_0df260e973.jpg
392,http://www.windhunde.de/img/salukiem.jpg
393,http://farm1.static.flickr.com/112/260880577_602c434c99.jpg
394,http://www.gotdogsonline.com/saluki-pictures-breeders-puppies-rescue/pictures-photos/saluki-0010.jpg
395,http://www.original-legno.it/portale/immagini/animali/images/saluki.jpg
396,http://www.irishwolfhound.at/iwh-blog/files/page0_blog_entry122_2.jpg
397,http://farm1.static.flickr.com/64/198053244_735ff44d88.jpg
398,http://farm1.static.flickr.com/68/191376671_4d02717f9c.jpg
399,http://farm2.static.flickr.com/1382/1242888596_57a401c4c1.jpg
400,http://lh6.google.it/MaysunSaluki/Rwsz7Gu6F4I/AAAAAAAABgE/ncFddp0WO-w/SIMHEARTH%20NAJIB%20AL%20ARIF.jpg
401,http://farm3.static.flickr.com/2236/1516737873_6ff5f6f44a.jpg
402,http://farm3.static.flickr.com/2146/1639574899_89298ead99.jpg
403,http://farm2.static.flickr.com/1074/1430421392_5b9c3e1216.jpg
404,http://farm2.static.flickr.com/1334/1242010369_11f64cad8f.jpg
405,http://farm1.static.flickr.com/225/452150863_0c4ec089d9.jpg
406,http://home.no/saluki-archive/Bilder/Ahzi.jpg
407,http://www.dkimages.com/discover/previews/746/47272.JPG
408,http://cache.viewimages.com/xc/3333046.jpg?v=1&c;=ViewImages&k;=2&d;=4DAA13B573E1BD2F3EDB96CDAD0EBC82A55A1E4F32AD3138
409,http://farm2.static.flickr.com/1158/536928090_e156763724.jpg
410,http://www.saluki-europe.com/nelleke1.jpg
411,http://farm3.static.flickr.com/2210/1976233855_66213a5e8d.jpg
412,http://www.classicsaluki.com/_borders/apollo1.jpg
413,http://farm1.static.flickr.com/67/160152026_1c1a583c7c.jpg
414,http://farm2.static.flickr.com/1119/913422204_a0c5c84fa5.jpg
415,http://courtborne.com/ozzy_our_dogs_I.JPG
416,http://www.levrieropersiano.it/images/Ospiti/Muffola%204%20piccolo.jpg
417,http://farm1.static.flickr.com/175/423446552_c021993e61.jpg
418,http://farm1.static.flickr.com/90/258342891_e76634ec24.jpg
419,http://farm1.static.flickr.com/196/522778176_84761ca28d.jpg
420,http://farm2.static.flickr.com/1379/872032650_a880ae23ea.jpg
421,http://farm1.static.flickr.com/211/509224260_f850a78cd0.jpg
422,http://farm1.static.flickr.com/121/314225042_cc598d3a6e.jpg
423,http://www.dogwise.com/Photos/Small/B1923_a.jpg
424,http://www.zoo-reschke.de/printable/images/salukifoto_650.jpg
425,http://farm1.static.flickr.com/37/81510995_1fe826ba46.jpg
426,http://farm1.static.flickr.com/31/95117990_7fcbb2eba7.jpg
427,http://www.ralfs-hundelexikon.de/foto/wind/salu1.jpg
428,http://farm1.static.flickr.com/209/504449689_3542b861b0.jpg
429,http://www.whippetly-yours.nl/images/photos/saluki090706.JPG
430,http://farm3.static.flickr.com/2275/1854798106_cf4bd729cd.jpg
431,http://www.westminsterkennelclub.org/breedinformation/hound/images/saluki.jpg
432,http://www.perfectpuppiesonline.com/breedimages/Saluki.jpg
433,http://www.mollyjones.com/sbreeds/sbreed%20pics/1saluki.jpg
434,http://farm3.static.flickr.com/2018/1805472067_960ee7cda2.jpg
435,http://farm2.static.flickr.com/1119/872032966_700b5c0f53.jpg
436,http://dwc.hct.ac.ae/expatinfo/salukis2.jpg
437,http://farm2.static.flickr.com/1019/871120537_d2924689a7.jpg
438,http://www.slashcoursing.org/images/JunPracticeSaluki2.jpg
439,http://i180.photobucket.com/albums/x184/SalukiLover/DCP_0171.jpg
440,http://www.netspace.sk/chrty/webs/vystavy/2003/mvp%20trencin%2023012003/saluki/wijdan%20del%20monte.jpg
441,http://farm1.static.flickr.com/162/404728086_a35ed734e2.jpg
442,http://farm3.static.flickr.com/2152/2143707140_f6bb4aeccd.jpg
443,http://www.pedigree.com.au/breeds/images/thumbnails/saluki_tn.jpg
444,http://www.kolumbus.fi/elli.uotila/saluki21.jpg
445,http://farm1.static.flickr.com/180/383708164_c1eb8615cf.jpg
446,http://farm2.static.flickr.com/1324/940296339_492fbfc0ff.jpg
447,http://www.tazillah.net/hp/images/turkusaluki_b2.jpg
448,http://farm3.static.flickr.com/2056/2179501432_a316079b31.jpg
449,http://farm1.static.flickr.com/112/314225033_23fda83525.jpg
450,http://farm2.static.flickr.com/1359/1242385869_42727c47d9.jpg
451,http://farm1.static.flickr.com/164/349410845_bf4eb15396.jpg
452,http://farm1.static.flickr.com/105/274061527_eaa36418e3.jpg
453,http://www.sighthoundsonline.org.uk/images/running01.jpg
454,http://farm1.static.flickr.com/112/314239173_1779f16353.jpg
455,http://static.flickr.com/191/491699903_ac477ce29b.jpg
456,http://farm2.static.flickr.com/1270/1240917503_4cfb124b2d.jpg
457,http://farm3.static.flickr.com/2138/1828524669_19b80928af.jpg
458,http://farm2.static.flickr.com/1156/532002178_116050324b.jpg
459,http://farm3.static.flickr.com/2284/2180494622_0eb424410d.jpg
460,http://www.sydskanskakennelklubben.m.se/utbk/Foton/aktiviteter/060422-handlertraining/saluki.jpg
461,http://www.saluki.co.nz/images/Pagan2.jpg
462,http://www.mahahounds.org/images/Sight%20Hound%20Photos/saluki4.jpg
463,http://farm1.static.flickr.com/86/263841116_2064a27842.jpg
464,http://saluki.name/pictures/dubai/arab-saluki.JPG
465,http://farm2.static.flickr.com/1271/701707867_4388174c30.jpg
466,http://www.saluki.org/DSC_1662.jpg
467,http://farm2.static.flickr.com/1250/1429830552_7ffe53c5b4.jpg
468,http://farm2.static.flickr.com/1156/900468689_87413dae24.jpg
469,http://farm2.static.flickr.com/1141/532092137_b6e8c1976a.jpg
470,http://farm1.static.flickr.com/174/410411527_33d5713eb6.jpg
471,http://farm1.static.flickr.com/12/14448857_8c0ded1fa0.jpg
472,http://www.sawahin.de/images/news/villy2.jpg
473,http://farm1.static.flickr.com/246/525927166_d73a9db3be.jpg
474,http://www.peds.co.uk/ownpages/suhaylc.jpg
475,http://farm2.static.flickr.com/1132/526045619_624a6cd5b4.jpg
476,http://farm1.static.flickr.com/226/490925907_374d14d4f3.jpg
477,http://www.tangaloor.net/images/oouijaalfalfa.jpg
478,http://farm1.static.flickr.com/29/95117908_55f4b8e478.jpg
479,http://farm1.static.flickr.com/148/404903662_5e395c8b4e.jpg
480,http://www.dogzonline.com.au/images/profiles/64/17539_1148.jpg
481,http://www.suzumori.co.jp/gurusuzu/saluki/dogrun/IMG_4607.jpg
482,http://farm3.static.flickr.com/2018/2208781425_b9d0414409.jpg
483,http://static.flickr.com/221/452442613_448215299b.jpg
484,http://www.infor.nl/honden/images/saluki.jpg
485,http://www.myndeklubben.dk/images/saluki60mm.jpg
486,http://www.doginformation.org/images/saluki.jpg
487,http://www.maaoravat.com/Miku/Photos/M7.JPG
488,http://farm2.static.flickr.com/1307/870962953_4a28ff7b32.jpg
489,http://farm2.static.flickr.com/1150/540067024_72a54db86a.jpg
490,http://www.saluki.ru/images/chaali.jpg
491,http://farm2.static.flickr.com/1395/530469294_419410462f.jpg
492,http://static.flickr.com/101/383781024_ca094775b9.jpg
493,http://www.dogbreedcenter.com/saluki_puppies_120px.jpg
494,http://farm3.static.flickr.com/2347/2160671725_3163dd3530.jpg
495,http://www.falconers-dream.com/Saluki-H%FCndin.JPG
496,http://farm2.static.flickr.com/1310/1351800745_edbd8d6dd1.jpg
497,http://saluqi.home.netcom.com/Images/Bayt%20Shahin%20Impulse%20600%20pixels.jpg
498,http://www.el-ubaid.nl/images/fun2ElUbaidsEmperoroutdoorshuntingstrangerabbits.jpg
499,http://www.webmapper.co.uk/images/Feathered.jpg
500,http://farm1.static.flickr.com/212/452442599_c1e2d3381e.jpg
501,http://www.animalhouse-europe.com/uploads/images/pages/saluki.jpg
502,http://salukitoys.toytractortimes.com/images/members/large-Badavie_Seregon_Camel.jpg
503,http://talismanhounds.com/images/salukigideon-heads.jpg
504,http://farm1.static.flickr.com/83/275164838_c6e44e2d44.jpg
505,http://st.blog.cz/c/cali.blog.cz/obrazky/9751879.jpg
506,http://farm1.static.flickr.com/216/503827561_463e221646.jpg
507,http://pieskie-zycie.za.pl/charty/_images/chart_perski_saluki2.jpg
508,http://farm3.static.flickr.com/2269/1880174781_70681d4352.jpg
509,http://farm1.static.flickr.com/77/167210894_74bbe4f7d6.jpg
510,http://www.dogzonline.com.au/images/profiles/63/13322_308.jpg
511,http://farm1.static.flickr.com/104/314239183_1a49ed1cb7.jpg
512,http://farm2.static.flickr.com/1376/871065437_5795014fac.jpg
513,http://farm3.static.flickr.com/2215/2090177558_3429d48d02.jpg
514,http://www.fullworld.eu/small-photo/saluki-dog-standard-1.jpg
515,http://farm1.static.flickr.com/88/258336685_cc0c48dbb4.jpg
516,http://www.5stardog.com/gallery/images/Saluki/575116309564.JPG
517,http://www.mojpes.net/modules/pasme/images/saluki.jpg
518,http://www.aniwa.fr/images/2/1815/SALUKI.jpg
519,http://www.faridaat-salukis.com/images/simon/simon_stretch.jpg
520,http://lh3.google.com/_fX5Ed1AbkZQ/Rlc6tFubi-I/AAAAAAAABro/njtjAD_gUD0/s800/Tinka+kalliolla.JPG
521,http://www.featurepics.com/FI/Thumb/20070425/Saluki-Dog-295927.jpg
522,http://farm1.static.flickr.com/96/239583437_62672ea081.jpg
523,http://farm1.static.flickr.com/159/349409646_98b6572ca0.jpg
524,http://farm1.static.flickr.com/191/503139416_d27762233f.jpg
525,http://www.fidobau.it/Schede_cani/foto_cani/Saluki_A01.jpg
526,http://farm2.static.flickr.com/1348/1067501049_391e5df5fc.jpg
527,http://bowkids.hmc6.net/inuzukan/_img/saluki_002.jpg
528,http://farm3.static.flickr.com/2247/1879718617_d6888b2501.jpg
529,http://farm2.static.flickr.com/1005/1430330394_3a4145764c.jpg
530,http://farm3.static.flickr.com/2185/1560850075_3102cc9bd2.jpg
531,http://farm1.static.flickr.com/114/258528247_3e03e4d960.jpg
532,http://static.flickr.com/1173/900468651_f16bcc7545.jpg
533,http://moshiresalukis.com/images/karon_zelia_cup.jpg
534,http://farm2.static.flickr.com/1389/544561216_ecbc9ca53d.jpg
535,http://farm1.static.flickr.com/250/452157169_8cee469aa9.jpg
536,http://farm2.static.flickr.com/1067/540067060_3a825eac61.jpg
537,http://static.flickr.com/91/258336707_3f95147c0d.jpg
538,http://farm3.static.flickr.com/2116/2042081663_fc29855d31.jpg
539,http://static.flickr.com/2305/1977068478_5eb3e6f4dd.jpg
540,http://farm3.static.flickr.com/2075/2064101450_bc7e3d4f8a.jpg
541,http://www.stenara.com/Kadeesh/Kad_bklght.jpg
542,http://static.flickr.com/2346/2099047343_0f95d20446.jpg
543,http://farm2.static.flickr.com/1096/1351804599_e75b386a86.jpg
544,http://cherishpet.com/wp-content/uploads/2007/10/saluki.jpg
545,http://www.hondenras.com/encyclopedie/foto/2884_Saluki.jpg
546,http://farm2.static.flickr.com/1168/649913105_4c8121d505.jpg
547,http://www.saluki.co.nz/images/Solomon.jpg
548,http://i15.photobucket.com/albums/a368/HoundTalk/Silken.jpg
549,http://static.flickr.com/1343/537840553_34a5e0e346.jpg
550,http://www.chrti.com/KCHCH/images/saluki/saluki8.jpg
551,http://farm1.static.flickr.com/138/396828213_d8b72e7e0d.jpg
552,http://farm1.static.flickr.com/21/95117287_d4ee124a4a.jpg
553,http://www.desertbred.org/CoursingTheSaluki/CoursingInGreatBritain/CoursinginEngland7Captioned.gif
554,http://farm3.static.flickr.com/2342/1655586103_6db95b6bb7.jpg
555,http://farm1.static.flickr.com/54/165782798_73dcdab907.jpg
556,http://www.terra.com.pe/mascotas/iconos/saluki2.jpg
557,http://farm1.static.flickr.com/62/167820914_b20875256d.jpg
558,http://farm1.static.flickr.com/100/300951267_1de119a7fd.jpg
559,http://farm1.static.flickr.com/147/382787288_27ed333a8b.jpg
560,http://farm1.static.flickr.com/151/401342656_5ee099d21e.jpg
561,http://farm2.static.flickr.com/1359/711505114_650ee6e9dd.jpg
562,http://farm3.static.flickr.com/2420/2223760171_280ce0427d.jpg
563,http://www.ourdogs.co.uk/News/2005/January2005/News280105/images/manchester-bis.jpg
564,http://farm1.static.flickr.com/162/397724147_10e541f3d2.jpg
565,http://www.hondenras.com/encyclopedie/foto/3498_Saluki.jpg
566,http://www.justdogbreeds.com/images/breeds/saluki.jpg
567,http://animal-photography.co.uk/thumbs/AP-0QEJ2M-TH.jpg
568,http://farm1.static.flickr.com/26/45571306_82ee0f9f05.jpg
569,http://www.dyrewebben.no/faktasidene/hund/temaer/raser/saluki.jpg
570,http://www.dogsrus.com.au/dog-pictures/gallery/Dog_Breeds/Saluki/tn/mini-saluki2.jpg
571,http://farm3.static.flickr.com/2330/2114772227_03c959743f.jpg
572,http://republika.pl/blog_bx_192984/263167/tr/saluki.jpg
573,http://farm2.static.flickr.com/1034/871065405_28266796b8.jpg
574,http://www.stola.org/elektrarescue/images/Atir_starving.jpg
575,http://farm2.static.flickr.com/1190/540184329_0b9fd7b47a.jpg
576,http://farm3.static.flickr.com/2259/2240665370_b3b1fc0095.jpg
577,http://www.a-zdogs.net/main/saluki2.jpg
578,http://www1.istockphoto.com/file_thumbview_approve/907920/2/istockphoto_907920_defeated_dog_looking_towards_the_camera.jpg
579,http://farm1.static.flickr.com/33/95117609_7005ad6285.jpg
580,http://static.flickr.com/2269/1805472677_a240a84b1d.jpg
581,http://www.hondeninfo.net/images/saluki3.jpg
582,http://www.thestudiocards.com/SCANNED%20PICTURES/DOGS/Saluki.jpg
583,http://www.hangtownkc.org/images/show530/hound_g130.jpg
584,http://farm3.static.flickr.com/2330/2115517344_d6c0f88dda.jpg
585,http://farm1.static.flickr.com/180/404902180_6686eb8806.jpg
586,http://www.dogslife-hundeschule.de/Rassen___Fahigkeiten/Hund_als_Auto/Saluki.jpg
587,http://farm3.static.flickr.com/2062/1807381788_f65be9cf81.jpg
588,http://www.littlewind.net/Juuli/Juulikuvat/Juuli_salukishow.jpg
589,http://www.tierpalast.de/rassehunde/saluki_egon_reichert.jpg
590,http://www.pitbull-breed.com/BreedsPhoto/Saluki.jpg
591,http://www.dogzonline.com.au/images/profiles/07/01/12233_1186.jpg
592,http://www.sawahin.de/images/news/Yaz-0356.jpg
593,http://farm1.static.flickr.com/49/160182369_12323f19d7.jpg
594,http://farm1.static.flickr.com/54/180114544_b8f58e94dd.jpg
595,http://www.alkhabara.com/images/batsheba/by%20mari%20riitinki%2007_small.jpg
596,http://farm3.static.flickr.com/2319/2210060447_09079bb37d.jpg
597,http://farm3.static.flickr.com/2067/2240667420_00823e57d3.jpg
598,http://content.answers.com/main/content/wp/en/thumb/b/b0/250px-Closeupfire.jpg
599,"http://www.kyhorsepark.com/images/SalukiGhazalAlfarana,photobyRaijaLundstrom.jpg"
600,http://www.dog-breeds.name/pictures/saluki/saluki-5tn.jpg
601,http://www.pld.ttu.ee/~kruus/Saluki_1.JPG
602,http://static.flickr.com/222/507265080_89c5956751.jpg
603,http://www.equusedi.com/Canine/images/bah4-244x258.jpg
604,http://farm3.static.flickr.com/2162/2148354487_83746e655f.jpg
605,http://www.gotpetsonline.com/pictures-gallery/dog-pictures-breeders-puppies-rescue/saluki-pictures-breeders-puppies-rescue/pictures/hi-res-saluki-0003.jpg
606,http://www.traffordphotos.com/assets/images/2M68_09.jpg
607,http://farm3.static.flickr.com/2371/2063449857_84be38af33.jpg
608,http://farm1.static.flickr.com/108/258340904_a56db4d4aa.jpg
609,http://farm1.static.flickr.com/55/131338746_11ea1c3f47.jpg
610,http://farm2.static.flickr.com/1247/1429844582_dbfd805d1b.jpg
611,http://farm2.static.flickr.com/1272/1172683612_0bde5ab044.jpg
612,http://blog.sme.sk/blog/583/13303/saluki-desrt2a.jpg
613,http://farm1.static.flickr.com/68/180987703_ad07c7bd86.jpg
614,http://farm1.static.flickr.com/109/274071385_496a0c329c.jpg
615,http://www.wfl.lu/photos/saluki2007.jpg
616,http://www.yalameh.de/grafik/arif/Arif%20&%20Hathor/nasari/tn_saluki_simhearth_nasari3.jpg
617,http://www.postyourpuppy.com/img/saluki-1.jpg
618,http://farm2.static.flickr.com/1143/878236358_bac17c5832.jpg
619,http://farm3.static.flickr.com/2131/2174389683_a263b5b768.jpg
620,http://spotlight.siu.edu/delta/09302005/images/2dog.jpg
621,http://www.paws-kuwait.org/images/sall1.jpg
622,http://farm3.static.flickr.com/2103/2222374966_af473e99a5.jpg
623,http://www.dogtimes.com.br/imagens/EdisowaAbbas.jpg
624,http://www.dog-breeds-infosite.com/images/Saluki.jpg
625,http://farm1.static.flickr.com/33/97505710_9c443e0ab3.jpg
626,http://www.levriers77.org/images/16_natcha_saluki.jpg
627,http://farm3.static.flickr.com/2131/2205908324_21d92e514e.jpg
628,http://farm2.static.flickr.com/1163/987817587_ae7ef8576f.jpg
629,http://farm3.static.flickr.com/2086/2149151064_1711806563.jpg
630,http://farm3.static.flickr.com/2397/1805481137_3e41c10aa5.jpg
631,http://farm2.static.flickr.com/1435/1243231374_9d80091681.jpg
632,http://farm2.static.flickr.com/1059/948538203_000e6f88a5.jpg
633,http://farm1.static.flickr.com/110/254969420_a78f2119cd.jpg
634,http://farm3.static.flickr.com/2417/1881182368_2c82504d35.jpg
635,http://farm3.static.flickr.com/2108/1910388668_e91b5abd25.jpg
636,http://static.flickr.com/84/274073349_de1e88487e.jpg
637,http://www.breederretriever.com/photopost/data/730/medium/saluki_istock_cropped_.jpg
638,http://www.saluki.ru/images/shayni-15m.jpg
639,http://farm1.static.flickr.com/84/217706473_ad072ad1f4.jpg
640,http://static.flickr.com/2203/1976239751_a26e746492.jpg
641,http://farm1.static.flickr.com/40/95117008_7a477f7b46.jpg
642,http://www.caninecrib.com/dog/images/Saluki_s.jpg
643,http://farm1.static.flickr.com/170/403160003_88ed818572.jpg
644,http://static.flickr.com/237/452442633_69984af75b.jpg
645,http://farm2.static.flickr.com/1306/901791368_e1b6b3dc4c.jpg
646,http://www.asfa.org/album/saluki/images/saluki1.jpg
647,http://canineexpo.dogsites.com.au/2004/01bis.JPG
648,http://farm3.static.flickr.com/2294/1516891696_22a3deb8ab.jpg
649,http://farm3.static.flickr.com/2044/2046453484_4688f31ce0.jpg
650,http://personal.inet.fi/koti/jaana.sartesuo/pics/jawaid_jannah_0607.jpg
651,http://farm1.static.flickr.com/99/314234456_ad4de3e2a9.jpg
652,http://farm1.static.flickr.com/27/57131170_4c91fed569.jpg
653,http://www.aktivhund.se/Images/Raser/266-275.jpg
654,http://farm1.static.flickr.com/140/406850220_4e3e66c9ed.jpg
655,http://farm3.static.flickr.com/2108/1977062280_78bd91ed8c.jpg
656,http://farm1.static.flickr.com/207/472758989_c59d0dc217.jpg
657,http://static.flickr.com/2073/1848471870_30f7538f7b.jpg
658,http://www.hundezeitung.de/bild/afgan-salukis.jpg
659,http://www.workingdogweb.com/RSH/Saluki-Complete2.jpg
660,http://users.midwestmail.com/nightlife/cdalerocks/40SalukiDog.JPG
661,http://farm1.static.flickr.com/28/95117931_420b5f1522.jpg
662,http://farm3.static.flickr.com/2204/2099860436_1f0f0fa2be.jpg
663,http://farm3.static.flickr.com/2269/2064138886_95e08222d8.jpg
664,http://www.featurepics.com/FI/Thumb/20060814/Saluki63349.jpg
665,http://farm3.static.flickr.com/2316/2042838116_b851c32fdb.jpg
666,http://www.dogzonline.com.au/images/profiles/07/01/11390_1652_sm.jpg
667,http://static.flickr.com/67/160152028_8304df0eb3.jpg
668,http://farm1.static.flickr.com/223/472760393_0aaf0055b0.jpg
669,http://farm1.static.flickr.com/217/490925925_5f19fe04e8.jpg
670,http://farm1.static.flickr.com/133/404903616_ed358871b0.jpg
671,http://www.stenara.com/images/represa_avare_oct2001.jpg
672,http://farm2.static.flickr.com/1256/878236518_b73f988684.jpg
673,http://farm1.static.flickr.com/204/472756879_1fae7502e3.jpg
674,http://static.flickr.com/131/322266945_91f1ef58c4.jpg
675,http://www.dogdomain.com/images/189B_saluki.jpg
676,http://farm1.static.flickr.com/211/472869878_063dac95a1.jpg
677,http://static.flickr.com/1038/1431233389_91f925b602.jpg
678,http://farm1.static.flickr.com/174/380164627_0c5294e82f.jpg
679,http://farm1.static.flickr.com/173/441139673_0001425556.jpg
680,http://www.saluki.co.nz/images/Hetz.jpg
681,http://farm3.static.flickr.com/2070/2224620314_8a3fef8c86.jpg
682,http://static.flickr.com/1015/1432114132_083dfcab4f.jpg
683,http://farm3.static.flickr.com/2009/2201227815_094e52d45d.jpg
684,http://farm2.static.flickr.com/1313/898667355_12dae07d7c.jpg
685,http://farm2.static.flickr.com/1114/1430298042_b301ed0cae.jpg
686,http://farm1.static.flickr.com/218/490925945_ef3bc23274.jpg
687,http://farm1.static.flickr.com/138/382787118_229f314f58.jpg
688,http://farm1.static.flickr.com/58/165373959_2041292515.jpg
689,http://www.pld.ttu.ee/~kruus/Shimbun_sert2.JPG
690,http://www.ewartwilson.co.uk/GatleyGallery/kevin/thumbpic/salukionlead.jpg
691,http://www.greatdogsite.com/admin/uploaded_files/thumbnails/saluki158.11340206186x_1184090758245.jpg
692,http://www.mybuddydog.com/saluki.jpg
693,http://dogbreedweb.com/files/u2/saluki.jpg
694,http://farm1.static.flickr.com/88/248510900_19653aef27.jpg
695,http://www.keeponfighting.net/images/articles/20061205150539402_1.JPG
696,http://farm2.static.flickr.com/1045/1193971512_d42f308474.jpg
697,http://farm2.static.flickr.com/1434/872032742_d7bac101a4.jpg
698,http://farm1.static.flickr.com/117/256825564_34723fcc2c.jpg
699,http://farm3.static.flickr.com/2232/2040711771_1933046e43.jpg
700,http://static.flickr.com/141/383781028_669b3c5696.jpg
701,http://saluki.name/pictures/ruzne/utulek.jpg
702,http://farm3.static.flickr.com/2059/1622185604_7b03f3340e.jpg
703,http://static.flickr.com/117/314211140_193af221be.jpg
704,http://www.mybuddydog.com/salu2.jpg
705,http://www.dogzonline.com.au/images/profiles/07/01/18567_1496.jpg
706,http://farm1.static.flickr.com/27/95117502_2626000a32.jpg
707,http://farm2.static.flickr.com/1195/1457663025_2adedfb980.jpg
708,http://static.flickr.com/214/507265094_7f12505780.jpg
709,http://www.faridaat-salukis.com/images/darby/2005_1001bg11_web.jpg
710,http://www.shangralafamilyfun.com/dogs/saluki.jpg
711,http://farm1.static.flickr.com/204/440847409_c11ab944d9.jpg
712,http://www.pedigree.com/assets/images/dogsandpuppies/breedGallery/resource1129.jpg
713,http://www.afghanen.at/Salukis/Welpen/Dodo5.jpg
714,http://static.flickr.com/117/314215172_1c29657a0c.jpg
715,http://lh3.google.com/_bWE7G2GzzXo/RzrvzNJXIHI/AAAAAAAAA_0/gjoe0LkQho4/s800/saluki+bella.jpg
716,http://static.flickr.com/227/509247607_feb67153d9.jpg
717,http://www.classichound.com/images/gallery/juuligallery.jpg
718,http://members.westnet.com.au/salukijoy/images/destiny_planing_sml.jpg
719,http://farm2.static.flickr.com/1136/1429006801_925559776f.jpg
720,http://farm3.static.flickr.com/2138/1881822232_0bdebcf3c9.jpg
721,http://static.flickr.com/2094/1805470825_584ca805d8.jpg
722,http://farm1.static.flickr.com/44/165073437_cb470f4a45.jpg
723,http://farm1.static.flickr.com/206/467504028_09e47c881b.jpg
724,http://www.stenara.com/Kadeesh/Kad_sofa.jpg
725,http://www.kanyamakan.it/lulu3.jpg
726,http://farm2.static.flickr.com/1293/871861714_9b804c0f9f.jpg
727,http://www.saudeanimal.com.br/imagens/saluki2.jpg
728,http://farm1.static.flickr.com/211/467518725_1adb89c65c.jpg
729,http://www.peds.co.uk/afghan/almin2.jpg
730,http://static.flickr.com/211/509224260_f850a78cd0.jpg
731,http://www.ingunnsolberg.com/articles/Pelsbilder/saluki3.jpg
732,http://farm2.static.flickr.com/1109/530235541_14fc132e31.jpg
733,http://farm1.static.flickr.com/156/369921230_7cd27ec8ce.jpg
734,http://farm1.static.flickr.com/115/314225045_b6a394397a.jpg
735,http://farm3.static.flickr.com/2265/1848462532_b04fe36e67.jpg
736,http://static.flickr.com/1324/1472205117_bff86b8f4a.jpg
737,http://www.e-mypet.com/tt/board/db/board/dog/upload/1_10000/50/Saluki2.jpg
738,http://farm3.static.flickr.com/2253/2240676684_a490fdccb8.jpg
739,http://farm2.static.flickr.com/1359/871861744_a6d2824f25.jpg
740,http://yourpethouse.com/images/Breeds/Saluki.jpg
741,http://farm1.static.flickr.com/214/507265094_7f12505780.jpg
742,http://farm1.static.flickr.com/231/477235979_4e720f563e.jpg
743,http://farm1.static.flickr.com/210/446631878_d4373e4561.jpg
744,http://www.featurepics.com/FI/Thumb/20070425/Saluki-Dog-Head-Portrait-295931.jpg
745,http://www.dogzonline.com.au/images/profiles/61/12469_1808_sm.jpg
746,http://farm2.static.flickr.com/1423/810258965_12c33dcef4.jpg
747,http://www.afghans4u.de/rassebeschreibung/Gene_5Jhell.jpg
748,http://farm2.static.flickr.com/1011/870962929_991e226c45.jpg
749,http://farm2.static.flickr.com/1393/943932835_620aa63487.jpg
750,http://farm1.static.flickr.com/102/314220330_73093a147a.jpg
751,http://farm1.static.flickr.com/181/430654761_2f502a7b20.jpg
752,http://farm1.static.flickr.com/229/521848099_b043700248.jpg
753,http://www.dogtimes.com.br/imagens/riwaya3.jpg
754,http://www.saluki.se/dogshows/2004/bilder/vanersborg_bis_veteran_040613.jpg
755,http://www.salukiclub.co.uk/images/limit07bvet.jpg
756,http://static.flickr.com/121/314211150_a9d3b4d173.jpg
757,http://farm1.static.flickr.com/172/472756891_4b60fea647.jpg
758,http://static.flickr.com/2168/1806322146_e9dfc78e0b.jpg
759,http://monabsalukingdom.homestead.com/Goody_b_w.jpg
760,http://farm3.static.flickr.com/2379/2122109151_2f694d5c53.jpg
761,http://static.flickr.com/1081/885164387_32bd6ec3fe.jpg
762,http://farm1.static.flickr.com/86/274062921_e02176e3e0.jpg
763,http://static.flickr.com/1308/944817164_9a47f4a6ec.jpg
764,http://www.peds.co.uk/ownpages/piperm2.jpg
765,http://farm2.static.flickr.com/1138/943932775_05f70cbc33.jpg
766,http://www.dogsblog.com/wp-content/uploads/2008/01/ryedaledr_ava.jpg
767,http://upload.wikimedia.org/wikipedia/commons/thumb/7/7c/Malik_the_Saluki.jpg/800px-Malik_the_Saluki.jpg
768,http://www.qashani.com/kuvia/artikkelit/blondehound.jpg
769,http://www.peds.co.uk/image/stc13.jpg
770,http://farm3.static.flickr.com/2383/2221584137_25f8cdb99e.jpg
771,http://www.evcilkopekler.com/fotolar/kucuk1113590307saluki_15.jpg
772,http://www.dkimages.com/discover/previews/970/40003009.JPG
773,http://www.pgaa.com/canine/general/images/salukiheather.jpg
774,http://img.dogpublic.com/breedImages/80_thumb_lg.jpg
775,http://farm2.static.flickr.com/1135/1193104689_d130f6cce7.jpg
776,http://dl.dogomania.com/pics/7/pash02.JPG
777,http://static.flickr.com/1315/1001634539_022898fd90.jpg
778,http://static.flickr.com/1403/1083121946_a1a82d9c33.jpg
779,http://farm2.static.flickr.com/1029/1472206353_2ac29f2404.jpg
780,http://www.saluki.com.au/images/Saluki%20Laura03s.jpg
781,http://farm1.static.flickr.com/208/504449837_13118e04d8.jpg
782,http://farm3.static.flickr.com/2030/1977064068_ec995dde63.jpg
783,http://www.stenara.com/images/Ahram_Kadeesh_Heads_Study.jpg
784,http://www.digitaldog.com/images/breeds/saluki.jpg
785,http://www.obaileekennels.com/images/saluki/hobbes.jpg
786,http://static.flickr.com/85/274062922_2a46ee678f.jpg
787,http://members.aol.com/jazirat/shazmch2.jpg
788,http://www.classicsaluki.com/_borders/Drachma_moving_0693.jpg
789,http://farm2.static.flickr.com/1171/532098335_07465df76e.jpg
790,http://farm2.static.flickr.com/1367/650778646_7e220beda0.jpg
791,http://farm1.static.flickr.com/95/254969425_a2ce28a2d5.jpg
792,http://farm2.static.flickr.com/1286/540184303_19619fc730.jpg
793,http://www.gazellehounds.nl/attachments/Image/kop2.JPG
794,http://static.flickr.com/222/509247949_104d1dc36e.jpg
795,http://farm3.static.flickr.com/2420/2138284841_98eac77cf2.jpg
796,http://farm3.static.flickr.com/2155/1977069048_095c225cd8.jpg
797,http://farm2.static.flickr.com/1337/746927176_fc0de1f6a8.jpg
798,http://www.saocarlosoficial.com.br/dados/imagens/saluki3.jpg
799,http://animal-photography.co.uk/thumbs/AP-04GHDG-TH.jpg
800,http://farm2.static.flickr.com/1077/649915313_e2289e0d8b.jpg
801,http://farm1.static.flickr.com/199/490921131_eeaff3687e.jpg
802,http://www.al-caliphs.com/images/festival/shusma_running.jpg
803,http://www.dog-breeds-infosite.com/images/Saluki3.jpg
804,http://static.flickr.com/170/430654770_982bb8e735.jpg
805,http://www.dogzonline.com.au/images/profiles/61/12976_1099_sm.jpg
806,http://static.flickr.com/108/314234465_2ea656d706.jpg
807,http://static.flickr.com/101/284712232_0ffd031bf6.jpg
808,http://farm2.static.flickr.com/1157/530136356_4e9e4d4b9e.jpg
809,http://www.peds.co.uk/ownpages/piperm.jpg
810,http://www.canaryzoo.com/Dog%20Species/saluki.jpg
811,http://www.dogfan.jp/zukan/hound/Saluki/9.jpg
812,http://www.dogzonline.com.au/images/profiles/61/12449_1142_sm.jpg
813,http://www.normandale.org.uk/ms/lilysaluki2.jpg
814,http://static.flickr.com/1359/711505114_650ee6e9dd.jpg
815,http://farm3.static.flickr.com/2026/2244819913_1605f20ed0.jpg
816,http://farm3.static.flickr.com/2365/2216560743_c5c2efcecf.jpg
817,http://worldofwonder.net/wimages/609_saluki-1-tm.jpg
818,http://www.aikendog.com/profile/saluki/001.jpg
819,http://farm2.static.flickr.com/1263/1473055916_d3c2fde19f.jpg
820,http://www.gotpetsonline.com/pictures-gallery/dog-pictures-breeders-puppies-rescue/afghan-hound-pictures-breeders-puppies-rescue/pictures-photos/afghan-hound-0006.jpg
821,http://www.aikendog.com/profile/saluki/002.jpg
822,http://farm2.static.flickr.com/1133/530235559_91d54235c6.jpg
823,http://www.dogzonline.com.au/images/profiles/61/12471_1370_sm.jpg
824,http://www.vca.org.au/assets/saluki.gif
825,http://www.petsplace.co.za/saluki%20champ.jpg
826,http://farm1.static.flickr.com/118/274062918_70380ae3fe.jpg
827,http://puppydogweb.com/gallery/salukis/saluki_moghaddasi.jpg
828,http://www.dogsforum.sg/gallery/albums/userpics/10001/thumb_saluki_01.jpg
829,http://farm1.static.flickr.com/101/288443820_1af79a99b0.jpg
830,http://static.flickr.com/81/258332721_013c443735.jpg
831,http://farm1.static.flickr.com/28/95117695_3bf9497c1b.jpg
832,http://www.daytondogtraining.com/Pics-Jan07/Sporting-Hound%20Pics/content/bin/images/large/0380saluki.jpg
833,http://farm2.static.flickr.com/1006/1066084885_c7c031e303.jpg
834,http://www.ridgebacks.com.au/Images/BreedEncylopedia/Hounds/Whippet.jpg
835,http://farm1.static.flickr.com/62/183618902_bc661c4172.jpg
836,http://static.flickr.com/1246/530132348_a39afc0609.jpg
837,http://www.sighthound.net/birgitop.jpg
838,http://www.pattayamail.com/443/f-Guide%20to%20buying%20_443.jpg
839,http://www.kolumbus.fi/elli.uotila/saluki41.jpg
840,http://farm2.static.flickr.com/1046/1473054060_7ba7c1bfcc.jpg
841,http://static.flickr.com/1007/540067034_2473762874.jpg
842,http://static.flickr.com/1059/540184363_9d5ff846a9.jpg
843,http://farm1.static.flickr.com/67/170210190_ee978d4456.jpg
844,http://www.kilstronlabs.co.uk/spyro%20front%202.jpg
845,http://www.dooziedog.com/dog_breeds/saluki/main.jpg
846,http://www.dkimages.com/discover/previews/794/15005885.JPG
847,http://farm1.static.flickr.com/19/95117393_65ecf68e44.jpg
848,http://farm1.static.flickr.com/113/314211146_9f3983516a.jpg
849,http://static.flickr.com/1133/530235559_91d54235c6.jpg
850,http://farm1.static.flickr.com/72/180987805_f3753484d8.jpg
851,http://static.flickr.com/1180/943894285_444b131548.jpg
852,http://www.tias.com/stores/doxette/thumbs/bb020aa.jpg
853,http://farm1.static.flickr.com/34/108579398_5a86d1e8f0.jpg
854,http://www.featurepics.com/FI/Thumb/20070425/Dog-Portrait-Saluki-295926.jpg
855,http://www.dkimages.com/discover/previews/888/65021255.JPG
856,http://static.flickr.com/2064/2067131794_e8124121dc.jpg
857,http://farm1.static.flickr.com/107/258335301_b16fa027fd.jpg
858,http://www.salukiwonders.com/Copy_of_W-Marie75Saluki_-2.jpg
859,http://www.pet1616.com/zukan/dog/photo/saluki.jpg
860,http://www.dognews.com/pedigreegallery/hound/images/SALUKIS%20HOUND.jpg
861,http://farm1.static.flickr.com/213/512654889_f67f13c1c7.jpg
862,http://farm1.static.flickr.com/175/427890717_6cd30c365f.jpg
863,http://farm1.static.flickr.com/107/258332717_a56be7fb03.jpg
864,http://www.justusdogs.com.au/images/saluki.jpg
865,http://farm2.static.flickr.com/1402/540382495_a047bdefd5.jpg
866,http://static.flickr.com/143/392608653_aabcf0ec16.jpg
867,http://farm2.static.flickr.com/1224/871861944_9671662054.jpg
868,http://www.pups4sale.com.au/acewin/afghan_hound_06a.jpg
869,http://farm1.static.flickr.com/155/396215123_8d81c44cd8.jpg
870,http://www.askedweb.com/w/images/thumb/2/2d/Saluki.jpg/120px-Saluki.jpg
871,http://farm3.static.flickr.com/2283/2221584007_5f35a6dd72.jpg
872,http://farm1.static.flickr.com/166/385773559_3075e9c4d3.jpg
873,http://farm1.static.flickr.com/29/95117231_68892501c4.jpg
874,http://www.featurepics.com/FI/Thumb/20070425/Saluki-Hound-Dog-295930.jpg
875,http://farm2.static.flickr.com/1327/1473053394_ea9733e2f9.jpg
876,http://www.petpixel.net/gallery/serina/thumbnails/5haya_2003_0715AM.jpg
877,http://i8.photobucket.com/albums/a42/adambarrett719/Picture025.jpg
878,http://farm1.static.flickr.com/88/254973575_69d5dcfae6.jpg
879,http://farm1.static.flickr.com/188/440845108_e9fe1b9058.jpg
880,http://farm3.static.flickr.com/2200/2154964532_ced525f905.jpg
881,http://farm1.static.flickr.com/79/258342908_54a383cddb.jpg
882,http://farm1.static.flickr.com/174/417496787_d2aadd9091.jpg
883,http://farm1.static.flickr.com/112/274062927_6e9576aabd.jpg
884,http://farm2.static.flickr.com/1355/885647684_7b886e18b1.jpg
885,http://farm2.static.flickr.com/1094/650777684_fb95a539b8.jpg
886,http://farm2.static.flickr.com/1422/1002030590_6e57f5e1e9.jpg
887,http://farm1.static.flickr.com/45/139953888_0383035917.jpg
888,http://www.dogtimes.com.br/imagens/3generations.jpeg
889,http://farm1.static.flickr.com/99/254966751_3d53937cd1.jpg
890,http://www.ambassadorboard.net/templates/sg/dog2.jpg
891,http://farm3.static.flickr.com/2055/1805481681_885745b695.jpg
892,http://farm2.static.flickr.com/1164/1472202703_d0663577d5.jpg
893,http://farm2.static.flickr.com/1235/1224426099_d8582e0cd9.jpg
894,http://farm1.static.flickr.com/185/404901892_7e4cd0b62c.jpg
895,http://farm2.static.flickr.com/1093/649914811_fbfe4d487b.jpg
896,http://farm3.static.flickr.com/2116/1491493933_42a03b3c95.jpg
897,http://farm1.static.flickr.com/187/472859621_751c520354.jpg
898,http://farm3.static.flickr.com/2242/2115294938_da2af3216d.jpg
899,http://farm3.static.flickr.com/2413/1604510355_9061ca1851.jpg
900,http://farm1.static.flickr.com/61/183495462_9783bd5d3c.jpg
901,http://www.parasite.soton.ac.uk/photos/ourdog1.jpg
902,http://farm2.static.flickr.com/1286/530132336_472d75d724.jpg
903,http://www.salukiclub.co.uk/images/bd_limit06.jpg
904,http://www.doglost.co.uk/data/Registered/dave%20the%20lurcher.JPG
905,http://farm1.static.flickr.com/139/334010030_07f16af84b.jpg
906,http://www.fidobau.it/Schede_cani/foto_cani/Saluki_A02.jpg
907,http://static.flickr.com/106/312783872_a4a97292a7.jpg
908,http://www.daxloresalukis.co.uk/images/jpgs/stanley3.jpg
909,http://farm2.static.flickr.com/1253/1473055622_9a64fe9886.jpg
910,http://st.blog.cz/c/cali.blog.cz/obrazky/9751890.jpg
911,http://farm3.static.flickr.com/2182/2114745097_acc34d5929.jpg
912,http://farm2.static.flickr.com/1237/1315023463_41e1f58810.jpg
913,http://farm1.static.flickr.com/91/248510547_0e6a01ffb9.jpg
914,http://www.salukis.lv/images/Kuli.jpg
915,http://farm1.static.flickr.com/101/254963542_32a590f072.jpg
916,http://info.breedguide.com/images/saluki.jpg
917,http://farm1.static.flickr.com/112/274071387_1d8bb82de5.jpg
918,http://www.ukdogs.org/hound/saluki/pictures/Lucky.jpg
919,http://farm3.static.flickr.com/2028/1620553646_5c8e442b50.jpg
920,http://farm1.static.flickr.com/160/345499437_7ae7d23881.jpg
921,http://static.flickr.com/178/419864156_cf7112935c.jpg
922,http://farm1.static.flickr.com/30/57609609_0cbe6f566e.jpg
923,http://d1715014.u69.jodoshared.com/Dogs/Photos/Saluki.jpg
924,http://farm2.static.flickr.com/1046/878236616_7f8d7f2bd3.jpg
925,http://farm3.static.flickr.com/2019/1880797892_cec28e9041.jpg
926,http://farm1.static.flickr.com/38/95117323_ceb9c836c4.jpg
927,http://www.pet1616.com/zukan/dog/photo/saluki_s.jpg
928,http://farm1.static.flickr.com/12/95117963_51a5ed7d2e.jpg
929,http://www.usagility.org/photos/Students/Brio/Brio2sm.jpg
930,http://farm2.static.flickr.com/1145/540184323_7f0d3057c8.jpg
931,http://www.northernsalukiclub.co.uk/Uploads/Ch.%20Sh.%20DCC.jpg
932,http://www.puppiesindia.com/image/dog/saluki.jpg
933,http://static.flickr.com/2053/1847611869_57b8b9e86f.jpg
934,http://static.flickr.com/1402/540382495_a047bdefd5.jpg
935,http://static.flickr.com/160/416898114_65b30a7c5b.jpg
936,http://static.flickr.com/1270/530132346_a75ab43f92.jpg
937,http://farm1.static.flickr.com/56/170552701_e6650f5e9f.jpg
938,http://farm1.static.flickr.com/91/240916968_72c00306e5.jpg
939,http://www.dogzonline.com.au/images/profiles/61/13207_1743_sm.jpg
940,http://farm2.static.flickr.com/1008/943893995_e2ce1e6923.jpg
941,http://www.saluki.co.nz/images/Ana_agility_small.jpg
942,http://farm2.static.flickr.com/1284/746927258_94836059d0.jpg
943,http://www.expert-dog-training.com/DogPics/SalukiPhoto.jpg
944,http://farm2.static.flickr.com/1338/1472202829_22298c6ce6.jpg
945,http://www.agraria.org/cani/saluki.JPG
946,http://www.stola.org/saluki/images/NikkiSaluki.jpg
947,http://farm2.static.flickr.com/1347/940296173_7acb1f767e.jpg
948,http://www.dkimages.com/discover/previews/819/590433.JPG
949,http://www.pethandbook.com/assets/images/saluki.jpg
950,http://static.flickr.com/112/274071387_1d8bb82de5.jpg
951,http://farm1.static.flickr.com/26/36916176_d1c1b26ad0.jpg
952,http://farm1.static.flickr.com/131/416898204_21fdc3ccf5.jpg
953,http://farm1.static.flickr.com/93/248510396_1592752cd9.jpg
954,http://static.flickr.com/36/115847562_f04c13e9e6.jpg
955,http://farm1.static.flickr.com/203/507265070_d10832f245.jpg
956,http://www.stenara.com/images/ad_and_source.jpg
957,http://farm1.static.flickr.com/79/254975419_174eb90a49.jpg
958,http://static.flickr.com/189/507265072_a175827ca2.jpg
959,http://farm1.static.flickr.com/84/258332728_acb645f69f.jpg
960,http://farm2.static.flickr.com/1380/530136360_c82f509608.jpg
961,http://farm1.static.flickr.com/101/284712232_0ffd031bf6.jpg
962,http://farm1.static.flickr.com/90/263840470_bb882a10fc.jpg
963,http://static.flickr.com/2335/2042870476_57255aea4b.jpg
964,http://farm1.static.flickr.com/57/197866748_1adee63eba.jpg
965,http://static.flickr.com/99/254973573_8d6f29aec6.jpg
966,http://farm1.static.flickr.com/154/390700367_e00bdfd110.jpg
967,http://www.vom-pulserdamm.de/saluki/dog.pics/bayaad_stand.jpg
968,http://farm1.static.flickr.com/150/369921224_4690eea469.jpg
969,http://farm2.static.flickr.com/1268/871241569_10b68cc136.jpg
970,http://farm2.static.flickr.com/1274/746927208_0a874b7795.jpg
971,http://farm1.static.flickr.com/242/524905268_cbe251a1ea.jpg
972,http://www.dribbleglass.com/fallacies/saluki.jpg
973,http://farm1.static.flickr.com/42/95113655_0ef137377a.jpg
974,http://static.flickr.com/249/524905230_dc6a1e2a21.jpg
975,http://farm1.static.flickr.com/83/258335286_e238a69427.jpg
976,http://static.flickr.com/222/452393752_3453957164.jpg
977,http://www.netspace.sk/chrty/webs/vystavy/2005/cacib%20krakow%2026_6_2005/saluki%20tarig.jpg
978,http://farm1.static.flickr.com/38/95117217_e85d95aece.jpg
979,http://static.flickr.com/112/284712245_5764ee4bae.jpg
980,http://static.flickr.com/167/435489864_d345362f59.jpg
981,http://members.westnet.com.au/salukijoy/images/WILLOW99_sml.jpg
982,http://farm2.static.flickr.com/1107/871241813_827deaa06f.jpg
983,http://dl.dogomania.com/pics/15/ali_kebir_fi-it.jpg
984,http://farm2.static.flickr.com/1134/746927238_6830d5a0aa.jpg
985,http://www.k9host.co.uk/grafix/Breeds/salukiNO.jpg
986,http://farm2.static.flickr.com/1103/872143348_af27348619.jpg
987,http://farm1.static.flickr.com/159/373690073_38e0893bec.jpg
988,http://farm2.static.flickr.com/1191/711505086_46611e20c4.jpg
989,http://farm1.static.flickr.com/60/219440693_2a65c34cd6.jpg
990,http://www.kusa.co.za/albums/kusashowdogs/aab.jpg
991,http://imagesbyevelyn.com/images/12wkcheerio.jpg
992,http://www.pedigreedogs.co.uk/images_breeds/saluki.jpg
993,http://www.khiva.net/rafi_bob_lompoc3a.jpg
994,http://farm1.static.flickr.com/34/95117017_02b6006c50.jpg
995,http://farm3.static.flickr.com/2020/1890679133_c089d91b8c.jpg
996,http://static.flickr.com/1311/532098351_3e4bf3ae16.jpg
997,http://farm1.static.flickr.com/199/491699891_2a34e3add0.jpg
998,http://farm1.static.flickr.com/167/472761835_5c7ecd55c6.jpg
999,http://www.injoy-1.com/images/Osawa/hoover_saluki_small.jpg
1000,http://farm2.static.flickr.com/1138/871120165_7207d20b44.jpg
1001,http://farm1.static.flickr.com/106/274073369_e322aafcfa.jpg
1002,http://static.flickr.com/131/318266534_c2f938b3de.jpg
1003,http://farm2.static.flickr.com/1380/1430246586_d63e5700dd.jpg
1004,http://farm1.static.flickr.com/117/314239179_97f1cd5d09.jpg
1005,http://www.chooseyourpuppy.com/catimages/saluki.jpg
1006,http://dl.dogomania.com/breeds/saluki.jpg
1007,http://farm2.static.flickr.com/1353/701707933_0f92350d92.jpg
1008,http://farm3.static.flickr.com/2395/2042029855_0d85927006.jpg
1009,http://www.5stardog.com/gallery/images/Saluki/626416309271.JPG
1010,http://www.dkimages.com/discover/previews/849/20231590.JPG
1011,http://farm1.static.flickr.com/149/416897991_9424d7845a.jpg
1012,http://www.canadasguidetodogs.com/customergraphics/saluki_2.jpg
1013,http://farm1.static.flickr.com/117/258336704_9c095a3a3b.jpg
1014,http://static.flickr.com/2313/1976240601_628e46bd68.jpg
1015,http://farm1.static.flickr.com/178/472761851_2203acf7cc.jpg
1016,http://static.flickr.com/2/3583655_3f7faa2045.jpg
1017,http://farm1.static.flickr.com/22/95117781_e45aea97f5.jpg
1018,http://www.cartoon-dogs.com/images/samples/smallsamples/salukisamp.jpg
1019,http://static.flickr.com/2163/1977066430_4d8881217b.jpg
1020,http://www.pawsofenchantment.com/images/prods/2486.jpg
1021,http://www4.nasuinfo.or.jp/~cento/rochelle/mom&papa.jpg;
1022,http://www.saluki.it/photoarchive/lulu.jpg
1023,http://farm1.static.flickr.com/122/258336696_d3c08e03fd.jpg
1024,http://farm3.static.flickr.com/2209/2209942162_2e4544d3b0.jpg
1025,http://static.flickr.com/73/156935200_b780f7dbcd.jpg
1026,http://farm1.static.flickr.com/148/334013048_6dab5dabc1.jpg
1027,http://farm1.static.flickr.com/77/165531415_189797b294.jpg
1028,http://www.dogzonline.com.au/images/profiles/61/12472_337_sm.jpg
1029,http://farm2.static.flickr.com/1248/885647636_b2fe4d7d36.jpg
1030,http://farm1.static.flickr.com/212/472760405_8140219e8d.jpg
1031,http://farm1.static.flickr.com/215/491687600_a8abf29122.jpg
1032,http://www.surreydogwalker.co.uk/malby2.jpg
1033,http://www.traffordphotos.com/assets/images/Saluki.jpg
1034,http://farm1.static.flickr.com/56/170208352_4f9225ff12.jpg
1035,http://farm1.static.flickr.com/177/418723705_47a1afc1d9.jpg
1036,http://www.lovemypet.com.au/images/73_body_picture_small.gif
1037,http://www.piglets-dog-treats.com/images/friends/bailey.jpg
1038,http://static.flickr.com/108/314230403_4bc99509cf.jpg
1039,http://static.flickr.com/76/180987534_1c90343895.jpg
1040,http://www.pld.ttu.ee/~kruus/Saluki_1.jpg
1041,http://static.flickr.com/2093/1806321708_fb5438f1d8.jpg
1042,http://farm2.static.flickr.com/1259/1473053904_da5564a5b1.jpg
1043,http://farm2.static.flickr.com/1226/777169093_b59754ca2e.jpg
1044,http://www.pedigreedpups.com/images/saluki.gif
1045,http://eddiethesaluki.a-thera.jp/image/IMGP327820Eddie20watching20something.jpg
1046,http://farm3.static.flickr.com/2408/1806323364_7054e6128d.jpg
1047,http://static.flickr.com/116/314234462_5832b82fa1.jpg
1048,http://www.dogtimes.com.br/imagens/baghdad-jsaluki1.jpg
1049,http://farm2.static.flickr.com/1065/1472202915_9d9ccde9d4.jpg
1050,http://farm1.static.flickr.com/121/314220303_dab2593573.jpg
1051,http://www.halsbanden.com/images/klanten/Mathi.JPG
1052,http://farm1.static.flickr.com/157/334009349_0226e950a4.jpg
1053,http://farm1.static.flickr.com/68/170208354_0bc951114d.jpg
1054,http://static.flickr.com/2389/1523973460_67f4794c6f.jpg
1055,http://farm2.static.flickr.com/1071/526387662_4ce0277708.jpg
1056,http://farm2.static.flickr.com/1012/871861648_8386acd0c5.jpg
1057,http://farm1.static.flickr.com/191/491699903_ac477ce29b.jpg
1058,http://farm1.static.flickr.com/253/452442623_06fcd368fb.jpg
1059,http://www.dog-dogs.com/images/BreedPics/Sdogs/saluki02.jpg
1060,http://farm2.static.flickr.com/1349/530132330_972fc7a4bc.jpg
1061,http://farm1.static.flickr.com/112/308802433_c8a61eecf3.jpg
1062,http://www.expert-dog-training.com/DogPics/Saluki_pups.jpg
1063,http://www.aghbbs.com/sal96.jpg
1064,http://farm1.static.flickr.com/145/369921234_d76e9ce67e.jpg
1065,http://www.visualconcepts.co.za/dogs/hounds/thumbnails/Saluki%20with%20Dachshund%20Puppies.jpg
1066,http://www.gazehound.com/photography/images/yoda82_600.jpg
1067,http://farm1.static.flickr.com/229/521848099_b043700248.jpg
1068,http://farm2.static.flickr.com/1225/532002186_fd8e57a8ee.jpg
1069,http://www.alkhabara.com/images/blitter/boulboul/PaulWinnersDogPhilly_small.jpg
1070,http://farm1.static.flickr.com/83/258340913_bdd8bfac07.jpg
1071,http://www.fotosearch.com/thumb/JNB/JNB001/30077838.jpg
1072,http://farm1.static.flickr.com/165/369919279_b7b8d99c88.jpg
1073,http://static.flickr.com/213/490925919_80dac68328.jpg
1074,http://static.flickr.com/251/530136362_a6e5b8edab.jpg
1075,http://farm2.static.flickr.com/1158/871065483_940677b856.jpg
1076,http://static.flickr.com/192/524988537_5d96e86e08.jpg
1077,http://static.flickr.com/1321/1473051302_26139f3745.jpg
1078,http://farm1.static.flickr.com/31/52950126_7f4878210e.jpg
1079,http://farm1.static.flickr.com/163/352878603_9f2d5806f8.jpg
1080,http://www.dogsindepth.com/hound_dog_breeds/images/saluki_v03.jpg
1081,http://farm1.static.flickr.com/146/419916259_9adb15a61e.jpg
1082,http://farm1.static.flickr.com/64/159214667_f4900d9731.jpg
1083,http://farm1.static.flickr.com/90/274071379_3d3e0d1c7a.jpg
1084,http://farm1.static.flickr.com/39/95117053_74999b3fff.jpg
1085,http://www.freewebs.com/kajarah/2007/Lo%20o%20Usva7man.JPG
1086,http://saluqi.ru/pics/bauda.jpg
1087,
