0,http://farm1.static.flickr.com/121/269077129_804b213193.jpg
1,http://farm1.static.flickr.com/176/422872422_d528cfe4ae.jpg
2,http://farm3.static.flickr.com/2022/2149576664_4e7b918340.jpg
3,http://www.gotpetsonline.com/pictures-gallery/dog-pictures-breeders-puppies-rescue/schipperke-pictures-breeders-puppies-rescue/pictures-photos/schipperke-0031.jpg
4,http://farm1.static.flickr.com/191/493770379_4a53733c13.jpg
5,http://thecookiejar.net/family/buddyt.jpg
6,http://farm1.static.flickr.com/119/269072375_6b8d2c8bbf.jpg
7,http://farm2.static.flickr.com/1248/1354702728_cbe152fe87.jpg
8,http://www.catbreedinfo.net/images12/schipperkechauncey.jpg
9,http://www.gotpetsonline.com/pictures-gallery/dog-pictures-breeders-puppies-rescue/schipperke-pictures-breeders-puppies-rescue/pictures/schipperke-0009.jpg
10,http://www.tumbleweedschipperkes.com/images/shortylynegrp4.jpg
11,http://farm1.static.flickr.com/82/209244469_a010f5ccd6.jpg
12,http://farm1.static.flickr.com/223/452101104_b70655f569.jpg
13,http://farm2.static.flickr.com/1202/1382231963_099d03208e.jpg
14,http://farm1.static.flickr.com/63/196179296_a3a2c1c0b8.jpg
15,http://farm3.static.flickr.com/2167/1643107773_75ab048945.jpg
16,http://farm1.static.flickr.com/44/160232979_f8118e9d60.jpg
17,http://static.flickr.com/139/371338999_0d67710953.jpg
18,http://farm2.static.flickr.com/1093/751756460_84638276d0.jpg
19,http://farm1.static.flickr.com/142/326840095_7b6b60cede.jpg
20,http://www.pups4sale.co.nz/schipperke_02_puppies_for_sale.jpg
21,http://farm1.static.flickr.com/63/209130917_21cf5cb28f.jpg
22,http://majekin.tripod.com/17845ba0.jpg
23,http://static.flickr.com/13/18593899_916ec733bc.jpg
24,http://www.o-sobakah.ru/images/site/320.jpg
25,http://www.chestara.com/1-Molly-standing.jpg
26,http://farm3.static.flickr.com/2105/2140350202_45303bd7f7.jpg
27,http://farm1.static.flickr.com/122/269076195_cfe39edd80.jpg
28,http://static.flickr.com/77/196171151_86c39460f6.jpg
29,http://static.flickr.com/18/24186683_22a5695d57.jpg
30,http://farm1.static.flickr.com/80/209259313_5b01ee0e72.jpg
31,http://farm1.static.flickr.com/23/182720414_78c9340993.jpg
32,http://farm1.static.flickr.com/91/211472933_176e442506.jpg
33,http://static.flickr.com/155/370314342_c40ae107c0.jpg
34,http://farm1.static.flickr.com/95/209214599_5d9ceadd18.jpg
35,http://farm1.static.flickr.com/17/182721088_1e2de5f27f.jpg
36,http://farm2.static.flickr.com/1258/1314812749_b677f8f8f2.jpg
37,http://static.flickr.com/68/221959805_618c2d20b5.jpg
38,http://schipperke.toydogs.net/kuvat/crufts2005/Aradet%20Man%20in%20Black.jpg
39,http://static.flickr.com/84/209327209_5a424d0c74.jpg
40,http://www.dogsindepth.com/nonsporting_dog_breeds/images/schipperke_kegs_v01.jpg
41,http://farm1.static.flickr.com/95/269071528_09d4928d49.jpg
42,http://farm1.static.flickr.com/78/187840737_c7c99f2e08.jpg
43,http://farm1.static.flickr.com/229/494241676_9ac3059b74.jpg
44,http://farm1.static.flickr.com/49/111696513_1a29111cc2.jpg
45,http://www.gotpetsonline.com/pictures-gallery/dog-pictures-breeders-puppies-rescue/schipperke-pictures-breeders-puppies-rescue/pictures-photos/schipperke-0017.jpg
46,http://www.puppywishes.com/schipperke-240x240-tig-128.gif
47,http://farm3.static.flickr.com/2196/2143916743_22bcd55272.jpg
48,http://farm1.static.flickr.com/87/211511152_dcbcbc3eb6.jpg
49,http://static.flickr.com/46/127694057_08b9c8ff84.jpg
50,http://farm1.static.flickr.com/98/211401333_2aa2602e4a.jpg
51,http://static.flickr.com/37/90559928_752bfadbc3.jpg
52,http://farm1.static.flickr.com/145/349885838_95dfda1c91.jpg
53,http://static.flickr.com/182/440278537_0f9201a552.jpg
54,http://farm1.static.flickr.com/61/209284550_db4af77589.jpg
55,http://static.flickr.com/55/168021792_4749b0e92b.jpg
56,http://home.tiscali.nl/stabor/schipperke/images/clinton06.JPG
57,http://farm1.static.flickr.com/25/39859628_263fc4eba9.jpg
58,http://farm2.static.flickr.com/1289/808177910_92ab800215.jpg
59,http://www.1000photocharms.com/uploads1/charms_new/11P002100000087-S.jpg
60,http://farm1.static.flickr.com/64/209340560_dd7ec09799.jpg
61,http://static.flickr.com/1114/797157373_c8960b4978.jpg
62,http://static.flickr.com/24/40335000_82139042f4.jpg
63,http://farm2.static.flickr.com/1097/891559545_4edeec1b63.jpg
64,http://www.dog-breeds.name/pictures/schipperke/schipperke-6.jpg
65,http://farm1.static.flickr.com/127/360624627_2c65f5def6.jpg
66,http://farm1.static.flickr.com/119/269736236_21db457b5e.jpg
67,http://www.dognews.com/pedigreegallery/2003/nonsporting/thumbnails/Schipperke.jpg
68,http://static.flickr.com/97/221970784_b896cb9a90.jpg
69,http://farm3.static.flickr.com/2183/2190462188_3a48af713d.jpg
70,http://static.flickr.com/26/45627265_8a17c83d95.jpg
71,http://farm2.static.flickr.com/1307/798256190_d754c4f986.jpg
72,http://www.kc.net/~gundersen/dolly1.jpg
73,http://static.flickr.com/57/187726562_f55f7b77f6.jpg
74,http://www.schipperkecanada.net/sitebuildercontent/sitebuilderpictures/rebel.jpg
75,http://www.petcave.com/Non_Sporting_Group/Schipperke/Photos/redheirframed.gif
76,http://www.kodarbelgians.com/cayennebiss.gif
77,http://farm1.static.flickr.com/79/269514294_0c4b7dc18f.jpg
78,http://farm3.static.flickr.com/2296/2148782453_62fa3e1d9e.jpg
79,http://farm1.static.flickr.com/110/269735455_a4ec5daf0f.jpg
80,http://farm1.static.flickr.com/62/229119581_5ed765ec2b.jpg
81,http://static.flickr.com/76/192179579_bf64858682_b.jpg
82,http://static.flickr.com/95/211487619_d84e00139f.jpg
83,http://static.flickr.com/57/221963018_7db37ea052.jpg
84,http://farm1.static.flickr.com/80/269573199_fc54694dd9.jpg
85,http://farm3.static.flickr.com/2014/2052850273_c45d091857.jpg
86,http://www.yorkkc.com/images/Schipperke%20Puppy%20Small.jpg
87,http://farm1.static.flickr.com/88/211400154_c16d4e0ef0.jpg
88,http://static.flickr.com/16/23413242_af644e8ae7.jpg
89,http://farm1.static.flickr.com/145/437183055_336ba9af43.jpg
90,http://static.flickr.com/229/505889947_494e882450.jpg
91,http://www.chiens.fr/images/races/schipperke.jpg
92,http://www.dyrewebben.no/images/schipperke2.jpg
93,http://static.flickr.com/74/192153732_619e7d1b9e.jpg
94,http://farm1.static.flickr.com/66/196559196_a41cddb664.jpg
95,http://farm3.static.flickr.com/2418/1564609589_7c17f15b92.jpg
96,http://farm3.static.flickr.com/2112/2056176492_a7c32a4a85.jpg
97,http://farm1.static.flickr.com/103/269075114_7e632e2f04.jpg
98,http://static.flickr.com/175/440278545_8790e59013.jpg
99,http://farm1.static.flickr.com/29/89480363_c627e93399.jpg
100,http://farm1.static.flickr.com/61/196560850_7cd10a24d3.jpg
101,http://static.flickr.com/223/518843510_a4d5de4fc4.jpg
102,http://www.schipperkecanada.net/sitebuildercontent/sitebuilderpictures/tattoo.jpg
103,http://www.vdh-verein.de/hunde/schipperke.jpg
104,http://static.flickr.com/54/169968957_0189858bc3.jpg
105,http://www.kennels.co.uk/images/U.Schipperke.jpg
106,http://farm1.static.flickr.com/58/169203192_5ec0441bd6.jpg
107,http://www.dogzonline.com.au/images/profiles/07/04/708_546_sm.jpg
108,http://www.puppynet.co.uk/schipperke_01_puppies_for_sale.jpg
109,http://farm1.static.flickr.com/178/440280510_e24529b7d9.jpg
110,http://farm1.static.flickr.com/88/269076111_2c450a91e0.jpg
111,http://static.flickr.com/1250/1164452848_cac8614f8a.jpg
112,http://static.flickr.com/67/192168679_41b7e28232.jpg
113,http://www.doginformation.org/images/schipperke.jpg
114,http://static.flickr.com/1162/1260038145_72c89beb4c.jpg
115,http://www.tumbleweedschipperkes.com/sitebuilder/images/ZoeFlowers2-170x250.jpg
116,http://farm1.static.flickr.com/50/111695352_96e68df3e4.jpg
117,http://farm1.static.flickr.com/111/287279100_58dd4f4f29.jpg
118,http://www.eeneigenhok.nl/Aangeboden_honden/Picture%20006.jpg
119,http://farm1.static.flickr.com/117/273970137_82fc25c583.jpg
120,http://farm1.static.flickr.com/118/269066759_51257f4afe.jpg
121,http://farm1.static.flickr.com/100/269076666_1ad11c0c5e.jpg
122,http://static.flickr.com/96/262732742_d3908ca7b1.jpg
123,http://www.hexie.com/userfile/breed/dog/schipperke.jpg
124,http://www.dog-breed-facts.com/images/Schipperke/Schipperke-1.jpg
125,http://www.familyfriendspetcare.com/images/scarlet.jpg
126,http://farm2.static.flickr.com/1017/798389452_75319cd64f.jpg
127,http://static.flickr.com/1191/1299948018_bf320b65e4.jpg
128,http://static.flickr.com/1106/1277727205_13c90753b9.jpg
129,http://www.puppydogweb.com/gallery/schipperkes/schipperke_dalrymple.jpg
130,http://www.schipperke.ws/HistoricalSchip/Possible_Schip_by_William_Trood.jpg
131,http://www.sgvk.org/Utstallning/Resultat/2004/Bilder/Stav/BIS-valp-stav-2004.jpg
132,http://static.flickr.com/62/229278978_0e0c35775f.jpg
133,http://farm1.static.flickr.com/100/269075929_9c0da0d932.jpg
134,http://pieskie-zycie.za.pl/owczarki_i_psy_pasterskie/_images/schipperke1.jpg
135,http://farm1.static.flickr.com/84/255219809_6b5e851633.jpg
136,http://www.huisdierenweb.info/hondenrassen/schipperke.gif
137,http://farm1.static.flickr.com/195/452124913_8e26e68950.jpg
138,http://farm1.static.flickr.com/19/111694630_023e979688.jpg
139,http://www.gotpetsonline.com/pictures-gallery/dog-pictures-breeders-puppies-rescue/schipperke-pictures-breeders-puppies-rescue/pictures-photos/schipperke-0027.jpg
140,http://farm1.static.flickr.com/161/386116023_c8116d9d71.jpg
141,http://farm1.static.flickr.com/75/211509169_9373bef44b.jpg
142,http://www.khkg.dk/Khkg/Racer/Billeder_racer/Sch_hov.gif
143,http://farm1.static.flickr.com/83/209245737_72a9d36b57.jpg
144,http://farm2.static.flickr.com/1203/751755482_a8f444be96.jpg
145,http://www.caninecrib.com/dog/pictures/images/schipperke5_s.jpg
146,http://www.labsandbuddies.org/IMAGES/gilligan%20face%202.JPG
147,http://www.netikka.net/chiliberrys/Chiliberrykoirat_tiedostot/image009.jpg
148,http://www.imanse.ca/images/Schipperke/Shaman_Pup.JPG
149,http://farm1.static.flickr.com/1/129027168_cd2d46d1e5.jpg
150,http://static.flickr.com/29/41505768_c483b549a9.jpg
151,http://farm1.static.flickr.com/74/209244196_a58326e625.jpg
152,http://www.petville.com/photos/uncategorized/skipperhydrantsm.jpg
153,http://farm1.static.flickr.com/49/168021791_c4a15158f4.jpg
154,http://www.dogzonline.com.au/images/profiles/64/17689_1041_sm.jpg
155,http://www.dierenplanet.nl/images/schip6.jpg
156,http://farm1.static.flickr.com/252/452118110_3110c7710d.jpg
157,http://farm1.static.flickr.com/55/169202833_ace1306f73.jpg
158,http://farm2.static.flickr.com/1407/765716184_3eff537e0a.jpg
159,http://farm1.static.flickr.com/76/168021790_d964186d44.jpg
160,http://www.pedigree.com.au/breeds/images/thumbnails/schipperke_tn.jpg
161,http://static.flickr.com/50/152643885_f899d9e660.jpg
162,http://farm1.static.flickr.com/17/182722799_822f3af807.jpg
163,http://farm1.static.flickr.com/164/420392918_29cfd9f623.jpg
164,http://static.flickr.com/54/192160201_7407bc55e5.jpg
165,http://www.selectsmart.com/DOG/schipperke.jpg
166,http://farm2.static.flickr.com/1289/797096893_478457dfbc.jpg
167,http://static.flickr.com/2394/2073457632_af2a6dfecb.jpg
168,http://farm1.static.flickr.com/120/269570866_7e0998e31a.jpg
169,http://www.schipperkesdelabandeamoneuse.fr/images/bebe_schipperke.jpg
170,http://farm2.static.flickr.com/1239/1020818704_e1b7cacfc2.jpg
171,http://kotisivu.dnainternet.net/trts/Titta.jpg
172,http://farm2.static.flickr.com/1088/713767842_7b31d508b0.jpg
173,http://farm1.static.flickr.com/88/263026085_1c1662ca17.jpg
174,http://farm1.static.flickr.com/82/269550033_17ff0d0419.jpg
175,http://dl.dogomania.com/pics/13/dog1.jpg
176,http://farm2.static.flickr.com/1192/1367143679_3ed30ec0e6.jpg
177,http://static.flickr.com/65/229260541_c573b03cb3.jpg
178,http://www.schipperke.cz/psik3.jpg
179,http://farm2.static.flickr.com/1328/712880785_43185567fe.jpg
180,http://farm1.static.flickr.com/119/269069031_6383937cb4.jpg
181,http://www.dogbreedinfo.org/images11/SchipperkeDsc02712.JPG
182,http://farm1.static.flickr.com/65/209292325_3124a05b11.jpg
183,http://farm1.static.flickr.com/39/111696426_fb15abc0ba.jpg
184,http://farm1.static.flickr.com/69/169969107_5f1fb450cc.jpg
185,http://www.hondensite.bravepages.com/afbeeldingen/Schipperke%20(4).jpg
186,http://www.moortelshoeve.be/imgs/Pubs/schipperke.JPG
187,http://www.gotpetsonline.com/pictures-gallery/dog-pictures-breeders-puppies-rescue/schipperke-pictures-breeders-puppies-rescue/pictures-photos/schipperke-0020.jpg
188,http://farm1.static.flickr.com/111/294897413_bb9622e125.jpg
189,http://www.puppypoopy.com/schipperke12.jpg
190,http://static.flickr.com/59/221960216_e1963200e7.jpg
191,http://mnmschipperkes.homestead.com/kissy.jpg
192,http://farm1.static.flickr.com/90/209303103_15b86fe2da.jpg
193,http://farm2.static.flickr.com/1396/1473166763_09288bbb9c.jpg
194,http://www.puppyeducation.com/breeds/images/dogs/thumbs/schipperke.jpg
195,http://centralpets.com/critter_images/mammals/dogs/DOG_0000332_20010416172646.jpg
196,http://puppydogweb.com/gallery/schipperkes/schipperke_nguyen.jpg
197,http://farm1.static.flickr.com/18/182720394_4d9c380bd4.jpg
198,http://puppydogweb.com/gallery/schipperkes/schipperke_bestwick.jpg
199,http://www.mydogbreed.com/images/schipperke-training.jpg
200,http://farm3.static.flickr.com/2257/2055459737_6f4e2965b9.jpg
201,http://users.kymp.net/dsl1212a/index.htm/Suomen%20Schipperkekerho.jpg
202,http://www.thepetcenter.com/pho/11111.jpg
203,http://farm1.static.flickr.com/102/269620356_ee5c5f0f82.jpg
204,http://www.croftonline.co.uk/pp/Dog_crates_and_cages/Find_your_size_of_crate/images/schipperkecruftsbobclynalwin.jpg
205,http://farm1.static.flickr.com/192/493780357_957d825012.jpg
206,http://farm1.static.flickr.com/7/10743781_6711a25e3d.jpg
207,http://www.pedigreedpups.com/images/schipperke.jpg
208,http://www.puppyfinder.com/breed_images/127_image1_thumb.jpg
209,http://farm2.static.flickr.com/1408/802127940_98770b2688.jpg
210,http://farm1.static.flickr.com/144/359979508_492144c278.jpg
211,http://farm1.static.flickr.com/74/192169550_fa5bf63a2e.jpg
212,http://farm1.static.flickr.com/83/211495818_540b812e2e.jpg
213,http://static.flickr.com/19/117867057_94f57568ca.jpg
214,http://farm1.static.flickr.com/164/362289487_4103a6b295.jpg
215,http://farm1.static.flickr.com/86/211535878_b2db44d21b.jpg
216,http://www.gotpetsonline.com/pictures-gallery/dog-pictures-breeders-puppies-rescue/schipperke-pictures-breeders-puppies-rescue/pictures/schipperke-0022.jpg
217,http://farm1.static.flickr.com/118/269070784_b99b083e8d.jpg
218,http://static.flickr.com/83/209325218_bf8cb676a1.jpg
219,http://static.flickr.com/74/196166857_a6920fb37e.jpg
220,http://www.gotpetsonline.com/pictures-gallery/dog-pictures-breeders-puppies-rescue/schipperke-pictures-breeders-puppies-rescue/pictures/schipperke-0006.jpg
221,http://www.pedigree.com.au/breeds/images/schipperke.jpg
222,http://www.allevamenticinofili.it/schipperke.gif
223,http://farm2.static.flickr.com/1085/802212950_f69af96ef7.jpg
224,http://www.dogsonbikes.com/docs/BikerDogs/Freddie/Freddie3T.jpg
225,http://thumb0.webshots.net/t/61/61/0/22/75/468002275ocIDQo_th.jpg
226,http://farm1.static.flickr.com/57/211519923_479c0377d7.jpg
227,http://www.schipperkeclub-usa.org/images/Lucy.jpg
228,http://www.daval.freesurf.fr/schipp.jpg
229,http://www.dierenplanet.nl/images/schip3.jpg
230,http://www.upfeeling.com/pet/image/mqdd/schipperke.jpg
231,http://farm1.static.flickr.com/74/192176694_a6cbe1a370.jpg
232,http://farm2.static.flickr.com/1388/961846954_1ca762e01c.jpg
233,http://farm1.static.flickr.com/74/211512153_ea2077caa1.jpg
234,http://thumbnail.search.aolcdn.com/truveo/images/thumbnails/77/C3/77C3BCC62AFB54.jpg
235,http://farm2.static.flickr.com/1266/1008363558_6777dcac66.jpg
236,http://farm1.static.flickr.com/82/269071515_a4ab053c8e.jpg
237,http://farm3.static.flickr.com/2158/2055459153_d1e005e4b1.jpg
238,http://www.a-zdogs.net/main/schipperke.jpg
239,http://www.dogsindepth.com/nonsporting_dog_breeds/images/schipperke_v04.jpg
240,http://farm1.static.flickr.com/89/229125763_f71bab40dc.jpg
241,http://farm1.static.flickr.com/99/262733074_7cd578f421.jpg
242,http://farm1.static.flickr.com/229/506973980_5d755f59e5.jpg
243,http://farm1.static.flickr.com/86/262736407_ee0252ff1f.jpg
244,http://farm1.static.flickr.com/18/23689343_40bd8e4576.jpg
245,http://www.cabalcaninecandids.com/assets/images/7schiphr.jpg
246,http://www.gotpetsonline.com/pictures-gallery/dog-pictures-breeders-puppies-rescue/schipperke-pictures-breeders-puppies-rescue/pictures/schipperke-0019.jpg
247,http://farm1.static.flickr.com/69/192181497_1f99b69400.jpg
248,http://static.flickr.com/27/41760448_86921df269.jpg
249,http://farm1.static.flickr.com/101/276392414_773338f469.jpg
250,http://farm1.static.flickr.com/31/98883000_4f07fc7a33.jpg
251,http://www.nextdaypets.com/directory/breeds/images/t_1100230.gif
252,http://farm1.static.flickr.com/40/379781239_200e9baf81.jpg
253,http://www.poochstyle.com/images/uploads/Copy%20(2)%20of%20Fitchburg%20Dog%20Show%20-%2008-18-07%2002.JPG
254,http://www.relatingtodogs.com/about-dogs/images/250px-Dv.jpg
255,http://farm2.static.flickr.com/1020/1307082207_4043d30a93.jpg
256,http://farm2.static.flickr.com/1068/751757548_c44d483c84.jpg
257,http://www.dog-breeds.name/pictures/schipperke/schipperke-5.jpg
258,http://farm3.static.flickr.com/2369/2144024275_b5459c2f59.jpg
259,http://www.catbreedinfo.net/images18/SchipperkeRuck3.JPG
260,http://static.flickr.com/1385/1130410906_a6dd4474cc.jpg
261,http://www.westminsterkennelclub.org/breedinformation/non-sporting/images/amesk.jpg
262,http://static.flickr.com/146/379781374_1e4a5bd63c.jpg
263,http://farm1.static.flickr.com/94/221965665_ac8a267775.jpg
264,http://www.vanguardcommunications.net/images/dogsnpeople/gina.jpg
265,http://farm2.static.flickr.com/1437/1030759702_96d8047914.jpg
266,http://farm1.static.flickr.com/67/196561056_fbec540786.jpg
267,http://static.flickr.com/1290/530851984_4f70770835.jpg
268,http://www.petstyle.com/images/breed_profiles/dogs/Schipperke.jpg
269,http://farm1.static.flickr.com/86/211535375_cb06782081.jpg
270,http://farm2.static.flickr.com/1079/1367851412_7ce51d84bf.jpg
271,http://www.animalden.net/cj/4294.jpg
272,http://centralpets.com/critter_images/mammals/dogs/DOG_0000332_20010615091625.jpg
273,http://www.dogzonline.com.au/images/feature/bpointer_80.jpg
274,http://www.usda.gov/oc/photo/b01c0546.jpg
275,http://www.thedogplace.com/images/breeds/schip_gossman_chloe.jpg
276,http://www.dogbreedinfo.net/images8/SchipperkeCollector.jpg
277,http://static.flickr.com/38/98882850_9c117995fa.jpg
278,http://farm1.static.flickr.com/94/269596869_b1a351998f.jpg
279,http://www.petplanet.co.uk/petplanet/fun/postcards/breedpostcards/Dogs/schipperke.jpg
280,http://farm3.static.flickr.com/2282/1813772251_451384f868.jpg
281,http://farm1.static.flickr.com/43/84268329_b774424cd3.jpg
282,http://farm1.static.flickr.com/142/338215243_90eeea458e.jpg
283,http://www.gotpetsonline.com/pictures-gallery/dog-pictures-breeders-puppies-rescue/schipperke-pictures-breeders-puppies-rescue/pictures/schipperke-0016.jpg
284,http://www.daybreakschipperke.com/images/Ragazzina.jpg
285,http://lealabyrinth.typepad.com/tales_from_the_labyrinth/images/2007/08/08/dsc01290.jpg
286,http://www.opaasi.fi/indyoran/pami1.jpg
287,http://www.dilupicino.de/assets/images/Schipperke2.jpg
288,http://www.ragamuffinkitties.com/blog/photos/catsdogs1.jpg
289,http://farm1.static.flickr.com/2/2081671_ee98ebeccb.jpg
290,http://farm1.static.flickr.com/92/269587007_b2f396d5a4.jpg
291,http://diereninfo.be/hondenrassen/schipperke.jpg
292,http://www.thriftyfun.com/images/articles/taz300.jpg
293,http://farm2.static.flickr.com/1137/1307345166_b4efda3940.jpg
294,http://farm1.static.flickr.com/18/23689203_cb620a6641.jpg
295,http://farm1.static.flickr.com/32/63437893_1a72056ae3.jpg
296,http://farm1.static.flickr.com/75/196559842_056e2e75b6.jpg
297,http://www.highlander-kennels.com/Dog%20Pictures%20009.jpg
298,http://static.flickr.com/1397/1086274489_d35dc23a45.jpg
299,http://farm1.static.flickr.com/95/269570753_ae00e74627.jpg
300,http://static.flickr.com/185/437118791_e58fde2d36.jpg
301,http://farm1.static.flickr.com/5/7736948_b58994245f.jpg
302,http://www.kvartsnet.dk/schipperke/P1010018_1.JPG
303,http://farm2.static.flickr.com/1148/1487251257_29c1011717.jpg
304,http://www.charlestonpawsandclaws.com/images/dm71.jpg
305,http://www.hua.org/Dog-Photos-Large/Kipper-4.jpg
306,http://farm1.static.flickr.com/95/209307686_5be292469d.jpg
307,http://farm1.static.flickr.com/121/309189564_00a7654d64.jpg
308,http://farm1.static.flickr.com/204/518869407_5cd199ae29.jpg
309,http://www.dogchannel.com/images/blog/56477caf-5f7b-4513-b1dc-6d9cbabbd1a6.jpg
310,http://static.flickr.com/31/98883000_4f07fc7a33.jpg
311,http://www.gotpetsonline.com/pictures-gallery/dog-pictures-breeders-puppies-rescue/schipperke-pictures-breeders-puppies-rescue/pictures/schipperke-0026.jpg
312,http://www.marocain.biz/animaux/photos-chiens/290450-s.jpg
313,http://farm1.static.flickr.com/98/211503695_b73bf969fc.jpg
314,http://web.telia.com/~u31507590/schipp1.gif
315,http://static.flickr.com/103/284445163_bf5700c3bb.jpg
316,http://static.flickr.com/38/84268248_39ee21c871.jpg
317,http://farm1.static.flickr.com/87/269069357_f62a82ce3d.jpg
318,http://www.nzkc.org.nz/nds2005/images/7167.jpg
319,http://i.ehow.com/images/GlobalPhoto/Articles/2101458/schipperke-main_Full.jpg
320,http://farm1.static.flickr.com/68/211460646_9561757583.jpg
321,http://farm1.static.flickr.com/77/192183046_bd31015d9d.jpg
322,http://farm2.static.flickr.com/1054/1382229763_f4375b7873.jpg
323,http://farm1.static.flickr.com/98/269064858_5438fc6e11.jpg
324,http://static.flickr.com/86/269072957_a1104c32b1.jpg
325,http://farm1.static.flickr.com/97/269074670_a9aef3e926.jpg
326,http://farm1.static.flickr.com/109/269073046_64b080e2cb.jpg
327,http://www.adiestramientodeperros.com/imagenes/razas/usados1/schipperke2.jpg
328,http://www.mascotamigos.com.ar/perros_imagenes/PerrSchipperke.jpg
329,http://farm2.static.flickr.com/1243/1476361424_4a1c0d06ab.jpg
330,http://farm1.static.flickr.com/32/61441115_5599bac5c7.jpg
331,http://www.rst-lahjat.fi/Profiilit/schipperke.jpg
332,http://static.flickr.com/96/209141927_fbbba95b54.jpg
333,http://www.ergstudios.com/assets/images/db_images/db_Schipperke_3.jpg
334,http://www.podajlape.pl/rasy_img/n/000354_1.jpg
335,http://blog.idlezone.org/public/Balka.jpg
336,http://farm2.static.flickr.com/1231/807292929_d7b559d099.jpg
337,http://farm1.static.flickr.com/112/294896883_825dce14c2.jpg
338,http://farm2.static.flickr.com/1135/1279420003_3042290aba.jpg
339,http://farm3.static.flickr.com/2395/2053619188_858949c932.jpg
340,http://image32.webshots.com/32/0/60/24/239106024kWeYVw_fs.jpg
341,http://static.flickr.com/66/192173206_69f237d082.jpg
342,http://static.flickr.com/103/262734433_414005b3f8.jpg
343,http://thumb13.webshots.net/t/53/753/8/88/57/2539888570049608813WbiFKZ_th.jpg
344,http://farm1.static.flickr.com/105/269595336_8349890efb.jpg
345,http://farm1.static.flickr.com/95/211428096_2bdd4795a9.jpg
346,http://www.millercountrydogs.com/images/flags/bob_schipperke_80101_flagt.jpg
347,http://image14.webshots.com/15/3/3/13/2588303130037420921FiycSI_fs.jpg
348,http://static.flickr.com/61/192171196_2acb4dc80c.jpg
349,http://farm2.static.flickr.com/1430/1476359150_afe0a52a5f.jpg
350,http://farm1.static.flickr.com/61/187733645_65761bd165.jpg
351,http://www.schipperke-dogs.com/pictures-images-thumbnails/schipperkes-14.jpg
352,http://farm1.static.flickr.com/56/187740228_b13572da1a.jpg
353,http://deborah_beachboard.tripod.com/Schipperke_Home_Button.jpg
354,http://static.flickr.com/214/452124233_5ee3b33fce.jpg
355,http://farm1.static.flickr.com/76/192150546_cb29fe0222.jpg
356,http://farm3.static.flickr.com/2138/2067962280_1a265d5a9e.jpg
357,http://www.szarik.pl/adm/upload/min2_525.jpg
358,http://www.wikinfo.org/upload/5/52/Dog1.jpg
359,http://static.flickr.com/95/269514568_31c149a85a.jpg
360,http://farm1.static.flickr.com/116/269474847_1afd38dc8e.jpg
361,http://bp1.blogger.com/_AxAKIrs7XJY/RsYAYOQF-vI/AAAAAAAAAAc/65NfzJu7iiU/S692/P1010049.JPG
362,http://farm1.static.flickr.com/115/269740248_141eea3fb7.jpg
363,http://www.doggydayschool.com/images/CodySkaggsAustin_small.jpg
364,http://farm1.static.flickr.com/86/211473158_4c38d1dd3f.jpg
365,http://www.schipperkewashington.com/pupdown.jpg
366,http://farm1.static.flickr.com/59/229127350_a8cade6f79.jpg
367,http://static.flickr.com/78/211471806_c30cb5401c.jpg
368,http://farm1.static.flickr.com/74/229121939_ed5484246d.jpg
369,http://farm1.static.flickr.com/83/211461617_4f38289399.jpg
370,http://farm1.static.flickr.com/129/360368748_34a65ece0d.jpg
371,http://static.flickr.com/59/222585358_32bd0f1de2.jpg
372,http://farm1.static.flickr.com/74/174178837_aacde3819b.jpg
373,http://image53.webshots.com/653/6/13/96/2928613960037420921PidBfr_fs.jpg
374,http://farm1.static.flickr.com/67/182725258_109e4e1977.jpg
375,http://farm1.static.flickr.com/60/211433059_0d0bcf7217.jpg
376,http://farm1.static.flickr.com/154/421476844_8021e598bc.jpg
377,http://farm3.static.flickr.com/2407/2153307146_9719e96dbf.jpg
378,http://farm2.static.flickr.com/1329/807292413_d91bf4b0eb.jpg
379,http://www.12dog.com/blog/tang/13/upload/200510199463.png
380,http://www.gotdogsonline.com/schipperke-pictures-breeders-puppies-rescue/pictures/schipperke-0005.jpg
381,http://www.petpoint.com/sms/photos/101/0794a0f4-52d4-4979-9268-e95b725f1be2.jpg
382,http://farm1.static.flickr.com/42/209194298_428bc9828b.jpg
383,http://farm1.static.flickr.com/77/229123886_3a8a490d8e.jpg
384,http://static.flickr.com/1291/1279835414_1f0eb370ea.jpg
385,http://farm1.static.flickr.com/41/111696467_b371b546f0.jpg
386,http://www.aquilaarts.com/jordan2may04_sm.jpg
387,http://static.flickr.com/18/23583495_ecaf4a4de4.jpg
388,http://www.kvartsnet.dk/schipperke/p1010006.jpg
389,http://farm1.static.flickr.com/120/293481448_d17d05b40a.jpg
390,http://www.theacorn.com/news/2005/0908/Pets/053p1_lg.jpg
391,http://farm1.static.flickr.com/140/326840195_5331bd346d.jpg
392,http://farm2.static.flickr.com/1141/798389420_6d5a5b134d.jpg
393,http://farm1.static.flickr.com/46/182723450_848ad124a8.jpg
394,http://www.unbc.ca/assets/bulletin/2006/april_21_photos/255frieda12d.jpg
395,http://farm1.static.flickr.com/68/209321382_2c0d37d78f.jpg
396,http://farm2.static.flickr.com/1012/1314864299_dac8eb7819.jpg
397,http://static.flickr.com/1082/782077434_ca4d543900.jpg
398,http://farm1.static.flickr.com/77/211457094_3872554dd0.jpg
399,http://farm1.static.flickr.com/210/493747922_e1bd73da97.jpg
400,http://www.gopetsamerica.com/showcase/pictures/schip_idaho1.jpg
401,http://static.flickr.com/1009/1129567745_a1552581eb.jpg
402,http://www.westminsterdogshow.org/breedinformation/non-sporting/images/shipper.jpg
403,http://farm2.static.flickr.com/1115/765690410_5e7eaf7baf.jpg
404,http://user1232354.sf2000.registeredsite.com/sitebuildercontent/sitebuilderpictures/schipperke.jpg
405,http://www.familyfrisch.com/miscpics/2007/may07/journey.jpg
406,http://www.starstore.com/acatalog/Schipperke_f_06-01.jpg
407,http://farm1.static.flickr.com/120/269077242_e6eda753ac.jpg
408,http://www.nextdaypets.com/ListingImages/t_633200455582930000.jpg
409,http://www.shalako.com/jpegs/g3favoriteears.jpg
410,http://www.petsatpeace.com/Dog_Figurines/page4/thumbnails/DF71_jpg.jpg
411,http://farm1.static.flickr.com/112/269622394_1eaff2d3ab.jpg
412,http://static.flickr.com/37/74494147_1fbc49df7e.jpg
413,http://farm1.static.flickr.com/42/111695738_344441da7a.jpg
414,http://www.zentasally.se/media/ZENTACHIPPEN2.JPG
415,http://farm1.static.flickr.com/96/209128177_347821a8b7.jpg
416,http://laidmanproductions.com/JPG/dog_drawings/saluk_schips_snauz/schipperke_3/schipperke_3_200.jpg
417,http://farm1.static.flickr.com/94/255373693_e5c9bede01.jpg
418,http://static.flickr.com/57/221963937_441163fda4.jpg
419,http://static.flickr.com/98/269066802_f936faaa7a.jpg
420,http://farm2.static.flickr.com/1434/797311789_4ea544e482.jpg
421,http://www.telemail.fi/katja.surakka/FCI1/2/IMG_4249.JPG
422,http://static.flickr.com/1251/1096355352_f40485fdfe.jpg
423,http://kristyandangelo.com/gallery/d/1541-4/dual_skips.jpg
424,http://farm1.static.flickr.com/127/421930296_cc462af7e4.jpg
425,http://www.toydogs.net/schipperke/kuvat/rotuinfo/image006.jpg
426,http://img.dogphoria.com/web_2007_03_5ed7f159-8d2d-4eb2-8462-2c504c71c1d8.jpg
427,http://static.flickr.com/4/6438419_30a06ed29c.jpg
428,http://farm2.static.flickr.com/1390/1367157603_bd3d02868b.jpg
429,http://www.bostons.cz/new/Benatkastromhistor.JPG
430,http://farm1.static.flickr.com/71/196169482_52e249276c.jpg
431,http://www.agraria.org/cani/schipperke1.jpg
432,http://static.flickr.com/150/392167824_6d9d489888.jpg
433,http://farm1.static.flickr.com/48/192165626_1e3c2e3a6c.jpg
434,http://farm1.static.flickr.com/114/309189584_cabf13bc36.jpg
435,http://image57.webshots.com/757/0/55/15/2837055150037420921VtBsrL_fs.jpg
436,http://www.perleviken.se/diverse/Schipperkejakt.jpg
437,http://www.pet-triangle.jp/skp104.jpg
438,http://farm2.static.flickr.com/1347/751753854_49d54f12d0.jpg
439,http://farm1.static.flickr.com/95/269532228_3ee74f8ef9.jpg
440,http://blog.idlezone.org/public/Concours_Photos/beebop11.jpg
441,http://www.gotpetsonline.com/pictures-gallery/dog-pictures-breeders-puppies-rescue/schipperke-pictures-breeders-puppies-rescue/pictures/schipperke-0010.jpg
442,http://www.krasnogorka.ru/img/schip/tn_f02_01.jpg
443,http://static.flickr.com/22/39859629_98842b0284.jpg
444,http://farm1.static.flickr.com/114/316180631_fa350bdabd.jpg
445,http://farm3.static.flickr.com/2026/2071803484_8c248070a9.jpg
446,http://www.shalako.com/jpegs/schipstatue1.jpg
447,http://farm3.static.flickr.com/2310/2190085957_eb07c882fd.jpg
448,http://farm3.static.flickr.com/2396/2112977316_943a5ec2e6.jpg
449,http://farm1.static.flickr.com/75/209131556_60fee597a1.jpg
450,http://www.kweaver.com/BragSchipperke_files/image014.jpg
451,http://farm1.static.flickr.com/94/273971940_46e18a4890.jpg
452,http://jeansdogshop.com/monatransfers/8x10-Mona-Schipperke5.jpg
453,http://farm1.static.flickr.com/41/111696815_69618f6eb8.jpg
454,http://farm2.static.flickr.com/1347/713717140_604d478002.jpg
455,http://www.dog-breeds.name/pictures/schipperke/schipperke-5tn.jpg
456,http://www.thepetprofessor.com/assets/8169.JPG
457,http://farm1.static.flickr.com/110/305354282_6658afabcd.jpg
458,http://www.teremarcgermanshepherds.com/images/velvetaspen.JPG
459,http://www.dogchannel.com/images/blog/f4c3494e-ed37-4770-a41c-641bcf6c4729.jpg
460,http://static.flickr.com/87/229260304_e91f585985.jpg
461,http://farm1.static.flickr.com/195/502274682_c3f911eadb.jpg
462,http://farm2.static.flickr.com/1424/1368043634_2a561a2bcc.jpg
463,http://farm1.static.flickr.com/95/269071907_c2b8c558fe.jpg
464,http://farm3.static.flickr.com/2329/2149449135_e8f0bc982e.jpg
465,http://farm1.static.flickr.com/107/269067086_52455e97a2.jpg
466,http://www.dogfunny.com/images/100_3.jpg
467,http://farm1.static.flickr.com/65/211492677_94f716f598.jpg
468,http://farm2.static.flickr.com/1052/801158865_ad1139d7e1.jpg
469,http://farm1.static.flickr.com/75/187837480_89ba45bef9.jpg
470,http://www.todoperros.com/newsletter/numero11/schipperke.jpg
471,http://farm1.static.flickr.com/64/209186448_7397c74587.jpg
472,http://www.4mdogbooks.com/images/product_images/tn_c-scp-998.jpg
473,http://www.carepets.org/dogsub/dogpics/issy051907.jpg
474,http://farm2.static.flickr.com/1171/1367161069_90cdc76eac.jpg
475,http://www.chiots-france.com/Trouver-votre-chiot/Du-Chemin-des-Piarris-Schipperke-1.jpg
476,http://static.flickr.com/211/493748014_f27ed1bc22.jpg
477,http://image53.webshots.com/453/3/75/17/2995375170037420921GRMBes_fs.jpg
478,http://www.pupcity.com/images/adpics/07109203404402_1.jpg
479,http://farm3.static.flickr.com/2019/2160956888_0e397a1766.jpg
480,http://farm1.static.flickr.com/97/211430036_02d8022b85.jpg
481,http://hometown.aol.com/schipps4me/Amyace1.jpg
482,http://farm1.static.flickr.com/48/187844747_c68c63edd5.jpg
483,http://farm1.static.flickr.com/89/269080834_62bfd46793.jpg
484,http://www.nar.org.au/images/webpages/dogs%20for%20adoption/nero.jpg
485,http://farm2.static.flickr.com/1104/1382228427_569a42beb5.jpg
486,http://farm1.static.flickr.com/36/98882560_26c412e0f8.jpg
487,http://puppylocator.com/uploads/thumbs/1156827898Schipperke.jpg
488,http://www.mypets.net.au/template_images/ship.jpg?0.389652600236448
489,http://www.k9obedience.co.uk/dogbreed/schipperke.jpg
490,http://farm1.static.flickr.com/59/196182058_c02c0945cd.jpg
491,http://farm3.static.flickr.com/2413/2173198855_a3d060578e.jpg
492,http://farm1.static.flickr.com/211/452103552_f6dd5067b8.jpg
493,http://farm2.static.flickr.com/1373/1366948585_4dcda7aacd.jpg
494,http://k-lee.com/GoldiexHunter1.jpg
495,http://static.flickr.com/224/465159298_d8d94bf909.jpg
496,http://vidadeperros.crisangeles.com/images/razas/schipperke00.jpg
497,http://www.dog-breed-facts.com/images/Schipperke/Schipperke-sm-5.jpg
498,http://static.flickr.com/1/1163376_bb2ceca548.jpg
499,http://www.ceppb.es/criaderos/chimindoa/alegria_chimindoa-e2.jpg
500,http://dasze.cjb.hu/kepek/schipperke1.jpg
501,http://static.flickr.com/66/196236336_bbd85d652f.jpg
502,http://farm1.static.flickr.com/78/196165787_36eb422a92.jpg
503,http://www.schipperker.se/25okt07/schipperkeriskogen-036.jpg
504,http://thumb12.webshots.net/s/thumb2/8/36/21/63483621ZNoPJD_th.jpg
505,http://www.teremarcgermanshepherds.com/images/velvetstand.JPG
506,http://farm1.static.flickr.com/188/386200528_b8def792ea.jpg
507,http://farm2.static.flickr.com/1170/1324037830_0915d699a5.jpg
508,http://www.tumbleweedschipperkes.com/sitebuilder/images/MVC-071S2-144x123.jpg
509,http://farm1.static.flickr.com/89/221964375_84f4134ac9.jpg
510,http://ourhealthcoop.com/pets/images/schipperke_pups2.jpg
511,http://farm1.static.flickr.com/4/3993948_bd579f73bd.jpg
512,http://static.flickr.com/71/192159219_53d9c2000b.jpg
513,http://farm1.static.flickr.com/43/111695906_4c654f4cb7.jpg
514,http://www.dogchannel.com/images/blog/3f781c77-4ab2-4994-bf8f-cfd95a99bac4.jpg
515,http://farm1.static.flickr.com/114/273971368_cc17b1dbe2.jpg
516,http://farm1.static.flickr.com/122/269620043_ca81e31f6f.jpg
517,http://www.juliezickefoose.com/blog/uploaded_images/babyinbelltower-764197.jpg
518,http://i32.photobucket.com/albums/d10/tinycheetah/Picture0161.jpg
519,http://static.flickr.com/66/211464226_8853eda0e6.jpg
520,http://www.creaturecomfortandcare.com/images/Maxx1.JPG
521,http://www.heartthrobsschipperkes.com/illustrations/body4.jpg
522,http://farm1.static.flickr.com/35/269634724_098f0d7eeb.jpg
523,http://chien.ouest-atlantis.com/images/schipperke.jpg
524,http://static.flickr.com/43/82588705_3e8671dc2f.jpg
525,http://www.leonberger.net/cms/immagini/immagini_cms/2007021911571086624416_1.jpg
526,http://farm1.static.flickr.com/118/269077032_cf7adc4a9d.jpg
527,http://www.mydogbreed.com/images/schipperke-health.jpg
528,http://farm3.static.flickr.com/2310/2243756944_f3c2fc6d47.jpg
529,http://users.techline.com/crummett/gallery/schipperke.jpg
530,http://farm2.static.flickr.com/1353/1368047030_17cd82a5a6.jpg
531,http://www.naturesgrooming.com/images/breeds/image143.gif
532,http://farm2.static.flickr.com/1057/1455423786_5a238c1c2b.jpg
533,http://www.bears-n-hares.com/rabbits/Images/Other/hannah_all.jpg
534,http://members.home.nl/infoschipperkes/images/Schipperke10.jpg
535,http://static.flickr.com/2237/2053622708_3d13a2ae14.jpg
536,http://farm1.static.flickr.com/91/209284181_267b45a7c1.jpg
537,http://www.schipperkesdelabandeamoneuse.fr/images/profil_schipperke.jpg
538,http://farm2.static.flickr.com/1068/712829497_a8ae183470.jpg
539,http://farm1.static.flickr.com/208/506973988_93e5ea240e.jpg
540,http://www.dogy.be/fileadmin/template/main/img/schipperke_groot.jpg
541,http://static.flickr.com/1066/526883356_4cfab20555.jpg
542,http://www.aloofschipperke.com/images/aloof.jpg
543,http://farm1.static.flickr.com/19/111695215_fed7cc66f7.jpg
544,http://www.saveadogandkids.org/aJack.jpg
545,http://farm1.static.flickr.com/110/269532862_6f7d32ed09.jpg
546,http://www.shadycreekdogs.com/sitebuilder/images/PurpleFlowers-121x121.jpg
547,http://farm1.static.flickr.com/57/182720447_c45d514f29.jpg
548,http://farm1.static.flickr.com/62/187727335_98cc290fcf.jpg
549,http://farm1.static.flickr.com/73/229122621_73b38c84fb.jpg
550,http://farm1.static.flickr.com/3/3993942_ab26577782.jpg
551,http://farm3.static.flickr.com/2167/1681738141_974e0ab039.jpg
552,http://www.cpaf.be/images/rschipperke.jpg
553,http://farm1.static.flickr.com/116/293480403_91f7f66e8f.jpg
554,http://www.PetsMo.com/pets/images/85t.jpg
555,http://farm1.static.flickr.com/143/326840142_3c37b4a673.jpg
556,http://farm1.static.flickr.com/72/169202955_ed526c5d18.jpg
557,http://www.animalstamps.com/schipperke/schCard2.jpg
558,http://farm1.static.flickr.com/120/269542400_cc635ccadd.jpg
559,http://farm1.static.flickr.com/55/211494537_dc048b88a2.jpg
560,http://www.lampiluoto.net/omarotu/pictures/schipperke_1167588904.jpg
561,http://www.vingarden.org/ogonstenen/images/Shellys_valp_wL.jpg
562,http://farm2.static.flickr.com/1274/1007611355_b5a5268ee2.jpg
563,http://farm2.static.flickr.com/1384/801289913_292dc69f1e.jpg
564,http://farm2.static.flickr.com/1029/1367994102_239bdec72d.jpg
565,http://www.nautical-landing.com/images/sparky.jpeg
566,http://farm2.static.flickr.com/1305/916886904_8340a840b3.jpg
567,http://media.chiens-de-france.com/chiens/t_chien_03/chiens-Schipperke-bf4640de-95b2-9294-75f8-e53ceb7599d4.jpg
568,http://farm1.static.flickr.com/75/209323874_ad6f94e481.jpg
569,http://www.k9gifts.com/prints/1maystead/schipperke-5.jpeg
570,http://pets-place.net/Breeds/SchipperkePhoto1.jpg
571,http://www.dog-breeds-infosite.com/images/Schipperke3.jpg
572,http://farm1.static.flickr.com/72/182725014_63f443e73b.jpg
573,http://farm1.static.flickr.com/84/211501005_fa1cca9229.jpg
574,http://farm1.static.flickr.com/63/209161346_6ee3819fff.jpg
575,http://home.earthlink.net/~jcswaters/smokee2.jpg
576,http://farm1.static.flickr.com/98/269066569_4d743f6b9b.jpg
577,http://farm2.static.flickr.com/1305/1314400386_d18a802380.jpg
578,http://www.pedigreesearch.co.uk/breed_guides/graphics/schipperke.jpg
579,http://www.farmlandpets.com/farmland_images/farmland_schiplg.jpg
580,http://farm1.static.flickr.com/64/209304189_8004ba1031.jpg
581,http://thumb1.webshots.net/s/thumb4/7/29/52/151472952jwXdAK_th.jpg
582,http://farm1.static.flickr.com/92/269549855_33aecc791f.jpg
583,http://static.flickr.com/1396/617739179_a15961cb90.jpg
584,http://0301.netclime.net/1_5/8/V/H/11710685108619.jpg
585,http://pieskie-zycie.za.pl/owczarki_i_psy_pasterskie/_images/schipperke2.jpg
586,http://www.schipperkerescue.net/images/RescuePics/Clancy3.jpg
587,http://farm2.static.flickr.com/1115/1324034600_5ba6b15e06.jpg
588,http://farm1.static.flickr.com/59/192154660_fe15fd956f.jpg
589,http://www.millercountrydogs.com/images/flags/mbe_schipperke_flagt.jpg
590,http://id.mind.net/~sirjames/sirjames/jasper.jpg
591,http://farm2.static.flickr.com/1438/808178082_54c42b9aee.jpg
592,http://farm1.static.flickr.com/35/111696565_604e05cddc.jpg
593,http://www.daidtm.net/02-schipperke.gif
594,http://www.veterinerhekim.net/veterinerhekim.net_non_ssl/halukresim/ko.irklar/k.schipperke-b.jpg
595,http://www.caninecrib.com/dog/images/pic_schipperke1.jpg
596,http://static.flickr.com/97/269586250_d7e701b13e.jpg
597,http://www.dog-breeds.name/pictures/schipperke/schipperke-2.jpg
598,http://farm2.static.flickr.com/1296/1086275841_fd0b53b0dd.jpg
599,http://image28.webshots.com/28/0/63/26/239106326KsPCSb_fs.jpg
600,http://www.sellpups.com/schipperke.gif
601,http://www.aquilaarts.com/jeffmelanie.jpg
602,http://farm1.static.flickr.com/107/269067228_0dcfcd137c.jpg
603,http://farm1.static.flickr.com/57/211454836_05c36b1255.jpg
604,http://www.zooworld.com.ua/img/dogs/shipperke.jpg
605,http://farm1.static.flickr.com/108/293480800_7ad882741e.jpg
606,http://www.schips-r-it.com/schippic/images/pepper_jpg.jpg
607,http://schipperke.hot.lu/users/17/17123/za4kbd3nq7lm4fjyjs9oamhlg9nanr.jpg
608,http://www.southernhope.org/Raja_happytails.jpg
609,http://www.manuelas-hundewelt.de/rasseseiten/schipperke.jpg
610,http://farm1.static.flickr.com/46/127108194_c41cb00748.jpg
611,http://www.shadycreekdogs.com/sitebuilder/images/cosmoK2-128x150.jpg
612,http://www.dogspk.com/images/breeds/schipperke.jpg
613,http://static.flickr.com/80/211458040_40cb5cb341.jpg
614,http://farm1.static.flickr.com/48/182723316_e3a02e1d67.jpg
615,http://static.flickr.com/62/209313670_b76ad61893.jpg
616,http://www.dogwatchers.de/Rassen/Schipperke/Higgins-b.jpg
617,http://farm1.static.flickr.com/38/111697266_336ca837d6.jpg
618,http://farm1.static.flickr.com/1/1167725_8eaec824d9.jpg
619,http://www.odessaoffice.com/wagnerranch/Pupmale3.jpg
620,http://farm3.static.flickr.com/2334/1681713149_dd5cb7a462.jpg
621,http://farm1.static.flickr.com/82/269076863_3aa3f1b233.jpg
622,http://farm2.static.flickr.com/1431/1252894585_d2400f06e6.jpg
623,http://www.angelsgaterescue.com/Images/TobyFront.jpg
624,http://farm2.static.flickr.com/1097/1367130873_62212bfbc6.jpg
625,http://farm2.static.flickr.com/1049/801290363_f7922a1f1c.jpg
626,http://www.laajasalo.net/kuvagalleria/laajasalon_koiria/31061-077847.jpeg
627,http://static.flickr.com/59/209330797_6e25cb3dc9.jpg
628,http://www.nochebahiense.com/fotos/PX-schipperke.jpg
629,http://www.thestudiocards.com/SCANNED%20PICTURES/DOGS/Schipperke1.jpg
630,http://static.flickr.com/1186/999789981_12f795d519.jpg
631,http://www.hoflin.com/images/image2668.gif
632,http://www.lupus.hjem.wanadoo.dk/racer5/Schipperke.jpg
633,http://farm1.static.flickr.com/170/465018307_22c4d0ef6b.jpg
634,http://www.dogpicture.mypetdogs.com/images/schipperke/vincent_diane_h_uk2.JPG
635,http://www.gotpetsonline.com/pictures-gallery/dog-pictures-breeders-puppies-rescue/schipperke-pictures-breeders-puppies-rescue/pictures-photos/schipperke-0007.jpg
636,http://farm1.static.flickr.com/77/221962311_4d6c6ffa2b.jpg
637,http://www.cascadeschipperke.org/images/pups-kitty1.jpg
638,http://static.flickr.com/1435/1260000527_99cbf77c30.jpg
639,http://farm1.static.flickr.com/182/452117315_74fb89a8b7.jpg
640,http://farm1.static.flickr.com/113/269075573_fcab4f0a80.jpg
641,http://farm1.static.flickr.com/68/209276685_36f2fd97a7.jpg
642,http://farm2.static.flickr.com/1299/905942550_f5b64b9366.jpg
643,http://www.321dogs.com/pictures/schipperke_1.jpg
644,http://farm1.static.flickr.com/89/269515671_6fb4a78302.jpg
645,http://farm1.static.flickr.com/214/452125661_b642bb29ef.jpg
646,http://www.dogzunited.de/img/rasselexikon/324.jpg
647,http://www.pupcity.com/images/adpics/05342191359196_1.jpg
648,http://www.mon-chiot.com/images/CHIOT-SCHIPPERKE-LeChemindesPiarris.jpg
649,http://static.flickr.com/64/187721680_092f590d27.jpg
650,http://www.sullysrants.com/wp-content/uploads/2007/03/toby_polaroid.gif
651,http://farm3.static.flickr.com/2373/2053634144_498e74ec7a.jpg
652,http://farm1.static.flickr.com/78/187741507_2829ebed7b.jpg
653,http://farm2.static.flickr.com/1376/797096521_4fdf4e7206.jpg
654,http://www.schipperkecanada.net/sitebuildercontent/sitebuilderpictures/kidspups2.jpg
655,http://farm1.static.flickr.com/86/269071357_6ed8ba23a5.jpg
656,http://static.flickr.com/1342/1008887374_ab76a0562b.jpg
657,http://kurakuma.voicegateway.com/The_Schipperke_Plow_small.jpg
658,http://static.flickr.com/1106/1315697056_b632daf152.jpg
659,http://farm1.static.flickr.com/110/280820284_8b96ec8106.jpg
660,http://www.jscanina.com/images/Schipperke1-Spike2.jpg
661,http://www.giveusahome.co.uk/breederspages/allbreedsphotosdog/schipperke.jpg
662,http://farm1.static.flickr.com/97/269516152_bc44b60801.jpg
663,http://schipperke.toydogs.net/kuvat/action/~9238766.JPG
664,http://farm1.static.flickr.com/192/494242640_f6908ce9da.jpg
665,http://farm3.static.flickr.com/2263/2052842105_855fcc3b2c.jpg
666,http://static.flickr.com/113/269067333_c2c742e908.jpg
667,http://www.clingycanines.com/Schipperke-whole.jpg
668,http://www.torshammarens.se/textiltryck/shop/album/Hundar/photos/photo148.jpg
669,http://static.flickr.com/2225/2067172827_9edb9fcb8e.jpg
670,http://www.ozpetshop.com.au/images/books/dogs/breeds/BW-0164_thb.JPG
671,http://farm2.static.flickr.com/1284/797418487_c43e2f02bf.jpg
672,http://farm1.static.flickr.com/63/223998186_f7bbaff448.jpg
673,http://www.mpwoodcarver.com/Images/Mirrors/Schipperke_small.jpg
674,http://farm1.static.flickr.com/89/269077288_0ae223efa1.jpg
675,http://farm2.static.flickr.com/1220/1368034424_2a61fbe0b8.jpg
676,http://www.powells.com/cgi-bin/imageDB.cgi?isbn=9781593782818
677,http://static.flickr.com/70/169968720_7f5e8c5177.jpg
678,http://www.petselect.net/cache/3491199537.jpg
679,http://www.infor.nl/honden/images/schipper.jpg
680,http://farm1.static.flickr.com/60/173372726_2b4b7ddb4e.jpg
681,http://farm1.static.flickr.com/30/99465163_78b84be273.jpg
682,http://farm2.static.flickr.com/1245/1315697580_4df618c2ba.jpg
683,http://www.littlepawz.com/images/schipperke1.jpg
684,http://www.gotpetsonline.com/pictures-gallery/dog-pictures-breeders-puppies-rescue/schipperke-pictures-breeders-puppies-rescue/pictures/schipperke-0011.jpg
685,http://farm1.static.flickr.com/64/169202941_810c84c2e3.jpg
686,http://farm1.static.flickr.com/80/211490663_0266d1c72b.jpg
687,http://www.tervupower.com/images/IMG_2442.jpg
688,http://farm1.static.flickr.com/110/269516519_fb8c568087.jpg
689,http://www.gsmeets.be/Hondenrassen/Kleine_hondenrassen/Afbeeldingen/shipperke.jpg
690,http://www.yourpurebredpuppy.com/dogbreeds/photos578/schipperkes.jpg
691,http://farm1.static.flickr.com/202/502274840_da0415796f.jpg
692,http://vidadeperros.crisangeles.com/images/razas/schipperke01.jpg
693,http://static.flickr.com/38/84268392_16bebb1689.jpg
694,http://static.flickr.com/28/92453158_77e19694a7.jpg
695,http://www.hua.org/Dog-Photos-Small/Kipper-2.jpg
696,http://farm1.static.flickr.com/69/229260806_15f507827c.jpg
697,http://www.nextdaypets.com/directory/breeds/images/1100230.jpg
698,http://www.dog-breeds.name/pictures/schipperke/schipperke-6tn.jpg
699,http://www.dogbreedinfo.net/images8/Skippy.jpg
700,http://www.ezthemes.com/previews/s/schipperke.jpg
701,http://files.dogster.com/images/dogster/breeds/schipperke.jpg
702,http://www.dogpictures4u.com/ppost/data/563/thumbs/Shipperke_pic2.jpg
703,http://farm2.static.flickr.com/1190/1314822839_540c7beb58.jpg
704,http://farm1.static.flickr.com/29/50071764_83e6f6b38f.jpg
705,http://farm1.static.flickr.com/111/269648970_6ac27ea183.jpg
706,http://www.thekennelclub.org.uk/download/200/schipperke.jpg
707,http://farm1.static.flickr.com/5/6540093_8114b9ad05.jpg
708,http://farm3.static.flickr.com/2100/1963175419_e3e7f0a62d.jpg
709,http://static.flickr.com/167/406965797_c6b8452bf6.jpg
710,http://www.taien.cz/_siperka/images/opl1.gif
711,http://www.schipperke-rozdekerhas.com/images/ABER~AMIRAL~30sept05.JPG
712,http://www.chatevo.com/forums/attachment.php?attachmentid=41224&stc;=1&d;=1183064436
713,http://www.sailbreath.com/Jpgs/dog.jpg
714,http://static.flickr.com/95/221961219_cbf1a09268.jpg
715,http://www.ntu.edu.sg/home/cykok/louisa/images/dogs/non-sporting/schipperke.jpg
716,http://farm1.static.flickr.com/1/1178212_8742016df1.jpg
717,http://img205.imageshack.us/img205/9003/12001pa7.gif
718,http://www.celysvet.cz/images/schipperke_2.jpg
719,http://www.dogbreedinfo.com/images18/SchipperkeRuck2.JPG
720,http://www.skiplynkennels.com/images/dog_eclips.jpg
721,http://farm1.static.flickr.com/27/39349710_4bdf986018.jpg
722,http://static.flickr.com/1115/1476360718_3f6629eea4.jpg
723,http://static.flickr.com/62/211478863_164b7f2f46.jpg
724,http://farm1.static.flickr.com/44/192151963_46fb25aaf8.jpg
725,http://animal-photography.co.uk/thumbs/AP-7STLUU-TH.jpg
726,http://www.centralpets.com/critter_images/mammals/dogs/DOG_0000332_20010615091424.jpg
727,http://static.flickr.com/57/192149434_11894b27a5.jpg
728,http://www.schipperke-dogs.com/pictures-images-thumbnails/schipperkes-10.jpg
729,http://static.flickr.com/65/221961619_07f12fe1b1.jpg
730,http://caninecoalition.com/img/Belgian-Shepherd-Dog-Groenendael--0.jpg
731,http://www.dog-breed-facts.com/images/Schipperke/Schipperke-sm-4.jpg
732,"http://bp2.blogger.com/_zLF7yTI_ZZM/RomwgLFfDTI/AAAAAAAAAlU/6Z4HEQiKD3I/s400/February+13,+2005+030.jpg"
733,http://farm2.static.flickr.com/1285/1315697290_78f84377e0.jpg
734,http://farm1.static.flickr.com/88/269076932_1c822cb423.jpg
735,http://farm1.static.flickr.com/105/269586631_c222518d4f.jpg
736,http://www.toydogs.net/schipperke/images/kuono.gif
737,http://farm2.static.flickr.com/1240/578150490_298d71c5d2.jpg
738,http://www.schipperke-dogs.com/pictures-images-thumbnails/schipperkes-02.jpg
739,http://www.montoutou.com/Schipperke.jpg
740,http://farm3.static.flickr.com/2413/2190476624_085befb673.jpg
741,http://farm1.static.flickr.com/1/3221741_68110a3670.jpg
742,http://static.flickr.com/1296/1130407366_80626d01cb.jpg
743,http://static.flickr.com/67/221963514_109bbaa9eb.jpg
744,http://farm1.static.flickr.com/186/382658881_170ad5e6be.jpg
745,http://www.lovemypet.com.au/images/153_head_picture.gif
746,http://farm1.static.flickr.com/103/294897872_d4a1bc0893.jpg
747,http://www.dogzonline.com.au/images/profiles/3/3123.jpg
748,http://farm2.static.flickr.com/1382/1354299418_1a3a26d306.jpg
749,http://farm2.static.flickr.com/1338/1366924599_a9f8bc4bfc.jpg
750,http://www.dogsonbikes.com/docs/Houdini/Puppies/Onyx.jpg
751,http://static.flickr.com/1135/1279420003_3042290aba.jpg
752,http://www.caninecrib.com/dog/pictures/images/schipperke3_s.jpg
753,http://farm1.static.flickr.com/151/370849996_a4d9bf9962.jpg
754,http://farm1.static.flickr.com/64/192164739_0765734f6a.jpg
755,http://farm1.static.flickr.com/30/39859626_4d1b558ad8.jpg
756,http://farm1.static.flickr.com/73/192174122_2946eccad7.jpg
757,http://www.schipperke-dogs.com/pictures-images-thumbnails/schipperkes-05.jpg
758,http://static.flickr.com/208/518872193_c360c1d7dd.jpg
759,http://static.flickr.com/214/494242982_ce54fc7c24.jpg
760,http://farm3.static.flickr.com/2199/1578987183_46f9a355db.jpg
761,http://farm1.static.flickr.com/75/196558616_4e38b2c7a4.jpg
762,http://www.dogfriendly.com/server/general/gallery/images/00053.jpg
763,http://farm3.static.flickr.com/2104/2149448821_b3c6de60de.jpg
764,http://www.doglost.co.uk/data/Registered/Wills_1.JPG
765,http://farm1.static.flickr.com/31/41505766_415d24508b.jpg
766,http://farm3.static.flickr.com/2399/2173990258_9a6867c5a6.jpg
767,http://farm1.static.flickr.com/1/1084630_67bda8c9b4.jpg
768,http://farm2.static.flickr.com/1222/728793884_5b27a31c96.jpg
769,http://www.dogsindepth.com/nonsporting_dog_breeds/images/schipperke_kegs_v02.jpg
770,http://farm1.static.flickr.com/12/18593916_aeeeb67c7f.jpg
771,http://www.cranevalleyranch.com/Images/Dogs/06-12-03-PuppyB.jpg
772,http://www.4mdogbooks.com/images/product_images/tn_c-scp-997.jpg
773,http://www.schipperkebreeders.net/images/list/1589.jpg
774,http://farm1.static.flickr.com/102/257047669_28df085de9.jpg
775,http://farm1.static.flickr.com/35/92453157_379f597c21.jpg
776,http://farm1.static.flickr.com/40/111696178_a71ba7ea69.jpg
777,http://www.dogbreedinfo.com/images12/schipperkerandom%20028.JPG
778,http://farm1.static.flickr.com/110/262736090_50bcff1d26.jpg
779,http://farm1.static.flickr.com/67/223998188_53c95ff5b6.jpg
780,http://farm1.static.flickr.com/28/68152541_8690ee34d2.jpg
781,http://www.gotpetsonline.com/pictures-gallery/dog-pictures-breeders-puppies-rescue/schipperke-pictures-breeders-puppies-rescue/pictures-photos/schipperke-0015.jpg
782,http://static.flickr.com/2382/1572093159_06280bdf4f.jpg
783,http://farm2.static.flickr.com/1187/801290609_9c27d8ff97.jpg
784,http://static.flickr.com/147/386176554_37d3091677.jpg
785,http://farm3.static.flickr.com/2183/2173989416_306c250c44.jpg
786,http://static.flickr.com/1/2428473_bb0724ccba.jpg
787,http://farm2.static.flickr.com/1060/635725479_62fe16b9d9.jpg
788,http://farm2.static.flickr.com/1174/1354701396_54d547c43c.jpg
789,http://farm1.static.flickr.com/98/269531955_c942455ada.jpg
790,http://farm1.static.flickr.com/101/269071817_081ed08c90.jpg
791,http://www.dog-breed-facts.com/images/Schipperke/Schipperke-2.jpg
792,http://farm2.static.flickr.com/1352/1180389545_de2dd0112b.jpg
793,http://farm1.static.flickr.com/90/211526168_48866ad6b7.jpg
794,http://farm1.static.flickr.com/57/192180165_5fee3de554.jpg
795,http://farm1.static.flickr.com/62/196177116_75e931f2ac.jpg
796,http://www.pawplacement.org/BIO00000001190.png
797,http://farm1.static.flickr.com/147/340330033_32e54536ac.jpg
798,http://farm1.static.flickr.com/73/192163346_db47879bed.jpg
799,http://farm2.static.flickr.com/1224/1448447407_414be5ad13.jpg
800,http://farm1.static.flickr.com/249/518843164_1e445b1aea.jpg
801,http://static.flickr.com/222/493733282_6354a2ffd6.jpg
802,http://farm1.static.flickr.com/47/192157501_aef67c4587.jpg
803,http://static.flickr.com/25/41505765_70f877aa7b.jpg
804,http://farm2.static.flickr.com/1365/764825903_e1bc624bef.jpg
805,http://www.dogtimes.com.br/imagens/Coastguard.jpg
806,http://farm3.static.flickr.com/2019/1526506005_055fc77235.jpg
807,http://www.pupcity.com/images/adpics/05334085651517_1.jpg
808,http://farm1.static.flickr.com/136/360624637_f55f7ab4b9.jpg
809,http://www.americapetshop.com/images/dog/schipperke.jpg
810,http://farm1.static.flickr.com/9/14925850_9f3988c091.jpg
811,http://farm1.static.flickr.com/56/192177278_09e4089dee.jpg
812,http://static.flickr.com/5/6942671_c8c0d185c6.jpg
813,http://static.flickr.com/83/273973155_e2e62bb34d.jpg
814,http://farm2.static.flickr.com/1396/617739179_a15961cb90.jpg
815,http://members.aol.com/Schipps4me/schip1b.jpg
816,http://farm1.static.flickr.com/87/221961879_90c30cb3e9.jpg
817,http://static.flickr.com/1/129027168_cd2d46d1e5.jpg
818,http://farm2.static.flickr.com/1259/589028164_77d76264d0.jpg
819,http://farm2.static.flickr.com/1379/1469996251_61e50deb83.jpg
820,http://www.gotpetsonline.com/pictures-gallery/dog-pictures-breeders-puppies-rescue/schipperke-pictures-breeders-puppies-rescue/pictures-photos/schipperke-0004.jpg
821,http://static.flickr.com/37/84629027_8f692973c6.jpg
822,http://photos4.meetupstatic.com/photos/event/5/8/0/9/global_1582537.jpeg
823,http://www.olivija.com/dog2/Schipperke-dipper.jpg
824,http://farm1.static.flickr.com/71/221969303_10533940fe.jpg
825,http://scope.lidc.sfu.ca/user/pix.php/1415/f1.jpg
826,http://static.flickr.com/229/518871653_d792daa409.jpg
827,http://www.perfectpuppiesonline.com/breedimages/Schipperke.jpg
828,http://www.gotpetsonline.com/pictures-gallery/dog-pictures-breeders-puppies-rescue/schipperke-pictures-breeders-puppies-rescue/pictures/schipperke-0012.jpg
829,http://www.pedigreedatabase.com/dogs/classified_images/1375.jpg
830,http://www.schipperke-dogs.com/pictures-images-photos/schipperkes-06.jpg
831,http://farm3.static.flickr.com/2391/2192677936_73c743bc9c.jpg
832,http://farm1.static.flickr.com/119/287279771_414d99f869.jpg
833,http://farm1.static.flickr.com/184/369320415_928fadac26.jpg
834,http://static.flickr.com/80/262734854_6a46494e20.jpg
835,http://www.gotpetsonline.com/pictures-gallery/dog-pictures-breeders-puppies-rescue/schipperke-pictures-breeders-puppies-rescue/pictures-photos/schipperke-0005.jpg
836,http://static.flickr.com/211/524953633_f6acfa3ac7.jpg
837,http://farm2.static.flickr.com/1297/1315754340_e9efd75dbb.jpg
838,http://farm2.static.flickr.com/1344/712833573_96e75e7027.jpg
839,http://farm1.static.flickr.com/186/365161054_be15061b37.jpg
840,http://farm1.static.flickr.com/141/369320408_661b0c63ff.jpg
841,http://www.gotpetsonline.com/pictures-gallery/dog-pictures-breeders-puppies-rescue/schipperke-pictures-breeders-puppies-rescue/pictures-photos/schipperke-0021.jpg
842,http://www.dfwworkingdogs.com/photos5/schipperkebox05212005thumb.jpg
843,http://www.pedigreedatabase.com/dogs/i/schipperke.jpg
844,http://www.dogsindepth.com/nonsporting_dog_breeds/images/schipperke_kegs_h02.jpg
845,http://www.a-zanimals.co.uk/dogs/images/peds/schipperke/1.jpg
846,http://breeders.dogbreedinfo.com/images2/20021030180650_095329_2.jpg
847,http://farm2.static.flickr.com/1267/1086273435_372f99ebed.jpg
848,http://farm3.static.flickr.com/2032/2189669473_527a4689c0.jpg
849,http://www.caninecrib.com/dog/pictures/images/schipperke3_l.jpg
850,http://www.mybuddydog.com/graphic80.gif
851,http://farm1.static.flickr.com/67/169202961_13de81987a.jpg
852,http://static.flickr.com/42/98882944_22eb2e5d50.jpg
853,http://www.gotpetsonline.com/pictures-gallery/dog-pictures-breeders-puppies-rescue/schipperke-pictures-breeders-puppies-rescue/pictures-photos/schipperke-0023.jpg
854,http://static.flickr.com/164/335840096_44eabbae4b.jpg
855,http://www.thestudiocards.com/SCANNED%20PICTURES/DOGS/Schipperke3.jpg
856,http://static.flickr.com/50/107195360_2a6b66c402.jpg
857,http://static.flickr.com/175/437183027_846ffb01f4.jpg
858,http://farm1.static.flickr.com/66/196176134_6799632f7e.jpg
859,http://www.schipperkerescue.net/images/RescuePics/Duke.jpg
860,http://www.pedigreedpups.com/images/dog010.jpg
861,http://static.flickr.com/207/440274694_7ee4b36262.jpg
862,http://www.waukeshakennelclub.com/Sat%20Non-Sport.jpg
863,http://farm1.static.flickr.com/172/440280514_c729e81de4.jpg
864,http://www.hondenras.com/encyclopedie/foto/2335_Schipperke.jpg
865,http://farm1.static.flickr.com/110/309189659_c530273025.jpg
866,http://www.gotpetsonline.com/pictures-gallery/dog-pictures-breeders-puppies-rescue/schipperke-pictures-breeders-puppies-rescue/pictures/schipperke-0002.jpg
867,http://static.flickr.com/2003/1579877228_daed35b438.jpg
868,http://static.flickr.com/64/196170325_7994283063.jpg
869,http://www.dogreview.it/foto/razze/shipperkee_3.jpg
870,http://static.flickr.com/197/502274536_ed5e357a2c.jpg
871,http://dogoftheday.com/archive/2003/May/12.jpg
872,http://www.gotpetsonline.com/pictures-gallery/dog-pictures-breeders-puppies-rescue/schipperke-pictures-breeders-puppies-rescue/pictures/schipperke-0024.jpg
873,http://farm1.static.flickr.com/189/452126793_c91be59bfd.jpg
874,http://www.nwla.com/susan/newcut.jpg
875,http://farm1.static.flickr.com/55/192156737_f28025e0cc.jpg
876,http://www.dog-breeds-infosite.com/images/Schipperke.jpg
877,http://www.doguedebordeaux.se/07/oktober/schipperkeriskogen-092.jpg
878,http://puppydogweb.com/breeders/pic_images/schipperke_hubbard3276.jpg
879,http://farm2.static.flickr.com/1185/1130412368_6f004af5a6.jpg
880,http://farm1.static.flickr.com/5/5278322_35800eadfd.jpg
881,http://schipclubcanada.tripod.com/sitebuildercontent/sitebuilderpictures/devopuppy.jpg
882,http://farm2.static.flickr.com/1110/1087139938_2cb354dbcc.jpg
883,http://www.pups4sale.com.au/portuguese_wd_04a.jpg
884,http://static.flickr.com/59/192162922_6e6fb27864.jpg
885,http://farm1.static.flickr.com/199/518869879_1b7b04cc3d.jpg
886,http://us.iams.com/iams/en_US/data_root/image/dog_breed/schipper.jpg
887,http://schipperke.hot.lu/users/17/17123/m2z0quvgr65b4ip733xgwupaenyeq7.jpg
888,http://farm3.static.flickr.com/2170/2173990186_96ecff49eb.jpg
889,http://static.flickr.com/56/192160900_8500f4017a.jpg
890,http://static.flickr.com/112/293481050_e55500c397.jpg
891,http://www.dogzonline.com.au/images/profiles/64/17650_1498_sm.jpg
892,http://www.dogbreedinfo.com/images20/Schipperke3YearsOldShade.JPG
893,http://farm3.static.flickr.com/2247/1531428814_9ad5a9d724.jpg
894,http://static.flickr.com/75/192172330_aa2c097028.jpg
895,http://www.tabou.be/img/totem/schipperke.jpg
896,http://farm2.static.flickr.com/1100/764851097_2cdb110489.jpg
897,http://farm1.static.flickr.com/51/192150206_57a6d05e59.jpg
898,http://www.langefoundation.com/dogs/dogpictures/Shadowsmall.jpg
899,http://static.flickr.com/73/196168555_69e9a7736c.jpg
900,http://farm1.static.flickr.com/80/273969570_00f624b3c1.jpg
901,http://www.dogcafe.net/uploaded_images/schipperke-dog-720031.JPG
902,http://farm1.static.flickr.com/81/209179322_4c5eff146d.jpg
903,http://farm1.static.flickr.com/27/98882472_fefbd453d7.jpg
904,http://farm1.static.flickr.com/73/156778246_bde3846eae.jpg
905,http://farm1.static.flickr.com/173/369320412_28e08f792e.jpg
906,http://www.schipperkesdelabandeamoneuse.fr/images/profil_schipperke_2.jpg
907,http://farm3.static.flickr.com/2065/1802797627_e102039ed2.jpg
908,http://farm1.static.flickr.com/70/192165862_4067196f8c.jpg
909,http://farm3.static.flickr.com/2412/2189683585_acceb1ac69.jpg
910,http://farm1.static.flickr.com/48/156775816_5fec5e8506.jpg
911,http://static.flickr.com/1026/1253757658_ea78feee64.jpg
912,http://static.flickr.com/1057/1096355464_bf21d27bec.jpg
913,http://farm1.static.flickr.com/58/192151084_77cd47b2a0.jpg
914,http://www.schipperkewashington.com/ARMY-DOG.jpg
915,http://www.belgiandogs.org/Ecards/Schiptete.jpg
916,http://static.flickr.com/1090/530852022_cd4e97601a.jpg
917,http://static.flickr.com/67/196561056_fbec540786.jpg
918,http://static.flickr.com/1204/859637531_6aaa21c6b9.jpg
919,http://static.flickr.com/80/269514752_8061f5101f.jpg
920,http://ebay.usedtx.com/products/calendars/thumb/142160812X.jpg
921,http://farm1.static.flickr.com/58/209346145_edb4bfbf67.jpg
922,http://farm1.static.flickr.com/67/192156048_70a8e14b84.jpg
923,http://www.dogbreedinfo.net/images11/Schipperkepuppy%20010.JPG
924,http://www.gotpetsonline.com/pictures-gallery/dog-pictures-breeders-puppies-rescue/schipperke-pictures-breeders-puppies-rescue/pictures-photos/schipperke-0001.jpg
925,http://farm1.static.flickr.com/49/192155557_01408aa4a1.jpg
926,http://activerain.com/image_store/uploads/7/3/1/0/1/ar119616278110137.jpg
927,http://dogdetective.com/lost/r_927270.jpg
928,http://www.dogbreedinfo.com/images/Schipperkelay.jpg
929,http://farm1.static.flickr.com/61/192624826_8a2ca95264.jpg
930,http://farm3.static.flickr.com/2209/2055458989_3de19357d2.jpg
931,http://farm3.static.flickr.com/2131/1630470917_abb96e9abf.jpg
932,http://farm1.static.flickr.com/81/269594936_9e3a5066ca.jpg
933,http://static.flickr.com/136/395611120_15de91aece.jpg
934,http://files.dogster.com/pix/dogs/11/1811/1811_1117074401.jpg
935,http://farm1.static.flickr.com/55/160220804_641575e520.jpg
936,http://dasze.cjb.hu/kepek/schipperke3.jpg
937,http://farm1.static.flickr.com/153/437183021_b06f7a47e0.jpg
938,http://farm1.static.flickr.com/184/422872353_39b98a4fe1.jpg
939,http://farm1.static.flickr.com/32/61181895_26cd89903c.jpg
940,http://farm1.static.flickr.com/100/269584953_40b2d0a02d.jpg
941,http://farm1.static.flickr.com/47/111697389_ebea27447b.jpg
942,http://static.flickr.com/23/33816681_182ddbf32a.jpg
943,http://www.k9conxn.com/images/photos/abbie3.jpg
944,http://l.yimg.com/us.yimg.com/i/us/pets/brgd/schipperke.jpg
945,http://www.Skiplynkennels.com/images/dog_vixin.jpg
946,http://farm1.static.flickr.com/30/41760449_667b0fbcf4.jpg
947,http://farm1.static.flickr.com/38/82588710_6cb8d72962.jpg
948,http://www.dogzonline.com.au/images/profiles/63/1335_440_sm.jpg
949,http://farm2.static.flickr.com/1207/588693167_6c56298d3d.jpg
950,http://static.flickr.com/2111/2055459211_0d92dcb666.jpg
951,http://static.flickr.com/73/221967202_c1e90aa0fe.jpg
952,http://farm1.static.flickr.com/229/518871653_d792daa409.jpg
953,http://farm1.static.flickr.com/87/211450651_e2abc3d3e9.jpg
954,http://farm3.static.flickr.com/2191/2072580029_8155a73265.jpg
955,http://static.flickr.com/1270/1189096943_b8fa906cf4.jpg
956,http://www.sgvk.org/Raser/Schipperke/Bilder/schipperke-2.jpg
957,http://www.doguedebordeaux.se/07/oktober/schipperkeriskogen-037.jpg
958,http://farm1.static.flickr.com/100/262736287_52b8e69f87.jpg
959,http://farm3.static.flickr.com/2052/2082313704_40338fa351.jpg
960,http://farm2.static.flickr.com/1281/1354701966_e30b31eb68.jpg
961,http://www.arcatapet.com/fullsize/8751.jpg
962,http://static.flickr.com/177/386188974_735ef38eb5.jpg
963,http://www.i-charm.com/images/charms-schipperke-dog-photo-charm-9632.jpg
964,http://farm1.static.flickr.com/84/269076443_8cc4ad4104.jpg
965,http://www.heartthrobsschipperkes.com/rescue/taz.jpg
966,http://static.flickr.com/39/123515082_561c7d44b2.jpg
967,http://farm2.static.flickr.com/1429/1367810400_055a0ae4e0.jpg
968,http://farm1.static.flickr.com/5/7358050_d8771c3626.jpg
969,http://farm1.static.flickr.com/100/262735420_7b8e792410.jpg
970,http://static.flickr.com/75/196175978_205b9743e7.jpg
971,http://static.flickr.com/203/452115848_e543bbd9d5.jpg
972,http://static.flickr.com/96/262733863_477a043c4a.jpg
973,http://farm1.static.flickr.com/73/183537401_3564749893.jpg
974,http://farm2.static.flickr.com/1061/1462809723_0e36f8a972.jpg
975,http://farm2.static.flickr.com/1149/1487252783_f26399ab9c.jpg
976,http://farm1.static.flickr.com/71/229278748_d0d1dcece2.jpg
977,http://static.flickr.com/63/196163951_4e3b44258e.jpg
978,http://farm2.static.flickr.com/1142/765706302_f9145837a7.jpg
979,http://farm1.static.flickr.com/74/226679762_1658072af4.jpg
980,http://static.flickr.com/159/386117784_b048e888c7.jpg
981,http://cache.eb.com/eb/thumb?id=8178
982,http://farm2.static.flickr.com/1067/1430997366_b9bb2cba1f.jpg
983,http://farm1.static.flickr.com/67/196178295_8426b856f6.jpg
984,http://static.flickr.com/218/513760252_5b711acde7.jpg
985,http://static.flickr.com/136/342147802_07445031de.jpg
986,http://farm1.static.flickr.com/234/518869921_9652e7b429.jpg
987,http://static.flickr.com/1244/1314820865_b254354ab1.jpg
988,http://farm1.static.flickr.com/49/135086952_9cf0fa8874.jpg
989,http://farm2.static.flickr.com/1093/1366942111_96b65e7e41.jpg
990,http://farm1.static.flickr.com/77/192159799_5598c722e0.jpg
991,http://pets-place.net/Breeds/SchipperkeIcon.jpg
992,http://static.flickr.com/2276/2097491000_1c016204bc.jpg
993,http://www.axsons.se/foto/img/hundar/hundraser/nadig04050244.jpg
994,http://farm3.static.flickr.com/2105/2038868546_06660116a1.jpg
995,http://www.dogbreedinfo.com/images18/SchipperPooPIERRE1Year1.jpg
996,http://farm2.static.flickr.com/1207/712827931_d7b16673f8.jpg
997,http://farm1.static.flickr.com/58/196163035_382d7787b2.jpg
998,http://farm1.static.flickr.com/56/169202880_4fd71c3c23.jpg
999,http://static.flickr.com/83/221959437_d0efb368bb.jpg
1000,http://www.allbreeddogrescue.org/images/adoptees/skipper.jpg
1001,http://static.flickr.com/83/228684878_a2f87cfb7f.jpg
1002,http://static.flickr.com/108/295077189_c98ce31012.jpg
1003,http://www.redghosts.com/images/ipana/ipana_p.jpg
1004,http://centralpets.com/critter_images/mammals/dogs/DOG_0000332_20010417000153.jpg
1005,http://farm1.static.flickr.com/48/127108191_4e4d2adeea.jpg
1006,http://farm1.static.flickr.com/61/196164891_04062756cb.jpg
1007,http://static.flickr.com/2112/2056176492_a7c32a4a85.jpg
1008,http://halogardschips.tripod.com/sitebuildercontent/sitebuilderpictures/.pond/timmysox.jpg.w300h214.jpg
1009,http://farm1.static.flickr.com/211/524953633_f6acfa3ac7.jpg
1010,http://static.flickr.com/54/127108192_7b72bbb9e2.jpg
1011,http://static.flickr.com/75/196559432_7ff58641f1.jpg
1012,http://static.flickr.com/68/192184417_ad4be9a46c_b.jpg
1013,http://farm2.static.flickr.com/1191/751760218_960cb04ed2.jpg
1014,http://girlstoboys.com/schipperke.jpg
1015,http://farm2.static.flickr.com/1438/750902165_735eb4499b.jpg
1016,http://farm1.static.flickr.com/203/494242862_7d145b36ae.jpg
1017,http://www.traffordphotos.com/assets/images/Schipperke_9R071D-20302.jpg
1018,http://static.flickr.com/47/126050032_9c80d8771c.jpg
1019,http://farm2.static.flickr.com/1390/764838609_f39675de35.jpg
1020,http://www.mydogbreed.com/images/schipperke-buying.jpg
1021,http://www.purinaproclub.com/images/photos/champions/TB58_News_6.jpg
1022,http://farm1.static.flickr.com/63/211536566_aa79773a90.jpg
1023,http://static.flickr.com/85/273972569_1efee3a724.jpg
1024,http://farm1.static.flickr.com/207/440278541_e387c90e8b.jpg
1025,http://farm2.static.flickr.com/1040/797418535_0ca8de81d3.jpg
1026,http://farm1.static.flickr.com/84/211466981_ac6d053255.jpg
1027,http://www.dkimages.com/discover/previews/945/50006366.JPG
1028,http://farm2.static.flickr.com/1428/1315757734_a5ac31e3dc.jpg
1029,http://www.thornappleaussies.com/schipperke/allie.JPG
1030,http://sekicats.actewagl.net.au/fox.jpg
1031,http://info.breedguide.com/images/schipperke.jpg
1032,http://farm1.static.flickr.com/67/192157113_480ae99dd7.jpg
1033,http://farm2.static.flickr.com/1098/1180390869_4d047fd57e.jpg
1034,http://farm1.static.flickr.com/30/39816379_803b3c2e03.jpg
1035,http://www.animalpicturesarchive.com/animal/a4/Schipperke_dog-by_John_White.jpg
1036,http://images.vast.com/getimage/tools/createThumbnail.php?vertical=generic&w;=128&h;=128&id;=-3759182774180411175
1037,http://farm3.static.flickr.com/2338/2224141496_cfa4179e55.jpg
1038,http://www.alamedasmalldogs.org/Images/Sailor4.jpg
1039,http://www.dogzonline.com.au/images/feature/jennered_531.jpg
1040,http://farm1.static.flickr.com/3/2393283_88ef29ea91.jpg
1041,http://farm1.static.flickr.com/108/269069816_308a564279.jpg
1042,http://farm1.static.flickr.com/75/229259964_0081bc26b6.jpg
1043,http://farm2.static.flickr.com/1257/713715086_316dad7109.jpg
1044,http://www.saudeanimal.com.br/imagens/schipperke.jpg
1045,http://static.flickr.com/25/61151800_f96534e4c9.jpg
1046,http://hungarian-pets.com/user_files/photo/dog_breed/schipperke.jpg
1047,http://clearblueproductions.com/wp-content/uploads/2006/02/bones.jpg
1048,http://www.muttart.com/fletcher/images/the-bargees-dog-framed.jpg
1049,http://static.flickr.com/219/452126421_6e67e74b11.jpg
1050,http://www.westminsterkennelclub.org/breedinformation/non-sporting/images/shipper.jpg
1051,http://farm2.static.flickr.com/1434/1129566535_bfd5fa7e9b.jpg
1052,http://farm1.static.flickr.com/64/211469173_9695a8de7f.jpg
1053,http://www.pups4sale.com.au/schipperke_02_puppies_for_sale.jpg
1054,http://farm2.static.flickr.com/1166/1326413732_f370800a10.jpg
1055,http://www.schipperke.dk/info/ourdogs/image/gabby2.gif
1056,http://farm1.static.flickr.com/57/196180151_7d0838312b.jpg
1057,http://www.imanse.ca/images/Schipperke/Shaman_Snow.JPG
1058,http://farm1.static.flickr.com/59/229278869_a39978d4bc.jpg
1059,http://static.flickr.com/52/192183882_46a210b072.jpg
1060,http://www.dogsindepth.com/nonsporting_dog_breeds/images/schipperke_v03.jpg
1061,http://farm1.static.flickr.com/108/269068319_8ed7a1ba78.jpg
1062,http://www.pattern-maker.co.uk/images/JS%20schipperke%20dog.JPG
1063,http://farm3.static.flickr.com/2277/2192680442_c61dc20f12.jpg
1064,http://www.nextdaypets.com/ListingImages/t_633200452809030000.jpg
1065,http://farm1.static.flickr.com/75/192624827_6c45c97dee.jpg
1066,http://puppydogweb.com/caninebreeds/dogimages/schipperke_pdw.jpg
1067,http://farm1.static.flickr.com/105/252608901_e84cb1a8b8.jpg
1068,http://members.fortunecity.com/phylcage/images/animals/dogs/d_schipperke.jpg
1069,http://www.nautical-landing.com/images/stevie.jpeg
1070,http://farm2.static.flickr.com/1362/1242539193_b2f8fc1ccb.jpg
1071,http://static.flickr.com/13/18593958_526930d5b1.jpg
1072,http://farm1.static.flickr.com/120/309189426_1715600420.jpg
1073,http://static.flickr.com/1379/1469996251_61e50deb83.jpg
1074,http://farm2.static.flickr.com/1413/801159027_8a0d60e1d4.jpg
1075,http://farm1.static.flickr.com/80/262735309_327251b1ed.jpg
1076,http://static.flickr.com/165/333252956_b9b568e366.jpg
1077,http://farm2.static.flickr.com/1219/1008887348_8b5828abe1.jpg
1078,http://farm1.static.flickr.com/81/269549721_df436930c6.jpg
1079,http://www.jeansdogshop.com/view-dogs/SCHIPPERKE1-7.jpg
1080,http://farm1.static.flickr.com/38/84268166_79e807e0b5.jpg
1081,http://farm1.static.flickr.com/94/269620775_fd72b5ec4e.jpg
1082,http://www.blackcrest.com/Mick_Champion.jpg
1083,http://farm1.static.flickr.com/30/192148644_8fc7c5c61d.jpg
1084,http://www.v-artstudio.com/art/illustrations/bestofshow/bs_dog_schipperke.jpg
1085,http://farm2.static.flickr.com/1320/797418631_6d24683a71.jpg
1086,http://static.flickr.com/75/196172145_1d48581537.jpg
1087,http://www.mickeysdesigns.com/sitebuilder/images/schipperkepapertowelholder1-112x150.jpg
1088,http://www.dogzonline.com.au/images/profiles/64/1337_581.jpg
1089,http://farm1.static.flickr.com/32/98882811_28cdfc3a2a.jpg
1090,http://farm1.static.flickr.com/151/437183031_ff52d6e450.jpg
1091,http://www.puppy-kitten-sale.com/catimages/schipperke.jpg
1092,http://farm2.static.flickr.com/1132/750908149_0db10a03bd.jpg
1093,http://www.calendars.com/images/096/9620/200700016152_mp.jpg
1094,http://www.shadycreekdogs.com/sitebuilder/images/Show001cu-287x286.jpg
1095,http://breeders.dogbreedinfo.com/images2/20021030180650_002259_1.jpg
1096,http://farm3.static.flickr.com/2395/1565493544_d6664b9d47.jpg
1097,http://static.flickr.com/56/105409789_8e9d6ef086.jpg
1098,http://farm3.static.flickr.com/2001/2191889241_604bfe4d30.jpg
1099,http://farm1.static.flickr.com/207/501484537_30afeaee1d.jpg
1100,http://www.dog-breed-facts.com/images/schipperke.gif
1101,http://farm2.static.flickr.com/1290/530851984_4f70770835.jpg
1102,http://www.bnbpaintranch.com/images/Schipp2.jpg
1103,http://www.saidwithcharm.com/ProductImages/photocharms/P0973.jpg
1104,http://farm2.static.flickr.com/1176/751754198_a93b0dbb0f.jpg
1105,http://www.allpetsconsidered.com/xq/aspx/pID.10242/id.3/catid.36/subid.399/qx/images/products/full/10242.jpg
1106,http://www.nextdaypets.com/ListingImages/t_633200454901400000.jpg
1107,http://farm2.static.flickr.com/1280/1325634093_f899657377.jpg
1108,http://ahimsadogtraining.com/images/client-submitted/pomeranian-schipperke.jpg
1109,http://farm2.static.flickr.com/1216/1367127525_77dfe52754.jpg
1110,http://farm1.static.flickr.com/177/440274698_a81c22ff6a.jpg
1111,http://puppydogweb.com/gallery/schipperkes/schipperke_fox.jpg
1112,http://www.schipperke.no/joomla/mambots/content/smoothgallery/cache/230x345-hode.jpg
1113,http://www.bittybabies.com/images/SCHIPPER.GIF
1114,http://thumb5.webshots.net/s/thumb4/5/54/36/105255436bJONhY_th.jpg
1115,http://farm1.static.flickr.com/64/192166251_1b63137f02.jpg
1116,http://farm1.static.flickr.com/76/211389569_7e8ec1deac.jpg
1117,http://farm2.static.flickr.com/1196/1383122598_4bffe31834.jpg
1118,http://hunde.dyregalleri.dk/uploads_large_wm/33218.jpg
1119,http://static.flickr.com/182/386116882_9aee6eee63.jpg
1120,http://www.ohman-livestock.com/images/dogs/P9290026.jpg
1121,http://pics.hoobly.com/thumbs/CEGMW35U7HHZUPEVHP.jpg
1122,http://farm3.static.flickr.com/2156/1696005032_fd2bca90e5.jpg
1123,http://farm1.static.flickr.com/20/87991780_448345f39c.jpg
1124,http://farm3.static.flickr.com/2035/1814616704_42331f33a6.jpg
1125,http://static.flickr.com/83/221968736_fe725ef2c2.jpg
1126,http://www.traffordphotos.com/assets/images/9T065D-173.jpg
1127,http://www.matchmypet.com/Upload/PetZone/Images/Thumb/7965.JPG
1128,http://www.sanden-schipperke.de/img/thumbs/rubine.jpg
1129,http://farm1.static.flickr.com/178/437188702_15c792e0d2.jpg
1130,http://farm1.static.flickr.com/40/98882890_60bc50210f.jpg
1131,http://www.dogzonline.com.au/images/profiles/3/3119.jpg
1132,http://www.boxerbreed.info/images/dogbreeds/070506122547pt.jpg
1133,http://www.traffordphotos.com/assets/images/Schipperke_9W021D-011.jpg
1134,http://farm1.static.flickr.com/137/326840165_663f08caa6.jpg
1135,http://www.srdogs.com/Media/jet.jpg
1136,http://farm1.static.flickr.com/113/255373467_629510c6d4.jpg
1137,http://farm2.static.flickr.com/1001/1350046947_1c15e76ffc.jpg
1138,http://farm3.static.flickr.com/2040/2173990104_01f69bb2fa.jpg
1139,http://farm3.static.flickr.com/2317/2150239542_6ac2281d5f.jpg
1140,http://farm1.static.flickr.com/113/294897579_87ea1613ff.jpg
1141,http://farm1.static.flickr.com/227/502312135_d42e3056ef.jpg
1142,http://www.5stardog.com/gallery/images/Schipperke/447781311963.JPG
1143,http://static.flickr.com/1062/1115692725_16f3cfcbb6.jpg
1144,http://www.willware.net/cutey.jpg
1145,http://farm1.static.flickr.com/100/309886375_5e6d7206db.jpg
1146,http://farm2.static.flickr.com/1106/1315697056_b632daf152.jpg
