0,http://farm1.static.flickr.com/34/208044713_5491bcb0c6.jpg
1,http://static.flickr.com/1254/1012662694_f5fe376e24.jpg
2,http://terrierlover.com/wp-content/uploads/2007/12/silky-terrier.jpg
3,http://farm2.static.flickr.com/1314/1316652747_f42c57e375.jpg
4,http://farm3.static.flickr.com/2327/2199971195_341e8a5276.jpg
5,http://static.flickr.com/1006/1369241144_249709a49a.jpg
6,http://farm1.static.flickr.com/40/87403408_5d2142a7c4.jpg
7,http://farm2.static.flickr.com/1167/746579127_e414161140.jpg
8,http://static.flickr.com/1017/1245000464_2c587c0be1.jpg
9,http://static.flickr.com/1170/1176127907_7419343f3b.jpg
10,http://farm1.static.flickr.com/95/231752203_55fe225c23.jpg
11,http://farm3.static.flickr.com/2211/1883340554_0b82a5eed5.jpg
12,http://farm1.static.flickr.com/71/194474809_9a6510d5a7.jpg
13,http://www.gaemoim.com/html/nSearch/DogKindImage/18/to-Silky%20Terrier.gif
14,http://static.flickr.com/1134/1451005402_02ea9eeb35.jpg
15,http://farm1.static.flickr.com/126/330736446_3ddb0c4121.jpg
16,http://www.puppydogweb.com/caninebreeds/dogimages/yorkshireterrier_pdw.jpg
17,http://farm2.static.flickr.com/1363/1436320464_c54602d729.jpg
18,http://www.dkimages.com/discover/previews/798/80005797.JPG
19,http://farm1.static.flickr.com/40/90538006_87cb63b72c.jpg
20,http://farm2.static.flickr.com/1057/643453835_6c6ebd700f.jpg
21,http://farm2.static.flickr.com/1210/1436324118_f6e4a1b30c.jpg
22,http://farm2.static.flickr.com/1326/1470156699_44345bd04d.jpg
23,http://farm2.static.flickr.com/1417/1460595313_1d0da96a64.jpg
24,http://farm2.static.flickr.com/1085/957307288_c83ef52db2.jpg
25,http://farm1.static.flickr.com/134/330645527_df5bb427db.jpg
26,http://farm2.static.flickr.com/1281/1034157892_5cc94b1667.jpg
27,http://farm2.static.flickr.com/1190/662606858_af1cac9fc9.jpg
28,http://farm1.static.flickr.com/91/211815370_0d2dc0d2c7.jpg
29,http://farm1.static.flickr.com/34/113990474_326fa61d2d.jpg
30,http://farm2.static.flickr.com/1066/1234991359_8cfda98b8b.jpg
31,http://farm1.static.flickr.com/125/370939281_99b1199b26.jpg
32,http://farm2.static.flickr.com/1042/877382225_03ca86bc1e.jpg
33,http://farm1.static.flickr.com/47/149136158_4103625966.jpg
34,http://farm2.static.flickr.com/1350/1120848607_841e9b8fd3.jpg
35,http://farm2.static.flickr.com/1014/1333655926_e69918fff4.jpg
36,http://farm2.static.flickr.com/1105/828915927_abd004c24e.jpg
37,http://www.viarural.com.uy/ganaderia/mascotas/fotografias-perros/terrier-sedoso-australiano-07.jpg
38,http://static.flickr.com/1043/1298429079_590412c1cb.jpg
39,http://farm3.static.flickr.com/2371/2128456856_1be1b32f13.jpg
40,http://static.flickr.com/2045/1502822620_b84e0aa092.jpg
41,http://static.flickr.com/1225/1280449056_9077ec3318.jpg
42,http://static.flickr.com/1143/1420255007_13d1421c8b.jpg
43,http://farm2.static.flickr.com/1176/861932540_91c50cb8a0.jpg
44,http://farm1.static.flickr.com/81/249428613_43f79793f8.jpg
45,http://www.puppythrill.com/yorkies/pictures/york_jan.jpg
46,http://farm1.static.flickr.com/171/435937981_ac8b75a47b.jpg
47,http://static.flickr.com/1146/1414984541_aa489ef7fc.jpg
48,http://static.flickr.com/2095/1795217131_3b615c6464.jpg
49,http://farm1.static.flickr.com/47/132172636_a11a440a56.jpg
50,http://farm1.static.flickr.com/103/251004894_32ce3e7e5d.jpg
51,http://farm1.static.flickr.com/122/270235689_0775cf4c7d.jpg
52,http://static.flickr.com/1335/1109902432_e52c97d0a0.jpg
53,http://farm1.static.flickr.com/81/270236581_f870bb7da7.jpg
54,http://farm2.static.flickr.com/1179/1460596555_3550d8aedf.jpg
55,http://farm1.static.flickr.com/113/250814068_2406065e6e.jpg
56,http://farm2.static.flickr.com/1166/1110726259_bf1edb5885.jpg
57,http://farm1.static.flickr.com/134/325825253_954bf5a62d.jpg
58,http://farm2.static.flickr.com/1109/565988993_fbef5908a3.jpg
59,http://static.flickr.com/1013/1339658074_5c79e1c5d8.jpg
60,http://farm3.static.flickr.com/2288/2176833415_99cdb5679c.jpg
61,http://farm2.static.flickr.com/1091/565986349_d6b2950247.jpg
62,http://farm1.static.flickr.com/83/224963650_2d0280f443.jpg
63,http://farm1.static.flickr.com/139/322505404_53ac6df5de.jpg
64,http://farm1.static.flickr.com/22/24299354_612228fda7.jpg
65,http://farm3.static.flickr.com/2057/2202671383_a73e3a6b70.jpg
66,http://farm2.static.flickr.com/1190/1298430231_d1c80db9ba.jpg
67,http://static.flickr.com/2025/1501959719_c31c1504fa.jpg
68,http://farm3.static.flickr.com/2347/1865187285_fa1e29775b.jpg
69,http://www.dogbreedinfo.com/images17/SilkeseBenji5Months3.JPG
70,http://farm2.static.flickr.com/1184/1234992049_25f0532a08.jpg
71,http://static.flickr.com/1322/1363052195_d9db7355a1.jpg
72,http://static.flickr.com/1140/1471014112_886ada070c.jpg
73,http://farm2.static.flickr.com/1012/1338778959_19976a1a49.jpg
74,http://static.flickr.com/1018/1421139094_72a91c2061.jpg
75,"http://www.cinofilia-sud.com.ar/mundiales/australian%20silki%20.terrier,bob.jpg"
76,http://farm2.static.flickr.com/1246/1466241996_4b52c196b3.jpg
77,http://farm2.static.flickr.com/1241/1153481065_58407c0527.jpg
78,http://farm3.static.flickr.com/2299/2202685469_682534fe0d.jpg
79,http://farm3.static.flickr.com/2210/2240433189_8a7b97afb4.jpg
80,http://farm2.static.flickr.com/1154/1404597751_6892e8c71b.jpg
81,http://farm3.static.flickr.com/2325/2240433829_4841b8045e.jpg
82,http://farm2.static.flickr.com/1345/1332337445_d5ef9aad2d.jpg
83,http://farm2.static.flickr.com/1434/1470155909_e32f368c46.jpg
84,http://farm2.static.flickr.com/1053/1333654332_34ff592bf6.jpg
85,http://farm3.static.flickr.com/2354/2128742465_8a1224f804.jpg
86,http://www.matchmypet.com/Upload/PetZone/Images/10197.jpg
87,http://farm3.static.flickr.com/2005/2067085209_9591f221c9.jpg
88,http://static.flickr.com/2073/1547792237_1fff123ad2.jpg
89,http://farm2.static.flickr.com/1158/1445987730_ae89874eaf.jpg
90,http://farm3.static.flickr.com/2239/2077692128_918da409eb.jpg
91,http://static.flickr.com/1154/1012662772_192fbf3dd2.jpg
92,http://farm1.static.flickr.com/198/498489833_d1045139fc.jpg
93,http://farm2.static.flickr.com/1338/1176601585_0c7f6a087a.jpg
94,http://farm2.static.flickr.com/1044/1252693077_df3a4dfac9.jpg
95,http://farm2.static.flickr.com/1067/909053869_66024ffb5d.jpg
96,http://farm3.static.flickr.com/2165/1820885226_4ebf1237ec.jpg
97,http://farm1.static.flickr.com/239/521209369_8df2f15b21.jpg
98,http://photocache.petfinder.com/fotos/CA950/CA950.5074438-1-pn.jpg
99,http://static.flickr.com/2068/1594348968_ae9a02e886.jpg
100,http://farm2.static.flickr.com/1302/1357341283_052c8e78ea.jpg
101,http://farm3.static.flickr.com/2417/2198498515_0982ffc518.jpg
102,http://www.gotdogsonline.com/silky-terrier-pictures-breeders-puppies-rescue/pictures/silky-terrier-0016.jpg
103,http://farm3.static.flickr.com/2054/2170393493_24eebe787c.jpg
104,http://farm1.static.flickr.com/21/99953230_4f47f2e138.jpg
105,http://farm3.static.flickr.com/2348/1593463387_2aae04ecd4.jpg
106,http://static.flickr.com/2280/1835550555_e2171ab01a.jpg
107,http://www.pedigreedogs.co.uk/images_breeds/australian_silky_terrier.jpg
108,http://static.flickr.com/1321/1056708712_c07d950073.jpg
109,http://farm1.static.flickr.com/110/253891643_3133901ba7.jpg
110,http://farm3.static.flickr.com/2313/1519276394_9b233c0726.jpg
111,http://farm1.static.flickr.com/24/90537857_bf9cfc3599.jpg
112,http://farm1.static.flickr.com/221/521212981_d94e1e8ac6.jpg
113,http://static.flickr.com/1412/1235867602_93cd133ab4.jpg
114,http://farm3.static.flickr.com/2136/2199374904_e8eea71091.jpg
115,http://farm3.static.flickr.com/2327/1510929937_30ad73b35d.jpg
116,http://farm3.static.flickr.com/2206/2203435116_582b65f96f.jpg
117,http://farm2.static.flickr.com/1055/1262625098_88621b7225.jpg
118,http://www.vca.org.au/assets/australian-silky-terrier.gif
119,http://farm2.static.flickr.com/1337/1298445911_12e8d6f114.jpg
120,http://farm2.static.flickr.com/1280/1034162420_27c2a1f218.jpg
121,http://farm3.static.flickr.com/2385/2222330344_4d41af708e.jpg
122,http://www.lovemypet.com.au/images/140_head_picture.gif
123,http://www.thepetdirectory.us/Dogbreeds/silky_terrier.jpg
124,http://farm1.static.flickr.com/22/32612610_0538fc2b03.jpg
125,http://static.flickr.com/1253/1157031700_073d7e700e.jpg
126,http://farm2.static.flickr.com/1070/831573757_8fce59e521.jpg
127,http://farm1.static.flickr.com/64/171145915_12244ee3dd.jpg
128,http://farm2.static.flickr.com/1272/1132862493_b8b03b1e89.jpg
129,http://farm1.static.flickr.com/114/251004965_599f79e0f6.jpg
130,http://farm3.static.flickr.com/2026/2110336628_fc5342633f.jpg
131,http://i8.photobucket.com/albums/a28/LaurenC4/HPIM1780.jpg
132,http://farm2.static.flickr.com/1307/873770094_d0bedaae69.jpg
133,http://farm2.static.flickr.com/1308/565983793_8eb63448ce.jpg
134,http://farm3.static.flickr.com/2005/1547787715_eadd124ba5.jpg
135,http://farm3.static.flickr.com/2207/1797233968_3499ee8cea.jpg
136,http://static.flickr.com/1056/828921737_8305b793ff.jpg
137,http://static.flickr.com/2219/1866015356_8e85b2f986.jpg
138,http://farm2.static.flickr.com/1238/831574091_d259d510ce.jpg
139,http://farm2.static.flickr.com/1083/1399238077_7a7c489d55.jpg
140,http://farm1.static.flickr.com/58/185137410_e41e02d796.jpg
141,http://www.stickitonyourwall.com/_thumb.asp?filename=7424&dw;=120&dh;=130
142,http://farm2.static.flickr.com/1163/1087414207_96de4b49ec.jpg
143,http://farm2.static.flickr.com/1097/1404594353_3b665eaac3.jpg
144,http://farm1.static.flickr.com/110/303321659_3a8a8a54e7.jpg
145,http://farm1.static.flickr.com/214/521180126_c3e05283ea.jpg
146,http://farm2.static.flickr.com/1358/1440244729_da194aabca.jpg
147,http://www.tonitucker.com/images/dogbreeds2/silkyterrier.jpg
148,http://static.flickr.com/1240/1156183259_4345172650.jpg
149,http://farm2.static.flickr.com/1190/1088273536_63876968d9.jpg
150,http://farm3.static.flickr.com/2359/2134662774_c2b8f31287.jpg
151,http://www.nerf-herders-anonymous.net/images/Animals_ChewyYorkieSilkie.jpg
152,http://farm1.static.flickr.com/79/209801288_18b7ef6d66.jpg
153,http://static.flickr.com/2098/2085728428_8a52ef5798.jpg
154,http://static.flickr.com/1255/1375855240_2e25962578.jpg
155,http://static.flickr.com/1075/1271586470_6134a8b86b.jpg
156,http://farm2.static.flickr.com/1103/1206936027_bfc302481c.jpg
157,http://farm2.static.flickr.com/1167/1012240788_fe95f0ecfd.jpg
158,http://static.flickr.com/1253/1445127669_4ef8b6b376.jpg
159,http://farm2.static.flickr.com/1059/644316364_7774cb279b.jpg
160,http://farm3.static.flickr.com/2148/1609495544_2e43175a26.jpg
161,http://farm2.static.flickr.com/1314/565642106_9f16651aaa.jpg
162,http://farm3.static.flickr.com/2158/2176831699_526f2c8af1.jpg
163,http://farm3.static.flickr.com/2105/2184755066_807de22f66.jpg
164,http://www.pethabitat.com/dogpics/tpyorkie.jpg
165,http://farm1.static.flickr.com/52/144905908_5e063b930d.jpg
166,http://static.flickr.com/1055/1466240198_e11fbe6ab7.jpg
167,http://farm2.static.flickr.com/1145/853829661_65e90d6553.jpg
168,http://static.flickr.com/2275/2116622364_4fb7fa35b4.jpg
169,http://static.flickr.com/1183/1290670732_71e17eb5ae.jpg
170,http://farm1.static.flickr.com/25/88439553_68a144d2ed.jpg
171,http://static.flickr.com/1071/1375851818_49d9b9f257.jpg
172,http://www.dog-breeds-infosite.com/images/Silky_Terrier3.jpg
173,http://farm2.static.flickr.com/1222/1299318206_6cd18bc67a.jpg
174,http://farm3.static.flickr.com/2196/1502815756_dd6e7eebc7.jpg
175,http://hubpages.com/u/59008_100.jpg
176,http://farm3.static.flickr.com/2033/2079261271_5865c28526.jpg
177,http://www.atlantapetrescue.org/www_ver2/pet_pages/small/images/sydney-shihtzu1.jpg
178,http://farm2.static.flickr.com/1327/1153478191_10343d4846.jpg
179,http://static.flickr.com/2021/1511787914_c0e8ba9887.jpg
180,http://static.flickr.com/1059/1404597325_58bde5bfb3.jpg
181,http://img.photobucket.com/albums/v349/come4t/DOMES/slikes4.jpg
182,http://farm3.static.flickr.com/2268/2198278019_9f85365814.jpg
183,http://static.flickr.com/2364/1548653298_3b53d04e16.jpg
184,http://farm2.static.flickr.com/1158/1404594869_07296de2f5.jpg
185,http://farm3.static.flickr.com/2116/2077693492_0c7683d33e.jpg
186,http://farm1.static.flickr.com/76/230289677_2d74675a4c.jpg
187,http://farm3.static.flickr.com/2090/2079241539_e2ddefc80b.jpg
188,http://farm3.static.flickr.com/2182/1752389547_b280e4efa1.jpg
189,http://farm1.static.flickr.com/66/194474913_2fb61348a7.jpg
190,http://static.flickr.com/1417/1225870493_6f71fc981a.jpg
191,http://static.flickr.com/2019/2085728798_95fa0f0738.jpg
192,http://farm1.static.flickr.com/80/245736871_bb2654c7e3.jpg
193,http://farm3.static.flickr.com/2102/2074475897_83a3a24c20.jpg
194,http://farm1.static.flickr.com/31/89336917_d87e2f4816.jpg
195,http://static.flickr.com/1087/1480394641_2f6cf68b7e.jpg
196,http://static.flickr.com/1363/1225888581_f1c63faf00.jpg
197,http://farm1.static.flickr.com/228/511917114_765f8b4c64.jpg
198,http://farm2.static.flickr.com/1136/1141942959_09388f127c.jpg
199,http://farm2.static.flickr.com/1328/1289820953_1931d374fa.jpg
200,http://static.flickr.com/2077/1701536845_0750485415.jpg
201,http://farm2.static.flickr.com/1308/1031247729_b721e68356.jpg
202,http://farm1.static.flickr.com/51/149136104_9aca50625d.jpg
203,http://farm1.static.flickr.com/77/224963841_3397d9fa53.jpg
204,http://farm1.static.flickr.com/56/139478815_4c26cfc806.jpg
205,http://farm2.static.flickr.com/1111/695276497_4bbfd7e22f.jpg
206,http://www.greatdogsite.com/admin/uploaded_files/thumbnails/yorkshire_terrier345.05x_1191991542515.jpg
207,http://farm2.static.flickr.com/1344/890903533_59f231955f.jpg
208,http://silkyrescue.tripod.com/id/silky.jpg
209,http://farm2.static.flickr.com/1066/873766226_b72d53821f.jpg
210,http://farm2.static.flickr.com/1223/1321275826_5db55e9192.jpg
211,http://farm1.static.flickr.com/59/170996528_a0d6e9936d.jpg
212,http://www.dooziedog.com/dog_breeds/images/full/Silky-Terrier-Puppy.jpg
213,http://farm2.static.flickr.com/1338/1405480308_8470384d4c.jpg
214,http://farm2.static.flickr.com/1155/1299313434_6cdc991aa3.jpg
215,http://farm2.static.flickr.com/1360/932874669_1435027a31.jpg
216,http://farm1.static.flickr.com/86/274304720_c04cd07aac.jpg
217,http://farm2.static.flickr.com/1036/912374323_f4b12beee0.jpg
218,http://farm2.static.flickr.com/1127/565636842_62f5009682.jpg
219,http://www.dogzonline.com.au/images/profiles/62/15058_1253_sm.jpg
220,http://farm2.static.flickr.com/1095/877381741_6fd474e15e.jpg
221,http://farm2.static.flickr.com/1031/1281491190_d97f38128d.jpg
222,http://farm3.static.flickr.com/2226/2198506369_64502b7c89.jpg
223,http://www.gotpetsonline.com/pictures-gallery/dog-pictures-breeders-puppies-rescue/silky-terrier-pictures-breeders-puppies-rescue/pictures/silky-terrier-0018.jpg
224,http://farm1.static.flickr.com/121/286634841_2ee9a79a2d.jpg
225,http://farm2.static.flickr.com/1376/554340080_3c1bea4899.jpg
226,http://farm3.static.flickr.com/2327/2011120090_33469fa488.jpg
227,http://farm2.static.flickr.com/1091/1098859420_6b39fdcdb6.jpg
228,http://farm3.static.flickr.com/2311/2177156854_4e982e67f1.jpg
229,http://www.gotpetsonline.com/pictures-gallery/dog-pictures-breeders-puppies-rescue/silky-terrier-pictures-breeders-puppies-rescue/pictures/silky-terrier-0046.jpg
230,http://static.flickr.com/1433/1088269110_7550b2e4b6.jpg
231,http://farm3.static.flickr.com/2353/2196335601_a57c34b463.jpg
232,http://farm3.static.flickr.com/2360/1502032113_5895e13fd0.jpg
233,http://farm2.static.flickr.com/1178/831574405_09e1e204df.jpg
234,http://farm1.static.flickr.com/51/144508291_8b5ea69d7e.jpg
235,http://farm1.static.flickr.com/50/110335412_f2eb77e1ff.jpg
236,http://farm1.static.flickr.com/44/144905869_7f96e7b1a7.jpg
237,http://www.puppydogweb.com/gallery/silkyterriers/silkyterrier_attwood.jpg
238,http://farm3.static.flickr.com/2086/2198248093_36e7564c2d.jpg
239,http://farm2.static.flickr.com/1244/921851446_e957de86a8.jpg
240,http://bp3.blogger.com/_t9BtdZa7Kn8/Reb5TVHGOaI/AAAAAAAAASk/c7qoSPw2t7s/s400/P1011123.JPG
241,http://farm2.static.flickr.com/1317/1088278232_69e7f9e825.jpg
242,http://www.dogsindepth.com/toy_dog_breeds/images/australian_silky_terrier_v02.jpg
243,http://static.flickr.com/40/82046417_40bc0c474c.jpg
244,http://www.shaleesilkys.com/Gallery/James&Rorysm.jpg;
245,http://static.flickr.com/1269/1333658740_83b345de26.jpg
246,http://farm2.static.flickr.com/1147/1001546349_69768a9c3e.jpg
247,http://farm1.static.flickr.com/46/150124448_52370d0e2a.jpg
248,http://farm2.static.flickr.com/1118/956538395_53fbd2ebec.jpg
249,http://farm1.static.flickr.com/44/138855720_60cb806b4d.jpg
250,http://farm1.static.flickr.com/80/234146258_612de67ede.jpg
251,http://farm2.static.flickr.com/1364/663702802_e3d08b1056.jpg
252,http://farm2.static.flickr.com/1119/1415864432_892567e775.jpg
253,http://farm2.static.flickr.com/1009/1235858930_564b85d906.jpg
254,http://www.gmpl.co.nz/images/h300/images/Australian%20Silky%20Terrier%20-%20059319_P.jpg
255,http://farm3.static.flickr.com/2041/2096525894_2af5e22498.jpg
256,http://farm1.static.flickr.com/77/206992899_058a367659.jpg
257,http://farm2.static.flickr.com/1239/831436709_693de99924.jpg
258,http://farm1.static.flickr.com/30/98124269_0db4b982b0.jpg
259,http://static.flickr.com/1197/1280626747_960040e4aa.jpg
260,http://www.finda.co.nz/images/thumb/zc/81a3710d-7ff4-9804-0952-9c8cbac98fbc/80x60/austalian-silky-terrier.jpg
261,http://farm2.static.flickr.com/1218/965851219_e171669129.jpg
262,http://farm3.static.flickr.com/2297/2199322388_11bf8a0631.jpg
263,http://www.gotpetsonline.com/pictures-gallery/dog-pictures-breeders-puppies-rescue/silky-terrier-pictures-breeders-puppies-rescue/pictures/silky-terrier-0029.jpg
264,http://farm1.static.flickr.com/170/480544870_f4849b772b.jpg
265,http://farm1.static.flickr.com/43/85207186_0e54553d6c.jpg
266,http://farm2.static.flickr.com/1286/1234989613_f07e88c391.jpg
267,http://www.tjorvar.is/assets/images/autogen/a_Silky_Terrier_Puppy.jpg
268,http://static.flickr.com/1158/799354009_c3965459d4.jpg
269,http://farm1.static.flickr.com/83/234825127_af00796675.jpg
270,http://farm1.static.flickr.com/123/348350310_95e2c0dcbf.jpg
271,http://static.flickr.com/1034/1473720221_d1b02f4d59.jpg
272,http://static.flickr.com/2092/2094752132_9559cecb2b.jpg
273,http://farm1.static.flickr.com/38/122368344_6af24eaac9.jpg
274,http://farm2.static.flickr.com/1424/1098000289_09ba98e5ff.jpg
275,http://farm3.static.flickr.com/2307/2129502975_e8c0b4d55d.jpg
276,http://farm2.static.flickr.com/1122/1435452807_e796977f51.jpg
277,http://farm2.static.flickr.com/1343/603208485_2393150c25.jpg
278,http://static.flickr.com/1348/1021960843_a5c00727af.jpg
279,http://farm2.static.flickr.com/1219/1384497186_352d7e43cd.jpg
280,http://farm3.static.flickr.com/2165/2203213516_df0337dd05.jpg
281,http://farm3.static.flickr.com/2264/2058412578_f721c2f0ae.jpg
282,http://static.flickr.com/1264/1473720573_d7ba3375cf.jpg
283,http://farm2.static.flickr.com/1053/1460595623_0bf69415e6.jpg
284,http://farm1.static.flickr.com/28/89307106_df40416819.jpg
285,http://farm3.static.flickr.com/2274/1748119369_53247cb100.jpg
286,http://farm3.static.flickr.com/2156/2092654448_791f84da0a.jpg
287,http://www.petstyle.com/images/breed_profiles/dogs/Silky_Terrier.jpg
288,http://farm1.static.flickr.com/77/170996670_c0dd9cddd3.jpg
289,http://static.flickr.com/1238/1235855206_64c61ad2f0.jpg
290,http://farm2.static.flickr.com/1007/872270758_0bb585fc76.jpg
291,http://www.kamter.pl/silky/dog.jpg
292,http://www.marydoveart.com/images/DSCF0173SilkeyTerrier213pixelsReversedCrop10-28-2006Photo7-9-04Dog1.jpg
293,http://farm2.static.flickr.com/1053/921851584_97422e52e4.jpg
294,http://farm2.static.flickr.com/1175/957307714_28b8222565.jpg
295,http://static.flickr.com/1120/991654622_2e5140bfe4.jpg
296,http://farm2.static.flickr.com/1105/1065729525_8387a8310b.jpg
297,http://farm1.static.flickr.com/55/140662392_70decd1778.jpg
298,http://static.flickr.com/1234/1121690398_36b3b68363.jpg
299,http://farm2.static.flickr.com/1213/1445129013_7ac06e2eb9.jpg
300,http://farm2.static.flickr.com/1421/1164765687_7aca07bbe7.jpg
301,http://farm3.static.flickr.com/2237/2185950175_57a0dc1cf0.jpg
302,http://farm2.static.flickr.com/1429/956538351_b27f35e532.jpg
303,http://static.flickr.com/1155/1281487850_2ef4a909cc.jpg
304,http://static.flickr.com/1051/1299323788_fb7ec3669c.jpg
305,http://www.petloversclub.com/dog-breed/images/Silky2.jpg
306,http://farm1.static.flickr.com/52/128635078_318799b62d.jpg
307,http://farm3.static.flickr.com/2163/2136725795_e59e8537c8.jpg
308,http://farm2.static.flickr.com/1396/1376019681_885265bf1e.jpg
309,http://farm2.static.flickr.com/1023/841821410_3c2f316377.jpg
310,http://static.flickr.com/2331/1795216151_0c91b952d5.jpg
311,http://static.flickr.com/1335/1187428509_a767e84d7c.jpg
312,http://farm3.static.flickr.com/2389/1749745744_7660b89909.jpg
313,http://farm2.static.flickr.com/1174/1469804655_16f618b64d.jpg
314,http://static.flickr.com/2273/1609499686_ffd9481aa4.jpg
315,http://farm1.static.flickr.com/56/131210046_922dfdc145.jpg
316,http://farm2.static.flickr.com/1370/764520183_78775a7d44.jpg
317,http://farm3.static.flickr.com/2398/2080186060_139462ba2f.jpg
318,http://farm1.static.flickr.com/30/98125095_18f4cb5053.jpg
319,http://static.flickr.com/1192/1430121733_52cc28c2ae.jpg
320,http://farm3.static.flickr.com/2136/2177156524_192dc795ec.jpg
321,http://www.loveyourdog.com/images/yorkieBAdkins.jpg
322,http://farm2.static.flickr.com/1157/661756419_55683edf79.jpg
323,http://farm1.static.flickr.com/145/334961429_ec03b96706.jpg
324,http://farm3.static.flickr.com/2049/2240434595_e5e775c7ab.jpg
325,http://www.lovemypet.com.au/images/139_body_picture_small.gif
326,http://farm1.static.flickr.com/30/89099612_38003a8789.jpg
327,http://farm3.static.flickr.com/2149/2220169508_78a11ee4b8.jpg
328,http://farm2.static.flickr.com/1209/662834141_ea44ef3ae3.jpg
329,http://farm3.static.flickr.com/2118/1801873577_38da3bacff.jpg
330,http://farm1.static.flickr.com/39/92864738_4670c51af3.jpg
331,http://farm3.static.flickr.com/2056/2202688255_230373516a.jpg
332,http://farm3.static.flickr.com/2007/1820907194_72c355f282.jpg
333,http://farm2.static.flickr.com/1027/662603118_7e750a3ca0.jpg
334,http://www.cinofiliaitaliana.it/terrier/ARTICOLI/tessiture/yorkie.jpg
335,http://static.flickr.com/1215/1440244039_cce05175bc.jpg
336,http://farm3.static.flickr.com/2358/1493777282_a7f486986e.jpg
337,http://www.dogzonline.com.au/images/profiles/07/01/19716_450_sm.jpg
338,http://www.geocities.com/Heartland/Ridge/8160/cindy-body.jpg
339,http://farm2.static.flickr.com/1290/1344550930_022cc94d35.jpg
340,http://farm2.static.flickr.com/1344/934958518_81728207ac.jpg
341,http://www.furrycritter.com/resources/dogs/Images/Silky_Terrier.jpg
342,http://farm2.static.flickr.com/1122/1001624221_6d0e96f1a1.jpg
343,http://farm1.static.flickr.com/87/209800549_b47ee9cc00.jpg
344,http://farm1.static.flickr.com/30/60407580_910186eae2.jpg
345,http://farm1.static.flickr.com/93/245736258_71b82dcd9f.jpg
346,http://www.lostpetfound.com/images/Red272820070621.jpg
347,http://farm1.static.flickr.com/19/113140666_6e875cb966.jpg
348,http://farm1.static.flickr.com/74/209801901_8a061ca712.jpg
349,http://farm2.static.flickr.com/1233/1339674102_b4ef062def.jpg
350,http://farm3.static.flickr.com/2146/1539267892_005f04a030.jpg
351,http://www.dogzonline.com.au/images/profiles/07/01/4569_1106_sm.jpg
352,http://www.gotpetsonline.com/pictures-gallery/dog-pictures-breeders-puppies-rescue/silky-terrier-pictures-breeders-puppies-rescue/pictures-photos/silky-terrier-0012.jpg
353,http://farm2.static.flickr.com/1064/1435452157_43903d0af3.jpg
354,http://farm2.static.flickr.com/1312/1021901289_7ab7d08b9e.jpg
355,http://farm1.static.flickr.com/136/380171703_a85775d874.jpg
356,http://static.flickr.com/1216/1226745376_0caacc8f24.jpg
357,http://farm3.static.flickr.com/2167/2179204527_8778f6a663.jpg
358,http://farm2.static.flickr.com/1249/1349027286_f4a3904510.jpg
359,http://farm1.static.flickr.com/29/100815204_0f5acf9f23.jpg
360,http://farm2.static.flickr.com/1225/854686741_1e73ef901f.jpg
361,http://farm2.static.flickr.com/1404/1435457129_86b8c1862b.jpg
362,http://farm1.static.flickr.com/97/245736585_83a58522b4.jpg
363,http://www.gotpetsonline.com/pictures-gallery/dog-pictures-breeders-puppies-rescue/silky-terrier-pictures-breeders-puppies-rescue/pictures-photos/silky-terrier-0019.jpg
364,http://farm2.static.flickr.com/1068/1332770855_6f0e011149.jpg
365,http://www.voschiens.fr/PHOTORACESILKY.jpg
366,http://farm2.static.flickr.com/1258/1445987072_bfabda48a2.jpg
367,http://farm1.static.flickr.com/62/166156638_65bb25c1a7.jpg
368,http://farm2.static.flickr.com/1376/1474571808_e8bbe3042f.jpg
369,http://static.flickr.com/1035/1332349321_c76a750462.jpg
370,http://farm1.static.flickr.com/67/185137157_9c000cfa24.jpg
371,http://farm1.static.flickr.com/38/104978604_543b313b7a.jpg
372,http://farm2.static.flickr.com/1062/1142784402_6d1b34a883.jpg
373,http://www.dogdaysproductions.com/Cow%20Palace%20Show/F19%20-%20SilkyTerrierShari.jpg
374,http://farm2.static.flickr.com/1041/751460292_bd52579613.jpg
375,http://www.lovemypet.com.au/images/140_body_picture.gif
376,http://static.flickr.com/1151/1290677748_e57cb9c571.jpg
377,http://farm1.static.flickr.com/76/195837995_b3a52a1ce6.jpg
378,http://farm1.static.flickr.com/210/503159913_bf0476b210.jpg
379,http://farm3.static.flickr.com/2046/2171187162_f2366efb52.jpg
380,http://farm2.static.flickr.com/1243/1098339301_e6935b69be.jpg
381,http://static.flickr.com/1438/1033304379_ae2f55b8c4.jpg
382,http://farm2.static.flickr.com/1084/1088268000_b88f73ce02.jpg
383,http://farm3.static.flickr.com/2058/1502820078_cfc2ec87d0.jpg
384,http://farm2.static.flickr.com/1143/1450145761_7253f27a88.jpg
385,http://static.flickr.com/1274/1165616464_426f28ca79.jpg
386,http://farm2.static.flickr.com/1388/1320392387_1d5a90f036.jpg
387,http://farm2.static.flickr.com/1144/1320384567_727c105d1e.jpg
388,http://www.dogbreedinformation.com/images/silkyterriersit.jpg
389,http://www.dotnews.com/lostdogcody.jpg
390,http://farm1.static.flickr.com/113/290145352_1f24ac7b26.jpg
391,http://www.puppy.com.my/forumimages/users/2963-user_icon.jpg
392,http://farm2.static.flickr.com/1318/1399243041_77162e621c.jpg
393,http://static.flickr.com/2213/1501963899_e771353b80.jpg
394,http://static.flickr.com/1376/1244140539_da4804d828.jpg
395,http://static.flickr.com/2140/1609497084_999c7eef2f.jpg
396,http://www.silkyterrierdogs.com/images/chewy-silky2.jpg
397,http://farm2.static.flickr.com/1078/1187430949_043a283386.jpg
398,http://www.gotpetsonline.com/pictures-gallery/dog-pictures-breeders-puppies-rescue/silky-terrier-pictures-breeders-puppies-rescue/pictures-photos/silky-terrier-0004.jpg
399,http://www.topdogresort.com/images/400/chips.jpg
400,http://farm3.static.flickr.com/2049/2241228650_b304690591.jpg
401,http://farm2.static.flickr.com/1327/1109057519_bdd8cc025a.jpg
402,http://static.flickr.com/1365/1207795482_6aed3e0eba.jpg
403,http://farm2.static.flickr.com/1004/612610455_cc3a978d6b.jpg
404,http://farm2.static.flickr.com/1161/1348136079_edebe318af.jpg
405,http://www.breederretriever.com/photopost/data/640/medium/2005-10-24_Bubba_prison_revolt.jpg
406,http://farm3.static.flickr.com/2361/2190921684_e683f108f6.jpg
407,http://farm2.static.flickr.com/1400/1097998551_5550eed5b7.jpg
408,http://static.flickr.com/1292/1001623843_642ecd83df.jpg
409,http://farm3.static.flickr.com/2289/2027196657_13c27c66c2.jpg
410,http://farm3.static.flickr.com/2210/1547791999_3f0810a451.jpg
411,http://www.magicshowkennel.com/images/silky/knl%20Australian%20Silky%20Terrier1.jpg
412,http://farm3.static.flickr.com/2189/2199378168_ac2f10d243.jpg
413,http://static.flickr.com/1424/1290678312_e0fe57d8ee.jpg
414,http://farm3.static.flickr.com/2100/2243800520_ca303bb0c3.jpg
415,http://farm1.static.flickr.com/199/519253605_0b6e68a8bb.jpg
416,http://farm3.static.flickr.com/2065/1796391795_21cc220298.jpg
417,http://static.flickr.com/1315/1289822101_b7ab11887e.jpg
418,http://farm1.static.flickr.com/125/318202813_47b1433601.jpg
419,http://farm3.static.flickr.com/2327/2222330774_6ac36011f0.jpg
420,http://www.fotosearch.com/thumb/SPS/SPS009/2061R-818.jpg
421,http://farm2.static.flickr.com/1433/1203567184_513bface7d.jpg
422,http://farm1.static.flickr.com/85/208042533_6aebe1b3d0.jpg
423,http://farm2.static.flickr.com/1264/1363051653_46cd7b3099.jpg
424,http://farm3.static.flickr.com/2271/1752390915_d114b3b7fd.jpg
425,http://www.gotpetsonline.com/pictures-gallery/dog-pictures-breeders-puppies-rescue/silky-terrier-pictures-breeders-puppies-rescue/pictures-photos/silky-terrier-0045.jpg
426,http://farm1.static.flickr.com/86/208043637_cc5b3f02aa.jpg
427,http://farm1.static.flickr.com/48/191497700_7c87a64154.jpg
428,http://lh3.google.com/_bey6YngL79Q/RZgZZzYf7ZI/AAAAAAAAJrQ/Q4aVdNKzh1U/s800/IMG_2865.jpg
429,http://www.dogbreedinfo.com/images12/SilkyTerrierBeautifulOz.JPG
430,http://farm1.static.flickr.com/58/211338694_d5d0ee5aea.jpg
431,http://farm3.static.flickr.com/2002/1796393963_293f50de54.jpg
432,http://farm3.static.flickr.com/2252/2202635719_b1be70af2b.jpg
433,http://farm1.static.flickr.com/46/185137016_139f0e5bf9.jpg
434,http://farm1.static.flickr.com/1/122367617_5d1c79c7e4.jpg
435,http://farm1.static.flickr.com/94/281841106_e5972afea5.jpg
436,http://farm1.static.flickr.com/91/209801050_ff43208019.jpg
437,http://farm2.static.flickr.com/1418/750652307_dceef70e05.jpg
438,http://static.flickr.com/1002/1435456051_aa9e9f31a6.jpg
439,http://static.flickr.com/1262/1240608858_6e5623614d.jpg
440,http://farm2.static.flickr.com/1337/828914297_3a06cb74d0.jpg
441,http://farm3.static.flickr.com/2021/2188720165_cf5fd8cc26.jpg
442,http://farm1.static.flickr.com/172/463850042_6c49ec75d3.jpg
443,http://www.amronsilkyterriers.com/images/yorkieshaved.jpg
444,http://farm2.static.flickr.com/1362/872111258_724b6cec26.jpg
445,http://farm1.static.flickr.com/54/115096868_e4657c6f0d.jpg
446,http://farm2.static.flickr.com/1058/554340066_5d351b5cae.jpg
447,http://lh3.google.com/_8fuHegZuWJA/R0pRJf1_oRI/AAAAAAAAAT4/VX2z9onv18w/s800/Fresh008.JPG
448,http://farm2.static.flickr.com/1288/1288203721_56e587cfdf.jpg
449,http://farm2.static.flickr.com/1249/1142791562_a05eda748a.jpg
450,http://farm2.static.flickr.com/1437/1120851355_d643f7a0d6.jpg
451,http://www.malibudogadoptions.org/sml2chewy.jpg
452,http://farm1.static.flickr.com/170/434359240_39dbd94c62.jpg
453,http://static.flickr.com/1249/1349027286_f4a3904510.jpg
454,http://www.top-dogs-names.com/images/yorkshire-terrier.jpg
455,http://farm2.static.flickr.com/1305/1153473607_a3cdf45a6a.jpg
456,http://farm1.static.flickr.com/34/88439558_52ea39e8cf.jpg
457,http://static.flickr.com/1176/1207809042_ce527234db.jpg
458,http://farm2.static.flickr.com/1303/856659932_2640efdfac.jpg
459,http://farm1.static.flickr.com/52/153893076_a18068749c.jpg
460,http://farm2.static.flickr.com/1189/1487395928_8a6643528d.jpg
461,http://farm3.static.flickr.com/2366/2113570361_d7ddb0e278.jpg
462,http://farm3.static.flickr.com/2178/1575406728_b3c4ca53b1.jpg
463,http://www.frenchtoutou.com/race/groupe3/images/silkyterrier/silky5_pearljessy.jpg
464,http://www.majodian.com/Neelah.jpg
465,http://farm1.static.flickr.com/74/227176549_25f6e2ea53.jpg
466,http://farm3.static.flickr.com/2329/2162527280_7b3bc762ce.jpg
467,http://farm3.static.flickr.com/2039/1833946225_a5d610aa9a.jpg
468,http://static.flickr.com/114/253098525_17741830b4.jpg
469,http://farm2.static.flickr.com/1191/662604046_d99e741ff5.jpg
470,http://farm2.static.flickr.com/1263/1456498818_e382e98ab4.jpg
471,http://static.flickr.com/1310/1473718673_44c6934895.jpg
472,http://farm2.static.flickr.com/1139/932874919_9c3acb4dc0.jpg
473,http://farm3.static.flickr.com/2377/2165173328_4b035dd019.jpg
474,http://www.dogsindepth.com/toy_dog_breeds/images/silky_terrier_h04.jpg
475,http://farm2.static.flickr.com/1008/1234988821_16d7c6d759.jpg
476,http://farm2.static.flickr.com/1342/1383601435_fe65d7361c.jpg
477,http://farm1.static.flickr.com/70/209799517_eafd157349.jpg
478,http://farm1.static.flickr.com/53/127743330_80446500cc.jpg
479,http://farm2.static.flickr.com/1046/1197532593_a78d7b4dbc.jpg
480,http://farm3.static.flickr.com/2371/1831308377_751be5808e.jpg
481,http://farm3.static.flickr.com/2175/2176790215_99e8513f13.jpg
482,http://farm3.static.flickr.com/2186/2170393255_f96fd365fa.jpg
483,http://www.breederretriever.com/photopost/data/639/medium/Silk.jpg
484,http://farm1.static.flickr.com/72/213777748_ca78c1c549.jpg
485,http://www.gotpetsonline.com/pictures-gallery/dog-pictures-breeders-puppies-rescue/silky-terrier-pictures-breeders-puppies-rescue/pictures/silky-terrier-0074.jpg
486,http://farm2.static.flickr.com/1060/1320397443_b6319b00ec.jpg
487,http://farm3.static.flickr.com/2309/2104294933_a4f5ac24aa.jpg
488,http://farm2.static.flickr.com/1142/1218208094_23128d8078.jpg
489,http://farm1.static.flickr.com/1/122367761_d1acf52606.jpg
490,http://farm1.static.flickr.com/34/73332879_bc26ab7764.jpg
491,http://farm2.static.flickr.com/1262/1332347167_9217cd966c.jpg
492,http://www.australien-silky-terrier.com/img/silky_terrier/dog2.jpg
493,http://static.flickr.com/2358/1492922861_1f13319e00.jpg
494,http://farm2.static.flickr.com/1414/1226749088_3e9c25a70b.jpg
495,http://www.dogcafe.net/uploaded_images/silky-terrier-711271.jpg
496,http://farm1.static.flickr.com/59/155208971_353986ca96.jpg
497,http://farm1.static.flickr.com/137/330645351_f385bab7ca.jpg
498,http://farm3.static.flickr.com/2077/1911851905_e721c27584.jpg
499,http://farm1.static.flickr.com/84/270235942_94df546de4.jpg
500,http://www.toyclubofgreaterhouston.org/images/PhotoGallery/image004.jpg
501,http://static.flickr.com/1114/1217345699_db2f16ddea.jpg
502,http://static.flickr.com/1013/1012662842_18fa4122f8.jpg
503,http://farm1.static.flickr.com/156/346136309_1f8460ed46.jpg
504,http://www.petpages.com/amage.php?id=502
505,http://farm3.static.flickr.com/2387/2058412594_29bfcd5d09.jpg
506,http://farm2.static.flickr.com/1194/1012323480_ad64585211.jpg
507,http://farm1.static.flickr.com/65/209792181_e3ad14feaa.jpg
508,http://www.falmouthvisitor.com/ChristmasParade/Pixel-lg.jpg
509,http://www.omahadogpark.org/sitebuilder/images/Rosco_SilkyTerrier_7mo-178x128.jpg
510,http://www.pedigreesearch.co.uk/breed_guides/graphics/australiansilkyterrier.jpg
511,http://www.gotpetsonline.com/pictures-gallery/dog-pictures-breeders-puppies-rescue/silky-terrier-pictures-breeders-puppies-rescue/pictures/silky-terrier-0054.jpg
512,http://farm3.static.flickr.com/2324/2084945941_2d5357bcab.jpg
513,http://farm1.static.flickr.com/61/191497708_e09f31ced2.jpg
514,http://farm1.static.flickr.com/64/230289662_23106b2463.jpg
515,http://farm1.static.flickr.com/163/334961247_84ee8edecf.jpg
516,http://farm2.static.flickr.com/1440/1206936971_bcf37b2755.jpg
517,http://farm2.static.flickr.com/1020/934094101_8977c076e9.jpg
518,http://farm2.static.flickr.com/1234/661757041_61e131e913.jpg
519,http://farm2.static.flickr.com/1209/1217340349_4fca67b13e.jpg
520,http://www.volarius.pl/images/aus.jpg
521,http://farm1.static.flickr.com/48/113990589_c1af57a8f8.jpg
522,http://www.pups4sale.com.au/australian_silky_02a.jpg
523,http://static.flickr.com/1082/1357823458_5e49959c57.jpg
524,http://farm1.static.flickr.com/81/236914914_e7126608a6.jpg
525,http://farm2.static.flickr.com/1380/1280619035_9c543e61ed.jpg
526,http://farm1.static.flickr.com/67/158002975_43d0e0dcc9.jpg
527,http://farm2.static.flickr.com/1360/799346011_b9e2dd0cc4.jpg
528,http://farm2.static.flickr.com/1288/1425591617_2a081d910f.jpg
529,http://farm1.static.flickr.com/111/294997392_4ed13abe59.jpg
530,http://static.flickr.com/1266/1289814947_81fb9cc65e.jpg
531,http://farm3.static.flickr.com/2234/2149268819_4dedb4fa44.jpg
532,http://farm2.static.flickr.com/1214/1425593007_642baea81e.jpg
533,http://farm1.static.flickr.com/133/423162925_3720e42ffe.jpg
534,http://static.flickr.com/2251/1586175515_f513f3dfb3.jpg
535,http://farm1.static.flickr.com/63/153892749_165fac1cdc.jpg
536,http://farm2.static.flickr.com/1353/1332769657_7ba0fc55c6.jpg
537,http://farm3.static.flickr.com/2059/2235347699_95c23edffb.jpg
538,http://static.flickr.com/1167/1332769383_e23c022d1e.jpg
539,http://farm1.static.flickr.com/71/156896237_ab777f40fc.jpg
540,http://farm2.static.flickr.com/1142/711684386_04d010c1a2.jpg
541,http://farm1.static.flickr.com/24/98124494_f0c489f988.jpg
542,http://farm2.static.flickr.com/1241/1226738726_e0094dc5cf.jpg
543,http://static.flickr.com/1262/1389013427_264d8dc155.jpg
544,http://www.breederretriever.com/photopost/data/640/medium/I_mReallyIntersted.jpg
545,http://static.flickr.com/1298/1357825116_30dd7db3ba.jpg
546,http://www.seabornsilkys.com/SeabornPhotos/Roy10.jpg
547,http://static.flickr.com/1370/540902553_ef717d7e3f.jpg
548,http://static.flickr.com/1075/1131030103_55ad1649c1.jpg
549,http://farm2.static.flickr.com/1055/1121700186_f1e12543f0.jpg
550,http://farm1.static.flickr.com/71/211339200_db5d92a996.jpg
551,http://static.flickr.com/1348/1120860767_15bfba9082.jpg
552,http://farm3.static.flickr.com/2217/2190923964_c14e44eb82.jpg
553,http://farm2.static.flickr.com/1377/944069767_0fbce9c221.jpg
554,http://www.homesteadblogger.com/uploads/d/Daryn/21409.jpg
555,http://farm3.static.flickr.com/2328/1833967353_f4f2641913.jpg
556,http://farm2.static.flickr.com/1265/1333243688_d72c75cd67.jpg
557,http://farm3.static.flickr.com/2158/1646895193_e583cbe453.jpg
558,http://farm3.static.flickr.com/2107/1753243712_362fc083a8.jpg
559,http://farm3.static.flickr.com/2420/2164859847_8963dd396c.jpg
560,http://farm3.static.flickr.com/2045/2202698835_8eaa1101e2.jpg
561,http://farm3.static.flickr.com/2079/2173549909_306da4a78e.jpg
562,http://farm2.static.flickr.com/1233/699816640_ef2c4a2c66.jpg
563,http://farm1.static.flickr.com/106/251005005_179e15ddc8.jpg
564,http://farm1.static.flickr.com/175/370939694_bc51f6b2d3.jpg
565,http://farm1.static.flickr.com/36/111798296_ae6c2702e1.jpg
566,http://farm3.static.flickr.com/2374/2178715454_a3dee8e7e5.jpg
567,http://static.flickr.com/1053/1164767063_bc74c4f873.jpg
568,http://farm3.static.flickr.com/2351/1501966649_d39862d845.jpg
569,http://static.flickr.com/1267/1121693036_a08d331e96.jpg
570,http://farm2.static.flickr.com/1119/890903721_2c538e2cf2.jpg
571,http://www.danrichstables.com/SilkyTerriers/Images/Marshall/2Thumb.jpg
572,http://farm2.static.flickr.com/1376/1261765053_dcd08bf474.jpg
573,http://static.flickr.com/5/9603510_b34aac9f3d.jpg
574,http://static.flickr.com/1318/1001623601_fb8368eb6b.jpg
575,http://farm2.static.flickr.com/1005/565995411_9efa8a95c8.jpg
576,http://static.flickr.com/1251/1333243244_3101e147f1.jpg
577,http://farm3.static.flickr.com/2377/2235348077_e10687620a.jpg
578,http://farm1.static.flickr.com/158/390749282_0930732ced.jpg
579,http://farm3.static.flickr.com/2205/2079415427_ecad8e102e.jpg
580,http://static.flickr.com/72/194474845_f16519be0d.jpg
581,http://www.silkyrescueaustralia.com/NSW/jinxy%20DR.jpg
582,http://farm3.static.flickr.com/2124/2095749093_6e14b02c68.jpg
583,http://static.flickr.com/1425/1298455341_ec7c4e89dc.jpg
584,http://farm2.static.flickr.com/1102/1466240786_2ff123e244.jpg
585,http://farm1.static.flickr.com/25/53655791_650a6f44b7.jpg
586,http://static.flickr.com/2009/2048623267_7debb7c7bb.jpg
587,http://farm3.static.flickr.com/2076/2194521006_b605dfd466.jpg
588,http://www.wellbredpets.com/tempimages/PIC00000004353-0001_zoom.jpg
589,http://silkyrescue.tripod.com/murphyslaw3.jpg
590,http://farm1.static.flickr.com/63/210909704_584546001c.jpg
591,http://farm3.static.flickr.com/2337/2176811742_ed2a0ae40a.jpg
592,http://www.dogzonline.com.au/images/profiles/07/01/19740_1454_sm.jpg
593,http://static.flickr.com/1045/1389907448_e4776c2e84.jpg
594,http://dailypuppy.com/images/07/biggies/lucy_silky_terrier_08.jpg
595,http://farm3.static.flickr.com/2099/2131731435_b24c1cbce8.jpg
596,http://farm3.static.flickr.com/2165/2080146658_62e01af920.jpg
597,http://farm2.static.flickr.com/1348/1117554153_643ada68b8.jpg
598,http://farm2.static.flickr.com/1008/1461459056_76f724f311.jpg
599,http://www.digitaldog.com/images/breeds/silkytopc.jpg
600,http://static.flickr.com/1057/991769040_c7b2ca8289.jpg
601,http://farm2.static.flickr.com/1152/1338767237_a26e7bd350.jpg
602,http://2000dogs.com/photos/silkyterrier_pdw.jpg
603,http://static.flickr.com/1067/866304599_23003a48d4.jpg
604,http://dogoftheday.com/archive/2000/January/23.jpg
605,http://farm2.static.flickr.com/1412/1394817318_2a1fb56e44.jpg
606,http://farm3.static.flickr.com/2398/2044916057_0e86726408.jpg
607,http://farm3.static.flickr.com/2085/2092191045_ef91914cbd.jpg
608,http://www.dog-breeds-infosite.com/images/Silky_Terrier.jpg
609,http://www.hunde-im-web.de/bilder/silky_2.jpg
610,http://static.flickr.com/1026/1217344631_862344220f.jpg
611,http://static.flickr.com/1099/848053782_2b758bbbcf.jpg
612,http://farm2.static.flickr.com/1374/1481253324_ab571d974d.jpg
613,http://farm2.static.flickr.com/1035/1460597775_9700cfd294.jpg
614,http://farm3.static.flickr.com/2314/1526799948_7290077ec1.jpg
615,http://farm2.static.flickr.com/1062/1461458200_4ec1e1e905.jpg
616,http://farm2.static.flickr.com/1213/1281490414_f020dd6730.jpg
617,http://farm2.static.flickr.com/1235/662834137_049f6915e1.jpg
618,http://farm2.static.flickr.com/1249/1087683211_6a13f7eac6.jpg
619,http://farm3.static.flickr.com/2222/2095732418_f89bd9ae59.jpg
620,http://static.flickr.com/1358/1399239203_9fcfa782cf.jpg
621,http://static.flickr.com/209/501245260_311e7fe208.jpg
622,http://www.leechvideo.com/pic/1252/776212555619010.jpg
623,http://farm2.static.flickr.com/1043/1409818597_ba1a66ecfa.jpg
624,http://farm3.static.flickr.com/2092/1502821984_1e1cfc930a.jpg
625,http://static.flickr.com/1144/967994241_167490036a.jpg
626,http://www.123.is/hundaklubbur/albums/1271342680/jpg/008.jpg
627,http://farm3.static.flickr.com/2411/1783961334_054cffdbfb.jpg
628,http://farm2.static.flickr.com/1037/1426228480_0c72deb66a.jpg
629,http://farm2.static.flickr.com/1105/1098851790_ab0ea1aec0.jpg
630,http://farm3.static.flickr.com/2248/2077676508_9cea7c7b2f.jpg
631,http://farm2.static.flickr.com/1034/1455975958_f74d74a292.jpg
632,http://farm3.static.flickr.com/2022/1820061613_b9b894ccfd.jpg
633,http://farm2.static.flickr.com/1027/991654476_b67b1fc114.jpg
634,http://farm2.static.flickr.com/1103/957307728_71fc20e12e.jpg
635,http://farm2.static.flickr.com/1021/1338787141_0e5a4eae80.jpg
636,http://farm2.static.flickr.com/1432/643467687_aba0858ca1.jpg
637,http://farm2.static.flickr.com/1262/841821406_dc01fb6c4b.jpg
638,http://static.flickr.com/2037/2127678703_a1ea592813.jpg
639,http://www.breedersonline.co.uk/Dogs/Photos/Australian-Silky-Terrier.jpg
640,http://farm1.static.flickr.com/91/232330125_f5f829f64a.jpg
641,http://www.pedigree.com.au/breeds/images/thumbnails/aust_silky_terr_tn.jpg
642,http://farm2.static.flickr.com/1203/848053806_57687d9027.jpg
643,http://farm1.static.flickr.com/122/316152853_a5789789ae.jpg
644,http://silkyterrier.dogbreed.org/upload/1/1157t.JPG
645,http://farm1.static.flickr.com/215/503110520_7066afe317.jpg
646,http://www.dogbreedinfo.com/images7/Silky_Terrier_Duke.jpg
647,http://static.flickr.com/1262/1441102552_c2f7b8397e.jpg
648,http://farm3.static.flickr.com/2201/2079288849_c8df061d06.jpg
649,http://farm2.static.flickr.com/1226/662606040_8cc8cd9f1b.jpg
650,http://static.flickr.com/1018/967994383_b79b5f246b.jpg
651,http://farm1.static.flickr.com/95/263212479_982fcba60f.jpg
652,http://farm2.static.flickr.com/1099/710539911_015e43cf89.jpg
653,http://farm3.static.flickr.com/2220/2180169264_844bf9b00e.jpg
654,http://farm3.static.flickr.com/2075/2209345426_5895ffc26a.jpg
655,http://farm3.static.flickr.com/2336/2199048454_1193824879.jpg
656,http://farm3.static.flickr.com/2320/2061298782_e3c7645d50.jpg
657,http://static.flickr.com/1364/1218208718_edff68c64a.jpg
658,http://static.flickr.com/2169/1866016832_615b9b351a.jpg
659,http://static.flickr.com/2294/1571302582_6052dc9e92.jpg
660,http://static.flickr.com/1254/1420256825_187393f932.jpg
661,http://static.flickr.com/1367/1001623999_9008c017ff.jpg
662,http://www.dogbreedinfo.org/images17/SilkeseBenji5Months1.JPG
663,http://farm2.static.flickr.com/1085/661751369_65f1aea863.jpg
664,http://farm1.static.flickr.com/5/5394428_7b972b0d28.jpg
665,http://www.lucarossi.com/foto/razze/127.jpg
666,http://static.flickr.com/1188/1262616404_4407952111.jpg
667,http://static.flickr.com/1209/1289816145_2ca9abc435.jpg
668,http://farm1.static.flickr.com/56/185137079_62a38a9219.jpg
669,http://farm1.static.flickr.com/141/325825256_cdf922020d.jpg
670,http://www.clevelandseniors.com/images/pets/finn3.jpg
671,http://www.puppypoopy.com/yo18.jpg
672,http://farm2.static.flickr.com/1321/1292997480_8762d24d0e.jpg
673,http://www.gointothedogs.com/POM_APR_04_MAX2.JPG
674,http://static.flickr.com/1275/1206948679_7914f6a467.jpg
675,http://www.pethouse.com.pe/extras/images/perrosygatos/silkyterrier.jpg
676,http://www.pedigree.co.nz/breeds/images/aust_silky_terr.jpg
677,http://www.loveyourdog.com/images/yorkieFlickr3.jpg
678,http://www.wku.edu/~amber.drabik/images/scrapbook/160.jpg
679,http://static.flickr.com/2234/1865182425_1b012c9b20.jpg
680,http://farm3.static.flickr.com/2365/2134618340_01b1fe8728.jpg
681,http://farm3.static.flickr.com/2200/2076503999_188c65ebb0.jpg
682,http://static.flickr.com/1281/1034157892_5cc94b1667.jpg
683,http://farm3.static.flickr.com/2418/2194521920_ce43894017.jpg
684,http://static.flickr.com/80/245736871_bb2654c7e3.jpg
685,http://static.flickr.com/1035/1325969066_59d9c8cb7d.jpg
686,http://farm3.static.flickr.com/2319/1753242176_0e344396d2.jpg
687,http://static.flickr.com/1420/1253558060_a80059f77b.jpg
688,http://static.flickr.com/2248/1807411290_9fa6d1624d.jpg
689,http://farm3.static.flickr.com/2157/2010329311_4b1c607382.jpg
690,http://farm2.static.flickr.com/1089/847170931_a8573016f3.jpg
691,http://www.luckyoliver.com/photos/derived/bGIv5siz0r3l6-adbivJjM/LO-silky_terrier_puppy_in_shadow__light-4216229.jpg
692,http://www.rera.us/media/danes/years/2004/gww8/gww08.jpg
693,http://static.flickr.com/2358/1501964449_ba629502f1.jpg
694,http://static.flickr.com/1103/1450148137_57567a451a.jpg
695,http://static.flickr.com/1090/1235859832_ad970bc76a.jpg
696,http://static.flickr.com/1258/1056707314_12e1a2187f.jpg
697,http://www.pets.ca/breedprofiles/a/silky/s18.jpg
698,http://static.flickr.com/2082/2085729570_7fd9600acc.jpg
699,http://farm2.static.flickr.com/1079/1207812978_571dabc514.jpg
700,http://farm3.static.flickr.com/2312/2096527978_5090128a8a.jpg
701,http://www.petsnpeople.com.au/uploaded_images/DSC04181-755897.JPG
702,http://farm1.static.flickr.com/25/99953300_75dac32cee.jpg
703,http://www.petlovers.com.sg/PetMonth/UploadImg/1128.jpg
704,http://farm3.static.flickr.com/2384/1940552167_76ae75f311.jpg
705,http://static.flickr.com/1134/1176129159_029c0b16bb.jpg
706,http://www.hunde-katzen.net/AlbrechtSilkyTerrierFoto1.jpg
707,http://farm2.static.flickr.com/1019/620338604_3b0ca1b63c.jpg
708,http://static.flickr.com/2019/2094752254_6e14a093bc.jpg
709,http://farm2.static.flickr.com/1257/565996715_2554c23a1a.jpg
710,http://static.flickr.com/2142/1811723275_f1b00e242a.jpg
711,http://www.lovemypet.com.au/images/139_head_picture.gif
712,http://farm3.static.flickr.com/2126/2077622228_ca31201dc0.jpg
713,http://static.flickr.com/2177/1520413448_ea86ecca1b.jpg
714,http://farm2.static.flickr.com/1237/1333242864_fb178fac77.jpg
715,http://static.flickr.com/1378/1217341063_c31095e9c1.jpg
716,http://static.flickr.com/1340/1045115832_c3be5c9244.jpg
717,http://silkyrescue.tripod.com/what.gif
718,http://static.flickr.com/1249/540902541_c4d41b1846.jpg
719,http://www.fochp.org/images/dogs/203.jpg
720,http://cdn-www.dailypuppy.com/images/07/lucy_silky_terrier_05.jpg
721,http://static.flickr.com/1122/1399241187_51f7e195c6.jpg
722,http://farm1.static.flickr.com/46/146506050_a1d648ab11.jpg
723,http://static.flickr.com/1266/968898918_5464c3b638.jpg
724,http://farm2.static.flickr.com/1118/1281489916_e12bf08704.jpg
725,http://www.88marine.com/pets/dogs/aus_silky-terrier.jpg
726,http://www.laughlinkennel.com/image/31932124.jpg
727,http://static.flickr.com/1001/1421138534_5d4436fa5f.jpg
728,http://farm2.static.flickr.com/1095/711691952_45b8ccce2c.jpg
729,http://farm3.static.flickr.com/2091/2076835921_c451649318.jpg
730,http://static.flickr.com/1298/1280625679_be92ffdfb2.jpg
731,http://static.flickr.com/1411/1244997626_b73fceb033.jpg
732,http://static.flickr.com/1143/1252697463_cce1650b9c.jpg
733,http://farm1.static.flickr.com/21/33823206_a83190fe23.jpg
734,http://farm2.static.flickr.com/1248/856656412_62fddca881.jpg
735,http://farm3.static.flickr.com/2337/2170732736_2b27869f2b.jpg
736,http://farm3.static.flickr.com/2250/1573989716_e7cd7218e9.jpg
737,http://static.flickr.com/2225/1520410938_1d61653f70.jpg
738,http://farm2.static.flickr.com/1145/1375854120_1db137ed1f.jpg
739,http://farm2.static.flickr.com/1025/934929246_1a3896ea89.jpg
740,http://www.chiens-des-champs.com/silky%20terrier.jpg
741,http://farm2.static.flickr.com/1358/1269156561_f0acb05da5.jpg
742,http://static.flickr.com/1188/1436322950_413a86e737.jpg
743,http://farm2.static.flickr.com/1289/1348134575_2c3d3e2fcc.jpg
744,http://farm3.static.flickr.com/2224/2077629572_7705e4bea8.jpg
745,http://farm1.static.flickr.com/28/53657253_253a1a211e.jpg
746,http://www.americanbreeder.com/breed/breedpics/cd0d165e930241fb8e84820f539.jpg
747,http://www.animals-pictures-dictionary.com/files/images/722.jpg
748,http://static.flickr.com/1109/1207814092_165193975b.jpg
749,http://farm3.static.flickr.com/2363/2145698958_d851aa3e7a.jpg
750,http://farm2.static.flickr.com/1230/1244998222_68488f5e81.jpg
751,http://farm1.static.flickr.com/188/404140173_2a8e0167c7.jpg
752,http://www.gotpetsonline.com/pictures-gallery/dog-pictures-breeders-puppies-rescue/silky-terrier-pictures-breeders-puppies-rescue/pictures/silky-terrier-0030.jpg
753,http://farm2.static.flickr.com/1345/1031033071_63ed4d5355.jpg
754,http://farm1.static.flickr.com/104/285268171_2925a4e03a.jpg
755,http://static.flickr.com/1435/1253554116_ebe25b9732.jpg
756,http://static.flickr.com/1068/1298447349_824e05e525.jpg
757,http://www.dogbreedinformation.com/images2/silkyterrierpup4.jpg
758,http://static.flickr.com/1119/1332771235_f1521f2781.jpg
759,http://www.losperrosderaza.com.ar/imagenes/razas/silkyterrier.jpg
760,http://i11.servimg.com/u/f11/09/01/35/41/img_1711.jpg
761,http://static.flickr.com/1002/1225880357_0eb2ebbf01.jpg
762,http://farm2.static.flickr.com/1332/934960092_d0ed96e16a.jpg
763,http://www.dog-breed-facts.com/ylang/pt/images/Silky-Terrier.jpg
764,http://farm3.static.flickr.com/2195/2077621388_3bd6841a19.jpg
765,http://www.allsmalldogbreeds.com/images/smalldogbreeds/yorkshire-terrier.jpg
766,http://farm1.static.flickr.com/97/221886864_5653613773.jpg
767,http://www.furbabyrescue.com/gifs/Ashleyframed.jpg
768,http://www.polkaudio.com/images/showcase/262_9_thumb.jpg
769,http://farm2.static.flickr.com/1030/921851864_c09faee936.jpg
770,http://www.jeevan4u.com/Finland/Photographs/oulu/silky%20terrier.jpg
771,http://static.flickr.com/2124/1942219030_dac9d3b5f4.jpg
772,http://farm1.static.flickr.com/38/104979910_b71b175fcc.jpg
773,http://static.flickr.com/1429/1198393938_96b3aee2bd.jpg
774,http://www.dogzonline.com.au/images/profiles/07/05/11125_181.jpg
775,http://www.dogsindepth.com/toy_dog_breeds/images/australian_silky_terrier_v03.jpg
776,http://farm3.static.flickr.com/2408/2079283423_3b8b62936c.jpg
777,http://static.flickr.com/1389/1363941852_f922fe9f0b.jpg
778,http://static.flickr.com/1375/1474572684_1656490342.jpg
779,http://static.flickr.com/1020/1349026530_d1890243e4.jpg
780,http://farm3.static.flickr.com/2226/1527639853_2895103e05.jpg
781,http://static.flickr.com/1332/1225892627_f6088a8530.jpg
782,http://farm3.static.flickr.com/2346/1502818704_00a15ed4dd.jpg
783,http://farm1.static.flickr.com/192/503110524_5d7d35a37f.jpg
784,http://www.silky-terrier.info/images/Bild5.jpg
785,http://static.flickr.com/2368/1556992613_993cc33f91.jpg
786,http://farm1.static.flickr.com/66/221886705_d3d8cd4d45.jpg
787,http://farm2.static.flickr.com/1217/1154325316_4b2e0aa6ea.jpg
788,http://farm2.static.flickr.com/1388/1280620899_e0cebcf13f.jpg
789,http://static.flickr.com/2098/1502817290_8c4ca955e2.jpg
790,http://photos.bravenet.com/162/020/191/4/6A93BCE6C4.jpg
791,http://farm2.static.flickr.com/1090/852919537_1c140bd977.jpg
792,http://static.flickr.com/1051/967993895_2a7c0abdb6.jpg
793,http://www.gotpetsonline.com/pictures-gallery/dog-pictures-breeders-puppies-rescue/silky-terrier-pictures-breeders-puppies-rescue/pictures/silky-terrier-0058.jpg
794,http://farm1.static.flickr.com/61/195837397_e61c3c277e.jpg
795,http://static.flickr.com/2340/1547782977_693efbebc6.jpg
796,http://static.flickr.com/2320/1519551457_c1e9ab4df4.jpg
797,http://farm1.static.flickr.com/79/238970582_e31a20efa1.jpg
798,http://static.flickr.com/2271/1520410268_48bee01e58.jpg
799,http://static.flickr.com/1109/1414983721_5b4af00949.jpg
800,http://static.flickr.com/1028/1299310544_58330973a3.jpg
801,http://farm3.static.flickr.com/2303/1834789442_be06b51942.jpg
802,http://static.flickr.com/1042/1252692287_f51ae86d53.jpg
803,http://farm2.static.flickr.com/1407/1459574650_5220a38f23.jpg
804,http://www.puppy-kitten-sale.com/catimages/skye.jpg
805,http://static.flickr.com/1134/1088279190_7dec170165.jpg
806,http://static.flickr.com/2212/1682214215_a60d5dda72.jpg
807,http://www.petsportal.info/pictures/Silkyterrier.jpg
808,http://farm1.static.flickr.com/88/212028940_93fc74bede.jpg
809,http://farm1.static.flickr.com/118/303321771_3a86c759ed.jpg
810,http://farm2.static.flickr.com/1049/1252691743_103279d6f5.jpg
811,http://static.flickr.com/1092/1460598139_286a726f51.jpg
812,http://static.flickr.com/1304/991654812_4d787596ba.jpg
813,http://static.flickr.com/1163/1421140122_6f961c9e3b.jpg
814,http://farm3.static.flickr.com/2357/2173640549_eaa7593a5c.jpg
815,http://www.gotpetsonline.com/pictures-gallery/dog-pictures-breeders-puppies-rescue/silky-terrier-pictures-breeders-puppies-rescue/pictures/silky-terrier-0064.jpg
816,http://farm2.static.flickr.com/1353/1001546473_19fec7f67f.jpg
817,http://static.flickr.com/2100/1538403155_dc9eab542f.jpg
818,http://farm3.static.flickr.com/2205/2177551418_c8788110f4.jpg
819,http://farm2.static.flickr.com/1151/803427170_0d144f170a.jpg
820,http://static.flickr.com/1343/1343665909_0dd889aebd.jpg
821,http://www.wishbonefarms.com/images/pupPics/DSCN0449.jpg
822,http://static.flickr.com/1431/1098854458_081bc58079.jpg
823,http://farm3.static.flickr.com/2412/2104294295_0d062f8a70.jpg
824,http://farm2.static.flickr.com/1047/800225734_b59737c37c.jpg
825,http://farm1.static.flickr.com/120/285268029_5b7b0541b3.jpg
826,http://www.justdogbreeds.com/images/breeds/silky-terrier.jpg
827,http://www.showsilk.com/images/ninche_340.jpg
828,http://static.flickr.com/2141/1594360518_895845f699.jpg
829,http://farm3.static.flickr.com/2379/2044916937_7f7e3e92a7.jpg
830,http://www.doggiedee.com/images/clothes/rainbow.jpg
831,http://static.flickr.com/2323/1720438855_8cbeeb9037.jpg
832,http://farm1.static.flickr.com/92/228313381_a4141b20cc.jpg
833,http://static.flickr.com/2403/1802717388_6ec3a796a7.jpg
834,http://static.flickr.com/1421/1012662426_d26e799bc4.jpg
835,http://farm1.static.flickr.com/56/139478663_056f095884.jpg
836,http://www.mybuddydog.com/silky5.jpg
837,http://static.flickr.com/1006/1034161336_995bcc8611.jpg
838,http://farm1.static.flickr.com/91/232397435_6d423babfa.jpg
839,http://static.flickr.com/1226/1298428199_6e41f603c3.jpg
840,http://static.flickr.com/2399/1865185159_09c1d89f04.jpg
841,http://farm3.static.flickr.com/2309/2080021714_a10c6a4335.jpg
842,http://farm2.static.flickr.com/1418/877382351_553d63db21.jpg
843,http://farm3.static.flickr.com/2104/2202423329_9f03021d1b.jpg
844,http://static.flickr.com/1103/1235863876_0cb8348662.jpg
845,http://static.flickr.com/2151/1702393984_d35ffd0d0e.jpg
846,http://farm1.static.flickr.com/43/123016176_17ba505119.jpg
847,http://static.flickr.com/1241/1415863142_d942698dab.jpg
848,http://www.mypets.net.au/template_images/silky.jpg?0.389652600236448
849,http://farm1.static.flickr.com/42/85207200_36da8cbe82.jpg
850,http://www.propettransports.com/graphics/dogs/141.png
851,http://static.flickr.com/1323/956538739_b369139488.jpg
852,http://static.flickr.com/1298/1298457741_a249739ca9.jpg
853,http://farm2.static.flickr.com/1237/1357822666_89eabeeec1.jpg
854,http://farm1.static.flickr.com/205/450487787_2d2f6e7454.jpg
855,http://static.flickr.com/2339/1683065856_0e9b258a29.jpg
856,http://www.dogbreedinfo.com/images/silkyterrierstand.jpg
857,http://www.tuamata.com/site/tuamata/images/originals/harley_1.jpg
858,http://static.flickr.com/2361/1977769876_0f97da6d06.jpg
859,http://static.flickr.com/1371/1290676286_7e25453845.jpg
860,http://static.flickr.com/1005/1461458534_8af3c4f4c3.jpg
861,http://static.flickr.com/1367/1218212682_bd1eaf7b5c.jpg
862,http://farm1.static.flickr.com/31/73332878_1589299186.jpg
863,http://farm1.static.flickr.com/34/126155261_929d5a90db.jpg
864,http://static.flickr.com/2354/1835551433_ad9f918e33.jpg
865,http://www.planet-pets.com/silkyter.jpg
866,http://farm1.static.flickr.com/97/232007656_268151f3a0.jpg
867,http://farm3.static.flickr.com/2369/2202639059_4ff4f4efba.jpg
868,http://farm3.static.flickr.com/2048/2076876627_f248e8cc02.jpg
869,http://farm1.static.flickr.com/77/177775165_e330813eb5.jpg
870,http://farm3.static.flickr.com/2123/2055534034_2ee2d5fa17.jpg
871,http://farm1.static.flickr.com/59/166156854_9f84153d27.jpg
872,http://static.flickr.com/133/319259878_da4aa73b59.jpg
873,http://users.techline.com/crummett/gallery/silky_terrier.jpg
874,http://static.flickr.com/2157/2010329311_4b1c607382.jpg
875,http://www.canis.no/oppdretter/rasebilder/rase_120_3.jpg
876,http://farm3.static.flickr.com/2045/2160132549_6e81350d3b.jpg
877,http://static.flickr.com/2353/1528510964_c7d4196727.jpg
878,http://static.flickr.com/1178/1473762977_41b1a5c8ac.jpg
879,http://www.dogpack.com/breeds/silkytoyterrier.jpg
880,http://static.flickr.com/2248/1501961087_dd95e3c4f0.jpg
881,http://www.briard-brobador.ch/gb/106.jpg
882,http://farm2.static.flickr.com/1145/1253555814_79af841b33.jpg
883,http://static.flickr.com/1014/1281491930_3678186bbb.jpg
884,http://www.call-data-net.com/yorkshire/schottland_australien/silkie_terrier.jpg
885,http://farm2.static.flickr.com/1163/1456498380_e408921edb.jpg
886,http://static.flickr.com/2343/1593472011_ab68870439.jpg
887,http://www.brigidsforge.com/images/family/puppy.jpg
888,http://static.flickr.com/1064/1164764955_b73c6bb776.jpg
889,http://static.flickr.com/1109/1368342369_644164e725.jpg
890,http://static.flickr.com/1214/1271587406_24080762c3.jpg
891,http://static.flickr.com/1355/1400130660_67564ca985.jpg
892,http://static.flickr.com/1166/1404593929_e453ae8025.jpg
893,http://farm1.static.flickr.com/41/114437273_0805fa150f.jpg
894,http://farm3.static.flickr.com/2076/2104777864_8eefba32f6.jpg
895,http://static.flickr.com/1415/968898828_6140df4445.jpg
896,http://static.flickr.com/2075/2059831052_9446ab9c99.jpg
897,http://www.dog-breed-facts.com/images/YorkshireTerrier-.jpg
898,http://static.flickr.com/12/69872915_bd02015437.jpg
899,http://static.flickr.com/1353/1383602437_6255ab0be3.jpg
900,http://farm1.static.flickr.com/68/166156378_43d51504dd.jpg
901,http://static.flickr.com/2073/1646891547_256af5fe31.jpg
902,http://static.flickr.com/1249/1142791562_a05eda748a.jpg
903,http://farm1.static.flickr.com/218/496262435_cf91eef23a.jpg
904,http://static.flickr.com/1036/1435455281_7db233f459.jpg
905,http://static.flickr.com/2359/1547785385_1ec86561f7.jpg
906,http://farm2.static.flickr.com/1185/1035363588_9207259a06.jpg
907,http://farm1.static.flickr.com/171/431339599_9e0fb870a2.jpg
908,http://static.flickr.com/1363/1088270180_74d9190748.jpg
909,http://farm1.static.flickr.com/67/173652021_a4dfb87fc7.jpg
910,http://static.flickr.com/1207/1099194062_b9cdd50918.jpg
911,http://farm3.static.flickr.com/2157/2080026954_ef2568fb12.jpg
912,http://farm3.static.flickr.com/2143/2178886173_c361e03198.jpg
913,http://petsfact.com/images/silky-terrier-bigimage.gif
914,http://i31.photobucket.com/albums/c395/cris2648/IMG_0099.jpg
915,http://static.flickr.com/2168/1646898453_568036624b.jpg
916,http://static.flickr.com/1373/956538485_cc9e64e807.jpg
917,http://farm1.static.flickr.com/50/156896029_c8d5e543bb.jpg
918,http://www.petspots.frih.net/images/Dogs/Silky%20Terrier.jpg
919,http://static.flickr.com/2331/1547784171_e40faad606.jpg
920,http://farm3.static.flickr.com/2394/1540195879_5cf30319fd.jpg
921,http://static.flickr.com/1393/1244999476_e4c9f4fc90.jpg
922,http://farm2.static.flickr.com/1119/1421135000_0115ce9126.jpg
923,http://farm1.static.flickr.com/50/153892800_cd4c97136b.jpg
924,http://farm2.static.flickr.com/1316/593061394_e555a6bf2b.jpg
925,http://farm2.static.flickr.com/1334/773095714_c4fac4b530.jpg
926,http://farm1.static.flickr.com/215/503110522_e81e5d10e3.jpg
927,http://www.dogsindepth.com/toy_dog_breeds/images/yorkshire_terrier.jpg
928,http://farm3.static.flickr.com/2192/2160931944_8f4f30bba0.jpg
929,http://static.flickr.com/2003/1593467447_c7fe54c738.jpg
930,http://static.flickr.com/2050/2104945022_841c3deb43.jpg
931,http://static.flickr.com/2383/1566083474_71d3be5d1b.jpg
932,http://farm2.static.flickr.com/1020/1435451307_f749480702.jpg
933,http://farm3.static.flickr.com/2081/1883413951_e69901ee97.jpg
934,http://farm2.static.flickr.com/1056/1017503867_d63200d97c.jpg
935,http://farm1.static.flickr.com/60/185136510_3e3db5eb88.jpg
936,http://farm3.static.flickr.com/2215/2241228488_7e32256b56.jpg
937,http://farm3.static.flickr.com/2075/2080021486_ab3e185044.jpg
938,http://farm3.static.flickr.com/2419/1797236050_ca2f7ccbd8.jpg
939,http://static.flickr.com/1181/1225878419_b9fafe05e4.jpg
940,http://farm3.static.flickr.com/2268/1627467883_af27c20bc0.jpg
941,http://static.flickr.com/1183/1389014699_f5c28e08ec.jpg
942,http://static.flickr.com/1351/1141946567_90ff60600b.jpg
943,http://static.flickr.com/1334/1131869920_12552653e1.jpg
944,http://static.flickr.com/1418/1383598109_530b7ab7b5.jpg
945,http://static.flickr.com/216/1510931123_af9579c5b0.jpg
946,http://www.breederretriever.com/photopost/data/640/medium/2006_BeforeAndAfterCut.jpg
947,http://farm1.static.flickr.com/95/224963959_1d6320ff29.jpg
948,http://farm3.static.flickr.com/2379/2137508336_e89ea6aaaa.jpg
949,http://static.flickr.com/1163/1436323454_52975f2541.jpg
950,http://farm3.static.flickr.com/2272/2224366845_de6859682d.jpg
951,http://1dog.org/wp-content/uploads/2007/09/silkyterrier.jpg
952,http://www.sydneythedog.com/wp-content/uploads/2006/03/100_2182%20(Small)1.JPG
953,http://static.flickr.com/1058/1197526919_4f06df22ec.jpg
954,http://farm2.static.flickr.com/1367/1317537598_5e7c98660d.jpg
955,http://farm2.static.flickr.com/1440/934951516_1089f403f2.jpg
956,http://www.silkyterrier-webclubcom.com/mysite4/peg-bag.jpg
957,http://farm2.static.flickr.com/1248/695414631_d9182c73ee.jpg
958,http://farm2.static.flickr.com/1229/1217343343_8c91b66538.jpg
959,http://static.flickr.com/1108/1430122615_071a25355e.jpg
960,http://static.flickr.com/1064/1445990084_3f89f06593.jpg
961,http://farm3.static.flickr.com/2320/2203213644_971e16d39f.jpg
962,http://farm3.static.flickr.com/2055/2080204762_9449b15d45.jpg
963,http://farm2.static.flickr.com/1162/1457324285_bea9b77dbd.jpg
964,http://farm1.static.flickr.com/250/521721080_aa4f825a65.jpg
965,http://farm2.static.flickr.com/1215/565625510_2ad25f2efb.jpg
966,http://static.flickr.com/1338/1290672490_b8256a76f1.jpg
967,http://farm2.static.flickr.com/1276/1369242760_3596c5b430.jpg
968,http://farm1.static.flickr.com/64/208043026_864bec5728.jpg
969,http://www.gotdogsonline.com/silky-terrier-pictures-breeders-puppies-rescue/pictures/silky-terrier-0019.jpg
970,http://static.flickr.com/1436/1450148501_5f33fcd16a.jpg
971,http://www.gotpetsonline.com/pictures-gallery/dog-pictures-breeders-puppies-rescue/silky-terrier-pictures-breeders-puppies-rescue/pictures/silky-terrier-0071.jpg
972,http://static.flickr.com/2086/1565288528_6a9ea6fbea.jpg
973,http://farm3.static.flickr.com/2163/2177549386_47d1600623.jpg
974,http://static.flickr.com/1074/991654790_817992cea3.jpg
975,http://static.flickr.com/1390/1414983981_f3de04708b.jpg
976,http://static.flickr.com/1106/1077807640_4ea23bb807.jpg
977,http://static.flickr.com/2341/1752393135_6a044764aa.jpg
978,http://www.swananimalhaven.asn.au/IMAGES/maxi.jpg
979,http://static.flickr.com/2100/2048623419_834c8d7f27.jpg
980,http://static.flickr.com/1055/1289823113_b6add25ae2.jpg
981,http://farm3.static.flickr.com/2381/1547412555_819e32b5c8.jpg
982,http://static.flickr.com/1366/1430995822_38c671a922.jpg
983,http://farm3.static.flickr.com/2142/2080114788_074ecbae46.jpg
984,http://static.flickr.com/1054/1430993324_ad1ce20354.jpg
985,http://www.westminsterkennelclub.org/breedinformation/toy/images/silter.jpg
986,http://www.hunde-in-nuernberg.de/img/zucht_australian_silky_terr.jpg
987,http://farm1.static.flickr.com/121/312570163_105381e06c.jpg
988,http://static.flickr.com/1253/1399236905_36ddb3d1b1.jpg
989,http://static.flickr.com/2333/1628357996_b6f06b6117.jpg
990,http://farm2.static.flickr.com/1174/841821440_08b05004dd.jpg
991,http://static.flickr.com/2222/1836381484_12e435c9b0.jpg
992,http://static.flickr.com/1161/1332772147_9d9fd012e5.jpg
993,http://static.flickr.com/1283/1252695631_8a15e9b459.jpg
994,http://static.flickr.com/1227/1217345065_a76ae38b56.jpg
995,http://static.flickr.com/2380/2127678845_cd777035a7.jpg
996,http://www.silky-terrier.dk/Andre%20billeder/Nikita%20august%202005.jpg
997,http://static.flickr.com/1122/1435452807_e796977f51.jpg
998,http://static.flickr.com/1278/1332769123_13b9db0c07.jpg
999,http://farm2.static.flickr.com/1420/753576719_d362eecbed.jpg
1000,http://static.flickr.com/1198/1098860808_ac5c5914d2.jpg
1001,http://farm2.static.flickr.com/1397/1325968402_674d5f5f78.jpg
1002,http://static.flickr.com/1178/1333657098_d1f3b50f4f.jpg
1003,http://static.flickr.com/2224/2091873667_3f20d01c5d.jpg
1004,http://www.gotpetsonline.com/pictures-gallery/dog-pictures-breeders-puppies-rescue/silky-terrier-pictures-breeders-puppies-rescue/pictures/silky-terrier-0059.jpg
1005,http://farm2.static.flickr.com/1247/1001624115_dadcf3b855.jpg
1006,http://farm3.static.flickr.com/2341/2183967577_033ce354cf.jpg
1007,http://farm1.static.flickr.com/117/307166058_a00bd77667.jpg
1008,http://static.flickr.com/1134/1262619736_607b898325.jpg
1009,http://files.dogster.com/images/dogster/breeds/silky_terrier.jpg
1010,http://farm3.static.flickr.com/2405/2177156150_6ecc1e7a88.jpg
1011,http://farm3.static.flickr.com/2364/2185948935_bdbd373b45.jpg
1012,http://www.shefaro.com/specialdogstuvwxyz/185990200.jpg
1013,http://www.silky-terrier-dogs.com/pictures-images-photos/silky-terriers-08.jpg
1014,http://www.gotpetsonline.com/pictures-gallery/dog-pictures-breeders-puppies-rescue/silky-terrier-pictures-breeders-puppies-rescue/pictures/silky-terrier-0060.jpg
1015,http://static.flickr.com/2125/1538402655_a968f323aa.jpg
1016,http://static.flickr.com/1007/1281487266_5fbe3a14ee.jpg
1017,http://static.flickr.com/2275/1801875217_a00df2bbe4.jpg
1018,http://farm3.static.flickr.com/2395/1781088195_e64e07e7ea.jpg
1019,http://farm3.static.flickr.com/2307/2172055930_8705953355.jpg
1020,http://farm1.static.flickr.com/52/185136929_fbdfc05fb7.jpg
1021,http://static.flickr.com/2224/1528511714_de1c5b0ca0.jpg
1022,http://static.flickr.com/2059/2110335230_812942e715.jpg
1023,http://www.jdemirdjian.com/Dogs/Dog%20Pictures/Small%20Greek%20Domestic%20Dog_small.jpg
1024,http://static.flickr.com/1119/1218210344_81e6d04ad6.jpg
1025,http://farm2.static.flickr.com/1386/1409818205_73b9a7678c.jpg
1026,http://farm3.static.flickr.com/2142/2174430658_8071a0c07d.jpg
1027,http://static.flickr.com/1363/1088053419_006a1ab9c7.jpg
1028,http://www.danrichstables.com/SilkyTerriers/Images/Marshall/3Thumb.jpg
1029,http://farm3.static.flickr.com/2294/2076869619_2e6fb6b614.jpg
1030,http://farm3.static.flickr.com/2001/1520409518_d12c4415e0.jpg
1031,http://farm1.static.flickr.com/86/226651824_07e5763d78.jpg
1032,http://farm2.static.flickr.com/1020/1410700826_9923ae14eb.jpg
1033,http://farm3.static.flickr.com/2155/1501623114_525f24083e.jpg
1034,http://static.flickr.com/1176/1141945067_a68e36abaa.jpg
1035,http://www.schooldog.com/img/dog_kind/silky.jpg
1036,http://www.dogsindepth.com/toy_dog_breeds/images/yorkshire_terrier_h03.jpg
1037,http://static.flickr.com/1143/1394816702_90f00438c0.jpg
1038,http://silky-terrier.info/images/Australian-Silky-Terrier-To.jpg
1039,http://static.flickr.com/2010/2104945444_4329e9f389.jpg
1040,http://farm3.static.flickr.com/2213/1593458669_b4ee54fd4c.jpg
1041,http://static.flickr.com/2114/2010325967_17506deb8c.jpg
1042,http://farm3.static.flickr.com/2119/2118088936_b65a0a0495.jpg
1043,http://static.flickr.com/1280/1368341081_3731b8be16.jpg
1044,http://static.flickr.com/2308/1739266402_41bc7dd996.jpg
1045,http://static.flickr.com/1083/1399238077_7a7c489d55.jpg
1046,http://farm1.static.flickr.com/154/431339561_f427deeeb6.jpg
1047,http://static.flickr.com/1399/968775670_bbc92459cf.jpg
1048,http://farm3.static.flickr.com/2098/1548658168_4529c7f5fb.jpg
1049,http://static.flickr.com/1439/1012240828_ef1389a7c1.jpg
1050,http://farm3.static.flickr.com/2275/2174335670_1fbd3575a1.jpg
1051,http://www.gotpetsonline.com/pictures-gallery/dog-pictures-breeders-puppies-rescue/yorkshire-terrier-pictures-breeders-puppies-rescue/pictures/yorkshire-terrier-0082.jpg
1052,http://farm3.static.flickr.com/2014/2065163590_62ad04abce.jpg
1053,http://puppydogweb.com/gallery/silkyterriers/silkyterrier_scrosia.jpg
1054,http://farm1.static.flickr.com/195/499888030_0fa29ce733.jpg
1055,http://farm3.static.flickr.com/2042/2076899267_1acc33effb.jpg
1056,http://farm3.static.flickr.com/2084/2243798722_36147c639f.jpg
1057,http://farm2.static.flickr.com/1322/1153471937_d4a2ae891b.jpg
1058,http://farm3.static.flickr.com/2121/2080075888_42f3f1beed.jpg
1059,http://www.flyingjim.com/images/keeper_001_web.jpg
1060,http://farm3.static.flickr.com/2350/2102403294_3ff8de1325.jpg
1061,http://farm3.static.flickr.com/2134/2079359549_9812d0fc24.jpg
1062,http://thumbnail.search.aolcdn.com/truveo/images/thumbnails/B8/F6/B8F6D63BA16D00.jpg
1063,http://www.whisperingloves-shownews.nl/Silky.jpg
1064,http://farm1.static.flickr.com/42/85207224_1b7bf23c0d.jpg
1065,http://farm2.static.flickr.com/1037/698947631_26a98ba2f6.jpg
1066,http://www.gotpetsonline.com/pictures-gallery/dog-pictures-breeders-puppies-rescue/silky-terrier-pictures-breeders-puppies-rescue/pictures/silky-terrier-0035.jpg
1067,http://fmiroy.free.fr/images/Animation%20Meske2.gif
1068,http://farm1.static.flickr.com/224/511916506_f9eb948ca2.jpg
1069,http://farm1.static.flickr.com/126/330644934_8540d13b44.jpg
1070,http://farm2.static.flickr.com/1331/1461459376_c308f66472.jpg
1071,http://www.matchmypet.com/Upload/PetZone/Images/7142.jpg
1072,http://www.champdogs.co.uk/images/k11468d5.jpg
1073,http://bp1.blogger.com/_VsApb4jT2n4/RqcmAKvMFwI/AAAAAAAAABs/Nmi-ukuXEb8/s320/Tax+in+her+bikini+with+Ralphie.JPG
1074,http://farm3.static.flickr.com/2060/2211802471_61cf3413e8.jpg
1075,http://farm2.static.flickr.com/1249/909053599_25e64efa35.jpg
1076,http://farm1.static.flickr.com/54/149136195_24cab2aabe.jpg
1077,http://www.petlovers.com.sg/PetMonth/UploadImg/473.jpg
1078,http://farm2.static.flickr.com/1178/696134038_81a8a08b31.jpg
1079,http://farm2.static.flickr.com/1187/1426473320_1ac8943a66.jpg
1080,http://farm1.static.flickr.com/53/131636774_5bb8aab244.jpg
1081,http://static.flickr.com/1346/1339667878_18efc6d2ba.jpg
1082,http://farm3.static.flickr.com/2325/2080147038_e5ddec89e7.jpg
1083,http://www.dyrarikid.is/gallery/gallerymyndir/m0090977.jpg
1084,http://farm3.static.flickr.com/2310/1801873925_d40de1eb1c.jpg
1085,http://www.gotpetsonline.com/pictures-gallery/dog-pictures-breeders-puppies-rescue/silky-terrier-pictures-breeders-puppies-rescue/pictures-photos/silky-terrier-0031.jpg
1086,http://farm1.static.flickr.com/59/193538857_223edb375a.jpg
1087,http://farm2.static.flickr.com/1179/565631224_076dddbb32.jpg
1088,http://farm1.static.flickr.com/65/163917670_b1ab16f902.jpg
1089,http://farm3.static.flickr.com/2168/2080031276_fda0f14039.jpg
1090,http://farm2.static.flickr.com/1033/1462900814_1e5d498a92.jpg
1091,http://farm3.static.flickr.com/2357/1547788947_6ceee3d431.jpg
1092,http://farm1.static.flickr.com/92/209799275_ff56a5e439.jpg
1093,http://farm2.static.flickr.com/1210/861869972_11e681eab7.jpg
1094,http://www.PetsMo.com/pets/images/91t.jpg
1095,http://farm2.static.flickr.com/1010/1271581044_1a8f1a297a.jpg
1096,http://farm2.static.flickr.com/1122/1399241187_51f7e195c6.jpg
1097,http://farm1.static.flickr.com/162/404139575_28cb81aca6.jpg
1098,http://farm3.static.flickr.com/2167/2076873077_08752d97d7.jpg
1099,http://beheer.uwhondenkat.nl/pictures/dogstandards/20071113-0.jpg
1100,http://www.gotpetsonline.com/pictures-gallery/dog-pictures-breeders-puppies-rescue/silky-terrier-pictures-breeders-puppies-rescue/pictures-photos/silky-terrier-0020.jpg
1101,http://www.catbreedinformation.com/images19/SilkyTzuGeorgia1year4months.JPG
1102,http://absolument.toutou.free.fr/Images/silky.jpg
1103,http://www.wku.edu/~amber.drabik/images/scrapbook/081.jpg
1104,http://static.flickr.com/1075/1099191678_ec68eacdf5.jpg
1105,http://www.westminsterkennelclub.org/breedinformation/terrier/images/austter.jpg
1106,http://farm1.static.flickr.com/41/80891481_4c2bcf5b2f.jpg
1107,http://static.flickr.com/1008/1176121651_c866ab612b.jpg
1108,http://farm3.static.flickr.com/2118/1783907724_33c6cd9a53.jpg
1109,http://farm3.static.flickr.com/2378/2182606426_93296b1f34.jpg
1110,http://farm2.static.flickr.com/1321/1317539824_abbf766044.jpg
1111,http://www.naturanimal.com/chiens/images/races/1/silky_pardayan.jpg
1112,http://farm3.static.flickr.com/2153/1593472947_5df626d9c8.jpg
1113,http://farm1.static.flickr.com/34/99953357_d0f3868386.jpg
1114,http://farm3.static.flickr.com/2127/2076503347_cbffcf446b.jpg
1115,http://farm2.static.flickr.com/1039/855804089_92457882c5.jpg
1116,http://telaf.files.wordpress.com/2007/09/furby.thumbnail.jpg
1117,http://farm1.static.flickr.com/25/88166071_b188bb8efe.jpg
1118,http://farm2.static.flickr.com/1411/1455972138_61c9451eee.jpg
1119,http://farm3.static.flickr.com/2026/1564411301_cd5bf474cd.jpg
1120,http://farm2.static.flickr.com/1402/1087409345_0ee21b5db5.jpg
1121,http://farm2.static.flickr.com/1221/934949616_e4f48ac072.jpg
1122,http://www.australian-silky.ch/fotos/feriensp1020091.jpg
1123,http://static.flickr.com/1008/753579733_3c119d0a7c.jpg
1124,http://i10.servimg.com/u/10/01/35/41/img_0732.jpg
1125,http://farm1.static.flickr.com/131/338755271_d9b899a35d.jpg
1126,http://amronsilkyterriers.com/images/bored.jpg
1127,http://farm3.static.flickr.com/2365/2156439153_261dbdf693.jpg
1128,http://farm2.static.flickr.com/1403/1198388430_91b88ffac0.jpg
1129,http://farm2.static.flickr.com/1302/1033303337_8378f0edc6.jpg
1130,http://www.dchrescue.com/images/dogs/adopted1/buddyterrier.jpg
1131,http://farm1.static.flickr.com/55/140593881_106041c0bf.jpg
1132,http://silkyrescue.tripod.com/id/griffen.jpg
1133,http://farm1.static.flickr.com/62/200158828_c3d19f5e30.jpg
1134,http://farm2.static.flickr.com/1230/1279940195_234ec7a5e7.jpg
1135,http://farm3.static.flickr.com/2326/2197162590_7fe1c55e9b.jpg
1136,http://farm3.static.flickr.com/2017/2077818613_44dd78e4c8.jpg
1137,http://static.flickr.com/2349/2085730216_1258c7769c.jpg
1138,http://www.danrichstables.com/SilkyTerriers/Images/Raoul2.jpg
1139,http://www.australian-silky-terrier.de/bilder/cimbria1.jpg
1140,http://farm2.static.flickr.com/1198/1320390613_7157b34534.jpg
1141,http://static.flickr.com/1108/1298425235_b5aef63cbd.jpg
1142,http://farm3.static.flickr.com/2058/1749001516_3c8bda710b.jpg
1143,http://farm2.static.flickr.com/1233/1289817487_fef3582116.jpg
1144,http://static.flickr.com/1018/1445989612_5f0c8aa31e.jpg
1145,http://farm2.static.flickr.com/1191/663702812_37623f4272.jpg
1146,http://static.flickr.com/1080/1034154714_854c049f2c.jpg
1147,http://farm3.static.flickr.com/2383/2128759515_5cde4cd4f2.jpg
1148,http://farm2.static.flickr.com/1335/1109902432_e52c97d0a0.jpg
1149,http://static.flickr.com/2101/1716736580_9dd2b0a83c.jpg
1150,http://farm3.static.flickr.com/2358/1720440161_c0cf236297.jpg
1151,http://farm1.static.flickr.com/170/409135163_24556d520e.jpg
1152,http://farm2.static.flickr.com/1126/1451152674_fd9c5840af.jpg
1153,http://sydneythedog.com/wp-content/uploads/2006/05/100_2194%20(WinCE)%20(2).JPG
1154,http://www.gotpetsonline.com/pictures-gallery/dog-pictures-breeders-puppies-rescue/silky-terrier-pictures-breeders-puppies-rescue/pictures/silky-terrier-0005.jpg
1155,http://static.flickr.com/1436/932875055_baac083318.jpg
1156,http://farm2.static.flickr.com/1032/921851690_cac5d1c2de.jpg
1157,http://www.dog-breeds.name/pictures/silky-terrier/silky-terrier-3.jpg
1158,http://farm2.static.flickr.com/1272/1235852016_efd7a23f80.jpg
1159,http://farm3.static.flickr.com/2412/1565573651_a96c12d4c5.jpg
1160,http://farm2.static.flickr.com/1355/1400130660_67564ca985.jpg
1161,http://farm3.static.flickr.com/2313/1781471736_5030cfbb1a.jpg
1162,http://farm2.static.flickr.com/1355/1299326180_0eaedc0a71.jpg
1163,http://farm3.static.flickr.com/2286/2202636813_cfd69b9af1.jpg
1164,http://farm3.static.flickr.com/2403/2067885940_5d7bdc6c03.jpg
1165,http://static.flickr.com/1057/1441102098_2577c7f28d.jpg
1166,http://farm2.static.flickr.com/1418/1420254319_2b022a165c.jpg
1167,http://farm2.static.flickr.com/1021/1217342929_c032a3fd19.jpg
1168,http://farm1.static.flickr.com/73/173078480_3d67657acb.jpg
1169,http://farm2.static.flickr.com/1048/661754613_58fc3c1cc3.jpg
1170,http://farm3.static.flickr.com/2416/2196351233_53e455f449.jpg
1171,http://farm2.static.flickr.com/1070/1405479880_032e8238da.jpg
1172,http://farm3.static.flickr.com/2323/2176362573_eb634d09ed.jpg
1173,http://farm1.static.flickr.com/70/193533278_bafb7e50d6.jpg
1174,http://www.gotpetsonline.com/pictures-gallery/dog-pictures-breeders-puppies-rescue/silky-terrier-pictures-breeders-puppies-rescue/pictures-photos/silky-terrier-0021.jpg
1175,http://farm3.static.flickr.com/2246/2076859795_d9491fb9b0.jpg
1176,http://static.flickr.com/1407/1003704044_8d4972ff87.jpg
1177,http://farm3.static.flickr.com/2133/1644668645_a44bc48e92.jpg
1178,http://farm3.static.flickr.com/2352/2144905935_73cb0b1915.jpg
1179,http://farm3.static.flickr.com/2403/2076859407_e69d462bda.jpg
1180,http://farm2.static.flickr.com/1017/698903592_2cb6ba912a.jpg
1181,http://farm3.static.flickr.com/2121/2179009611_1c47d58171.jpg
1182,http://farm3.static.flickr.com/2379/2197370945_0a5c5ca36b.jpg
1183,http://farm2.static.flickr.com/1367/921681462_766bb3553e.jpg
1184,http://static.flickr.com/1376/1021962757_25a39c02a2.jpg
1185,http://farm1.static.flickr.com/32/53656880_f654facfcc.jpg
1186,http://farm2.static.flickr.com/1059/1414983269_3f4923b65a.jpg
1187,http://farm2.static.flickr.com/1305/711691036_e615ddbcfe.jpg
1188,http://smalldogbreedsite.com/coppermine/albums/userpics/silkyterrier.jpg
1189,http://farm1.static.flickr.com/95/224963497_a469951695.jpg
1190,http://farm1.static.flickr.com/64/208041757_4471b725fe.jpg
1191,http://z.about.com/d/vetmedicine/1/0/9/2/keegan_dundee.jpg
1192,http://www.yourpurebredpuppy.com/dogbreeds/photos/silkyterriers.jpg
1193,http://orford.tased.edu.au/aust_terrier.jpg
1194,http://farm3.static.flickr.com/2056/2076834749_d7e8a3e938.jpg
1195,http://farm3.static.flickr.com/2404/2197168174_3f7320716f.jpg
1196,http://farm1.static.flickr.com/36/104980049_8b77ff94d5.jpg
1197,http://farm2.static.flickr.com/1052/865044923_0e0f0c9ac2.jpg
1198,http://farm3.static.flickr.com/2341/2064592308_e05998a3d5.jpg
1199,http://farm2.static.flickr.com/1104/1333222832_4e3feaa9cd.jpg
1200,http://farm2.static.flickr.com/1418/1333226840_d97d94bc98.jpg
1201,http://www.silky-terrier.info/images/topaz_kipp.03.jpg
1202,http://static.flickr.com/2303/1492922227_77eee8755a.jpg
1203,http://farm2.static.flickr.com/1389/603208231_2e377ea68a.jpg
1204,http://static.flickr.com/210/505176214_084323cc14.jpg
1205,http://farm1.static.flickr.com/120/285267835_65aae9b981.jpg
1206,http://farm1.static.flickr.com/92/209791279_e600c17c01.jpg
1207,http://farm2.static.flickr.com/1200/1320396475_0d6ac71be5.jpg
1208,http://farm3.static.flickr.com/2204/2104944660_db8ebba325.jpg
1209,http://farm3.static.flickr.com/2078/2092654590_2b8812f94a.jpg
1210,http://adogslife.net/gallery_images/thumbnail/050607220536.JPG
1211,http://farm3.static.flickr.com/2065/2235347789_1ef14bfae1.jpg
1212,http://farm1.static.flickr.com/67/195838098_1297c7279e.jpg
1213,http://farm3.static.flickr.com/2391/2065193670_fbd8265797.jpg
1214,http://farm1.static.flickr.com/85/279200198_69e1717358.jpg
1215,http://www.silkyterrier.de/alana_T.jpg
1216,http://farm3.static.flickr.com/2146/2170393109_fc8788aa3b.jpg
1217,http://www.gotpetsonline.com/pictures-gallery/dog-pictures-breeders-puppies-rescue/silky-terrier-pictures-breeders-puppies-rescue/pictures/silky-terrier-0040.jpg
1218,http://www.puppydogweb.com/breeders/pic_images/silkyterrier_johanson.jpg
1219,http://farm1.static.flickr.com/71/211339645_cf46575f86.jpg
1220,http://static.flickr.com/1421/1389013957_865e256e9e.jpg
1221,http://home.insight.rr.com/rshoaf/img/DCP_1708.jpg
1222,http://www.australian-silky-terrier.de/bilder/darsashuckleberryfinn.gif
1223,http://www.yorkiehavenrescue.com/images/dogs/99/99_1lcztojwn.jpg
1224,http://farm3.static.flickr.com/2251/2151932405_270fd0dcb0.jpg
1225,http://farm3.static.flickr.com/2140/2105060374_a79dc5c5ee.jpg
1226,http://farm2.static.flickr.com/1154/1270720429_64348e6c2c.jpg
1227,http://farm2.static.flickr.com/1015/800224802_2446fedc1a.jpg
1228,http://farm2.static.flickr.com/1268/1044258173_250d30ba06.jpg
1229,http://farm3.static.flickr.com/2277/2055528632_c9e4140c18.jpg
1230,http://dogs.lovetoknow.com/wiki/images/Dogs/thumb/f/fa/Yorkshire_Terrier.jpg/300px-Yorkshire_Terrier.jpg
1231,http://farm2.static.flickr.com/1002/866578469_f5fc620a80.jpg
1232,http://farm1.static.flickr.com/178/472091270_82c17611e5.jpg
1233,http://farm1.static.flickr.com/81/248725469_6a8b848d58.jpg
1234,http://static.flickr.com/1015/1348134869_cc3452fa2c.jpg
1235,http://static.flickr.com/1024/1451006406_15451451b5.jpg
1236,http://www.dogguide.net/images/breeds/silkyterrier.jpg
1237,http://static.flickr.com/1033/1299322500_e91e839975.jpg
1238,http://www.petworkspets.com/silkypoo.JPG
1239,http://www.mtnviewsilky.com/img/show/11.jpg
1240,http://farm1.static.flickr.com/100/307166383_6272f1dbdb.jpg
1241,http://www.dog-breeds.net/Silkhy1Fkrrifant.jpg
1242,http://farm2.static.flickr.com/1418/1436325070_85fc487718.jpg
1243,http://farm1.static.flickr.com/63/227878831_a5e3477bbc.jpg
1244,http://static.flickr.com/1117/1487394408_2e131ee036.jpg
1245,http://farm2.static.flickr.com/1149/732407342_82d1c3b361.jpg
1246,http://farm1.static.flickr.com/50/150124338_f61d4713a7.jpg
1247,http://farm1.static.flickr.com/35/109532936_f5817b4abc.jpg
1248,http://farm1.static.flickr.com/67/221887008_542f8d2c83.jpg
1249,http://www.australianundsilkyterrier.de/dana2.jpg
1250,http://farm3.static.flickr.com/2369/1780467431_271ae391ec.jpg
1251,http://farm1.static.flickr.com/86/239081531_e80911809f.jpg
1252,http://www.saveadog.org.au/images/photos/molly_r4.jpg
1253,http://farm3.static.flickr.com/2363/2177921471_07d548e7b8.jpg
1254,http://farm2.static.flickr.com/1356/1332337727_b90b37780f.jpg
1255,http://www.dkimages.com/discover/previews/927/45011542.JPG
1256,http://www.vergleichen-und-sparen.de/images/newsimg/silky_1.jpg
1257,http://farm3.static.flickr.com/2035/2067970458_3ad5a78bda.jpg
1258,http://farm2.static.flickr.com/1092/856653902_80e91fc1fc.jpg
1259,http://static.flickr.com/2322/1865180931_085a4ba913.jpg
1260,http://www.gotpetsonline.com/pictures-gallery/dog-pictures-breeders-puppies-rescue/silky-terrier-pictures-breeders-puppies-rescue/pictures/silky-terrier-0048.jpg
1261,http://animal-photography.co.uk/thumbs/AP-1DUI2R-TH.jpg
1262,http://static.flickr.com/2371/1492924241_732cf7cec4.jpg
1263,http://farm2.static.flickr.com/1197/1131026875_abf17449da.jpg
1264,http://farm2.static.flickr.com/1130/1344554872_c2abaaddb9.jpg
1265,http://farm3.static.flickr.com/2303/2131729221_eeb6be32fb.jpg
1266,http://farm2.static.flickr.com/1277/1333222128_a3e6a8d5ec.jpg
1267,http://www.heydogs.com/breeds/a/photos/AustralianSilky1.jpg
1268,http://farm3.static.flickr.com/2136/2067895784_965d2d396d.jpg
1269,http://static.flickr.com/1311/1281489464_85c418fc61.jpg
1270,http://static.flickr.com/2094/2027195193_c65013f4ea.jpg
1271,http://www.magicshowkennel.com/images/silky/Magic%20Show%20Fairy-Tale_small1.jpg
1272,http://farm2.static.flickr.com/1125/1338768497_a5bba66276.jpg
1273,http://farm3.static.flickr.com/2126/2170734092_ab0d85473a.jpg
1274,http://farm1.static.flickr.com/59/179508019_c795d4d7c9.jpg
1275,http://farm2.static.flickr.com/1394/1033301153_243679a0ff.jpg
1276,http://static.flickr.com/76/193538853_ed04637a9b_b.jpg
1277,http://farm2.static.flickr.com/1256/565639234_ac65ae48f2.jpg
1278,http://static.flickr.com/1144/1279578149_c2ad2c1a60.jpg
1279,http://farm3.static.flickr.com/2032/1696242163_831db4343c.jpg
1280,http://farm2.static.flickr.com/1004/1459716220_794847efcf.jpg
1281,http://farm2.static.flickr.com/1077/966462668_bc87ca9b6f.jpg
1282,http://farm3.static.flickr.com/2022/2221843214_9b66cc4f43.jpg
1283,http://www.gotpetsonline.com/pictures-gallery/dog-pictures-breeders-puppies-rescue/silky-terrier-pictures-breeders-puppies-rescue/pictures/silky-terrier-0015.jpg
1284,http://farm3.static.flickr.com/2206/2095751941_90053a5830.jpg
1285,http://farm3.static.flickr.com/2013/2040691372_e368e153bf.jpg
1286,http://farm3.static.flickr.com/2414/2190692991_a1b8754651.jpg
1287,http://farm2.static.flickr.com/1385/802562883_991e0ebe20.jpg
1288,http://farm1.static.flickr.com/154/330644296_4e1ebd4e20.jpg
1289,http://farm1.static.flickr.com/21/90537763_f38b608a71.jpg
1290,http://farm2.static.flickr.com/1178/1339474802_2526df2851.jpg
1291,http://farm2.static.flickr.com/1371/1399305380_80b488a0ee.jpg
1292,http://farm3.static.flickr.com/2387/1510927637_682f9e9b31.jpg
1293,http://farm2.static.flickr.com/1161/1451928588_22b665e6bc.jpg
1294,http://farm3.static.flickr.com/2208/1571270356_8cc1685d4c.jpg
1295,http://thepuppyshack.com/db3/00272/thepuppyshack.com/_uimages/SADIE-B.jpg
1296,http://www.canis.no/oppdretter/rasebilder/rase_120_1.jpg
1297,http://farm3.static.flickr.com/2360/2173551163_4d6619c9df.jpg
1298,http://farm2.static.flickr.com/1279/1374952307_4cfa029afb.jpg
1299,http://static.flickr.com/1279/1400134642_32c4756f05.jpg
1300,http://farm2.static.flickr.com/1060/1430994242_e66d3b6425.jpg
1301,
