0,http://www.ravensanctuary.com/kc/pictures/dogs/Gairda2.jpg
1,http://farm1.static.flickr.com/82/250139901_261659554f.jpg
2,http://www.giantschnauzerrescue.net/GretchenSophie/Gretchen11-22-03.jpg
3,http://korppret.com/pup_picks_22705_2.jpg
4,http://www.schnauzerclub.co.uk/g2_thumbnail1.gif
5,http://www.chimeradog.com/chimeraimages/Kitpup175W.jpg
6,http://caninecoalition.com/img/Schnauzer--2.jpg
7,http://www.puppydogweb.com/gallery/standardschnauzers/standardschnauzer_vargas.jpg
8,http://static.flickr.com/128/341993972_f26598602b.jpg
9,http://people.aapt.net.au/~amkidd/Kylie.jpg
10,http://dl.dogomania.com/pics/24/hosszu-bereki_csaszar_white_lady.jpg
11,http://www.hofmann-hamburg.de/lgz03.1.JPG
12,http://www.schnauzer-nain.com/blog/images/Reggae-Night%201.jpg
13,http://farm1.static.flickr.com/143/320052746_0137594f72.jpg
14,http://www.canaryzoo.com/Dog%20Species/standard%20schnauzer.jpeg
15,http://www.paws.com.au/BreedRescue/0schnauzer.jpg
16,http://www.mediumdogguide.com/Standard_schnauzer_image.jpg
17,http://home.austin.rr.com/alwaysschnauzers/rock.jpg
18,http://www.stdschnauzer.com/members/nunzir/a%20Tanks%20at%201st%20puppy%20match.jpg
19,http://www.sznaucerschnauzer.republika.pl/noel/zdj/duze/87n.jpg
20,http://www.dogpage.us/images/grandslam3.jpg
21,http://www.dooziedog.com/dog_breeds/images/thumbs/tn_Schnauzer-(mini).jpg
22,http://www.puppy.com.my/breed/images/schnauzer02.jpg
23,http://farm1.static.flickr.com/107/273667371_36b6a7d428.jpg
24,http://farm2.static.flickr.com/1295/531381286_0454d7afe7.jpg
25,http://www.sidyboysfoolin.com/samsi.jpg
26,http://static.flickr.com/173/392620206_6f269f04f0.jpg
27,http://upload.wikimedia.org/wikipedia/commons/thumb/9/9f/Miniature_Schnauzer_Flickr_edit.jpg/250px-Miniature_Schnauzer_Flickr_edit.jpg
28,http://www.sznaucerschnauzer.republika.pl/noel/zdj/duze/84n.jpg
29,http://photocache.petfinder.com/fotos/NJ27/NJ27.6157285-3-x.jpg
30,http://axcium.com/Images/schnauzer_head5.jpg
31,http://static.flickr.com/1117/1195092857_c7d9d8e21c.jpg
32,http://farm1.static.flickr.com/167/473314502_1ae5fe95db.jpg
33,http://www.tierfachmarkt.de/cgi-bin/index.cgi/5529-318-142-0-Das%20grosse%20Schnauzer%20Buch.jpg?APP=GET&ID=5529&FILTER=SCALE_ROTATE&FILTER_PARAM1=318&FILTER_PARAM2=142&FILTER_PARAM3=0&url_dummy=Das+grosse+Schnauzer+Buch.jpg
34,http://www.valleyviewdogs.com/images/schnauzers/schnauzer-miniature-gumpie-poo-04_small.jpg
35,http://www.schnauzertopia.com/templates/tmpl_schnauzer/images/schnauzer_big.png
36,http://album.sina.com.cn/pic/4b2aa94202000knc
37,http://farm1.static.flickr.com/218/453112444_de5848e760.jpg
38,"http://www.petsplace.co.za/mini%20schnauzer%20Fred,%20black.jpg"
39,http://farm2.static.flickr.com/1082/679591896_2fd7a394fb.jpg
40,http://www.wagnwash.ca/Quickstart/ImageLib/Picture_044.jpg
41,http://imagecache2.allposters.com/images/PTGPOD/390262.jpg
42,http://www.dog-breeds.name/pictures/standard-schnauzer/standard-schnauzer-6tn.jpg
43,http://www.davolvoreta.com/galeria/schnauzers/medianos/salpimienta/zaherir/zar003-180x126.jpg
44,http://www.rvrg.com/IMG/bikerboyF.jpg
45,http://www.petpeoplesplace.com/resources/gallery/dogs/images/schauzer13.jpg
46,http://www.pawsabilities.com/conf_gunner_schnau_small.jpg
47,http://www.giveusahome.co.uk/breederspages/allbreedsphotosdog/standardschnauzer.jpg
48,http://www.puppyflair.com/img/puppies/h/pf1005-schnauzer_5.jpg
49,http://static.flickr.com/189/522573119_d1f0810634.jpg
50,http://www.breederretriever.com/photopost/data/719/medium/schnauzer.jpg
51,http://durga53.img.jugem.jp/20070408_76702.jpg
52,http://www.animalstamps.com/breedstamps/sschnauzer.jpg
53,http://farm1.static.flickr.com/138/390730476_821ce1a7a8.jpg
54,http://groups.msn.com/isapi/fetch.dll?action=MyPhotos_GetPubPhoto&PhotoID;=nHQAAANkHVVHVt9E9m!0mGmKId1fMrKZIJZJFF8SDXm2GnUHOI5r3PK40RN90yIc4
55,http://www.sidyboysfoolin.com/Books/B1556_b.jpg
56,http://www.kleo.ru/encyclopedia/dog/standard_schnauzer_02m.jpg
57,http://www.taras.ro/pictures/cap-batman.jpg
58,http://www.pedigree.com.au/breeds/images/schnauzer_02.jpg
59,http://static.flickr.com/76/196514150_b18b3273c8.jpg
60,http://www.ackleykennels.com/images/standardsadiepete.jpg
61,http://www.schnauzerrescueofthecarolinas.org/images/SRC-20-Sugar.jpg
62,http://www.gapuppy.com/board/table/backwa1/upload/s22.jpg
63,http://www.ravensanctuary.com/kc/pictures/dogs/Sam1.JPG
64,http://www.gotpetsonline.com/pictures-gallery/dog-pictures-breeders-puppies-rescue/standard-schnauzer-pictures-breeders-puppies-rescue/pictures-photos/standard-schnauzer-0007.jpg
65,http://www.schnauzer-silverlake.com/obrazki/schnauzer-Benitta-Hakavik.jpg
66,http://68.178.128.136/ar/mascotas/perros/razas/todos/imagenes/182.jpg
67,http://www.carandall.com/files/CCDogs/CC_Schnauzer_Std_01.jpg
68,http://www.gotpetsonline.com/pictures-gallery/dog-pictures-breeders-puppies-rescue/standard-schnauzer-pictures-breeders-puppies-rescue/pictures-photos/standard-schnauzer-0001.jpg
69,http://www.fordogtrainers.com/ProductImages/dog-breeds-muzzles/Standard-Schnauzer-muzzle-Standard-Schnauzer.jpg
70,http://www.musicalhousebandb.com/img/perito_7-04-2007_web.jpg
71,http://www.losperrosderaza.com.ar/imagenes/razas/schmed1.jpg
72,http://korppret.com/blue_boy.jpg
73,http://images.amazon.com/images/P/0793807565.01._PE_PI_SCMZZZZZZZ_.jpg
74,http://static.flickr.com/1237/897883256_c6c4d9f39b.jpg
75,http://www.hund.ch/fotos/fstandschnauzer40.jpg
76,http://www.smartienda.cl/smart2007/resize2.asp?path=../smartwebsite/pruebas/schnauzer_arch/standard.jpg&width;=200&height;=200
77,http://artfiles.art.com/images/-/Adriano-Bacchella/Black-Standard-Schnauzer-Profile-Photographic-Print-C13061273.jpeg
78,http://www.petselect.net/cache/1922450327.jpg
79,http://www.dog-breeds.me.uk/assets/images/Schnauzer02.jpg
80,http://www.argenta.nu/Foton/U2_Newborn1.jpg
81,http://www.dogbreedinfo.com/images14/StandardSchnauzerSpike13mthslookout.JPG
82,http://www.blueofblues.fc.pl/fotki-wystawy/kacper_n-dwor2007_m.jpg
83,http://www.sskobold.com/db1/00070/sskobold.com/_uimages/jvm1000.bmp
84,http://farm1.static.flickr.com/115/268983978_4fdc86c7ed.jpg
85,http://www.wellbredpets.com/tempimages/PROFILEPIC00000002417-0001_thumb.jpg
86,http://upload.wikimedia.org/wikipedia/en/thumb/9/91/Schnauzer.jpg/180px-Schnauzer.jpg
87,http://www.kesefschnauzers.com/louie.jpg
88,http://www.nwgadogs.org/images/GII%206-05.JPG
89,http://www.pups4sale.com.au/schnauzer_miniature_01a.jpg
90,http://sskobold.com/db1/00070/sskobold.com/_uimages/arni.jpg
91,http://www.westminsterkennelclub.org/breedinformation/terrier/images/minsch.jpg
92,http://nothinbuttdogs.com/ButtContest/Oggy_Flute.jpg
93,http://www.awesomepawsomes.co.uk/Images/Schnauzer_ula_2.JPG
94,http://farm3.static.flickr.com/2153/2214104098_237662f21c.jpg
95,http://farm2.static.flickr.com/1053/842296382_2cba2874fe.jpg
96,http://static.flickr.com/26/59962444_c0aaba0538.jpg
97,http://people.aapt.net.au/~amkidd/revbis.jpg
98,http://farm3.static.flickr.com/2117/2209841231_41b9e6cc2b.jpg
99,http://farm2.static.flickr.com/1332/856028187_41fe48a84d.jpg
100,http://www.escherfarms.com/images/carl_max.jpg
101,http://www.alarmbeskyd.com/uvodni_fotky/bambi_brno_small.gif
102,http://www.miniature-pinscher-world.com/images/schnauzer2.gif
103,http://www.puppydogweb.com/gallery/miniatureschnauzers/miniatureschnauzer_p001.JPG
104,http://www.tancoslabu.hu/schnauz/23.jpg
105,http://www.kennels.co.uk/images/U.MiniatureSchnauzer.jpg
106,http://www.sznaucery-replika.pl/zdjecia/grupowe.jpg
107,http://farm3.static.flickr.com/2403/2054583742_ee1e63ebda.jpg
108,http://farm2.static.flickr.com/1360/842290062_206c96ac9a.jpg
109,http://www.welpen.de/zverzeichnis/bilder/zwergschnauzer.jpg
110,http://www.argenta.nu/Foton/Jezzie_Gabriella.jpg
111,http://www.canadasguidetodogs.com/images/schnauzers/b2158_b.jpg
112,http://www.chimeradog.com/chimeraimages/Max_euro_stacked_332Wx240.jpg
113,http://farm1.static.flickr.com/125/387767771_719dca23a9.jpg
