0,http://farm3.static.flickr.com/2222/1657983199_a020966a36.jpg
1,http://www.mekclb.com/breeds/sussex.JPG
2,http://www.dog-breeds-infosite.com/images/Sussex_Spaniel.jpg
3,http://www.encore-editions.com/dogs/landseer1/misc/misc4/thumb/thm_maudearldandiedinmonts.jpg
4,http://static.flickr.com/2026/2053928064_2c661a07da.jpg
5,http://www.spanieliliitto.fi/kuvat/nayttely/paanayttely1999/sussexinspanielirop.jpg
6,http://www.spanieliliitto.fi/kuvat/nayttely/paanayttely2001/sussexinspanielivsp.jpg
7,http://www.sovaromasussex.co.uk/images/NellieCrufts2007.jpg
8,http://www.fda-jagthunde.dk/billeder/album04/sussex.sized.jpg
9,http://www.dogtron.com/dog/pictures/sussex.jpg
10,http://www.puppydogweb.com/gallery/sussexspaniels/sussexspaniel_karvala.jpg
11,http://www.juvomi.de/neues/bilder/m/SUSSE02M.jpg
12,http://www.sussexspaniels.org.uk/images/SJosh.jpg
13,http://www.westerlygaels.com/Eng/Scan20042.JPG
14,http://www.homespun84.com/eliandhannahandabra.jpg
15,http://www.5stardog.com/gallery/images/Boykin%20Spaniel/8733793913540L.JPG
16,http://www.spanielsport.hu/kepek/sussex/sussex_spaniel_23.jpg
17,http://www.exoticdogs.com/breeds/sussex/3.jpg
18,http://www.animalsclub.de/rassehunde/flushing-dogs/sussexspaniel.jpg
19,http://www.dogs4sale.com.au/Breeds/Sussex_Spaniel/Fact_Sheets/Sussex_Spaniel1.jpg
20,http://www.dog.com/breed/docgrafx/sussspan.jpg
21,http://www.prontodog.com.br/fotos/fiespsp.jpg
22,http://www.westminsterdogshow.org/2006/photos/breed/SN76639008.jpg
23,http://www.splashfm.com/images/Pets/IMG_4203.jpg
24,http://www.kleo.ru/encyclopedia/dog/sussex_spaniel_02.jpg
25,http://www.westminsterkennelclub.org/2002/photos/breed/SN75473102.jpg
26,http://cache.boston.com/bonzai-fba/Globe_Photo/2007/12/06/1196974712_8372.jpg
27,http://farm3.static.flickr.com/2120/2053135751_91889e5277.jpg
28,http://upload.wikimedia.org/wikipedia/commons/thumb/b/b7/Sussex_spaniel_276.jpg/800px-Sussex_spaniel_276.jpg
29,http://www.animalden.net/cj/5731.jpg
30,http://www.celysvet.cz/images/sussex-spaniel_1.jpg
31,http://farm3.static.flickr.com/2390/1658009441_e4ca3d05f8.jpg
32,http://www.dogbreedinfo.com/images11/sussex%20spaniel%20TootsieDads%20Photos%20249.JPG
33,http://www.americapetshop.com/images/dog/sussexspaniel.jpg
34,http://www.pedigreedatabase.com/dogs/i/american_cocker_spaniel_thumb.jpg
35,http://vovve.net/i/Galleri/18/18175.jpg
36,http://upload.wikimedia.org/wikipedia/commons/thumb/c/c9/Sussex_spaniel_t43.jpg/250px-Sussex_spaniel_t43.jpg
37,http://www.cocker-fr.com/variete/sussex%20springer.jpg
38,http://www.spaniel-klubben.dk/images/Gold%20Cup%202005/130sussex.jpg
39,http://content.answers.com/main/content/wp/en-commons/thumb/c/c1/250px-Irlandzki_spaniel_wodny_676.jpg
40,http://www.wildpromotie.nl/jagerslatijn/pics/sussexspaniel-02.jpg
41,http://www.dogbreedinfo.org/images8/field1.jpg
42,http://files.dogster.com/pix/dogs/80/635780/635780_1191455168.jpg
43,http://www.spanielsport.hu/kepek/sussex/sussex_spaniel_18.jpg
44,http://farm3.static.flickr.com/2394/2053924584_ab3f6151c8.jpg
45,http://farm1.static.flickr.com/48/110639682_b86bc7af58.jpg
46,http://www.copyright-free-photos.org.uk/animals/dogs/sussex-spaniel.jpg
47,http://l.yimg.com/us.yimg.com/i/us/pets/brgd/field-spaniel.jpg
48,http://canineartconnections.com/weblog/wp-images/vnbb/gmtv_breed_kingcharles_th.jpg
49,http://www.spaniel-club.ch/images/thumb_sussex.jpg
50,http://www.midsussexwkspanielclub.co.uk/users/www.midsussexwkspanielclub.co.uk/upload/DSC00582.JPG
51,http://www.sportingspaniel.com/assets/images/SSS_April_07_JIS_Decoventrie_Castle_s_Queen_Of_Hearts-imp_USA.JPG
52,http://www.erinhill-labs.com/northconway.jpg
53,http://www.wagandfetch.com/images/breeds/breed_sussex_spaniel.jpg
54,http://www.chiens-des-champs.com/English%20Setter.jpg
55,http://www.5stardog.com/gallery/images/American%20Water%20Spaniel/5473753552705L.JPG
56,http://www.irishfieldsports.com/gundogs/images/sussex2.jpg
57,http://www.dooziedog.com/dog_breeds/sussex_spaniel/main.jpg
58,http://www.spanielteam.de/images/Rassen/sussex.jpg
59,http://www.devrolijkeviervoeters.org/images/sussex_spaniel08.jpg
60,http://www.spanielclub.es/resultados/images/internacional%20galicia%2007%20mejor%20sussex.JPG
61,http://img438.imageshack.us/img438/4896/getrimd0323ua.jpg
62,http://www.spanielsport.hu/kepek/sussex/sussex_spaniel_10.jpg
63,http://www.gopetsamerica.com/field-spaniel/field-spaniel.jpg
64,http://www.westminsterkennelclub.org/breedinformation/sporting/images/amewatsp.jpg
65,http://www.digitaldog.com/images/breeds/sussex.bmp
66,http://www.25dx.com/cw/UploadFiles_7116/200606/200661252233996.jpg
67,http://www.homespun84.com/Herby_8weeks.jpg
68,http://findthebesthere.com/sussex_spaniel1021404.jpg
69,http://www.ahdc.org/ahdc1/graphics/moe.jpg
70,http://home.wanadoo.nl/arnobi/wereldhonden/honden/hond175.jpg
71,http://content.answers.com/main/content/wp/en/thumb/e/e7/80px-Kerygma_Cockers_Mistyside.jpg
72,http://www.dentonkennelclub.com/Large-Sporting-Sunday_small.jpg
73,http://static.flickr.com/2197/1657998887_aec4944d49.jpg
74,http://www.kleo.ru/encyclopedia/dog/sussex_spaniel_03.jpg
75,http://www.chiens-des-champs.com/Sussex-Spaniel.jpg
76,http://farm3.static.flickr.com/2201/1658862136_c79df901dd.jpg
77,http://www.dogzonline.com.au/images/feature/sunfire_555.jpg
78,http://www.spanielclub.es/resultados/images/nacional%20galicia%2007%20mejor%20sussex.jpg
79,http://groups.msn.com/_Secure/0VwDvAi4b1ejeoJ7PM*z9hnzt5M99!sKAwPH!mEtkQVbGlcMoNCkfwb*lXvaBI9AQ9eyjB7DqF0qTEwWKFLb1XhEDRPEm6jT6mkLHhTiPKC9tiU9wLvcQ0zNnf*clCmqP/The_Boykin_Spaniel.jpg
80,http://quarrspaniels.co.uk/IMG/tany8wL.jpg
81,http://www.dogbreedinfo.com/images16/EnglishCockerSpanielPUPPY.JPG
82,http://farm3.static.flickr.com/2364/1658863228_7dcaa69cc8.jpg
83,http://www.gerryundlady.de/seiten/thumbs/sussex_spaniel.jpg
84,http://www.collectorsprints.com/_images/dogs/1907/sussexspaniel-400.jpg
85,http://www.paragonvet.com/_paragonimages/small-animal-images/Spaniel%20Before.jpg
86,http://dogs-puppies.dogs-central.com/sussex-spaniel-puppy/hollybrooke2.jpg
87,http://www.yourdogs.info/images/breeds/sussex_spaniel.jpg
88,http://www.dogzonline.com.au/images/profiles/07/06/7823_1138.jpg
89,http://www.2000dogs.com/photos/sussexspaniel_corel.jpg
90,http://ginaseglindecorativepaintings.com/sitebuilder/images/cocker_marron_for_critters_002-147x109.jpg
91,http://www.sussexspaniels.org.uk/images/Jadey.jpg
92,http://www.k9breedlist.com/images/Karvala_Matti_Sussex_Spaniel.jpg
93,http://farm3.static.flickr.com/2147/1658006203_d5b165cf2b.jpg
94,http://www.homespun84.com/Holly_Berri_feb192004_side.jpg
95,http://www.lyndongraey.co.uk/Website%20Images/All%20About%20Dogs%2014%20May.jpg
96,http://www.encore-editions.com/dogs/cassells/thumb/thm_toyspaniels2.jpg
97,http://www.brooksbraithwaite.com/images/spaniel.jpg
98,http://dobrota.perm.ru/brothers/dog/porods/images/A184.jpg
99,http://www.gerryundlady.de/seiten/thumbs/field_spaniel.jpg
100,http://netti.nic.fi/%7Elssk/rodut/sussex6.jpg
101,http://www.dog-names.org.uk/dog-images/sussex-spaniel.jpg
102,http://www.irishfieldsports.com/gundogs/images/esssitting_small.JPG
103,http://www.showdogsuk.com/bin/new/en-gb/uploads/939-BVIS.jpg
104,http://www.mydogdating.com/photo/breeds/1532.bmp
105,http://www.affinity-petcare.com/esp/img/gos/razas/Sussex%20Spaniel.jpg
106,http://www.dog-dogs.com/images/BreedPics/sdogs/sussexspaniel-typ01.jpg
107,http://mobiler-hundefrisoer.de/Bilder/anabel1.JPG
108,http://www.kennels.co.uk/images/G.English.Springer.jpg
109,http://animal.discovery.com/convergence/eukanuba/akcchampionship/tour/gallery/sussexspaniel.jpg
110,http://www.fordogonly.net/alldog/s23.jpg
111,http://www.mybuddydog.com/graphic3.gif
112,http://www.022pet.com/manage/aspSmartUpload/af-2.gif
113,http://www.asahi-net.or.jp/~va6n-ab/BMP/SussexSpaniel.BMP
114,http://www.cokl.cz/cacheImage/sekce-stanice-1509.ede2df5541967768dee95191fd091c4a-80-c160xc160.jpg
115,http://www.breederretriever.com/photopost/data/740/sussex.jpg
116,http://findthebesthere.com/sussex_spaniel2021404.jpg
117,http://www.saudeanimal.com.br/imagens/sussex2.jpg
118,http://www.erinhill-labs.com/cbtunnel.jpg
119,http://www.zodiacwhippets.com/shinewb13.jpg
120,http://www.purbarn.co.uk/images/Tucker%201.jpg
121,http://www.hundundratte.de/html/hunderassen/images/sussexspanielcl.jpg
122,http://www.sabinemiddelhaufeshundundnatur.net/immagini/hunderassen/sussex/sussex1.jpg
123,http://www.westminsterkennelclub.org/2005/photos/breed/SN88227601.jpg
124,http://www.kchls.cz/cs/cz/clumber_spaniel/psi/28.jpg
125,http://www.breedersonline.co.uk/Dogs/Photos/Spaniel-Sussex.jpg
126,http://www.kennelclub.com.br/racas/054.jpg
127,http://www.westminsterkennelclub.org/2004/photos/breed/SN61688903.jpg
128,http://farm3.static.flickr.com/2253/1658853738_2deac1763c.jpg
129,http://vovve.net/i/Galleri/10/10061-t.jpg
130,http://www.spanielsport.hu/kepek/sussex/sussex_spaniel_12.jpg
131,http://www.amenopet.com/foto/Sussex.jpg
132,http://www.copyright-free-pictures.org.uk/animals/dogs/sussex-spaniel.jpg
133,http://www.homespun84.com/Herby2_8weeks.jpg
134,http://beheer.uwhondenkat.nl/pictures/dogstandards/20071107-9.jpg
135,http://vovve.net/i/Galleri/24/24283-t.jpg
136,http://spaniels.free.fr/sussex3.jpg
137,http://quarrspaniels.co.uk/IMG/Smquarrtet.jpg
138,http://www.propettransports.com/graphics/dogs/063.png
139,http://static.flickr.com/2208/1658872398_55020327c6.jpg
140,http://www.pedigreedogs.co.uk/images_breeds/sussex_spaniel.jpg
141,http://www.dogzonline.com.au/images/profiles/63/10516_1084.jpg
142,http://www.greatdogsite.com/admin/uploaded_files/thumbnails/sussex_spaniel67.716x_1184107271114.jpg
143,http://farm3.static.flickr.com/2027/1658858954_d75470786b.jpg
144,http://www.homespun84.com/Herby_5weeks.JPG
145,http://www.sussexspaniels.org/index_files/image3221.jpg
146,http://www.quarrspaniels.co.uk/IMG/Hinch.jpg
147,http://www.viarural.com.uy/ganaderia/mascotas/fotografias-perros/sussex-spaniel-02.jpg
148,http://www.homespun84.com/hannahsnow.jpg
149,http://www.petfriends.com.br/enciclopedia/images/Caes/sussex%202.jpg
150,http://dieren-ehbo.nl/images/stories/hondenrassen/sussex_spaniel.jpg
151,http://farm3.static.flickr.com/2023/1658842622_93fc4af2e3.jpg
152,http://www.furrycritter.com/resources/dogs/Images/Field_Spaniel.jpg
153,http://www.cinofilionline.it/images/sussexspanielbuono.jpg
154,http://www.westminsterkennelclub.org/2001/photos/breed/SN58428705.jpg
155,http://www.timothythomasdoghandling.com/gallery%20of%20show%20dogs/images/docmoving.jpg
156,http://www.favorite-puppy-names.com/images/spaniel-puppy-picture.jpg
157,http://www.jagdhunde.de/lexikon_text/photos/127.jpg
158,http://farm1.static.flickr.com/171/363575289_5f90820493.jpg
159,http://www.kutya.hu/0411/images/30-7.jpg
160,http://www.homespun84.com/dreadnaught3_8weeks.jpg
161,http://www.cuug.ab.ca/~animal/FieldspanielSussex.jpg
162,http://www.dogzonline.com.au/images/profiles/44/7821_221.jpg
163,http://www.dogbreedinformation.com/images/sussexstand.jpg
164,http://puppydogweb.com/caninebreeds/dogimages/fieldspaniel_corel.jpg
165,http://www.dkimages.com/discover/previews/946/40022857.JPG
166,http://www.terra.com.pe/mascotas/iconos/sussex3.jpg
167,http://www.aniwa.fr/Images/2/906/49356.jpg
168,http://spaniels.free.fr/sussex1.jpg
169,http://www.chiens.fr/images/races/cocker_anglais_(spaniel)_3.jpg
170,http://www.animalsclub.de/rassehunde/flushing-dogs/field-spaniel.jpg
171,http://www.dogzonline.com.au/images/profiles/64/11866_351_sm.jpg
172,http://www.dogzonline.com.au/images/profiles/63/14062_448_sm.jpg
173,http://l.yimg.com/us.yimg.com/i/us/pets/brgd/clumber-spaniel.jpg
174,http://www.saudeanimal.com.br/imagens/chamada_sussex.jpg
175,http://www.jubilwell.co.uk/images/june2007057.jpg
176,http://www.dog-breeds-infosite.com/images/Sussex_Spaniel1.jpg
177,http://cherishpet.com/wp-content/uploads/2007/10/sussex-spaniel.jpg
178,http://www.spanielsport.hu/american_water_150.jpg
179,http://www.hundund.de/rassen/sussex-spaniel/head.jpg
180,http://www.dog-breeds.net/AmWaterSpanielStorm1.jpg
181,http://www.sunshineportraits.com/assets_d/3673/portfolio_media/schulte-009-8x10_114_sm.jpg
182,http://www.encore-editions.com/dogs/dogs/hutch/thm_scottlangeleysussexspaniel.jpg
183,http://www.12dog.com/blog/tang/13/upload/200510233961.png
184,http://www.spanieljournal.com/images/doggies.jpg
185,http://www.homespun84.com/eliandhannahkissing.jpg
186,http://www.furallover.com/dogphoto/SussexSpaniel.jpg
187,http://www.mybuddydog.com/ss1.jpg
188,http://www.spaniel-klubben.dk/spaniel_racer/sussex-hovedfoto.jpg
189,http://www.brunotausz.com/images/sussex_spaniel.jpg
190,http://info.breedguide.com/images/sussexspaniel-dog.jpg
191,http://www.homespun84.com/hannah_xmas_1_edit.JPG
192,http://www.lyndongraey.co.uk/Website%20Images/Sweden%203.jpg
193,http://www.psi-kocky.cz/files/u20/boys_postoj.jpg
194,http://www.k9host.co.uk/grafix/Breeds/SpanielAmCocker.jpg
195,http://www.hvuttar.net/db/f-v.0.9-eu-3e569a04ee5fb3e569a04ef53c.jpg
196,http://www.homespun84.com/P1010001.JPG
197,http://www.arkasdogs.com/Chiens/groupe8/thumbnail/TN-shagya.jpg
198,http://www.spanielsport.hu/kepek/sussex/sussex_spaniel_20.jpg
199,http://www.bestdogsearch.com/breeds/183.jpg
200,http://www.welthundeausstellung.de/hundeimages/20030605160752.jpg
201,http://static.flickr.com/2382/2090163878_a50f0a3d2b.jpg
202,http://www.zoo-reschke.de/printable/images/sussexspaniel_160.jpg
203,http://www.yourpurebredpuppy.com/dogbreeds/photos578/sussexspaniels.jpg
204,http://www.mollyjones.com/sbreeds/sbreed%20pics/1sussex1.jpg
205,http://www.krismaimages.com/susx1.jpg
206,http://www.12dog.com/blog/tang/13/upload/200510231043.png
207,http://www.petstyle.com/images/breed_profiles/dogs/Sussex_Spaniel.jpg
208,http://www.5stardog.com/gallery/images/Field%20Spaniel/642636232499L.JPG
209,http://img56.imageshack.us/img56/6600/dsc000099xw.jpg
210,http://www.hunde-im-web.de/bilder/langhtrio.jpg
211,http://content.answers.com/main/content/wp/en-commons/thumb/0/0a/250px-Field_spaniel_581.jpg
212,http://www.grosvenorprints.com/hw036a.jpg
213,http://www.erinhill-labs.com/cbducky.jpg
214,http://www.kennels.nl/fci_foto_nummer/127B.jpg
215,http://www.puppiesanddogsforsale.com/images/Breed_Examples/CockerSpaniel.jpg
216,http://www.sovaromasussex.co.uk/images/Onslow%20Crufts2006.jpg
217,http://www.dogzonline.com.au/images/profiles/07/09/14062_1790.jpg
218,http://www.lyndongraey.co.uk/Website%20Images/Chester%2013%20July%2003.JPG
219,http://farm3.static.flickr.com/2111/2243718339_26e97af9fa.jpg
220,http://www.kutyatanya.hu/images/fajok/sussexi_spaniel.jpg
221,http://www.guidautile.com/manuale/cani/img/cani/Sussex_Spaniel_Springer_Spaniel_Gallese.jpg
222,http://www.celysvet.cz/foto/sussex-spanel_2.jpg
223,http://www.westminsterkennelclub.org/2003/photos/breed/SN54667902.jpg
224,http://static.flickr.com/2291/1658856970_5ec1e70cb5.jpg
225,http://www.lyndongraey.co.uk/Website%20Images/Sweden%202.jpg
226,http://www.spanielsport.hu/kepek/sussex/sussex_spaniel_09.jpg
227,http://farm3.static.flickr.com/2240/2210418820_072f45a361.jpg
228,http://www.pedigreedpups.com/images/sussexsp.jpg
229,http://www.versatiledogs.com/albums/sussex/ClemPheasant3.jpg
230,http://www.versatiledogs.com/albums/sussex/Clem65snow.sized.jpg
231,http://aniwacomlb.test.fr.colt.net/images/2/2105/pedigree_Sussex_Spaniel.jpg
232,http://www.homespun84.com/DREADNAUGHT2_8WEEKS.jpg
233,http://www.spanielsport.hu/kepek/sussex/sussex_spaniel_07.jpg
234,http://img.webring.com/r/s/sussexspaniels/navbarlogo
235,http://quarrspaniels.co.uk/IMG/Flory5M.jpg
236,http://www.kchls.cz/cs/eng/sussex_spaniel/obr_stanice/poobede.jpg
237,http://www.dog-spoiling-made-easy.com/images/DWsussexspaniel.jpg
238,http://www.lyndongraey.co.uk/Website%20Images/Sebastian%20pup.jpg
239,http://www.naturalia.org/bestinshow/img/0417073.jpg
240,http://www.perrosdemexico.com.mx/aprimeravista/portada/fci127.jpg
241,http://www.doggy.net/images-rassen(J)/sussex_spaniel.jpg
242,http://animal-photography.co.uk/thumbs/AP-PBT70V-TH.jpg
243,http://www.pitbull-breed.com/BreedsPhoto/Sussex_Spaniel.jpg
244,http://www.informacani.it/Cani_Razze/Foto/FOTOCANI_GRUPPO_8/miniature/sussex_spaniel.jpg
245,https://www.k9treasures.com/merchantmanager/images/uploads/aCocker%20Spaniels_1.jpg
246,http://www.shoppinglive.info/DLIMAGES/FC079380776X.JPG
247,http://beehive.thisishull.co.uk/default.asp?WCI=DisplayImage&ImgID;=54071
248,http://www.spanielsport.hu/kepek/sussex/sussex_spaniel_16.jpg
249,http://www.dogdomain.com/images/080_field-spaniel.jpg
250,http://www.homespun84.com/Linsey-Woolsey_3weeks.JPG
251,http://farm3.static.flickr.com/2233/2231414126_7a1e2bcf90.jpg
252,http://www.sussexspaniel.com/pictures/charlie.jpg
253,http://www.angelamcgraw.com/SussexPupForWeb.jpg
254,http://www.kaynineonline.com/images/breed_photo_sussex.jpg
255,http://www.indexstock.com/store/GetThumb.asp/ImageNum=534218&VOLID;=902&gc;=gc1&ss;=1/Spaniel-534218.jpg
256,http://www.wisdompanel.com/images/BreedImages/ProfileImages/Sussex_Spaniel.jpg
257,http://www.erinhill-labs.com/cbtable.jpg
258,http://www.puppydogweb.com/breeders/pic_images/cavalierkingcharlesspaniel_hubers9296.jpg
259,http://quarrspaniels.co.uk/IMG/LookL.JPG
260,http://farm2.static.flickr.com/1385/1193023809_f70fdb8029.jpg
261,http://www.puppydogweb.com/breeders/pic_images/cavalierkingcharlesspaniel_lfelix4.jpg
262,http://www.champdogs.co.uk/images/k10391d5.jpg
263,http://www.directoryofdogs.com/sussex_spaniel.jpg
264,http://www.sempativet.net/irklarresim/Sussex_Spaniel_f.jpg
265,http://www.mydogneeds.com/dog-groups/gundogs/sussex-spaniel.jpg
266,http://www.asc-cockerspaniel.org/events/2005/images/2005ascssbw.jpg
267,http://farm3.static.flickr.com/2250/1658876132_636b445e97.jpg
268,http://www.sussex.cz/plemeno/popis/img/5.JPG
269,http://www.gopetsamerica.com/sussex-spaniel/sussex-spaniel.jpg
270,http://www.lyndongraey.co.uk/Website%20Images/Malte%202.jpg
271,http://www.irishfieldsports.com/gundogs/images/field%20spaniel%202.JPG
272,http://img441.imageshack.us/img441/9416/050806020ha4.jpg
273,http://www.spanielsport.hu/kepek/sussex/sussex_spaniel_03.jpg
274,http://gafgaf.ru/big/SussexSpaniel_big2.jpg
275,http://girlstoboys.com/sussex_spaniel.jpg
276,http://www.brunotausz.com.br/images/Sussex_spaniel.jpg
277,http://static.flickr.com/2371/2056281359_258dcf603b.jpg
278,http://i49.photobucket.com/albums/f271/19sarah73/spaniels.jpg
279,http://www.lexicon.net/alhambra/Our_Judging/Kate_Judging/Judging19.jpg
280,http://www.world-of-animals.de/Bilder/tiere/hg2/suspanie.JPG
281,http://image48.webshots.com/49/3/50/39/2480350390081127140htlsJi_ph.jpg
282,http://www.doginfo.com/breed/docgrafx/sussspan.gif
283,http://www.tias.com/stores/doxette/thumbs/ccka010da.jpg
284,http://www.lyndongraey.co.uk/Website%20Images/Sweden%205.jpg
285,http://farm3.static.flickr.com/2210/1658845078_70f86d365e.jpg
286,http://www.struntje.de/Hunde/Hundebilder/Sussex%20Spaniel0.jpg
287,http://www.erinhill-labs.com/cbseasaw.jpg
288,http://www.free-dogs-info.com/sussexspaniel_corel.jpg
289,http://www.terra.com.pe/mascotas/iconos/sussex4.jpg
290,http://www.pets.ca/breedprofiles/a/spaniel-sussex/s35.jpg
291,http://www.anti-dockingalliance.co.uk/BSpanSussexWindsor2006d.jpg
292,http://www.aniwa.com/images/2/906/sussex.jpg
293,http://farm3.static.flickr.com/2090/2230619017_9802ce7ef0.jpg
294,http://www.cockers.ro/images/niriti_brown_hairtreak.jpg
295,http://www.dogcafe.net/uploaded_images/sussex-spaniel-749370.jpg
296,http://www.spanielsport.hu/kepek/sussex/sussex_spaniel_17.jpg
297,http://www.breederretriever.com/photopost/data/610/thumbs/field_spaniel1.jpg
298,http://www.homespun84.com/DSC00415.JPG
299,http://compagnon.fidele.free.fr/images/races/Gr8cockeranglais/cockeranglais-Chanelle.jpg
300,http://www.dogbreedinfo.com/images14/FieldSpanielTILLYGLENMORHAN.JPG
301,http://www.homespun84.com/eliandhannahlivingroom.jpg
302,http://www.spanielsport.hu/kepek/sussex/sussex_spaniel_06.jpg
303,http://www.dogpage.info/pictures/American_water_spaniel.jpg
304,http://www.laclinicaveterinaria.com/imagenes/cajas/razas/perros/g8/Sussex-spaniel.jpg
305,http://www.champdogs.co.uk/images/k742d1.jpg
306,http://www.pedigree.com.au/breeds/images/sussex_spaniel.jpg
307,http://www.clubitalianospaniel.com/immagini/sussex.jpg
308,http://farm1.static.flickr.com/81/277237494_caa4d4d16f.jpg
309,http://www.spaniel-klubben.dk/spaniel_racer/sussex-staa.jpg
310,http://www.zodiacwhippets.com/spiritweb.jpg
311,http://farm3.static.flickr.com/2307/2209626193_d30b2d7d27.jpg
312,http://www.viarural.com.ar/viarural.com.ar/ganaderia/mascotas/pets/grupo08/sussex-spaniel01.jpg
313,http://books.lulu.com/items/volume_5/168000/168843/2/preview/Agility_.jpg
314,http://www.sabinemiddelhaufeshundundnatur.net/immagini/hunderassen/sussex/sussex2.jpg
315,http://www.petspots.frih.net/images/Dogs/Sussex%20Spaniel.jpg
316,http://static.flickr.com/2394/2055370746_62c44c0f84.jpg
317,http://www.giveusahome.co.uk/breederspages/allbreedsphotosdog/sussexspaniel.jpg
318,http://usapups.com/breed_pics/2010466421.jpg
319,http://www.spaniel-info.de/rasseinfo/bilder/sussex_span.jpg
320,http://www.animal-planet.jp/dogguide/directory/images/icn00141.gif
321,http://www.sempativet.net/irklarresim/Sussex_Spaniel_L.jpg
322,http://www.erinhill-labs.com/cbtire2.jpg
323,http://www.spanielklubben.dk/images/hopebir.jpg
324,http://dogs-puppies.dogs-central.com/sussex-spaniel-puppy/sussex-spaniel3.jpg
325,http://www.bootsandpaws.co.uk/pics/paws/p56b.jpg
326,http://farm3.static.flickr.com/2024/2231412778_0ef976aa44.jpg
327,http://www.thedogscene.co.uk/download.php?catid=187&field=photoattach
328,http://arcadenoe.sapo.pt/img/race/big_268.jpg
329,http://quarrspaniels.co.uk/IMG/Tany2+years.jpg
330,http://static.flickr.com/2220/1657991737_b60cf6c54f.jpg
331,http://photocache.petfinder.com/fotos/GA262/GA262.4030308-2-x.jpg
332,http://www.viarural.com.uy/ganaderia/mascotas/fotografias-perros/sussex-spaniel-04.jpg
333,http://www.thestitchstudio.co.uk/images/LDK048Sussex-Spaniel.jpg
334,http://www.dog-breeds.name/pictures/sussex-spaniel/sussex-spaniel-6tn.jpg
335,http://www.rarespaniels.com/images/sussex-bob-os03.gif
336,http://www.thekennelclub.org.uk/download/145/sussexspaniel.jpg
337,http://www.worldexplorer.be/sussex_spaniel.gif
338,http://www.champdogs.co.uk/images/k15218d4.jpg?1
339,http://www.hundund.de/rassen/sussex-spaniel/images/preview/sussex_spaniel1.jpg
340,http://quarrspaniels.co.uk/IMG/My1stRetrieve_Flory.JPG
341,http://cache.eb.com/eb/thumb?id=38935
342,http://www.ideasmultimedia.com/buscoanimal/razas/Spaniel%20De%20Sussex_p.jpg
343,http://www.quarrspaniels.co.uk/IMG/TanyBoB1.jpg
344,http://farm3.static.flickr.com/2114/1657995427_7e6a501489.jpg
345,http://zoohall.com.ua/dog/porodi_sobac/ojot/181/img/D363i.jpg
346,http://www.champion-puppies.com/images/Sussex-Spaniel.jpg
347,http://quarrspaniels.co.uk/img/ljenny2.jpg
348,http://www.pet-locator.co.uk/images/breeds/dogs/sussexspaniel.jpg
349,http://www.largebreed.pedigree.com/assets/images/dogsandpuppies/breedGallery/resource1147.jpg
350,http://www.dog-breeds.name/pictures/sussex-spaniel/sussex-spaniel-2tn.jpg
351,http://konjin.woweb.net/m6/see/dog/images/spanielsussex[1].gif
352,http://www.dog-breeds-infosite.com/images/Sussex_Spaniel2.jpg
353,http://static.flickr.com/1350/1243583268_9144a3657b.jpg
354,http://www.free-picture-graphic.org.uk/images/sussex-spaniel.jpg
355,http://www.homespun84.com/Eli1.jpg
356,http://www.dkimages.com/discover/thumbs/946/40022857.JPG
357,http://farm3.static.flickr.com/2117/2055370742_c923b4008b.jpg
358,http://img108.imageshack.us/img108/1390/231106003sx2.jpg
359,http://static.flickr.com/2192/1658848338_a8d74eda87.jpg
360,http://www.felsteadgundogs.com/varieties11.jpg
361,http://www.hondenras.com/encyclopedie/foto/1598_Sussex_Spaniel.jpg
362,http://www.exoticdogs.com/breeds/sussex/5.jpg
363,http://pets-place.net/Breeds/SussexSpanielIcon.jpg
364,http://www.perrotico.com/images/public/blog/front_Spaniel%20de%20Sussex.jpg
365,http://farm2.static.flickr.com/1377/1193879218_dfa60d88cb.jpg
366,http://www.dogchannel.com/images/articles/breed_profile_images/sussex_spaniel_80x80.jpg
367,http://www.besfern.com/RAZAS%20FCI/fotosperros/grupo%208/English%20Springer%20Spaniel.jpg
368,http://www.dogdomain.com/images/210B_sussex-spaniel.jpg
369,http://farm3.static.flickr.com/2149/1658012447_6f68999c9a.jpg
370,http://www.dogzonline.com.au/images/profiles/63/13164_852.jpg
371,http://gallery.ozpets.com.au/photos/218/thb_pic06409.jpg
372,http://www.nzkc.org.nz/nds2005/images/3219.jpg
373,http://www.dogzonline.com.au/images/profiles/07/06/22061_1419_sm.jpg
374,http://www.hidinnhill.com/images/dg0302sussexspaniel.jpg
375,http://secure.terrificpets.com/images/uploads/06339105543554_1.jpg
376,http://www.risdene.net/_wp_generated/wpca3e4b09_0f.jpg
377,http://www.westminsterkennelclub.org/breedinformation/toy/images/ckcs.jpg
378,http://farm3.static.flickr.com/2305/2053917734_1863f91691.jpg
379,http://dieren-ehbo.nl/images/stories/hondenrassen/field_spaniel.jpg
380,http://pets-place.net/Breeds/SussexSpanielPhoto1.jpg
381,http://www.doggonegood.com/art/breedicons/Sussex.jpg
382,http://aboutdog.blogchina.com/aboutdog/inc/Lakeland2.jpg
383,http://mobiler-hundefrisoer.de/Bilder/baffy.JPG
384,http://www.aktivhund.se/Images/Raser/219-226.jpg
385,http://www.bird-dog-news.com/Guess/SS.JPG
386,http://www.agraria.org/cani/sussexspaniel.jpg
387,http://www.4doggies.co.uk/ekmps/shops/pabiel2/resources/Image/Hazel(1).jpg
388,http://static.flickr.com/2336/1658864008_9f1cefd1d2.jpg
389,http://www.homespun84.com/BlueBoy_3weeks.JPG
390,http://www.goubaobao.com/upload/news/2005/04/08/fj_sussessp1.jpg
391,http://www.thehendrys.freeserve.co.uk/field.jpg
392,http://www.jagdspaniel.de/kref7.jpg
393,http://www.spanielsport.hu/kepek/sussex/sussex_spaniel_05.jpg
394,http://www.canadasguidetodogs.com/customergraphics/sussexspaniel1.jpg
395,http://www.cm-netz.de/hundelexikon/pics/sussex.jpg
396,http://farm3.static.flickr.com/2325/1657997089_cc1ca13d19.jpg
397,http://static.flickr.com/2178/1658847348_9c20349df3.jpg
398,http://www.caninemediaservices.co.uk/rbt2007/Gundog/slides/Spaniel(Sussex).JPG
399,http://www.propettransports.com/graphics/dogs/147.png
400,http://www.champdogs.co.uk/images/s6772p1.jpg
401,http://www.wbesusterengraetheide.com/Drijvende%20jachthonden/sussex.jpg
402,http://www.setterstuff.com/sussex/sussex.jpg
403,http://www.mydogneeds.com/dog-groups/gundogs/thumbs/sussex-spaniel.jpg
404,http://secure.terrificpets.com/images/uploads/06313095253577_1.jpg
405,http://www.mandarava.com/a1grph/Dgph/D_icons/DGSUM6325_small.jpg
406,http://www.kennels.co.uk/images/G.xs.SussexSpaniel.jpg
407,http://www.quarrspaniels.co.uk/IMG/family.jpg
408,http://us.iams.com/iams/en_US/data_root/image/dog_breed/sussspan.jpg
409,http://www.lubyrnetyre.co.uk/maisie.jpg
410,http://sobaka.lv/img/12806/206-1112-1244-S-Suss.gif
411,http://www.spanielsport.hu/kepek/sussex/sussex_spaniel_14.jpg
412,http://www.valpalmela.com/img_biblioteca/sussex_spaniel_icon.jpg
413,http://www.psy.elk.pl/zdjecia/rasy/smoushond.jpg
414,http://www.zoo-reschke.de/images/sussexspaniel.jpg
415,http://animal-photography.co.uk/thumbs/AP-15VADE-TH.jpg
416,http://www.erinhill-labs.com/sussex7.jpg
417,http://www.cabalcaninecandids.com/assets/images/autogen/a_gd4.jpg
418,http://farm3.static.flickr.com/2033/1657979431_a7c9dfb4a9.jpg
419,http://www.homespun84.com/Lindsey-woolsey_5weeks.JPG
420,http://www.juvomi.de/hunde/bilder/m/SUSSE01M.jpg
421,http://www.bfdesigns.on.ca/DS101.jpg
422,http://www.spanielsport.hu/kepek/sussex/sussex_spaniel_13.jpg
423,http://www.dog-breeds.name/pictures/sussex-spaniel/sussex-spaniel-1tn.jpg
424,http://www.homespun84.com/lindsey-woolsey_8weeks.jpg
425,http://img265.imageshack.us/img265/9932/180107002zh2.jpg
426,http://static.flickr.com/2315/2057522206_3de0382fb6.jpg
427,http://content.answers.com/main/content/wp/en/thumb/a/a8/180px-EnglishCockerSpaniel_wb.jpg
428,http://www.dog-4u.com/dogbreed-profiles/images/Sussex-Spaniel.jpg
429,http://img357.imageshack.us/img357/1350/kopievan310706004nh7.jpg
430,http://www.hampshirehunt.co.uk/Sales/for_sale_resources/PA300003.JPG
431,http://www.spanielsport.hu/kepek/sussex/sussex_spaniel_15.jpg
432,http://dogs-puppies.dogs-central.com/sussex-spaniel-puppy/sussex-spaniel4.jpg
433,http://www.susanharperartist.com/animals/images/spaniel-sussex-1.gif
434,http://www.croftonline.co.uk/sp/category/Dog_crates_and_cages/templateid/5/searchbox4/images/tnsussexspaniel.jpg
435,http://www.dogzonline.com.au/images/profiles/61/7933_317_sm.jpg
436,http://quarrspaniels.co.uk/IMG/Flory%205M%20&%20Tany.jpg
437,http://www.dog-breeds.name/pictures/sussex-spaniel/sussex-spaniel-4tn.jpg
438,http://www.lovemypet.com.au/images/49_body_picture_small.gif
439,http://www.perfectpuppiesonline.com/breedimages/Sussex_Spaniel.jpg
440,http://www.homespun84.com/eliandhannah.jpg
441,http://www.sxc.hu/pic/m/r/ro/rob_w/640443_sussex_spaniel_puppy_2.jpg
442,http://www.breederretriever.com/photopost/data/610/field_spaniel.jpg
443,http://static.flickr.com/227/505593850_343040147c.jpg
444,http://www.planet-pets.com/dog20.jpg
445,http://www.zodiacwhippets.com/shinestack9-16-05.jpg
446,http://upload.wikimedia.org/wikipedia/commons/thumb/1/15/Welsh_Springer_Spaniel.jpg/250px-Welsh_Springer_Spaniel.jpg
447,http://www.erinhill-labs.com/nationabesvet.jpg
448,http://forman.phpnet.org/phptotal/images/article/sussex7.jpg
449,http://www.westminsterkennelclub.org/breedinformation/sporting/images/cockersp.jpg
450,http://www.spanielklubben.dk/images/KBHV03/HopeKBHV12003.jpg
451,http://eliboat.com/wp-content/Truffinator%20on%20the%20beach.jpg
452,http://www.petwe.com/picture/uploadfile/200608/20060813032907913.jpg
453,http://chasse.guideof.com/media/photos/retriever-01.jpg
454,http://quarrspaniels.co.uk/IMG/LJen501.jpg
455,http://zooclub.by/images/stories/sobaki5/sussex_spaniel_3.jpg
456,http://www.dentonkennelclub.com/Large-_BIS-Sunday_small.jpg
457,http://www.therapyhayvanhastanesi.com/irkListe.aspx_files/Sussex_Spaniel_s.jpg
458,http://www.lubyrnetyre.co.uk/walterandjanesussex1.jpg
459,http://www.electricfreeze.com/mp/villages/spaniel.jpg
460,http://www.breederweb.com/images/Pics/sussex.jpg
461,http://www.hangtownkc.org/images/02show/Sat/sussx..g1_small.jpg
462,http://static.flickr.com/2069/2112188915_09cf48e31c.jpg
463,http://www.sussexspaniel.se/Lanson%20huvud%20kopia.jpg
464,http://www.dogbreedinfo.com/images15/SussexSpanieloliver004.JPG
465,http://www.europuppy.es/images/puppies_for_sale/sussex_spaniel_for_sale.jpg
466,http://www.psi-kocky.cz/files/u20/boys_sed_1.jpg
467,http://img19.imageshack.us/img19/2966/r0010084dl3.jpg
468,http://www.shcwhj.com/pet/sussex%20spaniel.jpg
469,http://charmeauxloups.perso.cegetel.net/images/nevalejkashoking.jpg
470,http://i38.photobucket.com/albums/e140/Hizkia/Hizje003-1.jpg
471,http://www.spanielsport.hu/kepek/sussex/sussex_spaniel_04.jpg
472,http://www.animaliers.com.au/dogs/169.jpg
473,http://www.barkbytes.com/direct/susx01.gif
474,http://www.papillonembroidery.co.uk/dogs/breedpics/150.jpg
475,http://www.dogzonline.com.au/images/profiles/61/7823_338.jpg
476,http://www.kutya.hu/0411/images/30-6.jpg
477,http://www.dogzonline.com.au/images/profiles/61/7829_1332.jpg
478,http://www.thebreedsofdogs.com/images/SUSSEX_SPANIEL.jpg
479,http://www.dogguide.net/images/breeds/sussexspaniel.jpg
480,http://www.thehendrys.freeserve.co.uk/sussex.jpg
481,http://gallery.ozpets.com.au/photos/218/thb_pic06398.jpg
482,http://yourpethouse.com/images/Breeds/Sussex_Spaniel.jpg
483,http://l.yimg.com/us.yimg.com/i/us/pets/brgd/golden-retreiver.jpg
484,http://quarrspaniels.co.uk/IMG/Mum%20&%20Daughter.jpg
485,http://www.dogtron.com/dog/img/sussex-s.jpg
486,http://www.westminsterkennelclub.org/2002/photos/breed/SN54667902.jpg
487,http://www.spaniel-club-deutschland.de/Spanielrassen/img20.gif
488,http://www.anti-dockingalliance.co.uk/BSpanSussexWindsor2006c.jpg
489,http://static.flickr.com/2130/1658867840_e481c8444d.jpg
490,http://www.pgaa.com/canine/general/images/suzzexenglishmaidboldbeuatiful.jpg
491,http://img441.imageshack.us/img441/3500/310706005dl8.jpg
492,http://www.laescolar.com/servicios/monografias/p/perros/sporting/sussex_spaniel.jpg
493,http://www.besfern.com/RAZAS%20FCI/fotosperros/grupo%208/Field%20Spaniel.jpg
494,http://www.nationaldogbreeders.com/images/breed/SussexSpaniel.jpg
495,http://static.flickr.com/173/471704649_19b7d50d09.jpg
496,http://www.felsteadgundogs.com/varieties4.jpg
497,http://www.qualitydogs.com/qdaffil/BPSSSX.jpg
498,http://www.terra.com.pe/mascotas/iconos/sussex2.jpg
499,http://www.hondenras.com/encyclopedie/S/Sussex_Spaniel/sussexinspanieli.jpg
500,http://www.paragonvet.com/_paragonimages/small-animal-images/Spaniel%20After.jpg
501,http://farm3.static.flickr.com/2120/1658878060_23f8454dae.jpg
502,http://www.kennels.co.uk/images/G.SussexSpaniel.jpg
503,http://www.galaksi-cockergold.dk/images/Haverslev-BOB-Sussex.jpg
504,http://www.spanielsport.hu/kepek/sussex/sussex_spaniel_01.jpg
505,http://www.mascotamigos.com.ar/perros_imagenes/PerrSpanielSussex.jpg
506,http://www.sogozx.com/news/asdfghjkl123465/aimages/2006410412091529.jpg
507,http://veronique.jp/blog/photos/SUSSEX%20%20SPANIEL%20036-thumb.jpg
508,http://www.homespun84.com/girl_2weeks.JPG
509,http://quarrspaniels.co.uk/IMG/Smwrosie%20royal%202004.jpg
510,http://www.i-love-dogs.com/dog-breeds/images/Sussex-Spaniel.jpg
511,http://www.deltapages.com/images/sussexspaniel.jpg
512,http://www.westminsterkennelclub.org/2000/photos/breed/SN18162703.jpg
513,http://www.jubilwell.co.uk/images/HPIM0045.JPG
514,http://media.chiens-de-france.com/chiens/t_chien_03/tn/TN_chiens-Sussex-Spaniel-f2fdc88f-89a7-1894-6978-9dff5cc22aa8.jpg
515,http://www.club-des-chiens.com/imgchiens/Sussex_Spaniel.jpg
516,http://quarrspaniels.co.uk/IMG/BellApr02cla.jpg
517,http://westminsterdogshow.org/breedinformation/sporting/images/sussessp.jpg
518,http://files.dogster.com/images/dogster/breeds/sussex_spaniel.jpg
519,http://www.homespun84.com/Boy1-3weeks.JPG
520,http://www.homespun84.com/lindsey-woosley2_8weeks.JPG
521,http://www.dog-breeds.name/pictures/sussex-spaniel/sussex-spaniel-3tn.jpg
522,http://www.hvuttar.net/db/factbox-v.0.9-eu-46c72df4e1d0546c72df4e6b30.jpg
523,http://www.austincockerrescue.org/images/fiona.jpg
524,http://www.rarespaniels.com/images/sussex-bob-cs02.gif
525,http://www.kennels.co.uk/images/G.FieldSpaniel.jpg
526,http://www.spanielsport.hu/sussex_150.jpg
527,http://quarrspaniels.co.uk/IMG/QMD.png
528,http://www.edog.net/breeds/imgs/1100258.jpg
529,http://www.breederretriever.com/kthumbs/94.jpg
530,http://info.breedguide.com/images/sussexspaniel.jpg
531,http://img.webring.com/r/s/spaniel/logo
532,http://farm2.static.flickr.com/1106/1233763497_f1463d78a3.jpg
533,http://www.sussexspaniel.com/julypuppies/pup_07.jpg
534,http://www.pet.gen.tr/2002/dogs_pics/dogs_19.jpg
535,http://farm1.static.flickr.com/6/9392993_91edf55e36.jpg
536,http://www.homespun84.com/Hannah_and_Boy2.JPG
537,http://www.puppydogweb.com/breeders/pic_images/englishshepherd_conard.jpg
538,http://www.lyndongraey.co.uk/Website%20Images/Sweden%204.jpg
539,http://dogs-central.com/dog-breeds/images/sussex-spaniel/sussex-spaniel_image1.jpg
540,http://www.spanielclub.nl/images/sussex/groep.jpg
541,http://www.sussexspaniel.com/puppies/large/louie3.jpg
542,http://www.mybuddydog.com/sussex1.jpg
543,http://www.dogvideolibrary.com/01/ImportMedia/img/thumbs/sussex_spaniel.png
544,http://cs.kchls.cz/cz/vystavy/vysledky/obr2009/cruft_2009/2009_sus_bob.jpg
545,http://images.world.org/rescueme/breedphotos/sussexspaniel.jpg
546,http://z.about.com/d/dogs/1/0/l/3/-/-/sussex.stump.ChrisMcGrath.sml.jpg
547,http://cs.kchls.cz/cz/vystavy/vysledky/obr2009/07022009_duo_brno/celtic.jpg
548,http://hpbimg.fieldspaniel.de/Imgp0931.jpg
549,http://www.dachshund-house.com/img/Dachshund4.jpg
550,http://farm3.static.flickr.com/2514/4231392166_fe2e727bcd.jpg
551,http://seattletimes.nwsource.com/ABPub/2009/02/11/2008732262.jpg
552,http://hiphotos.baidu.com/19820218/pic/item/0b6c9e4b80dfeaf382025c9b.jpg
553,http://www.doggiestylish.com/store/images/stories/headshots/head_sussex_spaniel.jpg
554,http://www.chiens-de-france.com/photo/eleveurs/38/7522/album/fede2640-4936-c304-f130-542bbbaf872b.jpg
555,http://farm3.static.flickr.com/2793/4090547353_70ddba3363.jpg
556,http://danasdirt.com/wp-content/uploads/2009/02/dog-show-winner-3-435x367.jpg
557,http://www.deanwaygundogs.co.uk/images/Sussex3.jpg
558,"http://cache.daylife.com/imageserve/0e75dkxeSr5f6/232x348.jpg?center=0.5,0"
559,http://www.devrolijkeviervoeters.org/images/field_sp05a.jpg
560,http://onemom.files.wordpress.com/2008/03/sophie12.jpg?w=506&h=349
561,http://a123.g.akamai.net/f/123/36801/5m/wcbsimg.dayport.com/img/dp_thumbs/thumb_1234395464213_0p9359390983268931.jpg
562,http://www.deanwaygundogs.co.uk/images/Saffron.jpg
563,http://www.sussexspanielsociety.com/images/Cobber%20BIS.jpg
564,http://media.monstersandcritics.com/galleries/1600431/JTM-04185455085.jpg
565,http://www.sussexspaniel.com/julypuppies/pup_13.jpg
566,http://www.gotpetsonline.com/pictures-gallery/dog-pictures-breeders-puppies-rescue/sussex-spaniel-pictures-breeders-puppies-rescue/pictures/sussex-spaniel-0001.jpg
567,http://www.petinsurance.com/healthzone/pet-articles/pet-breeds/~/media/All%20PHZ%20Images/Article%20images/251sussexspaniels.ashx
568,http://photocache.petfinder.com/fotos/VA293/VA293.14782562-3-x.jpg
569,http://www.huisdiereninfo.nl/content/fieldspaniel/1.jpg
570,http://wcmkc.homestead.com/stump.JPG
571,http://www.deanwaygundogs.co.uk/images/Storm%20at%20sccs.jpg
572,http://www.jagdspaniel.at/jagdliches/Jagdhunde/BOB%20Sussex%20Spaniel.jpg
573,http://farm5.static.flickr.com/4070/4241843569_c1b6619d77.jpg
574,http://d.yimg.com/ca.yimg.com/p/090210/reuters/mtfh99125nyk913i34327560.jpg?x=249&y=345&sig=1M_2aLadBnEd0ju1xxAOfA--
575,http://www.pedigreesearch.co.uk/breed_guides/graphics/sussexspaniel.jpg
576,http://mycutefunnyanimals.com/main.php?g2_view=core.DownloadItem&g2;_itemId=3321&g2;_serialNumber=2
577,http://wwwimage.cbsnews.com/CBS_Production_News/983/311/es_topdog_21109_244x183.jpg
578,http://www.dellaburgus.com/Della_Burgus/New_Work_files/Sussex%20Spaniel%20DP2.jpg
579,http://www.sovaromasussex.co.uk/gallery2/Nellie%20On%20Guard.jpg
580,http://farm3.static.flickr.com/2176/2651927349_f94c2924db.jpg
581,http://graphics8.nytimes.com/images/2009/02/11/opinion/11stump2.480.jpg
582,http://www.nextdaypets.com/directory/breeds/images/1100111.jpg
583,http://farm4.static.flickr.com/3443/3317314400_2df58ebe25.jpg
584,http://farm4.static.flickr.com/3473/3270525437_2a821743da.jpg
585,http://www.sussexspaniel.com/puppies/large/louie2.jpg
586,http://sussexspanielsociety.com/images/Q%20Joby2.jpg
587,http://farm3.static.flickr.com/2675/3775536559_65af0f3a37.jpg
588,http://www.sovaromasussex.co.uk/gallery2/Sybil01.jpg
589,http://www.tawnykaspaniels.co.uk/_wp_generated/wp730c0f2e_0f.jpg
590,http://images.champdogs.co.uk/images/k742d4.jpg?1
591,http://cs.kchls.cz/cz/vystavy/vysledky/obr2009/23052009_litomerice/bob/2009_0523_144518.jpg
592,http://www.allaboutdogsandcats.com/images/SussexSpaniel.jpg
593,http://www.sovaromasussex.co.uk/images2/Betty%20(our%20dogs).jpg
594,http://www.jubilwell.co.uk/images/SDC12879_000.JPG
595,http://www.kutya.hu/0210/images/04-3.jpg
596,http://1.bp.blogspot.com/_seoBbajEnPA/SZLdLsUyi2I/AAAAAAAAIBo/pIvA2VEUx_I/s320/stump-sussex-spaniel-160sv1-021009.jpg
597,http://www.brainfag.com/image/wurst_dog_lg.jpg
598,http://www.sussexspanielsociety.com/images/041_Justo_too_cute.jpg
599,http://charmeauxloups.com/images_accueil/charmeauxloups_2b.jpg
600,http://www.spanieliliitto.fi/sussexinspanieli/kuvat/daylebjustiving.jpg
601,http://profile.ak.fbcdn.net/object3/1329/44/n125085178972_1873.jpg
602,http://dogtime.com/images/breeds/large/boykin-spaniel.jpg?1257367016
603,http://www.sxc.hu/pic/m/r/ro/rob_w/637961_a_new_puppy_2.jpg
604,http://www.jagdspaniel.de/kref10.jpg
605,http://www.wowowow.com/files/imagecache/160x160/Photo(2).jpg
606,http://www.sgou.com/uploadfile/2009/0108/a75fb6d3872b6527970a16ec.jpg
607,http://img.breitbart.com/images/2009/2/10/CNG.80e9c1268a77fe8fcd73ece01ffd216b.381/photo_1234333210819-1-1.jpg
608,http://img1.goumin.com/attachments/spe/0/0/0/1/474s.jpg
609,http://www.trendhunter.com/images/phpthumbnails/35687_1_230c.jpeg
610,http://www.tawnykaspaniels.co.uk/_wp_generated/wpc62af9f4_0f.jpg
611,http://newsimg.bbc.co.uk/media/images/45957000/jpg/_45957515_-13.jpg
612,http://www.sovaromasussex.co.uk/gallery2/Soaking%20up%20the%20sun.jpg
613,http://farm3.static.flickr.com/2741/4305948577_2851de4aea.jpg
614,http://i29.tinypic.com/aadc9i.jpg
615,http://www.risdene.net/_wp_generated/wpb1e1081c.png
616,http://news.scholastic.com/.a/6a00e5505cf8e088340111685b670b970c-500wi
617,http://farm5.static.flickr.com/4069/4313242845_287f83d532.jpg
618,http://blog.wfmu.org/.a/6a00d83451c29169e20105371feb56970b-800wi
619,http://www.bestvoa.com/VOASE/2009/images/AP_stump_w_23feb09_se.jpg
620,http://www.doconthenet.co.uk/ourphotoalbum/Family/Babies/Holly/slides/babymay%20091.jpg
621,http://a4.att.hudong.com/05/23/01300000171118121700235647074_s.jpg
622,http://www.sacbee.com/static/weblogs/photos/dogshowsm/dogshow30.jpg
623,http://www.tornegaarden.dk/billeder/hunter/hunter%2011%20md%20st%20a.jpg
624,http://www.celysvet.cz/fotky/sussex-spanel_2.jpg
625,http://farm4.static.flickr.com/3435/3711508761_62ece55315.jpg
626,http://i.sgou.com/attachment/200912/31/103077_126226762885Ai.jpg
627,http://www.petyoo.com/bbs/attachments/month_0907/20090720_f78fbcc137c3c5abfad2ALXOjpj8y0FN.jpg
628,http://www.hundeguiden.no/Hunderasene_Kennel/sussex_spaniel/Sussex.gif
629,http://www.pets911.com/breedprofile/images/breeds/large/sussex-spaniel.jpg
630,http://www.orlandosentinel.com/media/photo/2009-02/44999345.jpg
631,http://www.meggamooch.co.uk/Holly%20&%20Muts.jpg
632,http://static.guim.co.uk/sys-images/Guardian/Pix/pictures/2009/02/11/stumpwinner.jpg
633,http://cache.daylife.com/imageserve/0grF9Ib9JsezC/610x.jpg
634,http://www.tornegaarden.dk/Billeder/_Shows/Sussex%20BIR%20og%20BIM.jpg
635,http://www.sussexspaniel.com/puppies/large/louie1.jpg
636,http://2.bp.blogspot.com/_eb75AOB2nKE/SZKE7sqfsJI/AAAAAAAAMgE/oFWfEL3N2uo/s400/r4174203636.jpg
637,http://farm5.static.flickr.com/4070/4298803310_b6745f3261.jpg
638,http://www.meggamooch.co.uk/crufts%202003.jpg
639,http://cache.daylife.com/imageserve/0bfZaSV7AY4Yv/610x.jpg
640,http://farm3.static.flickr.com/2657/4241849409_67a754a22c.jpg
641,http://images.marthastewart.com/images/content/web/pets/akc/2009Q4//sussex_akc_bloom_xl.jpg
642,http://blog.mlive.com/tv_impact/2009/02/medium_ap-stump.jpg
643,http://blogs.reuters.com/frontrow/files/2009/02/stump.jpg
644,http://cdn.picapp.com/ftp/Images/3/f/b/6/PicImg_133rd_Annual_Westminster_20ce.JPG
645,http://quarrsussexspaniels.co.uk/images/SSSIlogo.jpg
646,http://photocache.petfinder.com/fotos/VA293/VA293.14782562-1-x.jpg
647,http://i519.photobucket.com/albums/u351/briskiski/Stump640-1-1.jpg
648,http://www.dogzonline.com.au/images/profiles/08/07/31811_1525.jpg
649,http://farm1.static.flickr.com/8/7984031_60fd9389f5.jpg
650,http://farm4.static.flickr.com/3525/3276504175_fa8fb9005e.jpg
651,http://l.yimg.com/l/tv/us/img/site/49/78/0000054978_20090211102334.jpg?y=626&sig=FwKQWU6B2jLdAe36XpCZDw--
652,http://www.pets-hop.com/kenshuimg/sussexspaniel.jpg
653,http://www.deanwaygundogs.co.uk/images/Fleur%20Garden.jpg
654,http://www.sussexspaniels.org.uk/find_a_sussex/Images/Puppies%20for%20Web%20page.jpg
655,http://farm4.static.flickr.com/3430/3762676985_8e8cc9538e.jpg
656,http://a2.att.hoodong.com/18/47/01300000171118121738471095965_f.jpg
657,http://www.petworldturkey.com/kopekler/images/kopekler/kopeks22.jpg
658,http://animal.discovery.com/convergence/eukanuba/akcchampionship/topdogs/gallery/stump_hzoom.jpg
659,http://media.therecord.topscms.com/images/d8/8b/69d25594450cb0c9f74e6d83fc05.jpeg
660,http://www.brit-petfood.com/data/images/734_sussex_SMR_0038_800x600.4da94de52e.jpg
661,http://2.bp.blogspot.com/_dN1Et-_8nYg/SZJd--a6OdI/AAAAAAAADxk/Dvo8v7rw0IY/s400/LAldersonsBIS.jpg
662,http://www.dogzonline.com.au/images/profiles/08/07/31811_1650.jpg
663,http://www.sosgou.com/mingquan/images/susaikesiliequan.jpg
664,http://www.dallasnews.com/sharedcontent/dws/pt/photos/2009/02/090210_LIFE_DOGS-x-x.jpg
665,http://www.sovaromasussex.co.uk/gallery2/Wilma_birdwatching.jpg
666,http://cm1.theinsider.com/media/0/359/47/stump.0.0.0x0.495x320.jpeg
667,http://www.pups4sale.com.au/field_spaniel_03a.jpg
668,http://www.apetdog.com/UpFilePath/200842519132516.jpg
669,http://farm5.static.flickr.com/4028/4313986240_b1b2258fd5.jpg
670,http://www.cbifamily.com/tuhai/shehui/h001/h47/img200902131107560.jpg
671,http://www.chasses-du-monde.com/media/photos/sussex-spaniel-01.gif
672,http://import-dogs.lyons-japan.com/images/dogimages/sussex-spaniel/sussex-spaniel1.jpg
673,http://l.yimg.com/l/tv/us/img/site/49/77/0000054977_20090211102331.jpg?x=626&sig=XtpVPChdTsoTShxlPylnmg--
674,http://www.kopeksatislari.com/modules/kopekler/irklar/Sussex_Spaniel_L.jpg
675,http://cs.kchls.cz/cz/vystavy/vysledky/obr2008/litomerice_24052008/field.jpg
676,http://doggieshop.de/images/product_images/info_images/Hundebilder/setter.jpg
677,http://www.sovaromasussex.co.uk/gallery2/Baby%20Thelma.jpg
678,http://a123.g.akamai.net/f/123/12465/1d/www.montrealgazette.com/sports/gallery+westminster+show/1270960/1278666.bin?size=620x400
679,http://graphics8.nytimes.com/packages/images/photo/2009/02/11/0210-WESTMINSTER/26880387.JPG
680,http://www.dogtrainingsanfrancisco.com/DOGS/FieldSpaniel.jpg
681,http://farm4.static.flickr.com/3224/2654758505_019e362736.jpg
682,http://rlv.zcache.com/the_sussex_spaniel_art_print-p228434115951606066tdcz_210.jpg
683,http://www.icatidog.cn/dog/sussex_spaniel/images/sussex_spaniel.jpg
684,http://www4.images.coolspotters.com/photos/59425/fACBCdC64F15f17D__popover.jpg
685,http://www.bittenandbound.com/wp-content/uploads/2009/02/full_westminster_dog_show_09_wenn2286076.thumbnail.jpg
686,http://www.findapetonline.com/images/sussex_spaniel.jpg
687,http://www.dachshund-house.com/img/Dachshund3.jpg
688,http://flashpages.prodigy.net/seebonet/_uimages/flashpages.prodigy.net/seebonet/Booger%20Red/P8020114.jpg
689,http://cache.daylife.com/imageserve/0eAb3TUaCW919/610x.jpg
690,http://www.seucachorro.com/wp-content/uploads/2008/01/field-spaniel-1.jpg
691,http://farm4.static.flickr.com/3183/2985043604_bf91c3cd2b.jpg
692,http://englishcocker.free.fr/sussex-spaniel01.jpg
693,http://www2.islandpacket.com/ip_files/images/Dog%20Show_Holt.jpg
694,http://www.purina.com/i/breed/lgdog180.jpg
695,http://images.tsn.ca/images/stories/20090211/stump-t_3337.jpg
696,http://i.ytimg.com/vi/AaLxVu6n-DE/0.jpg
697,http://blog.petfinder.com/petfinder/stump%20sussex.jpg
698,http://onemom.files.wordpress.com/2008/03/nell_snow_08_1.jpg?w=399&h=496
699,http://farm3.static.flickr.com/2223/2410785694_44c4983e1e.jpg
700,http://sussexspanielpup.googlepages.com/pupp18.jpg/pupp18-full.jpg
701,http://farm3.static.flickr.com/2238/2249580154_35d6cfae91.jpg
702,http://www.pernchumchon.com/wp-content/uploads/2009/02/spaniel-sussex.jpg
703,http://www.terrificpets.com/images/uploads/breeds_07250093709089_1.jpg
704,http://www.columbusdispatch.com/wwwexportcontent/sites/dispatch/images/2009/02/11/20090211_02.jpg
705,http://www.sovaromasussex.co.uk/images2/Since%20then.jpg
706,http://alt.coxnewsweb.com/cnishared/tools/shared/mediahub/04/31/47/slideshow_947314_214018_Westminster_Dog_Show.JPG
707,http://www.mybuddydog.com/sussex2.jpg
708,http://www.gundogdoc.com/images/sussex.jpg
709,http://k53.pbase.com/g4/76/652876/2/61772540.V7752xSK.jpg
710,http://www.sgou.com/uploadfile/2009/0129/thumb_142_107_090116124316_0ca1238d5146a6c8.jpg
711,http://farm3.static.flickr.com/2527/3819545607_49268e4b31.jpg
712,http://www.sgou.com/uploadfile/2009/0121/20081224102747247.jpg
713,http://www.heartofohiosussex.org/chevi0808.jpg_008.JPG
714,http://www.zulumoon.com/jewelry/image.axd?picture=2009%2f2%2fblog-stump.jpg
715,http://cache4.asset-cache.net/xc/84740983.jpg?v=1&c=NewsMaker&k=2&d=17A4AD9FDB9CF19346E4C5E9CA0732616A10E1B7F34A4032284831B75F48EF45&p=1
716,http://www.freewebs.com/teriwilson/stump3.jpg
717,http://www.brasslitearabians.com/img/ErineCouch.jpg
718,http://bostondirtdogs.boston.com/BDD_stump_21009_reu.jpg
719,"http://foto3.m.onet.pl/_m/d680a9c0f70fb7a546dc89f076c2beab,0,1.jpg"
720,http://www.sussex.cz/o%20nas/img/Equisetta%20Pejsar.jpg
721,http://www.sgou.com/uploadfile/2009/0107/4257732290e565b74723e860.jpg
722,http://imgsrv.wcbs880.com/image/DbGraphic/200902/1170816.jpg?1262406131
723,http://blogs.orlandosentinel.com/.a/6a00d83451c3cb69e20111685a1fd2970c-320wi
724,http://www.breederretriever.com/photopost/data/740/medium/Nellie_our_dogs_.jpg
725,http://latimesblogs.latimes.com/photos/uncategorized/2009/02/11/stump3.jpg
726,http://www.sussex.cz/o%20nas/img/Tornegardens%20Celtic%20Dream.jpg
727,http://www.tj.xinhuanet.com/cngkc/ziliao/fci/8/image021.jpg
728,http://farm4.static.flickr.com/3521/3271666723_3014062114.jpg
729,http://dogs.submit-review.info/extras/s/Sussex-Spaniel.jpg
730,http://media.commercialappeal.com/media/img/photos/2009/02/10/zzzDog-Show2_t160.jpg
731,http://staticweb.myapix.com/media/formatted/offdeck/P_1036/{2D39A0C8-994E-48B0-8BA7-D154D93A21DC}.jpg
732,http://archives.starbulletin.com/2004/03/08/news/artweekend5.jpg
733,http://farm3.static.flickr.com/2558/4103278870_ed4e4a35b8.jpg
734,http://www.spanieliliitto.fi/sussexinspanieli/kuvat/sussexipennut.jpg
735,http://www.qualitydogs.com/dog-breeds/FLDS.jpg
736,http://www.webvet.com/images/breeds/listthumbs/sussex_spaniel.jpg
737,http://img.freebase.com/api/trans/image_thumb/en/sussex_spaniel?pad=1&maxheight;=110&mode;=fillcropmid&maxwidth;=110
738,http://jimmy777.myweb.hinet.net/world04/13/image12.jpg
739,http://upload.wikimedia.org/wikipedia/commons/thumb/e/e6/Afghan-Hound.jpg/710px-Afghan-Hound.jpg
740,http://highridgebichons.com/images/secondstump.jpg
741,http://www.dogzonline.com.au/images/profiles/09/05/39042_1091.jpg
742,http://www.spanielclub.nl/images/pics/bos_sussexcocker.jpg
743,http://farm3.static.flickr.com/2594/3854125830_1609d28404.jpg
744,http://www.sussexspaniels.org.uk/Image1.jpg
745,http://farm5.static.flickr.com/4061/4313242703_deac016a49.jpg
746,http://www.zoo-logics.com/fotoshonden/sussexspaniel.jpg
747,http://www.kt-kennels.com/dogbook/75a.jpg
748,http://www.sovaromasussex.co.uk/images2/top%20home%20page.jpg
749,http://dogs.y2u.co.uk/photo/RN_Dog_English_Cocker_Spaniel_1.jpg
750,http://cache.daylife.com/imageserve/02cCaHk49B4bk/340x.jpg
751,http://www.sussexspanielsociety.com/images/SBrits%20dogs.jpg
752,http://www.sxc.hu/pic/m/r/ro/rob_w/637966_a_new_addition.jpg
753,http://www.ohmydog.ie/images/crufts22.jpg
754,http://www.sgou.com/uploadfile/2009/0107/b6045da937cbfaef1f17a226.jpg
755,http://farm4.static.flickr.com/3412/3624186592_ff6d5c0c0f.jpg
756,http://media.washingtontimes.com/media/img/photos/2009/02/11/DOG_r564x423.jpg?5188025d4c9c4f9067ba2939665ac4debf69e51c
757,http://imgs.sfgate.com/c/pictures/2009/02/10/ba-dog_show_0499783316.jpg
758,http://media.onsugar.com/files/upl2/10/104166/09_2009/3909d90b9e746cb7_SussexSpaniel.larger.jpg
759,http://images01.edeng.cn/uimages/1/94/72/9610933.gif
760,http://species.intopet.com/UpFile/200705/20070502230542624_S.jpg
761,http://www.sovaromasussex.co.uk/images2/Thelma%20(our%20dogs)1.jpg
762,http://sussexspanielpup.googlepages.com/pupp3.jpg/pupp3-full.jpg
763,http://hiphotos.baidu.com/aking_roc/pic/item/f16bef3e05034ec054e723c2.jpg
764,http://www.1pvp.info/images/0016.jpg
765,http://rlv.zcache.com/sweet_sussex_spaniel_card-p137118188017009695qipg_210.jpg
766,http://webspace.webring.com/people/jp/primetimedogs/woods.jpg
767,http://media.2news.tv/images/090210_westminster_dog_show.jpg
768,http://www.petside.com/petsideblog/2009/02/11/stump-cute.jpg
769,http://www.chicagobreakingnews.com/Stump640.jpg
770,http://student-mail.npic.edu.tw/~s95413020/BIG/yscscsdvcgdfsgj.jpg
771,http://animal.discovery.com/guides/dogs/selector/gallery/2150b.jpg
772,http://www.terrierworld.co.uk/images/golden_oldie_09_450.jpg
773,http://farm4.static.flickr.com/3354/3567418125_b940ef6894.jpg
774,http://online.wsj.com/media/sussex_art_200h_20090211162708.jpg
775,http://blogs.chron.com/sitstaysee/stump.jpg
776,http://www.sygjs.com/upload/2009-03/090303164039515.jpg
777,http://farm4.static.flickr.com/3559/3376511753_5db3e9e695.jpg
778,http://www.kt-kennels.com/dogbook/77a.jpg
779,http://1.bp.blogspot.com/_sTvmlAjzPoQ/SUQ5HLXG7CI/AAAAAAAABFs/jqqoEynnqo8/s320/Seamist+On+A+Windward+Tack.jpg
780,http://www.dogclub.co.uk/gallery/images/thumb/200901031240merlin1.jpg
781,http://www.suzhoupet.cn/upload/0607/2007122105943218.jpg
782,http://www.sussexspaniel.se/E.jpg
783,http://i.cdn.turner.com/si/multimedia/photo_gallery/0902/westminster.dog.show.recap/images/stump.Show.new.jpg
784,http://img2.timeinc.net/people/i/2009/news/090223/stump_sommer320.jpg
785,http://www.sgou.com/uploadfile/2009/0118/thumb_141_90_20090118113647617.jpg
786,http://www.cherrybrook.com/images/catalog/live/imageLibrary/7A11C49015175E012D665FA0A5E7BAF8M.jpg
787,http://www.sgou.com/uploadfile/2009/0108/20070507205547960_S.jpg
788,http://babyboomeradvisorclub.com/wp-content/uploads/2009/02/stump.jpg
789,http://www.sovaromasussex.co.uk/gallery2/Ernie001.jpg
790,http://media.monstersandcritics.com/galleries/1600431/JTM-04186655085.jpg
791,http://flashpages.prodigy.net/seebonet/_uimages/flashpages.prodigy.net/seebonet/Booger%20Red/P8020119.jpg
792,http://media.monstersandcritics.com/galleries/1600431/JTM-04186455085.jpg
793,http://www.sovaromasussex.co.uk/images2/Thelma%20Crufts%2009e.jpg
794,http://blogs.msg.com/events/media/events/blog-assets/themonitor/wkc-sussex-440x244.jpg
795,http://www.sovaromasussex.co.uk/gallery2/Thelma%20at%208%20weeks.jpg
