0,http://www.gotdogsonline.com/tibetan-mastiff-pictures-breeders-puppies-rescue/pictures-photos/tibetan-mastiff-0016.jpg
1,http://www.shivakennel.hu/images/meggy/meggy9ev.jpg
2,http://voittaja.kennelliitto.fi/NR/rdonlyres/F5123044-D4AA-4B1A-BF70-5020F293970A/4113/Ryhma2_2.jpg
3,http://www.tibetan-mastiffs.net/Gallery/HimalayaNyingDangDraba.jpg
4,http://www.kyno-kennis.nl/images/ri.jpg
5,http://www.dogzonline.com.au/images/profiles/07/05/10896_890.jpg
6,http://farm3.static.flickr.com/2317/2203120225_31801006bc.jpg
7,http://static.flickr.com/144/369559163_62ad9eed81.jpg
8,http://farm1.static.flickr.com/23/27255850_fe3ac41a1a.jpg
9,http://farm1.static.flickr.com/90/272472508_27fa77cf58.jpg
10,http://tibetanmastiff.be/topic2/bv000013.thumb.jpg
11,http://farm2.static.flickr.com/1107/838835165_1992b93eba.jpg
12,http://www.tms-blog.com/blog/images/dsc00136.jpg
13,http://farm1.static.flickr.com/162/405976662_97c592a5d3.jpg
14,http://farm2.static.flickr.com/1306/646670159_bbdda0c894.jpg
15,http://static.flickr.com/126/369560868_7cb5b5b09a.jpg
16,http://wezuwiusz.com.pl/side/miniaturki/000_0174_JPG.jpg
17,http://www.nahaci-foto.wz.cz/jpg/borek11.jpg
18,http://farm1.static.flickr.com/21/98661065_383516d9a8.jpg
19,http://farm3.static.flickr.com/2369/2063000006_0286e20a30.jpg
20,http://www.nt.net/~storm/Puppies/C/Grace-Puppy4/GraceA10wks.jpg
21,http://farm1.static.flickr.com/32/56903061_eb2e2e79df.jpg
22,http://farm2.static.flickr.com/1172/668830287_6286219034.jpg
23,http://farm3.static.flickr.com/2081/2174479448_f57fa2f023.jpg
24,http://www.nt.net/~storm/Puppies/C/Priscilla-Puppy2/PriscillaA5wks.jpg
25,http://www.nt.net/~storm/Puppies/C/Charlie-Puppy7/forever2.jpg
26,http://content.answers.com/main/content/wp/en/thumb/8/8a/180px-Ztjugo49.jpg
27,http://farm1.static.flickr.com/140/331613809_b5251feed3_o.jpg
28,http://www.za188.com/img/pro/200731712394187789.jpg
29,http://farm2.static.flickr.com/1300/638567871_a4edee4925.jpg
30,http://www.dooziedog.com/dog_breeds/images/full/Tibetan-Mastiff-Puppy.jpg
31,http://www.dogbreedinfo.net/images/tibetanmastiffstand3.jpg
32,http://farm1.static.flickr.com/232/511812680_f2183d6443.jpg
33,http://www.fidobau.it/Schede_cani/foto_cani/Tibetan_Mastiff_A03.jpg
34,http://www.leixun.cn/moban2/eWebEditor/UploadFile/20061221204359715.jpg
35,http://www.tibetanmastiff.org/images/Photos/Rescue/Rescuesuccesses/tima3.jpg
36,http://wezuwiusz.com.pl/side/galeria/tybet1.jpg
37,http://www.littlebearcaucasians.org/pictures/Angel-&-Beau-payback-111605.jpg
38,http://farm3.static.flickr.com/2412/2174507602_ed2b3068aa.jpg
39,http://www.thailandinone.com/dotcom/pet/dog/tibetan_mastiff/tibetan_mastiff1.jpg
40,http://www.dogzonline.com.au/images/profiles/61/12940_1991_sm.jpg
41,http://farm1.static.flickr.com/174/369384013_27446e39f1.jpg
42,http://www.nt.net/~storm/Puppies/C/LisaMarie-Puppy3/LisaMarieA6wks.jpg
43,http://www.tibetanmastiff.org/photogallery/albums/userpics/thumb_vanoce.jpg
44,http://image.dianping.com/Groups/GroupPic/2007-01-16/huoguo_40114_54519_L.jpg
45,http://farm1.static.flickr.com/167/374907130_d2e6315a3d.jpg
46,http://people.unt.edu/tlt0002/koreamas.jpg
47,http://www.tms-blog.com/147_part1x1.jpg
48,http://static.flickr.com/27/57893539_36575642c3.jpg
49,http://www.tibetanmastiff.org/images/Photos/Rescue/Rescuesuccesses/Tara3.jpg
50,http://www.tms-blog.com/photos/tw/dsc00052-thumb.JPG
51,http://www.puppyfind.com/breed/tibetan_mastiff/m_659020.jpg
52,http://static.flickr.com/23/27256719_6982693785.jpg
53,http://farm1.static.flickr.com/118/309851646_d533f3d93d.jpg
54,http://www.sobreperros.com/fotos/dogo_tibet/large/tMvAEj85.jpg
55,http://local.xinhuanet.com/images/2006-10/09/xin_56100309091123438833.jpg
56,http://www.petshed.com/articles/85dad8ae7b.jpg
57,http://www.strazceztibetu.cz/Images_puppies/q07_060112.jpg
58,http://static.flickr.com/2308/1519045900_b842b66060.jpg
59,http://www.guandiaoyuan.com/images/200782611582111827.jpg
60,http://aycu16.webshots.com/image/30135/2002583442278299685_rs.jpg
61,http://farm3.static.flickr.com/2012/2062278653_d8b407142c.jpg
62,http://www.dog-breeds.name/pictures/tibetan-mastiff/tibetan-mastiff-6tn.jpg
63,http://www.cochranehumane.ca/images/animals/endings/knight/IMG_0101.jpg
64,http://www.pe.com/imagesdaily/2008/01-09/slokaamlaa_1_400.jpg
65,http://www.tibetanmastiff.com/main_files/events_files/events26.jpg
66,http://www.tibetanmastiff.org/images/Photos/Rescue/Rescuesuccesses/Tima.jpg
67,http://www.nt.net/~storm/Puppies/B/Catherine/images/6Catherine2.jpg
68,http://farm3.static.flickr.com/2342/2184370363_d7925dcaa4.jpg
69,http://www.mastinidelcim.com/tibetan%20mastiff/darchen.jpg
70,http://www.wwpet.com/tp/news/200604/20060408222133630.jpg
71,http://www.europuppy.com/images/dog_breed_info/tibetan_mastiff.jpg
72,http://www.nt.net/~storm/Puppies/B/Heathcliff/images/4Heathcliff2.jpg
73,http://www.bszay.com/upfile/20056191320289991.jpg
74,http://www.europuppy.de/images/europu_refimages/1901_kicsi.jpg
75,http://www.tiibetinmastiffi.com/images/Kaikki/2005Kesapaivat/20050716_16_1_Iiris.jpg
76,http://farm3.static.flickr.com/2175/2063080432_ed6b641499.jpg
77,http://farm1.static.flickr.com/180/369557008_01db270da5.jpg
78,http://www.nahaci-foto.wz.cz/jpg/borek10.jpg
79,http://www.puppysites.com/deluxe/sylvanmastiffs.jpg
80,http://www.tms-blog.com/blog/images/dsc00172.jpg
81,http://farm1.static.flickr.com/147/374906968_ee337cb1a8.jpg
82,http://www.benevoles.ee/benevoles/Drakyi.jpg
83,http://www.tiibetinmastiffi.com/images/Kaikki/20050808RuuAmelie/20050808_0095_Ruu.jpg
84,http://www.tibetanmastiff.org/images/Photos/Rescue/Rescuesuccesses/asia.jpg
85,http://www.english-mastiffs.org/pictures-images-photos/english-mastiffs-06.jpg
86,http://farm3.static.flickr.com/2389/1924928568_3b9b53df03.jpg
87,http://www.dogguide.net/images/breeds/tibetanmastiff.jpg
88,http://info.tibet.cn/en/news/phn/pnt/W020050321576330932541.jpg
89,http://www.kleo.ru/encyclopedia/dog/tibetan_mastiff_01.jpg
90,http://www.tibetanmastiff.org/images/Photos/Rescue/Rescuesuccesses/Lola%201.jpg
91,http://www.tibet-dogs.com/do-khyi/dk3.jpg
92,http://www.khyri.com/gifs/mastiff.jpg
93,http://www.dogbreedinfo.com/images7/Tibetan_Mastiff_Ipo_N_Azy.jpg
94,http://www.cz-pes.cz/katalog/obrazky/tibetan-mastiff-04.jpg
95,http://farm1.static.flickr.com/174/421517709_098409d281.jpg
96,http://farm1.static.flickr.com/116/282789602_fc3df7daff.jpg
97,http://blogs.ideo.ro/luxury/files/2007/08/tibetanmastiff.jpg
98,http://www.doguedutibet.eu/img/wallpaper_1.jpg
99,http://farm3.static.flickr.com/2349/2231740143_d6881eb965.jpg
100,http://static.flickr.com/83/278906773_9940b23d82.jpg
101,http://www.darchen.co.uk/uploads/images/dogs/12img1.jpg
102,http://www.tms-blog.com/blog/images/2007/08/14/dsc00268_2.jpg
103,http://wezuwiusz.com.pl/side/obrazy/000_0165_JPG.jpg
104,http://www.dogzonline.com.au/images/feature/bravura_113.jpg
105,http://chongwu.116.com.cn/uploadfiles/chongwu/2006228241806.jpg
106,http://www.chinadaily.com.cn/photo/2006-04/10/xin_33040310105447015731.jpg
107,http://farm2.static.flickr.com/1232/1406254429_e6ae8a034d.jpg
108,http://www.tms-blog.com/photos/uncategorized/chili.jpg
109,http://farm3.static.flickr.com/2218/2184240045_bf3df8cd0c.jpg
110,http://www.do-khyi-treff.de/Kyra1K.jpg
111,http://www.tms-blog.com/blog/images/dsc00373.jpg
112,http://www.canadasguidetodogs.com/customergraphics/everestnorth1.jpg
113,http://farm1.static.flickr.com/166/369559169_c3694b06b3.jpg
114,http://www.tibetanmastiff.net/images/tips/captain2.jpg
115,http://ao.aiao.cn/datang/pic/9.jpg
116,http://www.tms-blog.com/blog/images/dsc00100_2.jpg
117,http://farm3.static.flickr.com/2293/2062281397_7c5c8166a1.jpg
118,http://knows.jongo.com/UserFiles/Image/geograghy4/1127/a939319.jpg
119,http://www.tms-blog.com/blog/images/dsc00154_1.jpg
120,http://www.tibetanmastiff-tw.com/paradise/image/background/ing-stand2.jpg
121,http://www.mypets.net.au/template_images/Tibetian_Mastiffs_in_snow.jpg?0.24864628541918082
122,http://farm2.static.flickr.com/1213/1407221532_34026fb837.jpg
123,http://www.tms-blog.com/photos/uncategorized/060610.jpg
124,http://farm3.static.flickr.com/2154/2169596147_b09b2e4521.jpg
125,http://mastiff.myweb.hinet.net/904/y8.jpg
126,http://www.tibetan-mastiffs.net/Foundation/frankie.jpg
127,http://bbs.19dog.com/fetchimages/200702/19/117185382815924000.JPG
128,http://farm3.static.flickr.com/2134/1519083192_70f0df7cc9.jpg
129,http://www.inseparabile.com/cani/images/1dfxgdvtr7.jpg
130,http://wezuwiusz.com.pl/side/obrazy/000_0067d.jpg
131,http://www.tibetinfor.com.cn/tibetzt-en/dog/06/pic/010.jpg
132,http://www.tms-blog.com/blog/images/060610.jpg
133,http://farm1.static.flickr.com/31/57893391_a3ad6bdca4.jpg
134,http://www.animals.com.au/images/profile/28a.jpg
135,http://www.bestwallpapers.org/animals/mastiff/thumb/320_mastiff-19.jpg
136,http://farm1.static.flickr.com/117/272268183_b53a65a125.jpg
137,http://i38.photobucket.com/albums/e132/via6688/2006-4-23/DSC00193.jpg
138,http://www.dokhyi-bhairubshakti.nl/tibeta3.jpg
139,http://www.za188.com/img/pro/2007313912712312.jpg
140,http://a7.vox.com/6a00c225204d3b549d00d41423a1ef3c7f-320pi
141,http://farm2.static.flickr.com/1117/557290234_cb9e4365f9.jpg
142,http://www.canineconcepts.co.uk/ccp51/media/images/dog_breeds/tibetan-mastiff2.jpg
143,http://members.chello.nl/akoni/Asia%20in%20the%20snow.jpg
144,http://www.nt.net/~storm/Puppies/B/Catherine/images/7Catherine1.jpg
145,http://www.tms-blog.com/blog/images/dsc00160_1.JPG
146,http://www.tibetska-doga.cz/aaa/5/tibetska-doga_80.jpg
147,http://www.do-khyi-treff.de/lukan1K.jpg
148,http://img.china.alibaba.com/news/upload/2/2_1135740763072.jpg
149,http://www.25dx.com/cw/UploadFiles_7116/200606/200661252127344.jpg
150,http://farm3.static.flickr.com/2214/2184339317_59924ab5f7.jpg
151,http://www.xizangshenquan.com/imaao/dd.jpg
152,http://static.flickr.com/165/378838591_9fd708d3cc.jpg
153,http://www.cats-dogs-ukraine.com/images/200703191905010.jpg
154,http://centralpets.com/critter_images/mammals/dogs/DOG_0000353_20030519101357.jpg
155,http://www.mastiff01.narod.ru/assets/images/urik002.jpg
156,http://static.flickr.com/1143/743782454_efa5053a24.jpg
157,http://farm1.static.flickr.com/5/5102646_ca9038e65a.jpg
158,http://farm2.static.flickr.com/1266/639202130_6554724c6f.jpg
159,http://farm1.static.flickr.com/158/407409981_938fe4edc5.jpg
160,http://www.tibetanmastiff.org/images/Photos/Rescue/Rescuesuccesses/john_lenore.jpg
161,http://www.caniitalia.com/278.jpg
162,http://farm2.static.flickr.com/1015/646670123_6178cfd79c.jpg
163,http://www.zangao.it/images/tibetan_mastiff_bao_jia02.jpg
164,http://www.tms-blog.com/ajax/images/dsc00592_1.jpg
165,http://www.nt.net/~storm/Puppies/C/Charlie-Puppy7/Charlie6wks.jpg
166,http://www.tms-blog.com/blog/images/1485107_org.jpg
167,http://www.tibetanmastiff-tw.com/paradise/image/button1/DSC00500.jpg
168,http://farm3.static.flickr.com/2312/2146513019_b6fe8635e9.jpg
169,http://www.do-khyi-treff.de/FS2003.jpg
170,http://farm1.static.flickr.com/158/395311042_f49f63833e.jpg
171,http://farm1.static.flickr.com/22/27255630_41c989a232.jpg
172,http://static.flickr.com/143/378838063_3000cbbd6a.jpg
173,http://a6.vox.com/6a00c225204d3b549d00cdf3a95b56cb8f-320pi
174,http://www.sidyboysfoolin.com/tibetan-mastiff-0001.jpg
175,http://www.edog.net/breeds/imgs/1100261.jpg
176,http://farm1.static.flickr.com/86/362700572_2c310f1888.jpg
177,http://farm1.static.flickr.com/29/55083351_bac387083e.jpg
178,http://farm3.static.flickr.com/2077/1975140922_85bd247590.jpg
179,http://news.nen.com.cn/72343475651084288/20070429/46428_53286.jpg
180,http://static.flickr.com/25/57893327_fcaa62cd37.jpg
181,http://www.kennels.co.uk/images/W.TibetanMastiff.jpg
182,http://farm3.static.flickr.com/2385/2067240475_522a909d6c.jpg
183,http://img1.photographersdirect.com/img/22727/pd1525758_s.jpg
184,http://www.tibet.cn/english/news/newspic/200503/2112.jpg
185,http://www.nt.net/~storm/Puppies/C/LisaMarie-Puppy3/LisaMarie5wks.jpg
186,http://farm1.static.flickr.com/155/421521983_acb9045bc7.jpg
187,http://www.tibetan-mastiffs.net/Family/ParadiseArhatofHimalaya.jpg
188,http://www.mijnlievelingsdier.nl/honden/images_honden/tibetaanse_mastiff/services.jpg
189,http://files.dogster.com/images/dogster/breeds/tibetan_mastiff.jpg
190,http://farm1.static.flickr.com/116/300315158_69f2d45ada.jpg
191,http://farm2.static.flickr.com/1263/1439423570_f1bfce2d53.jpg
192,http://tibetanskmastiff.svktr.nu/rasen/aktivera/boll.jpg
193,http://farm2.static.flickr.com/1221/638567843_16171bbd98.jpg
194,http://img.china.alibaba.com/news/upload/2/4_1135740763490.jpg
195,http://farm3.static.flickr.com/2017/1924776350_29e5cef6ba.jpg
196,http://www.dog-breeds.name/pictures/tibetan-mastiff/tibetan-mastiff-1.jpg
197,http://www.nt.net/~storm/Puppies/C/Jessie-Puppy6/forever4.jpg
198,http://www.gotpetsonline.com/pictures-gallery/dog-pictures-breeders-puppies-rescue/tibetan-mastiff-pictures-breeders-puppies-rescue/pictures/tibetan-mastiff-0001.jpg
199,http://tibetanskmastiff.com/foton_mini/lumessa.jpg
200,http://farm1.static.flickr.com/165/338689355_bcf67c910a.jpg
201,http://www.tibetanmastiff.org/images/Photos/2000winners/specialty.jpg
202,http://ao.aiao.cn/jinyang/pic/ts01.jpg
203,http://www.gentlegiantsrescue.com/images/tibetan%20mastiff%20puppies%20cropped%20800.jpg
204,http://static.flickr.com/76/181437433_fd7e3c1a9a.jpg
205,http://202.98.250.176/uppic/819212007124352_4.gif
206,http://www.ovcharkarescue.org/pictures/Dorje-before-his-flight-032.jpg
207,http://www.tibetanmastiff.org/images/Photos/Rescue/Rescuesuccesses/Tara4.jpg
208,http://www.tms-blog.com/blog/images/dsc00193.jpg
209,http://farm1.static.flickr.com/138/369549554_f5960b58ee.jpg
210,http://static.flickr.com/149/436902023_064c7a8d97.jpg
211,http://farm2.static.flickr.com/1381/1200761108_38070e40e9.jpg
212,http://www.nt.net/~storm/Puppies/B/Charlotte/images/Kaia.jpg
213,http://static.flickr.com/1/439169_bab5237a77.jpg
214,http://farm3.static.flickr.com/2090/2036470053_ac254c71cd.jpg
215,http://www.aalphaphotography.co.uk/sitebuildercontent/sitebuilderpictures/.pond/tibetanmastiff.jpg.w180h257.jpg
216,http://farm1.static.flickr.com/191/464464229_e1ff49e514.jpg
217,http://www.puppypoopy.com/tibmasstif1.jpg
218,http://www.puppypoopy.com/tibmasstif3.jpg
219,http://www.zhongguoshenquan.com/ao/ao_G_013d2.jpg
220,http://www.dogbreedsbook.com/breedsImages/Tibetan-Mastiff.jpg
221,http://farm2.static.flickr.com/1392/668898057_28c7b9e6ca.jpg
222,http://farm1.static.flickr.com/122/369559160_c07f6375f3.jpg
223,http://www.dogzonline.com.au/images/profiles/61/12075_271.jpg
224,http://www.cnsphoto.com/CNSPhotoUse/PicLib/SmallPic/06p/PhotoN/060304/060304066fa_1.jpg
225,http://www.tms-blog.com/blog/images/dsc00031.jpg
226,http://farm2.static.flickr.com/1323/669713678_d21aba5c1d.jpg
227,http://www.spanishmastiff.org/Julius.jpg/JLV2.jpg
228,http://www.eleveur.eu/sundari/img/gd_4.jpg
229,http://farm3.static.flickr.com/2355/2063006416_f3d9045094.jpg
230,http://www.cndog.net/dog_photo_big/2005-3/31/3132232-4872.jpg
231,http://farm1.static.flickr.com/33/57891730_2d7d9fd702.jpg
232,http://farm1.static.flickr.com/27/57891676_a6cd9aa3ba.jpg
233,http://www.evcilkopekler.com/fotolar/1136977185TibetanMastiff_08.jpg
234,http://www.tibetanmastiff.com/main_files/breed_files/breed.22.jpg
235,http://img.china.alibaba.com/news/upload/2/news/2006/2/21/610x600_1098a939319.jpg
236,http://www.tms-blog.com/blog/images/Dsc00096-thumb.jpg
237,http://www.dogzonline.com.au/images/profiles/62/12595_1544.jpg
238,http://www.ovcharkarescue.org/pictures/Zane-080504b.jpg
239,http://www.tangzao.com.cn/upload/news_2005721131514.JPG
240,http://farm1.static.flickr.com/206/442586981_be8d4ad2e9.jpg
241,http://www.doguedutibet.eu/img/wallpaper_5.jpg
242,http://yougetit.myweb.hinet.net/i-1.jpg
243,http://farm1.static.flickr.com/33/56930791_8f2ccd65b8.jpg
244,http://www.tibetanmastiff.org/images/Photos/Rescue/Rescuesuccesses/bear1.jpg
245,http://www.tibetanmastiff.org/images/Photos/Rescue/Rescuesuccesses/eclipse.jpg
246,http://image2.sina.com.cn/bj/p/2007-02-26/U1747P52T4D126709F159DT20070226094319.jpg
247,http://farm1.static.flickr.com/96/369549551_8750a39bb9.jpg
248,http://farm2.static.flickr.com/1391/639419768_7a66eaec94.jpg
249,http://farm1.static.flickr.com/78/369553225_ec33f13bf3.jpg
250,http://dyanchen.com/dongwu/attachment/1175821336_0.jpg
251,http://farm2.static.flickr.com/1338/894434373_8a1bd315df.jpg
252,http://www.tms-blog.com/photos/padmasambhava/dsc00345-thumb.jpg
253,http://farm3.static.flickr.com/2361/2231338932_6a5221d314.jpg
254,http://www.petplanet.co.uk/petplanet/images/breeds/Tibetan_Terrier.jpg
255,http://www.kolumbus.fi/s.ojala/blondiedigi0104.jpg
256,http://www.zangao.it/images/mastino_tibetano_cuccioli_09.jpg
257,http://farm2.static.flickr.com/1141/931709790_5bf26013c7.jpg
258,http://farm1.static.flickr.com/144/369384809_3d3239a519.jpg
259,http://www.petsplace.co.za/Newfoundland%20Dog%20Lapham.jpg
260,http://farm1.static.flickr.com/31/51012290_637998160c.jpg
261,http://www.wwpet.com/tp/news/200604/20060408222135829.jpg
262,http://www.nt.net/~storm/Puppies/C/Grace-Puppy4/Grace5wks.jpg
263,http://www.nt.net/~storm/Puppies/A/Bogie_Puppy_2/Bogie4june2001.jpg
264,http://lh3.google.com/_0Z6_gBZoQCY/RqkafY5-bQI/AAAAAAAAAHI/IEmnp_HUz0k/s800/IMG_1220.JPG
265,http://www.flickr.com/photos/445359_44881811@N00.jpg
266,http://www.nt.net/~storm/Puppies/A/Bogie_Puppy_2/bogie4.jpg
267,http://www.wellbredpets.com/tempimages/PROFILEPIC00000002249-0001_display.jpg
268,http://www.dogtron.com/dog/breedimg/tibetan_mastiff.jpg
269,http://ovcharkarescue.org/pictures/021307-004.jpg
270,http://www.tipresentoilcane.com/Archivio/Articoli/Luglio-2002/CONTROLLODIS/tashi10RID.jpg
271,http://farm2.static.flickr.com/1109/639412934_2649529800.jpg
272,http://www.sinaimg.cn/dy/s/p/2007-09-12/U1565P1T1D13875197F23DT20070912142503.jpg
273,http://www.dokhyi-tibet-hunde.de/dokhyi_homepage/ddsa_27.jpg
274,http://farm3.static.flickr.com/2052/2063011874_c0262fca2b.jpg
275,http://info.tibet.cn/en/news/tin/W020060411488853668215.jpg
276,http://www.nt.net/~storm/Puppies/B/Catherine/images/5Catherine1.jpg
277,http://farm3.static.flickr.com/2007/1924122571_3fa59e53ed.jpg
278,http://www.do-khyi-treff.de/Ginger1K.jpg
279,http://farm1.static.flickr.com/188/421512173_dacb18a88a.jpg
280,http://www.nt.net/~storm/Puppies/B/Charlotte/images/KaiaB.jpg
281,http://www.tms-blog.com/blog/images/dolow
282,http://www.shivakennel.hu/images/aktaz/aktaz12ho.jpg
283,http://www.tms-blog.com/blog/images/dsc00219.jpg
284,http://www.kkzangao.com/pic/z009.JPG
285,http://farm1.static.flickr.com/170/405984332_f32808462b.jpg
286,http://static.flickr.com/25/55083354_bce36976f4.jpg
287,http://nativedog.com/images/Shaman.jpg
288,http://www.tibetmastiff.com/pic/stenata3.jpg
289,http://www.nt.net/~storm/Puppies/C/LisaMarie-Puppy3/LisaMarieD27days.jpg
290,http://www.puppypurebred.com/images/Tibetan%20Mastiff.jpg
291,http://www.nt.net/~storm/Puppies/B/Emily/images/may3emily4.jpg
292,http://farm2.static.flickr.com/1271/564756062_d7a7514af7.jpg
293,http://www.za188.com/img/pro/200731210553411455.jpg
294,http://www.tibetanmastiffinfo.com/pictures/images/BoysofSummer.jpg
295,http://www.tibetanmastiff.org/photogallery/albums/userpics/10001/114_1449.JPG
296,http://www.tlapkatibetu.net/Picts/Snimek050.jpg
297,http://www.tibimaxe.business.t-online.de/images1/maxloe.jpg
298,http://farm3.static.flickr.com/2067/1975140964_4c24556b3b.jpg
299,http://www.99520.com/0129/images/123_15.jpg
300,http://www.biolib.cz/IMG/GAL/28808.jpg
301,http://www.carchi.it/images/senge1.jpg
302,http://www.dog-breeds.name/pictures/tibetan-mastiff/tibetan-mastiff-2tn.jpg
303,http://www.eleveur.eu/sundari/img/bb_3.jpg
304,http://www.guandiaoyuan.com/images/200782611372445422.jpg
305,http://www.petplanet.co.uk/petplanet/images/breeds/tibetan_mastiff2.jpg
306,http://www.dogzonline.com.au/images/profiles/62/14287_706.jpg
307,http://farm1.static.flickr.com/155/348979826_ba49714388.jpg
308,http://farm2.static.flickr.com/1127/838835151_067fcf7fe9.jpg
309,http://www.tibetskadoga.cz/gallery/chdzongo.jpg
310,http://www.sunbo.org/main/IMG_0102.jpg
311,http://www.pas.com.hr/admin/pasmine_slike/resize_230.jpg
312,http://lh3.google.com/_0Z6_gBZoQCY/Rqkav45-bRI/AAAAAAAAAHQ/fbHif4EpsLs/s800/IMG_1401.JPG
313,http://farm1.static.flickr.com/149/393591109_ce53e84d5e.jpg
314,http://www.thailandinone.com/dotcom/pet/dog/tibetan_mastiff/tibetan_mastiff6.jpg
315,http://farm3.static.flickr.com/2005/2185146670_6438a8741e.jpg
316,http://static.flickr.com/1365/1407246424_d9383250b3.jpg
317,http://www.do-khyi-treff.de/Sati1K.jpg
318,http://cache.viewimages.com/xc/52248804.jpg?v=1&c;=ViewImages&k;=2&d;=17A4AD9FDB9CF193CC300C081D9F47008C4CB669A5A2F8369FCE71F927EA8899A55A1E4F32AD3138
319,http://lh3.google.com/_RsF82-oYfAc/RlyS3wWHiEI/AAAAAAAAAl8/raRwAIlblEA/s800/DSC00114.JPG
320,http://users.nex.net.au/~southernstar/LILTTLE%20TARAS%20PIC.jpg
321,http://www.dog-breeds.name/pictures/tibetan-mastiff/tibetan-mastiff-5tn.jpg
322,http://www.gotpetsonline.com/pictures-gallery/dog-pictures-breeders-puppies-rescue/tibetan-mastiff-pictures-breeders-puppies-rescue/pictures/tibetan-mastiff-0013.jpg
323,http://www.darshing.com/index_tiedostot/image005.jpg
324,http://farm2.static.flickr.com/1147/638347633_9788a6df9e.jpg
325,http://www.tms-blog.com/blog/images/2007/07/09/dsc00659.jpg
326,http://farm3.static.flickr.com/2196/2062217409_989176dbc5.jpg
327,http://content.answers.com/main/content/wp/en-commons/thumb/7/70/250px-WangdurivoiraTM.jpg
328,http://psi.chovzvirat.com/img/druhy/dsc_0075-cz.jpg
329,http://www.eleveur.eu/sundari/img/gd_6.jpg
330,http://www.tms-blog.com/blog/images/dsc00221.jpg
331,http://aycu29.webshots.com/image/31868/2002546467273577061_rs.jpg
332,http://www.tibetanmastiff-tw.com/blog/attachment/1166254208_0.jpg
333,http://www.moloss.com/motm/2003/01/007.jpg
334,http://farm2.static.flickr.com/1209/697890987_fbb11cc933.jpg
335,http://www.dogsindepth.com/molossoid_dog_breeds/images/tibetan_mastiff_v01.jpg
336,http://www.nt.net/~storm/Puppies/C/Jessie-Puppy6/forever2.jpg
337,http://web.inter.nl.net/hcc/bijlsma/honden/KRU3_01A.JPG
338,http://static.flickr.com/147/369553213_97696234d3.jpg
339,http://www.moloss.com/001/breed/def/d007/tm01.jpg
340,http://p6.p.pixnet.net/albums/userpics/6/6/195566/1166233395.jpg
341,http://www.tms-blog.com/blog/images/tm.jpg
342,http://farm1.static.flickr.com/117/310524080_a12e6eacb9.jpg
343,http://farm2.static.flickr.com/1314/1467959775_6e59937fbd_o.jpg
344,http://www.everestnorthtms.com/Thor_BOW_BBBE__.jpg
345,http://www.do-khyi-treff.de/Cappuccina1K.jpg
346,http://dzogtchen.vip-blog.com/medias/0107/dzogtchen-vip-blog-com-672456doguechrduchrtibetchrnabischretchrpaissa.jpg
347,http://www.kesangcamp.com/index_files/image037.jpg
348,http://farm2.static.flickr.com/1046/639426166_de1e317db6.jpg
349,http://www.bravura.com.au/images/dogs3l.jpg
350,http://static.flickr.com/22/40676705_51c5dfd591.jpg
351,http://aa.aiao.cn/600/pic/03.jpg
352,http://farm1.static.flickr.com/213/510887309_7303e00978.jpg
353,http://static.flickr.com/16/98661089_96a345542d.jpg
354,http://www.nt.net/~storm/Puppies/C/LisaMarie-Puppy3/LisaMarie7wks.jpg
355,http://home.rol3.com/~u0345675/_borders/Amai2.jpg
356,http://static.zooomr.com/images/411844_32587cdcfc_o.jpg
357,http://farm1.static.flickr.com/144/395311663_48f46a1351.jpg
358,http://www.molossklub.sk/image/foto/tibet3.jpg
359,http://www.dogbreedinfo.com/images16/TibetanMastiffmyHammy.JPG
360,http://farm1.static.flickr.com/113/272268184_d7e5e01887.jpg
361,http://www.catbreedinfo.net/images/tibetanmastiffstand.jpg
362,http://www.gotpetsonline.com/pictures-gallery/dog-pictures-breeders-puppies-rescue/mastiff-pictures-breeders-puppies-rescue/pictures/mastiff-0081.jpg
363,http://farm2.static.flickr.com/1194/838835309_6d417e7c45.jpg
364,http://www.superdog.com/trainer%20pages/images/a9.jpg
365,http://static.flickr.com/67/202825527_b3491fbdeb.jpg
366,http://www.i-love-dogs.com/dog-breeds/images/Tibetan-Mastiff.jpg
367,http://www.tibetanmastiffinfo.com/pictures/images/BeyulJune05.jpg
368,http://www.tms-blog.com/blog/images/dsc00006.jpg
369,http://www.k9host.co.uk/grafix/Breeds/tibmastiff.jpg
370,http://farm3.static.flickr.com/2116/2062222231_e1a804ffbf.jpg
371,http://static.flickr.com/25/65392552_f5227951ba.jpg
372,http://www.tms-blog.com/blog/images/dsc00046.jpg
373,http://www.tibetanmastiff.org/images/Photos/Rescue/Rescuesuccesses/minnie.jpg
374,http://www.kupet.cn/user/1599/upload/06-11-06/1162765375_pic.jpg
375,http://www.tibetanmastiff.org/images/Photos/Rescue/Rescuesuccesses/brad-amp.jpg
376,http://farm1.static.flickr.com/188/422518474_08ff5cf370.jpg
377,http://farm3.static.flickr.com/2193/2184386271_d41fd8a714.jpg
378,http://farm2.static.flickr.com/1249/639442074_8bd12727b1.jpg
379,http://pop.pcpop.com/upimg2/2004/11/29/328836814.jpg
380,http://www.tibetanmastiff.org/photogallery/albums/userpics/p1010070-3.jpg
381,http://ao.aiao.cn/sysy/pic/xiong/08.jpg
382,http://www.dogzonline.com.au/images/profiles/07/05/17865_140.jpg
383,http://www.dog-breeds.name/pictures/tibetan-mastiff/tibetan-mastiff-4tn.jpg
384,http://farm1.static.flickr.com/141/369557013_f40d06a9e3.jpg
385,http://www.tiibetinmastiffi.com/images/Pomo/Sukukuvat/BagYang%20200709_20kk.jpg
386,http://gb.cri.cn/mmsource/images/2005/09/08/wc050908010.jpg
387,http://www.nt.net/~storm/Puppies/C/Grace-Puppy4/GraceB10wks.jpg
388,http://www.tms-blog.com/tw/images/dsc00028.JPG
389,http://farm1.static.flickr.com/159/369557016_2175ffcee9.jpg
390,http://www.valleyconservation.org/images/Artemis.JPG
391,http://www.eleveur.eu/sundari/img/bb_4.jpg
392,http://farm2.static.flickr.com/1386/547310128_f557a5fdf1.jpg
393,http://www.tms-blog.com/blog/images/dsc00255.JPG
394,http://www.tibetanmastiff.org/images/Photos/Rescue/Rescuesuccesses/samson-now.jpg
395,http://www.tibetanmastiffinfo.com/images/kigh_grown.jpg
396,http://cdn-www.dailypuppy.com/images/07/chembo_chi_tibetan_mastiff_01.jpg
397,http://img.youtube.com/vi/UTyOeUwvWXg/default.jpg
398,http://farm1.static.flickr.com/109/309847315_5748868aa9.jpg
399,http://www.nt.net/~storm/Puppies/C/Grace-Puppy4/seemnow2.jpg
400,http://farm2.static.flickr.com/1355/624700335_fc22443a86.jpg
401,http://farm1.static.flickr.com/174/431105958_809fc860b4.jpg
402,http://farm1.static.flickr.com/168/378838409_65e7d4a807.jpg
403,http://www.tms-blog.com/blog/images/dsc00151.jpg
404,http://202.98.250.176/uppic/819212007124352_11.gif
405,http://www.tibetan-mastiffs.net/Family/family.jpg
406,http://www.bigfriendlydogs.com/images/mastiffpup.jpg
407,http://farm3.static.flickr.com/2381/2174435822_af2d98885c.jpg
408,http://www.tibetanmastiff.com/main_files/breed_files/breed.15.jpg
409,http://static.flickr.com/128/385937465_a72b967cf2.jpg
410,http://wezuwiusz.com.pl/side/obrazy/000_0767_JPG.jpg
411,http://farm1.static.flickr.com/93/267587077_be99c00176.jpg
412,http://wezuwiusz.com.pl/side/miniaturki/000_0176_JPG.jpg
413,http://img.v19.56.com/images/18/4/lxy800805i56olo56i56.com_zhajm_1176912331_336.jpg
414,http://www.flickr.com/photos/896375_29202d5042.jpg
415,http://farm1.static.flickr.com/246/452867022_98269cd36a.jpg
416,http://www.nt.net/~storm/Puppies/C/Priscilla-Puppy2/PriscillaB5wks.jpg
417,http://ao.aiao.cn/ysys/pic/7.jpg
418,http://www.dogbreedinfo.com/images/tibetanmastiffchild.jpg
419,http://data.photos-animaux.com/photos/290/2895/289416.jpg
420,http://www.za188.com/img/pro/200731712371067029.jpg
421,http://www.tibetanmastiff.org/photogallery/albums/userpics/Kashy%20and%20Shaky.jpg
422,http://www.k9buddies.com/pics/breeds/TibetaanseMastiff.jpg
423,http://farm1.static.flickr.com/152/423380937_dd92bb57ab.jpg
424,http://www.nt.net/~storm/Puppies/B/Charlotte/images/6Charlotte1.jpg
425,http://farm1.static.flickr.com/103/293639599_2ac6ce3313.jpg
426,http://oaks.nvg.org/nomads.jpg
427,http://www.zkzajd.com/english/mingpin/hongdou-01.gif
428,http://news.xinhuanet.com/fortune/2006-09/11/xinsrc_012090311094442114131.jpg
429,http://www.tibetanmastiffinfo.com/pictures/images/TanjurNov03.jpg
430,http://www.evcilkopekler.com/fotolar/1136977214TibetanMastiff_05.jpg
431,http://farm3.static.flickr.com/2120/2062212291_d205325310.jpg
432,http://www.tibetanmastiffinfo.com/images/tmbi_group.jpg
433,http://www.centralpets.com/critter_images/mammals/dogs/DOG_0000353_20030205180027.jpg
434,http://www.tibet.cn/english/news/newspic/200503/2111.jpg
435,http://farm1.static.flickr.com/128/378838754_ecafaf7de3.jpg
436,http://farm2.static.flickr.com/1009/547310086_56698dd94e.jpg
437,http://www.eleveur.eu/sundari/img/gd_9.jpg
438,http://farm1.static.flickr.com/187/385729422_6a591b7e81.jpg
439,http://farm1.static.flickr.com/26/98661156_a617054883.jpg
440,http://www.animalinelmondo.com/images/cane/tibetan%20mastiff-01.jpg
441,http://static.flickr.com/27/53065226_0d6fa040ae.jpg
442,http://static.flickr.com/129/355185669_bfd8270775.jpg
443,http://farm1.static.flickr.com/91/272469602_345fd1775c.jpg
444,http://farm1.static.flickr.com/134/405983357_3d7e519af0.jpg
445,http://www.nt.net/~storm/Puppies/C/Priscilla-Puppy2/forever3.jpg
446,http://farm1.static.flickr.com/153/369549550_22dadfb1b5.jpg
447,http://farm1.static.flickr.com/30/56903254_0732f22104.jpg
448,http://www.qh.xinhuanet.com/2005-06/17/xin_240602171037921114383.jpg
449,http://image1.club.sohu.com/pic/b7/24/8dcc1eb398b1b5e7eb031201122c24b7.jpg
450,http://www.geocities.com/mejomo_cilpa/foton/tmhuvud.jpg
451,http://farm1.static.flickr.com/30/47342076_c0e46bce05.jpg
452,http://cache.viewimages.com/xc/73837499.jpg?v=1&c;=ViewImages&k;=2&d;=17A4AD9FDB9CF1934AEA4ECF4B436E77090D42C92FE98340284831B75F48EF45
453,http://farm1.static.flickr.com/98/272470050_96033a65b2.jpg
454,http://farm2.static.flickr.com/1106/639419794_0c08d39375.jpg
455,http://www.newsgd.com/specials/traveltibet/tibetcreatures/200609190090_67135.JPG
456,http://farm3.static.flickr.com/2348/2185020530_1336000f02.jpg
457,http://www.hxsday.com/pic/200721162563.jpg
458,http://www.aniwa.fr/Home/Images/2/876/112829.jpg
459,http://farm1.static.flickr.com/30/53063692_4bc87a89cb.jpg
460,http://www.chenporewa.ee/tiibet_koerad/static/pictures/2006naitused/Draki%201.jpg
461,http://farm2.static.flickr.com/1005/1199891683_7a38d06ea4.jpg
462,http://www.chayu.gov.cn/upfile1/bd02.jpg
463,http://www.tms-blog.com/blog/images/2007/10/14/dsc00053c_2.jpg
464,http://farm1.static.flickr.com/24/90064250_6456df3552.jpg
465,http://farm2.static.flickr.com/1332/697903691_da502b571e.jpg
466,http://farm2.static.flickr.com/1140/762676571_c52b7bb829.jpg
467,http://www.eleveur.eu/sundari/img/gd_8.jpg
468,http://www.tms-blog.com/blog/images/2007/06/23/ap_20070615120622173.jpg
469,http://www.breedersonline.co.uk/photos/3g/374_2.jpg
470,http://farm1.static.flickr.com/99/285175907_ec371b3416.jpg
471,http://farm1.static.flickr.com/24/57891851_23ebf62ba1.jpg
472,http://farm1.static.flickr.com/84/272268181_56abc58ebf.jpg
473,http://www.yangzhi.com/images/uppic/200551922160.jpg
474,http://farm1.static.flickr.com/161/394751822_3f286f5f1a.jpg
475,http://news.chongwu.cc/data/uploadfile/200607/2006071213461731.jpg
476,http://www.hxsday.com/pic/200721163846.jpg
477,http://farm2.static.flickr.com/1223/639442068_9bc50f207a.jpg
478,http://farm2.static.flickr.com/1343/1443788847_514928bd1b.jpg
479,http://www.dawatm.com/images/hamo.jpg
480,http://farm1.static.flickr.com/145/405982270_6e38968b35.jpg
481,http://static.flickr.com/2360/1521960657_03d9712296.jpg
482,http://farm2.static.flickr.com/1042/638347637_5ce814e08e.jpg
483,http://wezuwiusz.com.pl/side/miniaturki/000_0763_JPG.jpg
484,http://farm1.static.flickr.com/124/369559172_8fd8e61c5c.jpg
485,http://farm2.static.flickr.com/1241/624163422_e7ae84fcbf.jpg
486,http://static.flickr.com/119/307700809_99510d5dde.jpg
487,http://upload.mop.com/user/2005/11/20/07/1132487986210.jpg
488,http://farm1.static.flickr.com/21/27255382_c8ce5b0a98.jpg
489,http://www.nt.net/~storm/Puppies/C/Vernon-Puppy5/VernonD6wks.jpg
490,http://farm2.static.flickr.com/1028/638589363_212ce9ae91.jpg
491,http://www.do-khyi-treff.de/The%20boys01.jpg
492,http://newenglandstbernard.tripod.com/images/premas.jpg
493,http://www.painetworks.com/photos/gq/gq2302.JPG
494,http://farm1.static.flickr.com/39/81255266_5f4ea2795a.jpg
495,http://www.do-khyi-treff.de/Juju1.JPG
496,http://tibetanmastiff-tw.com/images/author.jpg
497,http://www.pvah.com/pics/Pb150657_aslanstaff.jpg
498,http://www.tibetan-mastiffs.net/Family/KublaiKhanHimalayavAltnaharra.jpg
499,http://www.mollyjones.com/tuv%20breeds/tuv%20breed%20pics/1tibetan-mastiff1.jpg
500,http://www.tms-blog.com/blog/images/2007/07/09/dsc00658.jpg
501,http://www.tibetanmastiff.org/images/Photos/Rescue/Rescuesuccesses/Amos%20rescue.jpg
502,http://life.gz163.cn/pet/_1123143706_zhangao02.jpg
503,http://static.flickr.com/55/184859248_9ec6a6771f.jpg
504,http://www.molosserofthemonth.com/motm/year/2006/11/001.jpg
505,http://www.pets-hop.com/kenshuimg/tibetanmastiff.jpg
506,http://www.800mai.com/scraps/ArticleImg/41838dog3.jpg
507,http://www.eleveur.eu/sundari/img/bb_2.jpg
508,http://image2.sina.com.cn/bj/p/2007-02-26/U1747P52T4D126708F159DT20070226094249.jpg
509,http://www.tibetanmastiff.org/photogallery/albums/uploadpics/puppies06m/thumb_000039-Tibetan_Spaniel_and_TMs.jpg
