0,http://farm3.static.flickr.com/2061/2073532130_a34d5a975a.jpg
1,http://www.puppydogweb.com/breeders/pic_images/scottishterrier_cantrell10665.jpg
2,http://farm3.static.flickr.com/2379/2044007163_d257235735.jpg
3,http://static.flickr.com/98/231968861_1a1c3b27c8.jpg
4,http://www.finahund.se/images_raser/wt.jpg
5,http://static.flickr.com/2088/1934622153_0773dd0655.jpg
6,http://farm3.static.flickr.com/2374/2141780639_0142124a58.jpg
7,http://farm3.static.flickr.com/2175/2166143268_dc2d40a9e2.jpg
8,http://farm1.static.flickr.com/87/248435605_e7f226756a.jpg
9,http://clubs.akc.org/wtca/max20.jpg
10,http://animals.bayaw.com/thumbnails/Welsh-Terrier-5.jpg
11,http://farm1.static.flickr.com/89/242085425_a84135802a.jpg
12,http://www.breederweb.com/images/Pics/wel_terr.jpg
13,http://www.dogbreedinformation.com/images/WelshTerrierMollee-near-couch.jpg
14,http://static.flickr.com/168/383118790_e7bb51a840.jpg
15,http://pies.pl:8080/gallery/rasy_img/pies_97_small.png
16,http://farm3.static.flickr.com/2135/2076317145_9943fa64fc.jpg
17,http://www.terrier-kennel.ch/bilderarchiv/Welsh-Terrier/wt-Galerie/Galerie-02.jpg
18,http://server.hund.ch/fotos/fwelshterrier21.jpg
19,http://www.dogguide.net/images/breeds/welshterrier.jpg
20,http://farm1.static.flickr.com/104/285395100_0414c00e6b.jpg
21,http://www.terrier.ch/images/b30.jpg
22,http://us.iams.com/iams/en_US/data_root/image/dog_breed/welsterr.jpg
23,http://farm1.static.flickr.com/111/308486050_d5d240c156.jpg
24,http://farm1.static.flickr.com/98/256758193_6682d21ab7.jpg
25,http://farm1.static.flickr.com/48/139349836_8508bf92a4.jpg
26,http://thumb15.webshots.net/t/53/653/4/22/30/2631422300030112775rgjEOh_th.jpg
27,http://farm3.static.flickr.com/2290/1603468319_ec5b6835ec.jpg
28,http://www.bigpawsonly.com/dog-images/airedale-terrier-picture.jpg
29,http://pets-place.net/Breeds/WelshTerrierPhoto1.jpg
30,http://farm1.static.flickr.com/27/37550246_7fe7c7c136.jpg
31,http://farm1.static.flickr.com/86/248435629_b04fe5dfe2.jpg
32,http://www.puppy-search.com/Welsh1-9.jpg
33,http://farm1.static.flickr.com/48/144196671_61a5c0d5c3.jpg
34,http://farm2.static.flickr.com/1023/881552503_bab04cc034.jpg
35,http://www.mybuddydog.com/graphic111.gif
36,http://farm1.static.flickr.com/134/347710751_193e1a4246.jpg
37,http://www.pamperedpuppy.com/images/contests/200610/winner03.jpg
38,http://static.flickr.com/92/265971943_cee9cd4a9f.jpg
39,http://members.home.nl/welsh/4e-BIS-Welsh-Terrier2.jpg
40,http://pets.ca/breedprofiles/a/welshterrier/w3.jpg
41,http://farm3.static.flickr.com/2066/2234684725_604f283ba1.jpg
42,http://static.flickr.com/174/446794780_355eaf65bc.jpg
43,http://www.hundekosmos.de/images/welshterrier_92.jpg
44,http://farm1.static.flickr.com/8/11812893_637bceaae0.jpg
45,http://www.awesomepawsomes.co.uk/Images/Thumbs/WelshTerrier_coco.JPG
46,http://farm2.static.flickr.com/1392/1183796988_da1c162859.jpg
47,http://static.flickr.com/2087/1732304691_084c553cb4.jpg
48,http://farm1.static.flickr.com/96/365987180_449ef0bb27.jpg
49,http://farm2.static.flickr.com/1127/1311332559_7440e4e0c3.jpg
50,http://img399.imageshack.us/img399/9950/findus1581bn.jpg
51,http://static.flickr.com/28/52234425_e6fff16ca1.jpg
52,http://farm3.static.flickr.com/2381/2229539773_ca41de1646.jpg
53,http://static.flickr.com/28/38689570_efc52d06cc.jpg
54,http://farm1.static.flickr.com/58/162075009_b3c50e19be.jpg
55,http://farm1.static.flickr.com/161/436012192_8ad9b31aab.jpg
56,http://www.richmondvetclinic.com.au/images/grooming_after.jpg
57,http://farm1.static.flickr.com/15/20725197_3013832d8c.jpg
58,http://static.flickr.com/2040/1604371712_888ec8ea05.jpg
59,http://www.kutyavilag.net/kutyak/welshterrier.jpg
60,http://www.123hjemmeside.dk/picture.aspx?id=2069402
61,http://farm2.static.flickr.com/1247/1235449055_c5aca62c4e.jpg
62,http://www.dogsindepth.com/terrier_dog_breeds/images/welsh_terrier_v01.jpg
63,http://www.bbc.co.uk/birmingham/content/images/2007/03/14/samantha_lord_megan_308x353.jpg
64,http://static.flickr.com/2329/2111083726_34be2ae25f.jpg
65,http://www.theressomeplacelikehome.com/Welsh_Terrier.jpg
66,http://www.k-9bathtime.com/files/Welshterrier.jpg
67,http://farm3.static.flickr.com/2269/2230334200_40557ed0ee.jpg
68,http://www.justdogbreeds.com/images/thumbs/welsh-terrier.jpg
69,http://farm1.static.flickr.com/124/355922567_d69781925d.jpg
70,http://farm3.static.flickr.com/2102/2110306693_f6affb8ee7.jpg
71,http://farm3.static.flickr.com/2113/2229539685_e1c868032a.jpg
72,http://farm3.static.flickr.com/2063/2145666298_807dee2bb7.jpg
73,http://www.relatingtodogs.com/about-dogs/images/250px-Wh.jpg
74,http://farm3.static.flickr.com/2354/2244332214_62ba9d257b.jpg
75,http://bp2.blogger.com/_tm4KFDKKlQY/RvaB8xn7iMI/AAAAAAAAAKc/3kH681gklxs/s320/WelshTerrierIKE2YearsOld.JPG
76,http://dandugmore.com/welsh.jpg
77,http://farm1.static.flickr.com/133/411587891_5e513c0734.jpg
78,http://farm3.static.flickr.com/2302/2149395968_37227bb608.jpg
79,http://www.stefsmodels.co.uk/images/products/c520_h.jpg
80,http://farm1.static.flickr.com/121/291837603_6702da9c14.jpg
81,http://www.kalale.ee/media/pildid/144680.jpg
82,http://www.ourdogs.co.uk/Goodies/Wallpapers/WelshTerrier/800600.jpg
83,http://farm2.static.flickr.com/1393/939837423_1bb0482eea.jpg
84,http://www.rockwellwelshterriers.com/images/rockwellheader1.jpg
85,http://farm1.static.flickr.com/51/125708046_74fb8a2b54.jpg
86,http://farm2.static.flickr.com/1325/1205473690_3447ebea37.jpg
87,http://static.flickr.com/77/194676333_60e8c1e153.jpg
88,http://www.dogbreedinfo.com/images17/WirelshTerrierJackPuppy1.JPG
89,http://www.sunsprytewelshterriers.com/images/mandy_shadow500.jpg
90,http://static.flickr.com/41/80523555_906e6835b4.jpg
91,http://farm1.static.flickr.com/105/306967812_73901e5121.jpg
92,http://www.visualsunlimited.com/images/watermarked/302/302608.jpg
93,http://www.hondensite.bravepages.com/afbeeldingen/welsh%20terrier%20(5).jpg
94,http://farm1.static.flickr.com/4/8590491_6021e480b2.jpg
95,http://www.sorensen.ca/grooming/PICS/ButteWelshTerrier.jpg
96,http://farm3.static.flickr.com/2104/2114700925_bae8c292bc.jpg
97,http://www.hundekalender.de/produktbilder/thumb_img1522-3106.jpg
98,http://www.welpenteam.de/images/welshterri_4.jpg
99,http://farm1.static.flickr.com/37/122582061_21fef0bc72.jpg
100,http://www.dkimages.com/discover/previews/962/50022700.JPG
101,http://www.indypenn.com/jesterr/grayslake/biss_zack_sm.jpg
102,http://farm1.static.flickr.com/97/222821050_f88f1a4d37.jpg
103,http://www.dogbreedinfo.com/images17/WirelshTerrierJackPuppy2.JPG
104,http://farm3.static.flickr.com/2242/2068335045_cc40959c1b.jpg
105,http://farm3.static.flickr.com/2137/2234685255_494bb47b5f.jpg
106,http://static.flickr.com/61/195437343_e32274058b.jpg
107,http://www.hundesalon-brox.de/bilder/hunde/trimmhunde/tarawelsh.jpg
108,http://www.infodog.ro/db/raseimg/078welshterrier.jpg
109,http://farm1.static.flickr.com/152/369167855_809b95ff57.jpg
110,http://static.flickr.com/1015/1236293590_ef65884774.jpg
111,http://farm3.static.flickr.com/2047/1604382692_9c9f383eae.jpg
112,http://farm1.static.flickr.com/56/145818907_d97472efa2.jpg
113,http://www.PetsMo.com/pets/images/100.jpg
114,http://farm1.static.flickr.com/84/248435630_03bc59ca79.jpg
115,http://www.mollyjones.com/wxyz%20breeds/wxyz%20breed%20pics/1welshterrier3.jpg
116,http://www.breederretriever.com/photopost/data/747/medium/welsh_terrier.jpg
117,http://static.flickr.com/120/256316739_8facb6345f.jpg
118,http://www.dogtimes.com.br/imagens/pupmom.jpg
119,http://farm3.static.flickr.com/2198/2185970480_9440dcccf3.jpg
120,http://www.welshterrier.at/images/begrue.jpg
121,http://farm1.static.flickr.com/52/153664232_2ef89945b9.jpg
122,http://static.flickr.com/1014/1205478070_21bdd1f46f.jpg
123,http://www.mascotamigos.com.ar/imagenes/PerdidoMatiasE.jpg
124,http://www.findapuppy.com/images/welsh5.jpg
125,http://static.flickr.com/1406/1205807634_e978cba41e.jpg
126,http://farm3.static.flickr.com/2226/1574123196_32b43ebf60.jpg
127,http://static.flickr.com/2347/1733163096_94837a4bf4.jpg
128,http://farm3.static.flickr.com/2365/1732314983_ad84b77d99.jpg
129,http://farm2.static.flickr.com/1273/1355629084_10e928d0d5.jpg
130,http://farm1.static.flickr.com/31/49166425_a3c6d1cf8a.jpg
131,http://www.welshe-vom-albertspoehl.de/Bilder/gh_welsh_liegend.jpg
132,http://farm1.static.flickr.com/171/434062298_9900a10279.jpg
133,http://farm1.static.flickr.com/48/128511199_860bcc3b1c.jpg
134,http://farm3.static.flickr.com/2213/1732305237_7e871c8133.jpg
135,http://farm1.static.flickr.com/30/59944217_9d7b03cab9.jpg
136,http://static.flickr.com/2253/2044019619_9935694875.jpg
137,http://www.champdogs.co.uk/images/k92d7.jpg
138,http://images.icnetwork.co.uk/upl/dailypost/dec2007/7/7/9F30FF62-C807-74F1-BD4B22FA55666803.jpg
139,http://farm1.static.flickr.com/95/213234420_a9cce78287.jpg
140,http://farm1.static.flickr.com/62/231424723_1e41ba3df2.jpg
141,http://farm1.static.flickr.com/81/270391089_557c2a0bae.jpg
142,http://static.flickr.com/1279/543211402_bb6e0ef948.jpg
143,http://en.animals-online.info/images/dog/93-150-welsh-terrier-02.jpg
144,http://members.tripod.com/allaboutdogs/images/sweetdreams.jpg
145,http://www.aeron-welshie-forever.com/show/2004-2005/Becej_03_10_2004.jpg
146,http://www.regalridge.ca/Pics/wt4.jpg
147,http://www.happypawskennel.com/images/100_0550.JPG
148,http://farm3.static.flickr.com/2294/2093714837_5b37c01c55.jpg
149,http://farm3.static.flickr.com/2186/2103660212_e71f9ed3e8.jpg
150,http://www.andis.com/USA/sm_animal/images/gg_photos/Terrier_Airedale.jpg
151,http://farm1.static.flickr.com/144/347713925_a28dae823b.jpg
152,http://farm2.static.flickr.com/1135/539392969_f1a55dd181.jpg
153,http://farm3.static.flickr.com/2198/1603581201_44734b944c.jpg
154,http://www.delarrago.com/images/im_razas_dogs/welsh_terrier_small.jpg
155,http://farm3.static.flickr.com/2033/2234455197_9d198d5a46.jpg
156,http://www.europuppy.de/images/puppies_for_sale/welsh_terrier_for_sale.jpg
157,http://static.flickr.com/2104/1604520390_e7f285c230.jpg
158,http://www.shaireabs.com/Welsh/fireworks/swelsh_times_r1_c3.gif
159,http://static.flickr.com/2174/1733158246_089c94a754.jpg
160,http://sandramerwin.com/ebay_images/image_map/sandra&shiloh;_smllr.jpg
161,http://www.sobreperros.com/fotos/welsh_terrier_gales/large/zQfy5sdv.jpg
162,http://farm3.static.flickr.com/2349/1733166238_f69199e551.jpg
163,http://farm3.static.flickr.com/2231/2127973252_c79fb250c7.jpg
164,http://farm1.static.flickr.com/232/510504968_2862f85717.jpg
165,http://static.flickr.com/65/194676335_f01dcf023e.jpg
166,http://farm3.static.flickr.com/2089/1732307929_2dfd30e6d3.jpg
167,http://farm1.static.flickr.com/43/80523222_b64fefe18d.jpg
168,http://www.devrolijkeviervoeters.org/images/welshterrier04.jpg
169,http://farm1.static.flickr.com/9/15064654_449546e77e.jpg
170,http://www.viarural.com.ar/viarural.com.ar/ganaderia/mascotas/pets/perros9/welsh-terrier01.jpg
171,http://www.evcilkopekler.com/fotolar/kucuk1113544515welsh_terrier_12.jpg
172,http://farm1.static.flickr.com/44/112949401_3f90fd5a8c.jpg
173,http://static.flickr.com/28/52234430_d46f7445e9.jpg
174,http://dogs-puppies.dogs-central.com/images/breedthumbs/welshterrier.jpg
175,http://farm1.static.flickr.com/137/334696797_2a87385082.jpg
176,http://farm1.static.flickr.com/92/216733958_47408f4013.jpg
177,http://farm3.static.flickr.com/2166/2235472744_b08a7fdf26.jpg
178,http://farm1.static.flickr.com/191/445159972_90450eafa2.jpg
179,http://static.flickr.com/235/446579160_29e0e4a4c2.jpg
180,http://farm3.static.flickr.com/2373/1935454590_dc232dae4e.jpg
181,http://server.hund.ch/fotos/fwelshterrier15.jpg
182,http://www.rockwellwelshterriers.com/images/flag.jpg
183,http://farm2.static.flickr.com/1151/1205489284_af2dbc6802.jpg
184,http://farm3.static.flickr.com/2071/1803892365_680c31eb9c.jpg
185,http://farm1.static.flickr.com/22/183141822_74341ba6c0.jpg
186,http://static.flickr.com/179/433638434_afbbb2730a.jpg
187,http://farm2.static.flickr.com/1384/1204613995_679b756aa6.jpg
188,http://static.flickr.com/76/194676337_46f561f845.jpg
189,http://static.flickr.com/52/139349837_d200b22edc.jpg
190,http://farm1.static.flickr.com/18/68387114_1fa3714112.jpg
191,http://farm1.static.flickr.com/138/324462788_08e6d6567d.jpg
192,http://static.flickr.com/38/75810820_f185b43c19.jpg
193,http://farm3.static.flickr.com/2136/2081297238_807ccaa852.jpg
194,http://www.pet1616.com/zukan/dog/photo/welsh_terrier.jpg
195,http://farm1.static.flickr.com/52/108420570_a6b226bac8.jpg
196,http://static.flickr.com/1134/1436427304_11c8314d20.jpg
197,http://farm2.static.flickr.com/1019/1364501080_d863067ab2.jpg
198,http://www.dynastyforpetlovers.com/IMPPROFILES/WELSHTERRIER.jpg
199,http://farm2.static.flickr.com/1116/865149585_41cdd5b36a.jpg
200,http://farm2.static.flickr.com/1153/1312210204_5cf1a74de1.jpg
201,http://farm1.static.flickr.com/229/511469536_5d52537be1.jpg
202,http://server.hund.ch/fotos/fwelshterrier10.jpg
203,http://static.flickr.com/2216/1732322443_1e0a59194e.jpg
204,http://www.terrierpage.de/Rassen/Welsh_Terrier/Welsh_Standard/WELSH2.jpg
205,http://www.partner-hund.de/uploads/tx_hunderassen/Welsh_Terrier.jpg
206,http://farm1.static.flickr.com/167/433646234_9c854ccdb0.jpg
207,http://www.welsh-terrier-online.de/goethel/Bilder/Julchen.jpg
208,http://farm2.static.flickr.com/1363/1205477210_1866a04cd7.jpg
209,http://farm3.static.flickr.com/2089/1733169218_086cc9fbbd.jpg
210,http://static.flickr.com/1409/539248982_5f9a416b2f.jpg
211,http://www.postyourpuppy.com/img/welsh-terrier-2.jpg
212,http://static.flickr.com/125/383118910_9ee976fdc2.jpg
213,http://farm1.static.flickr.com/47/140459550_dfebde3a58.jpg
214,http://static.flickr.com/2049/1804741024_d5717f090b.jpg
215,http://www.cc-terriers.com/jeeng.jpg
216,http://farm3.static.flickr.com/2089/2157810155_b98247d60f.jpg
217,http://pets-place.net/Breeds/WelshTerrierPhoto2.jpg
218,http://farm3.static.flickr.com/2031/1732319365_e9fb97b103.jpg
219,http://farm1.static.flickr.com/219/493991379_6c350ab6e7.jpg
220,http://www.chiens-de-france.com/media/eleveurs/29/5681/presentations/41ibw16fk5.jpg
221,http://farm3.static.flickr.com/2243/1918491330_4ad3cca5be.jpg
222,http://farm2.static.flickr.com/1376/711581743_d14097324f.jpg
223,http://static.flickr.com/1015/1205804216_9746d7723f.jpg
224,http://farm3.static.flickr.com/2038/2109625710_c946e34353.jpg
225,http://static.flickr.com/2173/1732307199_80b6f3b7de.jpg
226,http://static.flickr.com/219/446594742_06bb475385.jpg
227,http://static.flickr.com/124/407409077_940ceb35a7.jpg
228,http://www.planet-animalia.eu/catalog/images/chadog/Y0123.jpg
229,http://shop.com.edgesuite.net/ccimg.shop.com/220000/228500/228580/Products/43927229.jpg
230,http://farm1.static.flickr.com/120/365974839_b544cec324.jpg
231,http://www.toutchstone.nu/welsh/valpar2006/Welshvalpar0612.jpg
232,http://farm3.static.flickr.com/2109/2204241789_999711424c.jpg
233,http://www.aigou.com/upload/news/2005/04/08/fj_welsh1.jpg
234,http://farm2.static.flickr.com/1149/711390337_0c7cddd1d4.jpg
235,http://www.dreamscapek9.com/Gift%20Pages/Laframboise/2005/al60_welshprofilesqr.jpg
236,http://static.flickr.com/152/433645842_207f862bf4.jpg
237,http://www.tuperro.com.mx/images/perros/estandares/welsh_terrier_02.jpg
238,http://farm1.static.flickr.com/155/431395775_ae2067f84d.jpg
239,http://farm3.static.flickr.com/2155/1754398470_df3d6b5965.jpg
240,http://farm3.static.flickr.com/2188/1732210828_ad9f4759aa.jpg
241,http://www.dogtimes.com.br/imagens/lasierra.jpg
242,http://farm3.static.flickr.com/2084/2072740093_6bc5a54bdb.jpg
243,http://farm2.static.flickr.com/1116/1183775136_66efb4e37f.jpg
244,http://static.flickr.com/2407/1733160824_74001d0e81.jpg
245,http://www.agraria.org/cani/welshterrier1.jpg
246,http://farm3.static.flickr.com/2111/1732320519_5d870f198d.jpg
247,http://petcaretips.net/welsh_terrier.jpg
248,http://news.bbc.co.uk/media/images/42669000/jpg/_42669197_crufts_welsh.jpg
249,http://static.flickr.com/61/162072508_8d90f40ffb.jpg
250,http://site.animalden.com/images/cj/5028.jpg
251,http://farm1.static.flickr.com/128/405022724_72f85a7550.jpg
252,http://www.dog-breeds.name/pictures/welsh-terrier/welsh-terrier-3tn.jpg
253,http://farm1.static.flickr.com/164/433640250_d135547c24.jpg
254,http://farm3.static.flickr.com/2036/2065301205_c9486719c2.jpg
255,http://www.dailypainters.com/images/thumbs/524/rocky_the_welsh_terrier.jpg
256,http://static.flickr.com/2154/1603602787_d9dcc87f79.jpg
257,http://farm3.static.flickr.com/2010/2066680948_37cf22d2ab.jpg
258,http://farm2.static.flickr.com/1023/539344303_7e146aef6b.jpg
259,http://www.1-point.jp/dog_welsh-terrier/sozai/top-5.jpg
260,http://static.flickr.com/2417/1796671869_20875af02f.jpg
261,http://www.der-scottish-terrier.de/OGNeuss/Schau06/06-034.jpg
262,http://animals.bayaw.com/thumbnails/Welsh-Terrier-2.jpg
263,http://farm1.static.flickr.com/51/160675455_5db417734c.jpg
264,http://farm2.static.flickr.com/1386/1204636605_6753890ee5.jpg
265,http://farm2.static.flickr.com/1110/846479123_bf260a017f.jpg
266,http://farm3.static.flickr.com/2027/1573234601_151bc22705.jpg
267,http://farm1.static.flickr.com/228/524824596_630d28fe9d.jpg
268,http://static.flickr.com/129/411602432_5d2c671d21.jpg
269,http://www.todoanuncios.com/thumbs/foto_c380003945_2.jpg
270,http://www.dreamscapek9.com/wholesale/images/Beacon%20Images/2006/Welsh-MB126.jpg
271,http://farm1.static.flickr.com/52/131632622_0512da1666.jpg
272,http://farm1.static.flickr.com/133/348826237_9e8a4fa216.jpg
273,http://farm1.static.flickr.com/78/203874223_ebbe0b184a.jpg
274,http://www.thekennelclub.org.uk/download/436/BIS1959.jpg
275,http://farm3.static.flickr.com/2164/2133404835_310a9872b9.jpg
276,http://static.flickr.com/2149/1733157824_735671ad49.jpg
277,http://farm3.static.flickr.com/2085/2158628860_b148856256.jpg
278,http://farm3.static.flickr.com/2235/2230334216_58c6380518.jpg
279,http://www.relatingtodogs.com/about-dogs/images/180px-Wa.jpg
280,http://farm1.static.flickr.com/33/50429901_07cd7c2cf7.jpg
281,http://www.haustiere-info.de/kunden/IH05055963/6282998291933922.jpg
282,http://farm1.static.flickr.com/93/248424084_3db01c2f04.jpg
283,http://www.hondensite.bravepages.com/afbeeldingen/welsh%20terrier%20(2).jpg
284,http://farm3.static.flickr.com/2367/2115599566_c09f0a4527.jpg
285,http://farm3.static.flickr.com/2042/2234684471_a951a0495a.jpg
286,http://farm1.static.flickr.com/24/59944216_92e5d17fed.jpg
287,http://www.dogsculpture.com/WlshImages/WlshLifOut04Net.jpg
288,http://farm3.static.flickr.com/2093/2121190865_6f7cce4274.jpg
289,http://farm1.static.flickr.com/40/123969808_137cf15e74.jpg
290,http://farm1.static.flickr.com/55/145818905_f20d9c3cf6.jpg
291,http://static.flickr.com/241/447721245_24f927b27b.jpg
292,http://www.diamondwelsh.com/welshterriers/welshterrierpeaches1.jpg
293,http://farm1.static.flickr.com/47/126114004_035799fff6.jpg
294,http://www.nortonsgallery.com/welshterrier.jpg
295,http://www.dogdomain.com/images/229B_welsh-terrier.jpg
296,http://static.flickr.com/138/324462851_35f61da50e.jpg
297,http://farm3.static.flickr.com/2389/1733176614_2a6a8915bf.jpg
298,http://farm2.static.flickr.com/1406/1205807634_e978cba41e.jpg
299,http://www.eurodogshows.com/breeder/w/breeder-welshterrier-1.jpg
300,http://farm3.static.flickr.com/2367/2157831563_df67b62e11.jpg
301,http://www.puppydogweb.com/kennels/images/welshterrier_bosley3.jpg
302,http://farm3.static.flickr.com/2378/2230332690_290d6cdd96.jpg
303,http://www.findapuppy.com/images/welsh2.jpg
304,http://12.199.64.22/images2/1196250557.jpg
305,http://www.canaryzoo.com/Dog%20Species/welsh%20terrier.jpg
306,http://farm1.static.flickr.com/55/139349835_19ba81fc9e.jpg
307,http://www.yorkie.to/photos/Shows/Interra010420/big/Welsh_BOB_big.jpg
308,http://farm3.static.flickr.com/2015/1732309609_a95357eeb1.jpg
309,http://static.flickr.com/182/446640654_ad68a7f0bc.jpg
310,http://www.dogtron.com/dog/img/welsh_terrier.jpg
311,http://farm1.static.flickr.com/38/80522924_caf9b461f4.jpg
312,http://static.flickr.com/1080/1183757876_bbdd762d82.jpg
313,http://ww.dogzonline.com.au/images/profiles/4/4399_562.jpg
314,http://farm1.static.flickr.com/22/35019609_27cc8e1437.jpg
315,http://www.dkimages.com/discover/previews/818/597319.JPG
316,http://farm1.static.flickr.com/120/256316739_8facb6345f.jpg
317,http://www.saredon.co.uk/welsh%20page%201_files/image006.gif
318,http://www.escuelamonicagomez.com/imagenes/fotos/fox_terrier.jpg
319,http://farm1.static.flickr.com/23/24604816_ca2abce3d7.jpg
320,http://farm1.static.flickr.com/139/324462954_4c5c130b50.jpg
321,http://www.geocities.com/lovelydogsat2/TEDDY1B.jpg
322,http://www.clubterrier.es/fotos1/R.Welsh_5487.jpg
323,http://www.pedigreebreederservice.co.uk/breederservice/images/man05_terrier.jpg
324,http://farm1.static.flickr.com/161/435815460_5849bb22c3.jpg
325,http://farm2.static.flickr.com/1035/1204930933_0fac5dcf21.jpg
326,http://farm3.static.flickr.com/2059/2234684557_bdc4707989.jpg
327,http://animal-photography.co.uk/thumbs/AP-7LDLPA-TH.jpg
328,http://static.flickr.com/1129/1205493950_1a70b01eaa.jpg
329,http://static.flickr.com/1172/1205465098_a0d6bcdf44.jpg
330,http://farm1.static.flickr.com/41/122582069_08d5e0840c.jpg
331,http://contentboard.keller-verlag.de/dynaimg/kunden/tabelle/tbzwerg-1131744757-Paul.jpg
332,http://farm3.static.flickr.com/2387/2229539717_fe812ff627.jpg
333,http://farm1.static.flickr.com/153/358674539_0ba181f600.jpg
334,http://www.matranensis.hu/kutya_kepek/11.jpg
335,http://y2u.co.uk/Canine/Picture/RN_Dog_Welsh_Terrier_02.jpg
336,http://farm3.static.flickr.com/2086/2205031728_c4c1da199b.jpg
337,http://www.marysdoghouse.com/sitebuilder/images/WelshterrierJack-276x219.jpg
338,http://farm2.static.flickr.com/1147/1182919209_f2b11a3246.jpg
339,http://farm1.static.flickr.com/182/433643555_1690a81662.jpg
340,http://www.greatdogsite.com/admin/uploaded_files/thumbnails/airedale_terrier368.225x_1190998935515.jpg
341,http://atc.dnnsites.com/Portals/0/2007%20Calendar%20Contest/Atlanta%20Welsh%20(2).jpg
342,http://www.everitt75.freeserve.co.uk/training4dogs/welsh_terrier_001.jpg
343,http://farm1.static.flickr.com/50/162075234_e5e64dc037.jpg
344,http://www.2000dogs.com/photos/welshterrier_pdw.jpg
345,http://farm3.static.flickr.com/2010/2135210167_dd68f7dbf2.jpg
346,http://www.briggsdale.net/images/Ollie2.jpg
347,http://farm2.static.flickr.com/1335/535367128_1573a102c7.jpg
348,http://farm3.static.flickr.com/2381/2234684271_8108b9957a.jpg
349,http://dogsarang.com/tt/site/db/board/dogsarang12/upload/1_10000/1313/welshterrier.jpg
350,http://www.setterstuff.com/welsht/welsht.jpg
351,http://www.agalinks.com/ImagesPets/dog2.jpg
352,http://www.thefaithfuldog.com/dogs/Thumbs/welsh_terrier.jpg
353,http://www.welsh-terrier.narod.ru/photo/show/15_04_07_2/2.jpg
354,http://farm1.static.flickr.com/201/493938146_69056b8f70.jpg
355,http://www.puppydogweb.com/breeders/pic_images/welshterrier_petras5.jpg
356,http://static.flickr.com/1412/1205803180_1c89082a96.jpg
357,http://static.flickr.com/138/324462315_ca012221fc.jpg
358,http://farm3.static.flickr.com/2047/2205031766_720966c062.jpg
359,http://www1.istockphoto.com/file_thumbview_approve/1706706/2/istockphoto_1706706_wilson_and_annie.jpg
360,http://www.maccall-skye.net/franz_ferdinand/xmas2004.jpg
361,http://static.flickr.com/36/82538286_0a4991679e.jpg
362,http://farm1.static.flickr.com/51/139118615_beb5f2c90e.jpg
363,http://farm3.static.flickr.com/2104/2235473282_c2bf05aa6d.jpg
364,http://www.catbreedinformation.com/images/WelshTerrierMollee-new-hair-cut.jpg
365,http://www.cinofiliaitaliana.it/estero/2005/CRUFTS/welsh.jpg
366,http://static.flickr.com/23/33733402_74702971b6.jpg
367,http://farm3.static.flickr.com/2021/1537516934_9ce4a266ab.jpg
368,http://static.flickr.com/2417/1733173204_963ae235f2.jpg
369,http://farm3.static.flickr.com/2150/2205033164_37367276af.jpg
370,http://www.canis-burg.de/Welsh-Terrier/eshra_0104.jpg
371,http://www.veryhappening.com/images/things/big/487.jpg
372,http://farm3.static.flickr.com/2305/2229538533_db8f78e337.jpg
373,http://bp1.blogger.com/_oFwVuBAoFqk/Rm2t_8FjJoI/AAAAAAAAAVA/WZjBNSx9sJU/s320/bellagrace.JPG
374,http://farm1.static.flickr.com/1/126104569_67c6274b3d.jpg
375,http://www.findapuppy.com/images/welsh_terrier_basket__4wks.jpg
376,http://farm3.static.flickr.com/2122/2089936788_a744388a31.jpg
377,http://www.welshterrier-xmas.de/Ascottchamp.jpg
378,http://lh3.google.com/__T4OEVbKIj0/RqwykReUCqI/AAAAAAAABIk/6lTAolZKpmw/s800/Welsh+TR--Snickers.jpg
379,http://farm2.static.flickr.com/1257/1204768313_b1f5582077.jpg
380,http://www.pharaohslostkingdom.com/Philip.jpg
381,http://www.dogsmalta.com/welshter.JPG
382,http://farm3.static.flickr.com/2177/2218828673_f9af9115cf.jpg
383,http://farm3.static.flickr.com/2144/2218937369_b57981190e.jpg
384,http://www.milouchouchou.com/milannu/inc/im_cat/78.jpg
385,http://www.rackerti.hu/welsh_eng_elemei/vililuty.jpg
386,http://farm1.static.flickr.com/45/128511013_33913f34e8.jpg
387,http://static.flickr.com/152/397879173_df57fc2fa6.jpg
388,http://farm1.static.flickr.com/12/68386610_7044d534ed.jpg
389,http://farm1.static.flickr.com/91/234519771_490e0bafda.jpg
390,http://www.beepworld.de/memberdateien/members80/terrierco/welshterrier2.jpg
391,http://farm1.static.flickr.com/143/351731512_986ae4d21d.jpg
392,http://farm3.static.flickr.com/2034/1505972374_cf8c520a79.jpg
393,http://www.aeron-welshie-forever.com/About/Julchen.jpg
394,http://www.gwtcwelsh.com/index_files/image3171.jpg
395,http://static.flickr.com/2418/1732209592_37e5e9e081.jpg
396,http://www.nonotyet.net/images/junior4.jpg
397,http://farm1.static.flickr.com/101/366023322_d851fae724.jpg
398,http://farm1.static.flickr.com/25/64801387_e0f7527c04.jpg
399,http://farm1.static.flickr.com/21/33733404_6d601869fc.jpg
400,http://farm3.static.flickr.com/2389/2177473010_2b74b79b46.jpg
401,http://farm2.static.flickr.com/1372/535484731_e653bf5435.jpg
402,http://www.welsh-terrier-online.de/gfx/vermittlung/rocky2_k.jpg
403,http://farm2.static.flickr.com/1177/711581319_1fbbb213db.jpg
404,http://farm1.static.flickr.com/97/239220854_b34a6a5ef5.jpg
405,http://farm2.static.flickr.com/1073/765088435_be6c603df6.jpg
406,http://www.hunde-im-web.de/bilder/welsht.jpg
407,http://farm3.static.flickr.com/2140/2109625302_5ed6581a87.jpg
408,http://static.flickr.com/51/139349839_28d18040e5.jpg
409,http://farm1.static.flickr.com/47/132105070_c791b0b164.jpg
410,http://static.flickr.com/1023/582070298_6d0cddc716.jpg
411,http://www.bibspecialties.net/keyleashbreeds/kwelshterrier.jpg
412,http://static.flickr.com/25/44549256_95558f1317.jpg
413,http://farm1.static.flickr.com/54/158783134_20f2e041f2.jpg
414,http://www.cybertoutou.com/imagegif/welshterrier.gif
415,http://farm1.static.flickr.com/51/145818903_57196010be.jpg
416,http://www.welsh-terrier-vom-falkenturm.de/pics/hunde/05.jpg
417,http://www.westminsterkennelclub.org/breedinformation/terrier/images/sftctwht.jpg
418,http://www.celysvet.cz/fotky/welsh-terier_1.jpg
419,http://static.flickr.com/2037/1732306355_1be2d60c2e.jpg
420,http://www.terriers.sk/image/foto/WT.jpg
421,http://farm3.static.flickr.com/2319/2114702977_f267b9f522.jpg
422,http://farm1.static.flickr.com/234/447887491_ec21e557b5.jpg
423,http://farm2.static.flickr.com/1365/711392091_e9b98cfcf7.jpg
424,http://farm2.static.flickr.com/1008/1175195322_94a64febaf.jpg
425,http://farm3.static.flickr.com/2016/2039429290_ecba942fdb.jpg
426,http://farm2.static.flickr.com/1338/1205792938_d63b19ada2.jpg
427,http://farm2.static.flickr.com/1053/1414526453_5f17c58092.jpg
428,http://lh3.google.com/_puHn0AHeOnI/R1LlNiXbDnI/AAAAAAAAACk/YGocweGY31o/s800/DSC00027.JPG
429,http://farm3.static.flickr.com/2315/2081469668_43301d4240.jpg
430,http://www.dogbreedinformation.com/images/WelshTerrier98happy-face.jpg
431,http://www.animalplanetbigworld.com/airedale%20terrier%20photo.jpg
432,http://static.flickr.com/76/162075440_64fac46079.jpg
433,http://lh3.google.com/_puHn0AHeOnI/R1LlDyXbDjI/AAAAAAAAACE/yLYGYHbosiI/s800/DSC00026.JPG
434,http://www.gopetsamerica.com/welsh-terrier/welsh-terrier.jpg
435,http://farm3.static.flickr.com/2094/1733174302_0d90732033.jpg
436,http://farm3.static.flickr.com/2359/1732314311_355583c1f8.jpg
437,http://farm2.static.flickr.com/1288/1183793440_6f1012cc51.jpg
438,http://upload.wikimedia.org/wikipedia/commons/thumb/f/f6/Welsh_Terrier_portrait.jpg/120px-Welsh_Terrier_portrait.jpg
439,http://www.pandas-hundesalon.ch/mod/userpage/images/welsh.jpg
440,http://farm3.static.flickr.com/2341/2204777735_10301e8c18.jpg
441,http://www.wtcares.org/penny2.jpg
442,http://farm3.static.flickr.com/2419/1732313989_5a313839bd.jpg
443,http://farm1.static.flickr.com/6/8770562_a397d3579b.jpg
444,http://farm1.static.flickr.com/123/374058233_af4127597e.jpg
445,http://site.animalden.com/images/cj/5406.jpg
446,http://www.welshterrier-xmas.de/Gatewood.jpg
447,http://www.dog-dogs.com/images/BreedPics/Wdogs/welshterrier03.jpg
448,http://farm1.static.flickr.com/42/99806207_c88c4709e1.jpg
449,http://modnypies.republika.pl/photo/psy/17b.jpg
450,http://www.beepworld.de/memberdateien/members80/terrierco/welshterrier1.jpg
451,http://farm3.static.flickr.com/2049/2111083106_562ba0f50b.jpg
452,http://static.flickr.com/1414/1204608889_9efbbab9d8.jpg
453,http://www1.istockphoto.com/file_thumbview_approve/1136212/2/istockphoto_1136212_welsh_terrier.jpg
454,http://www.propettransports.com/graphics/dogs/154.png
455,http://farm2.static.flickr.com/1389/1436687182_572600a547.jpg
456,http://members.tripod.com/allaboutdogs/images/snowymax.jpg
457,http://www.puppies.3x.ro/rase/w/welsh_terrier_1.jpg
458,http://www.mockingbirdhillkennel.com/Photos/groomi19.jpg
459,http://farm1.static.flickr.com/83/230052760_5c123e3788.jpg
460,http://farm2.static.flickr.com/1369/1438565608_9fd97a7715.jpg
461,http://farm1.static.flickr.com/182/366000589_98c6e254ef.jpg
462,http://www.msay.com/pics/lillian-welsh-terrier.jpg
463,http://dogbreedinfo.net/images/WelshTerrier98Devil-Dog.jpg
464,http://farm2.static.flickr.com/1169/535486189_8465427ab0.jpg
465,http://farm2.static.flickr.com/1079/535366616_44a4d0c0bb.jpg
466,http://farm2.static.flickr.com/1048/1205789538_e42e0c9eb4.jpg
467,http://www.scruffytofluffy.co.uk/Slideshow/Barney%20Welsh%20%20Terrier.JPG
468,http://farm1.static.flickr.com/46/128668640_b5f835c6cf.jpg
469,http://farm1.static.flickr.com/186/434665702_641dbb2860.jpg
470,http://i98.photobucket.com/albums/l242/sbdforum/breed%20photos/Lakeland_Terrier.jpg
471,http://farm2.static.flickr.com/1283/543211682_8d839708bd.jpg
472,http://static.flickr.com/24/64801765_f8178f4c30.jpg
473,http://bp3.blogger.com/_Sz7ETkosV7A/RqakQs7p0OI/AAAAAAAAASE/9m7rm3DdA3Q/s320/charlie.jpg
474,http://farm3.static.flickr.com/2091/2133245818_3cbe4b7d18.jpg
475,http://farm1.static.flickr.com/97/235017980_8d2f9f21f0.jpg
476,http://static.flickr.com/2290/1603468319_e2cd0f8e97.jpg
477,http://homepage2.nifty.com/WELSHTERRIER/starthp/img/46.jpg
478,http://static.flickr.com/2366/1498073231_80ad526946.jpg
479,http://farm1.static.flickr.com/44/139119993_21a3510ee6.jpg
480,http://static.flickr.com/1240/943439324_ff7abf3129.jpg
481,http://farm1.static.flickr.com/159/427477313_827f47a973.jpg
482,http://farm3.static.flickr.com/2078/2114821003_71ca76a26e.jpg
483,http://farm2.static.flickr.com/1090/765948104_0eefefdb2a.jpg
484,http://www.regalridge.ca/Pics/wt3.jpg
485,http://www.petmotelandsalon.com/images/pictures/phase1/thumbnails/welsh-breed.jpg
486,http://farm1.static.flickr.com/22/32846773_d0db8a9c91.jpg
487,http://farm2.static.flickr.com/1057/1435807663_bf19e83584.jpg
488,http://www.tierpalast.de/rassehunde/welsh_terrier_juergen_goethel.jpg
489,http://www.welpenteam.de/images/welshterri_5.jpg
490,http://static.flickr.com/2365/1732314983_ad84b77d99.jpg
491,http://farm3.static.flickr.com/2407/1733160824_74001d0e81.jpg
492,http://www.canis.no/oppdretter/rasebilder/rase_125_1.jpg
493,http://farm1.static.flickr.com/88/236035378_a66756857d.jpg
494,http://farm2.static.flickr.com/1173/953513716_9ad7e887eb.jpg
495,http://static.flickr.com/2393/1936665593_14f2d1134f.jpg
496,http://farm2.static.flickr.com/1261/1205499820_5e296a7afb.jpg
497,http://www.dogs4sale.com.au/Breeds/Welsh_Terrier/Fact_Sheets/Tjuringa_KnockitVicWomens.jpg
498,http://farm3.static.flickr.com/2200/1732313655_56e5c1653c.jpg
499,http://farm1.static.flickr.com/180/432458428_e966fc82e8.jpg
500,http://www5.ocn.ne.jp/~jam/photo2/baby.JPG
501,http://farm1.static.flickr.com/125/321391878_c0131d9fe4.jpg
502,http://www.itsadogslife.org/terriers%20birdbath%20magnolia.JPG
503,http://pets-place.net/Breeds/AiredaleTerrierIcon.jpg
504,http://farm1.static.flickr.com/55/126104444_c937a828f6.jpg
505,http://www.cabalcaninecandids.com/assets/images/SR07BOBWELSH.JPG
506,http://www.pedigreedogs.co.uk/images_breeds/welsh_terrier.jpg
507,http://farm2.static.flickr.com/1238/535367772_6302beb54d.jpg
508,http://www.nonotyet.net/images/fergie5b.jpg
509,http://static.flickr.com/1028/1204620955_638adc79ca.jpg
510,http://beheer.uwhondenkat.nl/pictures/dogstandards/20070924-14.jpg
511,http://www.champdogs.co.uk/images/s1793p2.jpg
512,http://farm3.static.flickr.com/2255/1733156854_5aafa9b7ac.jpg
513,http://animals.bayaw.com/thumbnails/Welsh-Terrier-8.jpg
514,http://farm1.static.flickr.com/32/44718575_6976bc1053.jpg
515,http://y2u.co.uk/Canine/Picture/RN_Dog_Welsh_Terrier_03.jpg
516,http://www.gwtcwelsh.com/index_files/image3071.jpg
517,http://farm2.static.flickr.com/1202/1204607459_cfe1753268.jpg
518,http://farm2.static.flickr.com/1254/535486149_ce3cb8159a.jpg
519,http://www.welsh-terrier-vom-falkenturm.de/galerie/tosca.jpg
520,http://static.flickr.com/219/493938190_a4d2c59cbb.jpg
521,http://www.veterinaire-dewarrat.ch/siteweb/images/chiens/W1.jpg
522,http://farm1.static.flickr.com/177/365986130_b013767e8a.jpg
523,http://animals.bayaw.com/thumbnails/Welsh-Terrier-7.jpg
